batch_label,source_image,model,quantization,seed,steps,guidance,strength,detector,image_path,prediction,confidence,elapsed_time
sd15_fp8_s30_g3.5_str0.6,00001,sd15,fp8,124,30,3.5,0.6,CLIP-D,/media/SSD_4TB/crispy_storage/comparative_images_img2img/00001_sd15_fp8_seed124_s30_g3.5_str0.6.png,fake,0.9784955382347107,0.06480574607849121
sd15_fp8_s30_g3.5_str0.6,00001,sd15,fp8,124,30,3.5,0.6,R50_TF,/media/SSD_4TB/crispy_storage/comparative_images_img2img/00001_sd15_fp8_seed124_s30_g3.5_str0.6.png,real,0.3558,0.17
sd15_fp8_s30_g3.5_str0.6,00001,sd15,fp8,124,30,3.5,0.6,NPR,/media/SSD_4TB/crispy_storage/comparative_images_img2img/00001_sd15_fp8_seed124_s30_g3.5_str0.6.png,fake,0.9868418574333191,0.09465169906616211
sd15_fp4_s50_g3.5_str0.45,00001,sd15,fp4,124,50,3.5,0.45,CLIP-D,/media/SSD_4TB/crispy_storage/comparative_images_img2img/00001_sd15_fp4_seed124_s50_g3.5_str0.45.png,fake,0.9377832412719727,0.06134533882141113
sd15_fp4_s50_g3.5_str0.45,00001,sd15,fp4,124,50,3.5,0.45,R50_TF,/media/SSD_4TB/crispy_storage/comparative_images_img2img/00001_sd15_fp4_seed124_s50_g3.5_str0.45.png,real,0.3729,0.167
sd15_fp4_s50_g3.5_str0.45,00001,sd15,fp4,124,50,3.5,0.45,NPR,/media/SSD_4TB/crispy_storage/comparative_images_img2img/00001_sd15_fp4_seed124_s50_g3.5_str0.45.png,fake,0.9959076642990112,0.09136176109313965
sd3_fp16_s50_g3.5_str0.6,00000,sd3,fp16,123,50,3.5,0.6,CLIP-D,/media/SSD_4TB/crispy_storage/comparative_images_img2img/00000_sd3_fp16_seed123_s50_g3.5_str0.6.png,fake,0.8813051581382751,0.06111311912536621
sd3_fp16_s50_g3.5_str0.6,00000,sd3,fp16,123,50,3.5,0.6,R50_TF,/media/SSD_4TB/crispy_storage/comparative_images_img2img/00000_sd3_fp16_seed123_s50_g3.5_str0.6.png,real,0.4213,0.17
sd3_fp16_s50_g3.5_str0.6,00000,sd3,fp16,123,50,3.5,0.6,NPR,/media/SSD_4TB/crispy_storage/comparative_images_img2img/00000_sd3_fp16_seed123_s50_g3.5_str0.6.png,real,4.509450590717279e-09,0.08768796920776367
sd3_fp16_s50_g5.0_str0.45,00000,sd3,fp16,123,50,5.0,0.45,CLIP-D,/media/SSD_4TB/crispy_storage/comparative_images_img2img/00000_sd3_fp16_seed123_s50_g5.0_str0.45.png,fake,0.5955089926719666,0.06286144256591797
sd3_fp16_s50_g5.0_str0.45,00000,sd3,fp16,123,50,5.0,0.45,R50_TF,/media/SSD_4TB/crispy_storage/comparative_images_img2img/00000_sd3_fp16_seed123_s50_g5.0_str0.45.png,real,0.4176,0.168
sd3_fp16_s50_g5.0_str0.45,00000,sd3,fp16,123,50,5.0,0.45,NPR,/media/SSD_4TB/crispy_storage/comparative_images_img2img/00000_sd3_fp16_seed123_s50_g5.0_str0.45.png,real,1.1220916557030947e-11,0.08976387977600098
sd15_fp8_s50_g6.5_str0.3,00001,sd15,fp8,124,50,6.5,0.3,CLIP-D,/media/SSD_4TB/crispy_storage/comparative_images_img2img/00001_sd15_fp8_seed124_s50_g6.5_str0.3.png,fake,0.9112489819526672,0.06134676933288574
sd15_fp8_s50_g6.5_str0.3,00001,sd15,fp8,124,50,6.5,0.3,R50_TF,/media/SSD_4TB/crispy_storage/comparative_images_img2img/00001_sd15_fp8_seed124_s50_g6.5_str0.3.png,real,0.3826,0.167
sd15_fp8_s50_g6.5_str0.3,00001,sd15,fp8,124,50,6.5,0.3,NPR,/media/SSD_4TB/crispy_storage/comparative_images_img2img/00001_sd15_fp8_seed124_s50_g6.5_str0.3.png,fake,0.9823203086853027,0.08935284614562988
sd15_fp16_s30_g6.5_str0.6,00001,sd15,fp16,124,30,6.5,0.6,CLIP-D,/media/SSD_4TB/crispy_storage/comparative_images_img2img/00001_sd15_fp16_seed124_s30_g6.5_str0.6.png,fake,0.9817782640457153,0.06257987022399902
sd15_fp16_s30_g6.5_str0.6,00001,sd15,fp16,124,30,6.5,0.6,R50_TF,/media/SSD_4TB/crispy_storage/comparative_images_img2img/00001_sd15_fp16_seed124_s30_g6.5_str0.6.png,real,0.3637,0.174
sd15_fp16_s30_g6.5_str0.6,00001,sd15,fp16,124,30,6.5,0.6,NPR,/media/SSD_4TB/crispy_storage/comparative_images_img2img/00001_sd15_fp16_seed124_s30_g6.5_str0.6.png,fake,0.9969964027404785,0.08808541297912598
sd3_fp8_s40_g3.5_str0.45,00000,sd3,fp8,123,40,3.5,0.45,CLIP-D,/media/SSD_4TB/crispy_storage/comparative_images_img2img/00000_sd3_fp8_seed123_s40_g3.5_str0.45.png,fake,0.776448130607605,0.060899972915649414
sd3_fp8_s40_g3.5_str0.45,00000,sd3,fp8,123,40,3.5,0.45,R50_TF,/media/SSD_4TB/crispy_storage/comparative_images_img2img/00000_sd3_fp8_seed123_s40_g3.5_str0.45.png,real,0.4215,0.174
sd3_fp8_s40_g3.5_str0.45,00000,sd3,fp8,123,40,3.5,0.45,NPR,/media/SSD_4TB/crispy_storage/comparative_images_img2img/00000_sd3_fp8_seed123_s40_g3.5_str0.45.png,real,1.0416105606888323e-14,0.09440112113952637
sd15_fp8_s40_g3.5_str0.3,00000,sd15,fp8,123,40,3.5,0.3,CLIP-D,/media/SSD_4TB/crispy_storage/comparative_images_img2img/00000_sd15_fp8_seed123_s40_g3.5_str0.3.png,real,0.21583658456802368,0.06139063835144043
sd15_fp8_s40_g3.5_str0.3,00000,sd15,fp8,123,40,3.5,0.3,R50_TF,/media/SSD_4TB/crispy_storage/comparative_images_img2img/00000_sd15_fp8_seed123_s40_g3.5_str0.3.png,fake,0.6014,0.174
sd15_fp8_s40_g3.5_str0.3,00000,sd15,fp8,123,40,3.5,0.3,NPR,/media/SSD_4TB/crispy_storage/comparative_images_img2img/00000_sd15_fp8_seed123_s40_g3.5_str0.3.png,real,0.0031685351859778166,0.09252643585205078
sd15_fp8_s30_g6.5_str0.45,00001,sd15,fp8,124,30,6.5,0.45,CLIP-D,/media/SSD_4TB/crispy_storage/comparative_images_img2img/00001_sd15_fp8_seed124_s30_g6.5_str0.45.png,fake,0.9628587961196899,0.06157970428466797
sd15_fp8_s30_g6.5_str0.45,00001,sd15,fp8,124,30,6.5,0.45,R50_TF,/media/SSD_4TB/crispy_storage/comparative_images_img2img/00001_sd15_fp8_seed124_s30_g6.5_str0.45.png,real,0.3718,0.17
sd15_fp8_s30_g6.5_str0.45,00001,sd15,fp8,124,30,6.5,0.45,NPR,/media/SSD_4TB/crispy_storage/comparative_images_img2img/00001_sd15_fp8_seed124_s30_g6.5_str0.45.png,fake,0.9991409778594971,0.09230470657348633
sd15_fp8_s50_g3.5_str0.45,00000,sd15,fp8,123,50,3.5,0.45,CLIP-D,/media/SSD_4TB/crispy_storage/comparative_images_img2img/00000_sd15_fp8_seed123_s50_g3.5_str0.45.png,fake,0.8900129795074463,0.061415910720825195
sd15_fp8_s50_g3.5_str0.45,00000,sd15,fp8,123,50,3.5,0.45,R50_TF,/media/SSD_4TB/crispy_storage/comparative_images_img2img/00000_sd15_fp8_seed123_s50_g3.5_str0.45.png,fake,0.5577,0.171
sd15_fp8_s50_g3.5_str0.45,00000,sd15,fp8,123,50,3.5,0.45,NPR,/media/SSD_4TB/crispy_storage/comparative_images_img2img/00000_sd15_fp8_seed123_s50_g3.5_str0.45.png,real,0.2836636006832123,0.09752631187438965
sd15_fp16_s30_g3.5_str0.6,00000,sd15,fp16,123,30,3.5,0.6,CLIP-D,/media/SSD_4TB/crispy_storage/comparative_images_img2img/00000_sd15_fp16_seed123_s30_g3.5_str0.6.png,fake,0.9984575510025024,0.062476158142089844
sd15_fp16_s30_g3.5_str0.6,00000,sd15,fp16,123,30,3.5,0.6,R50_TF,/media/SSD_4TB/crispy_storage/comparative_images_img2img/00000_sd15_fp16_seed123_s30_g3.5_str0.6.png,fake,0.5766,0.177
sd15_fp16_s30_g3.5_str0.6,00000,sd15,fp16,123,30,3.5,0.6,NPR,/media/SSD_4TB/crispy_storage/comparative_images_img2img/00000_sd15_fp16_seed123_s30_g3.5_str0.6.png,real,0.28858157992362976,0.08982634544372559
sd3_fp16_s30_g6.5_str0.6,00001,sd3,fp16,124,30,6.5,0.6,CLIP-D,/media/SSD_4TB/crispy_storage/comparative_images_img2img/00001_sd3_fp16_seed124_s30_g6.5_str0.6.png,fake,0.9184397459030151,0.061658382415771484
sd3_fp16_s30_g6.5_str0.6,00001,sd3,fp16,124,30,6.5,0.6,R50_TF,/media/SSD_4TB/crispy_storage/comparative_images_img2img/00001_sd3_fp16_seed124_s30_g6.5_str0.6.png,real,0.3994,0.168
sd3_fp16_s30_g6.5_str0.6,00001,sd3,fp16,124,30,6.5,0.6,NPR,/media/SSD_4TB/crispy_storage/comparative_images_img2img/00001_sd3_fp16_seed124_s30_g6.5_str0.6.png,fake,0.9969232678413391,0.0955660343170166
sd15_fp8_s30_g3.5_str0.6,00000,sd15,fp8,123,30,3.5,0.6,CLIP-D,/media/SSD_4TB/crispy_storage/comparative_images_img2img/00000_sd15_fp8_seed123_s30_g3.5_str0.6.png,fake,0.9981866478919983,0.060896873474121094
sd15_fp8_s30_g3.5_str0.6,00000,sd15,fp8,123,30,3.5,0.6,R50_TF,/media/SSD_4TB/crispy_storage/comparative_images_img2img/00000_sd15_fp8_seed123_s30_g3.5_str0.6.png,fake,0.573,0.172
sd15_fp8_s30_g3.5_str0.6,00000,sd15,fp8,123,30,3.5,0.6,NPR,/media/SSD_4TB/crispy_storage/comparative_images_img2img/00000_sd15_fp8_seed123_s30_g3.5_str0.6.png,real,0.20165473222732544,0.08807969093322754
sd15_fp4_s40_g6.5_str0.3,00001,sd15,fp4,124,40,6.5,0.3,CLIP-D,/media/SSD_4TB/crispy_storage/comparative_images_img2img/00001_sd15_fp4_seed124_s40_g6.5_str0.3.png,fake,0.8953173756599426,0.06110572814941406
sd15_fp4_s40_g6.5_str0.3,00001,sd15,fp4,124,40,6.5,0.3,R50_TF,/media/SSD_4TB/crispy_storage/comparative_images_img2img/00001_sd15_fp4_seed124_s40_g6.5_str0.3.png,real,0.3729,0.173
sd15_fp4_s40_g6.5_str0.3,00001,sd15,fp4,124,40,6.5,0.3,NPR,/media/SSD_4TB/crispy_storage/comparative_images_img2img/00001_sd15_fp4_seed124_s40_g6.5_str0.3.png,fake,0.9698763489723206,0.09326386451721191
sd15_fp8_s40_g6.5_str0.45,00001,sd15,fp8,124,40,6.5,0.45,CLIP-D,/media/SSD_4TB/crispy_storage/comparative_images_img2img/00001_sd15_fp8_seed124_s40_g6.5_str0.45.png,fake,0.9633131623268127,0.06607389450073242
sd15_fp8_s40_g6.5_str0.45,00001,sd15,fp8,124,40,6.5,0.45,R50_TF,/media/SSD_4TB/crispy_storage/comparative_images_img2img/00001_sd15_fp8_seed124_s40_g6.5_str0.45.png,real,0.3833,0.178
sd15_fp8_s40_g6.5_str0.45,00001,sd15,fp8,124,40,6.5,0.45,NPR,/media/SSD_4TB/crispy_storage/comparative_images_img2img/00001_sd15_fp8_seed124_s40_g6.5_str0.45.png,fake,0.9995864033699036,0.09875917434692383
sd3_fp16_s50_g6.5_str0.6,00001,sd3,fp16,124,50,6.5,0.6,CLIP-D,/media/SSD_4TB/crispy_storage/comparative_images_img2img/00001_sd3_fp16_seed124_s50_g6.5_str0.6.png,fake,0.8674589395523071,0.06196928024291992
sd3_fp16_s50_g6.5_str0.6,00001,sd3,fp16,124,50,6.5,0.6,R50_TF,/media/SSD_4TB/crispy_storage/comparative_images_img2img/00001_sd3_fp16_seed124_s50_g6.5_str0.6.png,real,0.3803,0.174
sd3_fp16_s50_g6.5_str0.6,00001,sd3,fp16,124,50,6.5,0.6,NPR,/media/SSD_4TB/crispy_storage/comparative_images_img2img/00001_sd3_fp16_seed124_s50_g6.5_str0.6.png,fake,0.8074638843536377,0.08590531349182129
sd3_fp16_s40_g5.0_str0.3,00000,sd3,fp16,123,40,5.0,0.3,CLIP-D,/media/SSD_4TB/crispy_storage/comparative_images_img2img/00000_sd3_fp16_seed123_s40_g5.0_str0.3.png,fake,0.9070212841033936,0.060706377029418945
sd3_fp16_s40_g5.0_str0.3,00000,sd3,fp16,123,40,5.0,0.3,R50_TF,/media/SSD_4TB/crispy_storage/comparative_images_img2img/00000_sd3_fp16_seed123_s40_g5.0_str0.3.png,real,0.4284,0.17
sd3_fp16_s40_g5.0_str0.3,00000,sd3,fp16,123,40,5.0,0.3,NPR,/media/SSD_4TB/crispy_storage/comparative_images_img2img/00000_sd3_fp16_seed123_s40_g5.0_str0.3.png,real,6.122238522756783e-15,0.0943150520324707
sd15_fp4_s40_g3.5_str0.6,00000,sd15,fp4,123,40,3.5,0.6,CLIP-D,/media/SSD_4TB/crispy_storage/comparative_images_img2img/00000_sd15_fp4_seed123_s40_g3.5_str0.6.png,fake,0.9976434111595154,0.0614171028137207
sd15_fp4_s40_g3.5_str0.6,00000,sd15,fp4,123,40,3.5,0.6,R50_TF,/media/SSD_4TB/crispy_storage/comparative_images_img2img/00000_sd15_fp4_seed123_s40_g3.5_str0.6.png,fake,0.583,0.17
sd15_fp4_s40_g3.5_str0.6,00000,sd15,fp4,123,40,3.5,0.6,NPR,/media/SSD_4TB/crispy_storage/comparative_images_img2img/00000_sd15_fp4_seed123_s40_g3.5_str0.6.png,real,0.40436890721321106,0.0894768238067627
sd15_fp16_s50_g5.0_str0.3,00000,sd15,fp16,123,50,5.0,0.3,CLIP-D,/media/SSD_4TB/crispy_storage/comparative_images_img2img/00000_sd15_fp16_seed123_s50_g5.0_str0.3.png,real,0.2466999888420105,0.0620722770690918
sd15_fp16_s50_g5.0_str0.3,00000,sd15,fp16,123,50,5.0,0.3,R50_TF,/media/SSD_4TB/crispy_storage/comparative_images_img2img/00000_sd15_fp16_seed123_s50_g5.0_str0.3.png,fake,0.6137,0.173
sd15_fp16_s50_g5.0_str0.3,00000,sd15,fp16,123,50,5.0,0.3,NPR,/media/SSD_4TB/crispy_storage/comparative_images_img2img/00000_sd15_fp16_seed123_s50_g5.0_str0.3.png,real,0.00025632759206928313,0.09152936935424805
sd15_fp16_s50_g3.5_str0.45,00000,sd15,fp16,123,50,3.5,0.45,CLIP-D,/media/SSD_4TB/crispy_storage/comparative_images_img2img/00000_sd15_fp16_seed123_s50_g3.5_str0.45.png,fake,0.9283645153045654,0.0610966682434082
sd15_fp16_s50_g3.5_str0.45,00000,sd15,fp16,123,50,3.5,0.45,R50_TF,/media/SSD_4TB/crispy_storage/comparative_images_img2img/00000_sd15_fp16_seed123_s50_g3.5_str0.45.png,fake,0.5548,0.167
sd15_fp16_s50_g3.5_str0.45,00000,sd15,fp16,123,50,3.5,0.45,NPR,/media/SSD_4TB/crispy_storage/comparative_images_img2img/00000_sd15_fp16_seed123_s50_g3.5_str0.45.png,real,0.33003583550453186,0.08806729316711426
sd15_fp4_s50_g5.0_str0.6,00001,sd15,fp4,124,50,5.0,0.6,CLIP-D,/media/SSD_4TB/crispy_storage/comparative_images_img2img/00001_sd15_fp4_seed124_s50_g5.0_str0.6.png,fake,0.9696817398071289,0.06408977508544922
sd15_fp4_s50_g5.0_str0.6,00001,sd15,fp4,124,50,5.0,0.6,R50_TF,/media/SSD_4TB/crispy_storage/comparative_images_img2img/00001_sd15_fp4_seed124_s50_g5.0_str0.6.png,real,0.3563,0.194
sd15_fp4_s50_g5.0_str0.6,00001,sd15,fp4,124,50,5.0,0.6,NPR,/media/SSD_4TB/crispy_storage/comparative_images_img2img/00001_sd15_fp4_seed124_s50_g5.0_str0.6.png,fake,0.9976226687431335,0.0940544605255127
sd3_fp16_s50_g6.5_str0.45,00000,sd3,fp16,123,50,6.5,0.45,CLIP-D,/media/SSD_4TB/crispy_storage/comparative_images_img2img/00000_sd3_fp16_seed123_s50_g6.5_str0.45.png,fake,0.7585333585739136,0.06654667854309082
sd3_fp16_s50_g6.5_str0.45,00000,sd3,fp16,123,50,6.5,0.45,R50_TF,/media/SSD_4TB/crispy_storage/comparative_images_img2img/00000_sd3_fp16_seed123_s50_g6.5_str0.45.png,real,0.4202,0.188
sd3_fp16_s50_g6.5_str0.45,00000,sd3,fp16,123,50,6.5,0.45,NPR,/media/SSD_4TB/crispy_storage/comparative_images_img2img/00000_sd3_fp16_seed123_s50_g6.5_str0.45.png,real,1.0715525688986816e-12,0.09453153610229492
sd15_fp8_s40_g6.5_str0.6,00001,sd15,fp8,124,40,6.5,0.6,CLIP-D,/media/SSD_4TB/crispy_storage/comparative_images_img2img/00001_sd15_fp8_seed124_s40_g6.5_str0.6.png,fake,0.9839432239532471,0.06632804870605469
sd15_fp8_s40_g6.5_str0.6,00001,sd15,fp8,124,40,6.5,0.6,R50_TF,/media/SSD_4TB/crispy_storage/comparative_images_img2img/00001_sd15_fp8_seed124_s40_g6.5_str0.6.png,real,0.3623,0.177
sd15_fp8_s40_g6.5_str0.6,00001,sd15,fp8,124,40,6.5,0.6,NPR,/media/SSD_4TB/crispy_storage/comparative_images_img2img/00001_sd15_fp8_seed124_s40_g6.5_str0.6.png,fake,0.9988151788711548,0.10126304626464844
sd15_fp8_s30_g6.5_str0.45,00000,sd15,fp8,123,30,6.5,0.45,CLIP-D,/media/SSD_4TB/crispy_storage/comparative_images_img2img/00000_sd15_fp8_seed123_s30_g6.5_str0.45.png,real,0.4816474914550781,0.06627941131591797
sd15_fp8_s30_g6.5_str0.45,00000,sd15,fp8,123,30,6.5,0.45,R50_TF,/media/SSD_4TB/crispy_storage/comparative_images_img2img/00000_sd15_fp8_seed123_s30_g6.5_str0.45.png,fake,0.5739,0.198
sd15_fp8_s30_g6.5_str0.45,00000,sd15,fp8,123,30,6.5,0.45,NPR,/media/SSD_4TB/crispy_storage/comparative_images_img2img/00000_sd15_fp8_seed123_s30_g6.5_str0.45.png,real,0.1597733199596405,0.09750652313232422
sd3_fp8_s40_g5.0_str0.45,00001,sd3,fp8,124,40,5.0,0.45,CLIP-D,/media/SSD_4TB/crispy_storage/comparative_images_img2img/00001_sd3_fp8_seed124_s40_g5.0_str0.45.png,real,0.0037950179539620876,0.06676650047302246
sd3_fp8_s40_g5.0_str0.45,00001,sd3,fp8,124,40,5.0,0.45,R50_TF,/media/SSD_4TB/crispy_storage/comparative_images_img2img/00001_sd3_fp8_seed124_s40_g5.0_str0.45.png,real,0.3674,0.215
sd3_fp8_s40_g5.0_str0.45,00001,sd3,fp8,124,40,5.0,0.45,NPR,/media/SSD_4TB/crispy_storage/comparative_images_img2img/00001_sd3_fp8_seed124_s40_g5.0_str0.45.png,fake,0.9600468277931213,0.0915372371673584
sd3_fp16_s40_g5.0_str0.6,00001,sd3,fp16,124,40,5.0,0.6,CLIP-D,/media/SSD_4TB/crispy_storage/comparative_images_img2img/00001_sd3_fp16_seed124_s40_g5.0_str0.6.png,fake,0.6602996587753296,0.06950044631958008
sd3_fp16_s40_g5.0_str0.6,00001,sd3,fp16,124,40,5.0,0.6,R50_TF,/media/SSD_4TB/crispy_storage/comparative_images_img2img/00001_sd3_fp16_seed124_s40_g5.0_str0.6.png,real,0.3683,0.181
sd3_fp16_s40_g5.0_str0.6,00001,sd3,fp16,124,40,5.0,0.6,NPR,/media/SSD_4TB/crispy_storage/comparative_images_img2img/00001_sd3_fp16_seed124_s40_g5.0_str0.6.png,real,0.4745413661003113,0.09774589538574219
sd3_fp8_s30_g6.5_str0.45,00001,sd3,fp8,124,30,6.5,0.45,CLIP-D,/media/SSD_4TB/crispy_storage/comparative_images_img2img/00001_sd3_fp8_seed124_s30_g6.5_str0.45.png,real,0.04142594709992409,0.0662682056427002
sd3_fp8_s30_g6.5_str0.45,00001,sd3,fp8,124,30,6.5,0.45,R50_TF,/media/SSD_4TB/crispy_storage/comparative_images_img2img/00001_sd3_fp8_seed124_s30_g6.5_str0.45.png,real,0.3704,0.177
sd3_fp8_s30_g6.5_str0.45,00001,sd3,fp8,124,30,6.5,0.45,NPR,/media/SSD_4TB/crispy_storage/comparative_images_img2img/00001_sd3_fp8_seed124_s30_g6.5_str0.45.png,real,0.08703015744686127,0.09265708923339844
sd15_fp4_s40_g6.5_str0.45,00001,sd15,fp4,124,40,6.5,0.45,CLIP-D,/media/SSD_4TB/crispy_storage/comparative_images_img2img/00001_sd15_fp4_seed124_s40_g6.5_str0.45.png,fake,0.9553136229515076,0.06743669509887695
sd15_fp4_s40_g6.5_str0.45,00001,sd15,fp4,124,40,6.5,0.45,R50_TF,/media/SSD_4TB/crispy_storage/comparative_images_img2img/00001_sd15_fp4_seed124_s40_g6.5_str0.45.png,real,0.3725,0.18
sd15_fp4_s40_g6.5_str0.45,00001,sd15,fp4,124,40,6.5,0.45,NPR,/media/SSD_4TB/crispy_storage/comparative_images_img2img/00001_sd15_fp4_seed124_s40_g6.5_str0.45.png,fake,0.9971396923065186,0.10275983810424805
sd15_fp4_s50_g5.0_str0.3,00000,sd15,fp4,123,50,5.0,0.3,CLIP-D,/media/SSD_4TB/crispy_storage/comparative_images_img2img/00000_sd15_fp4_seed123_s50_g5.0_str0.3.png,real,0.3244820833206177,0.0669851303100586
sd15_fp4_s50_g5.0_str0.3,00000,sd15,fp4,123,50,5.0,0.3,R50_TF,/media/SSD_4TB/crispy_storage/comparative_images_img2img/00000_sd15_fp4_seed123_s50_g5.0_str0.3.png,fake,0.6132,0.184
sd15_fp4_s50_g5.0_str0.3,00000,sd15,fp4,123,50,5.0,0.3,NPR,/media/SSD_4TB/crispy_storage/comparative_images_img2img/00000_sd15_fp4_seed123_s50_g5.0_str0.3.png,real,3.715448474395089e-05,0.09905242919921875
sd15_fp4_s40_g6.5_str0.3,00000,sd15,fp4,123,40,6.5,0.3,CLIP-D,/media/SSD_4TB/crispy_storage/comparative_images_img2img/00000_sd15_fp4_seed123_s40_g6.5_str0.3.png,real,0.239594504237175,0.06953239440917969
sd15_fp4_s40_g6.5_str0.3,00000,sd15,fp4,123,40,6.5,0.3,R50_TF,/media/SSD_4TB/crispy_storage/comparative_images_img2img/00000_sd15_fp4_seed123_s40_g6.5_str0.3.png,fake,0.6118,0.177
sd15_fp4_s40_g6.5_str0.3,00000,sd15,fp4,123,40,6.5,0.3,NPR,/media/SSD_4TB/crispy_storage/comparative_images_img2img/00000_sd15_fp4_seed123_s40_g6.5_str0.3.png,real,0.00016624013369437307,0.1074824333190918
sd3_fp16_s30_g5.0_str0.6,00001,sd3,fp16,124,30,5.0,0.6,CLIP-D,/media/SSD_4TB/crispy_storage/comparative_images_img2img/00001_sd3_fp16_seed124_s30_g5.0_str0.6.png,real,0.16488543152809143,0.06271958351135254
sd3_fp16_s30_g5.0_str0.6,00001,sd3,fp16,124,30,5.0,0.6,R50_TF,/media/SSD_4TB/crispy_storage/comparative_images_img2img/00001_sd3_fp16_seed124_s30_g5.0_str0.6.png,real,0.3836,0.171
sd3_fp16_s30_g5.0_str0.6,00001,sd3,fp16,124,30,5.0,0.6,NPR,/media/SSD_4TB/crispy_storage/comparative_images_img2img/00001_sd3_fp16_seed124_s30_g5.0_str0.6.png,fake,0.9626486301422119,0.09403038024902344
sd3_fp16_s30_g5.0_str0.3,00000,sd3,fp16,123,30,5.0,0.3,CLIP-D,/media/SSD_4TB/crispy_storage/comparative_images_img2img/00000_sd3_fp16_seed123_s30_g5.0_str0.3.png,fake,0.8710165619850159,0.06319618225097656
sd3_fp16_s30_g5.0_str0.3,00000,sd3,fp16,123,30,5.0,0.3,R50_TF,/media/SSD_4TB/crispy_storage/comparative_images_img2img/00000_sd3_fp16_seed123_s30_g5.0_str0.3.png,real,0.4349,0.177
sd3_fp16_s30_g5.0_str0.3,00000,sd3,fp16,123,30,5.0,0.3,NPR,/media/SSD_4TB/crispy_storage/comparative_images_img2img/00000_sd3_fp16_seed123_s30_g5.0_str0.3.png,real,3.9041982588349086e-16,0.09564614295959473
sd15_fp4_s30_g5.0_str0.45,00000,sd15,fp4,123,30,5.0,0.45,CLIP-D,/media/SSD_4TB/crispy_storage/comparative_images_img2img/00000_sd15_fp4_seed123_s30_g5.0_str0.45.png,fake,0.52208411693573,0.06166863441467285
sd15_fp4_s30_g5.0_str0.45,00000,sd15,fp4,123,30,5.0,0.45,R50_TF,/media/SSD_4TB/crispy_storage/comparative_images_img2img/00000_sd15_fp4_seed123_s30_g5.0_str0.45.png,fake,0.5798,0.182
sd15_fp4_s30_g5.0_str0.45,00000,sd15,fp4,123,30,5.0,0.45,NPR,/media/SSD_4TB/crispy_storage/comparative_images_img2img/00000_sd15_fp4_seed123_s30_g5.0_str0.45.png,real,0.10137152671813965,0.0934762954711914
sd15_fp16_s50_g6.5_str0.6,00000,sd15,fp16,123,50,6.5,0.6,CLIP-D,/media/SSD_4TB/crispy_storage/comparative_images_img2img/00000_sd15_fp16_seed123_s50_g6.5_str0.6.png,fake,0.8764469027519226,0.06210947036743164
sd15_fp16_s50_g6.5_str0.6,00000,sd15,fp16,123,50,6.5,0.6,R50_TF,/media/SSD_4TB/crispy_storage/comparative_images_img2img/00000_sd15_fp16_seed123_s50_g6.5_str0.6.png,fake,0.5619,0.17
sd15_fp16_s50_g6.5_str0.6,00000,sd15,fp16,123,50,6.5,0.6,NPR,/media/SSD_4TB/crispy_storage/comparative_images_img2img/00000_sd15_fp16_seed123_s50_g6.5_str0.6.png,real,8.991618960862979e-05,0.09015178680419922
sd15_fp8_s50_g3.5_str0.6,00000,sd15,fp8,123,50,3.5,0.6,CLIP-D,/media/SSD_4TB/crispy_storage/comparative_images_img2img/00000_sd15_fp8_seed123_s50_g3.5_str0.6.png,fake,0.9921126365661621,0.0618898868560791
sd15_fp8_s50_g3.5_str0.6,00000,sd15,fp8,123,50,3.5,0.6,R50_TF,/media/SSD_4TB/crispy_storage/comparative_images_img2img/00000_sd15_fp8_seed123_s50_g3.5_str0.6.png,fake,0.5564,0.166
sd15_fp8_s50_g3.5_str0.6,00000,sd15,fp8,123,50,3.5,0.6,NPR,/media/SSD_4TB/crispy_storage/comparative_images_img2img/00000_sd15_fp8_seed123_s50_g3.5_str0.6.png,real,0.0021063056774437428,0.09201645851135254
sd15_fp4_s40_g5.0_str0.3,00001,sd15,fp4,124,40,5.0,0.3,CLIP-D,/media/SSD_4TB/crispy_storage/comparative_images_img2img/00001_sd15_fp4_seed124_s40_g5.0_str0.3.png,fake,0.8577717542648315,0.061440229415893555
sd15_fp4_s40_g5.0_str0.3,00001,sd15,fp4,124,40,5.0,0.3,R50_TF,/media/SSD_4TB/crispy_storage/comparative_images_img2img/00001_sd15_fp4_seed124_s40_g5.0_str0.3.png,real,0.3686,0.167
sd15_fp4_s40_g5.0_str0.3,00001,sd15,fp4,124,40,5.0,0.3,NPR,/media/SSD_4TB/crispy_storage/comparative_images_img2img/00001_sd15_fp4_seed124_s40_g5.0_str0.3.png,fake,0.9847207069396973,0.09171843528747559
sd15_fp16_s30_g3.5_str0.45,00001,sd15,fp16,124,30,3.5,0.45,CLIP-D,/media/SSD_4TB/crispy_storage/comparative_images_img2img/00001_sd15_fp16_seed124_s30_g3.5_str0.45.png,fake,0.9369349479675293,0.0608673095703125
sd15_fp16_s30_g3.5_str0.45,00001,sd15,fp16,124,30,3.5,0.45,R50_TF,/media/SSD_4TB/crispy_storage/comparative_images_img2img/00001_sd15_fp16_seed124_s30_g3.5_str0.45.png,real,0.3731,0.173
sd15_fp16_s30_g3.5_str0.45,00001,sd15,fp16,124,30,3.5,0.45,NPR,/media/SSD_4TB/crispy_storage/comparative_images_img2img/00001_sd15_fp16_seed124_s30_g3.5_str0.45.png,fake,0.9760257005691528,0.08907842636108398
sd3_fp8_s30_g5.0_str0.3,00001,sd3,fp8,124,30,5.0,0.3,R50_TF,/media/SSD_4TB/crispy_storage/comparative_images_img2img/00001_sd3_fp8_seed124_s30_g5.0_str0.3.png,real,0.3785,0.166
sd3_fp8_s30_g5.0_str0.3,00001,sd3,fp8,124,30,5.0,0.3,NPR,/media/SSD_4TB/crispy_storage/comparative_images_img2img/00001_sd3_fp8_seed124_s30_g5.0_str0.3.png,fake,0.9902543425559998,0.08850264549255371
sd15_fp4_s30_g3.5_str0.6,00001,sd15,fp4,124,30,3.5,0.6,CLIP-D,/media/SSD_4TB/crispy_storage/comparative_images_img2img/00001_sd15_fp4_seed124_s30_g3.5_str0.6.png,fake,0.9732601642608643,0.06783914566040039
sd15_fp4_s30_g3.5_str0.6,00001,sd15,fp4,124,30,3.5,0.6,R50_TF,/media/SSD_4TB/crispy_storage/comparative_images_img2img/00001_sd15_fp4_seed124_s30_g3.5_str0.6.png,real,0.3489,0.173
sd15_fp4_s30_g3.5_str0.6,00001,sd15,fp4,124,30,3.5,0.6,NPR,/media/SSD_4TB/crispy_storage/comparative_images_img2img/00001_sd15_fp4_seed124_s30_g3.5_str0.6.png,fake,0.9815999865531921,0.08982443809509277
sd15_fp8_s30_g3.5_str0.45,00001,sd15,fp8,124,30,3.5,0.45,CLIP-D,/media/SSD_4TB/crispy_storage/comparative_images_img2img/00001_sd15_fp8_seed124_s30_g3.5_str0.45.png,fake,0.935997486114502,0.06279373168945312
sd15_fp8_s30_g3.5_str0.45,00001,sd15,fp8,124,30,3.5,0.45,R50_TF,/media/SSD_4TB/crispy_storage/comparative_images_img2img/00001_sd15_fp8_seed124_s30_g3.5_str0.45.png,real,0.3703,0.168
sd15_fp8_s30_g3.5_str0.45,00001,sd15,fp8,124,30,3.5,0.45,NPR,/media/SSD_4TB/crispy_storage/comparative_images_img2img/00001_sd15_fp8_seed124_s30_g3.5_str0.45.png,fake,0.9895529747009277,0.09194707870483398
sd3_fp16_s40_g5.0_str0.3,00001,sd3,fp16,124,40,5.0,0.3,CLIP-D,/media/SSD_4TB/crispy_storage/comparative_images_img2img/00001_sd3_fp16_seed124_s40_g5.0_str0.3.png,real,0.013002768158912659,0.06148791313171387
sd3_fp16_s40_g5.0_str0.3,00001,sd3,fp16,124,40,5.0,0.3,R50_TF,/media/SSD_4TB/crispy_storage/comparative_images_img2img/00001_sd3_fp16_seed124_s40_g5.0_str0.3.png,real,0.3652,0.166
sd3_fp16_s40_g5.0_str0.3,00001,sd3,fp16,124,40,5.0,0.3,NPR,/media/SSD_4TB/crispy_storage/comparative_images_img2img/00001_sd3_fp16_seed124_s40_g5.0_str0.3.png,fake,0.9941896200180054,0.08874082565307617
sd15_fp16_s40_g3.5_str0.6,00000,sd15,fp16,123,40,3.5,0.6,CLIP-D,/media/SSD_4TB/crispy_storage/comparative_images_img2img/00000_sd15_fp16_seed123_s40_g3.5_str0.6.png,fake,0.9978057742118835,0.06288933753967285
sd15_fp16_s40_g3.5_str0.6,00000,sd15,fp16,123,40,3.5,0.6,R50_TF,/media/SSD_4TB/crispy_storage/comparative_images_img2img/00000_sd15_fp16_seed123_s40_g3.5_str0.6.png,fake,0.5609,0.172
sd15_fp16_s40_g3.5_str0.6,00000,sd15,fp16,123,40,3.5,0.6,NPR,/media/SSD_4TB/crispy_storage/comparative_images_img2img/00000_sd15_fp16_seed123_s40_g3.5_str0.6.png,real,0.010902575217187405,0.09142351150512695
sd3_fp16_s40_g3.5_str0.6,00000,sd3,fp16,123,40,3.5,0.6,CLIP-D,/media/SSD_4TB/crispy_storage/comparative_images_img2img/00000_sd3_fp16_seed123_s40_g3.5_str0.6.png,fake,0.9610844850540161,0.0608673095703125
sd3_fp16_s40_g3.5_str0.6,00000,sd3,fp16,123,40,3.5,0.6,R50_TF,/media/SSD_4TB/crispy_storage/comparative_images_img2img/00000_sd3_fp16_seed123_s40_g3.5_str0.6.png,real,0.4284,0.175
sd3_fp16_s40_g3.5_str0.6,00000,sd3,fp16,123,40,3.5,0.6,NPR,/media/SSD_4TB/crispy_storage/comparative_images_img2img/00000_sd3_fp16_seed123_s40_g3.5_str0.6.png,real,1.560423124047361e-09,0.09528899192810059
sd15_fp8_s50_g3.5_str0.45,00001,sd15,fp8,124,50,3.5,0.45,CLIP-D,/media/SSD_4TB/crispy_storage/comparative_images_img2img/00001_sd15_fp8_seed124_s50_g3.5_str0.45.png,fake,0.9348806142807007,0.06238126754760742
sd15_fp8_s50_g3.5_str0.45,00001,sd15,fp8,124,50,3.5,0.45,R50_TF,/media/SSD_4TB/crispy_storage/comparative_images_img2img/00001_sd15_fp8_seed124_s50_g3.5_str0.45.png,real,0.3856,0.171
sd15_fp8_s50_g3.5_str0.45,00001,sd15,fp8,124,50,3.5,0.45,NPR,/media/SSD_4TB/crispy_storage/comparative_images_img2img/00001_sd15_fp8_seed124_s50_g3.5_str0.45.png,fake,0.9976061582565308,0.09178352355957031
sd15_fp4_s40_g6.5_str0.6,00000,sd15,fp4,123,40,6.5,0.6,CLIP-D,/media/SSD_4TB/crispy_storage/comparative_images_img2img/00000_sd15_fp4_seed123_s40_g6.5_str0.6.png,fake,0.9754666090011597,0.061214447021484375
sd15_fp4_s40_g6.5_str0.6,00000,sd15,fp4,123,40,6.5,0.6,R50_TF,/media/SSD_4TB/crispy_storage/comparative_images_img2img/00000_sd15_fp4_seed123_s40_g6.5_str0.6.png,fake,0.5648,0.183
sd15_fp4_s40_g6.5_str0.6,00000,sd15,fp4,123,40,6.5,0.6,NPR,/media/SSD_4TB/crispy_storage/comparative_images_img2img/00000_sd15_fp4_seed123_s40_g6.5_str0.6.png,real,0.001104480354115367,0.08872342109680176
sd15_fp16_s40_g3.5_str0.6,00001,sd15,fp16,124,40,3.5,0.6,CLIP-D,/media/SSD_4TB/crispy_storage/comparative_images_img2img/00001_sd15_fp16_seed124_s40_g3.5_str0.6.png,fake,0.9743586182594299,0.06812095642089844
sd15_fp16_s40_g3.5_str0.6,00001,sd15,fp16,124,40,3.5,0.6,R50_TF,/media/SSD_4TB/crispy_storage/comparative_images_img2img/00001_sd15_fp16_seed124_s40_g3.5_str0.6.png,real,0.3582,0.181
sd15_fp16_s40_g3.5_str0.6,00001,sd15,fp16,124,40,3.5,0.6,NPR,/media/SSD_4TB/crispy_storage/comparative_images_img2img/00001_sd15_fp16_seed124_s40_g3.5_str0.6.png,fake,0.9986222982406616,0.09027314186096191
sd15_fp16_s50_g3.5_str0.6,00001,sd15,fp16,124,50,3.5,0.6,CLIP-D,/media/SSD_4TB/crispy_storage/comparative_images_img2img/00001_sd15_fp16_seed124_s50_g3.5_str0.6.png,fake,0.9760396480560303,0.06109189987182617
sd15_fp16_s50_g3.5_str0.6,00001,sd15,fp16,124,50,3.5,0.6,R50_TF,/media/SSD_4TB/crispy_storage/comparative_images_img2img/00001_sd15_fp16_seed124_s50_g3.5_str0.6.png,real,0.3608,0.175
sd15_fp16_s50_g3.5_str0.6,00001,sd15,fp16,124,50,3.5,0.6,NPR,/media/SSD_4TB/crispy_storage/comparative_images_img2img/00001_sd15_fp16_seed124_s50_g3.5_str0.6.png,fake,0.9984604120254517,0.10920572280883789
sd15_fp8_s40_g3.5_str0.6,00000,sd15,fp8,123,40,3.5,0.6,CLIP-D,/media/SSD_4TB/crispy_storage/comparative_images_img2img/00000_sd15_fp8_seed123_s40_g3.5_str0.6.png,fake,0.9966105818748474,0.06210660934448242
sd15_fp8_s40_g3.5_str0.6,00000,sd15,fp8,123,40,3.5,0.6,R50_TF,/media/SSD_4TB/crispy_storage/comparative_images_img2img/00000_sd15_fp8_seed123_s40_g3.5_str0.6.png,fake,0.5616,0.17
sd15_fp8_s40_g3.5_str0.6,00000,sd15,fp8,123,40,3.5,0.6,NPR,/media/SSD_4TB/crispy_storage/comparative_images_img2img/00000_sd15_fp8_seed123_s40_g3.5_str0.6.png,real,0.004924169275909662,0.09504580497741699
sd15_fp16_s30_g5.0_str0.45,00000,sd15,fp16,123,30,5.0,0.45,CLIP-D,/media/SSD_4TB/crispy_storage/comparative_images_img2img/00000_sd15_fp16_seed123_s30_g5.0_str0.45.png,fake,0.7505704760551453,0.0651540756225586
sd15_fp16_s30_g5.0_str0.45,00000,sd15,fp16,123,30,5.0,0.45,R50_TF,/media/SSD_4TB/crispy_storage/comparative_images_img2img/00000_sd15_fp16_seed123_s30_g5.0_str0.45.png,fake,0.5624,0.171
sd15_fp16_s30_g5.0_str0.45,00000,sd15,fp16,123,30,5.0,0.45,NPR,/media/SSD_4TB/crispy_storage/comparative_images_img2img/00000_sd15_fp16_seed123_s30_g5.0_str0.45.png,real,0.05860604718327522,0.09092140197753906
sd15_fp4_s50_g5.0_str0.3,00001,sd15,fp4,124,50,5.0,0.3,CLIP-D,/media/SSD_4TB/crispy_storage/comparative_images_img2img/00001_sd15_fp4_seed124_s50_g5.0_str0.3.png,fake,0.8838796019554138,0.06261658668518066
sd15_fp4_s50_g5.0_str0.3,00001,sd15,fp4,124,50,5.0,0.3,R50_TF,/media/SSD_4TB/crispy_storage/comparative_images_img2img/00001_sd15_fp4_seed124_s50_g5.0_str0.3.png,real,0.3733,0.17
sd15_fp4_s50_g5.0_str0.3,00001,sd15,fp4,124,50,5.0,0.3,NPR,/media/SSD_4TB/crispy_storage/comparative_images_img2img/00001_sd15_fp4_seed124_s50_g5.0_str0.3.png,fake,0.9962683916091919,0.08829283714294434
sd15_fp16_s50_g5.0_str0.45,00000,sd15,fp16,123,50,5.0,0.45,CLIP-D,/media/SSD_4TB/crispy_storage/comparative_images_img2img/00000_sd15_fp16_seed123_s50_g5.0_str0.45.png,fake,0.7478471398353577,0.0625615119934082
sd15_fp16_s50_g5.0_str0.45,00000,sd15,fp16,123,50,5.0,0.45,R50_TF,/media/SSD_4TB/crispy_storage/comparative_images_img2img/00000_sd15_fp16_seed123_s50_g5.0_str0.45.png,fake,0.568,0.18
sd15_fp16_s50_g5.0_str0.45,00000,sd15,fp16,123,50,5.0,0.45,NPR,/media/SSD_4TB/crispy_storage/comparative_images_img2img/00000_sd15_fp16_seed123_s50_g5.0_str0.45.png,real,0.3826046884059906,0.09519696235656738
sd15_fp16_s40_g6.5_str0.6,00001,sd15,fp16,124,40,6.5,0.6,CLIP-D,/media/SSD_4TB/crispy_storage/comparative_images_img2img/00001_sd15_fp16_seed124_s40_g6.5_str0.6.png,fake,0.9858337044715881,0.06281185150146484
sd15_fp16_s40_g6.5_str0.6,00001,sd15,fp16,124,40,6.5,0.6,R50_TF,/media/SSD_4TB/crispy_storage/comparative_images_img2img/00001_sd15_fp16_seed124_s40_g6.5_str0.6.png,real,0.3663,0.175
sd15_fp16_s40_g6.5_str0.6,00001,sd15,fp16,124,40,6.5,0.6,NPR,/media/SSD_4TB/crispy_storage/comparative_images_img2img/00001_sd15_fp16_seed124_s40_g6.5_str0.6.png,fake,0.9995575547218323,0.09286260604858398
sd15_fp16_s50_g3.5_str0.3,00000,sd15,fp16,123,50,3.5,0.3,CLIP-D,/media/SSD_4TB/crispy_storage/comparative_images_img2img/00000_sd15_fp16_seed123_s50_g3.5_str0.3.png,real,0.22086574137210846,0.06555819511413574
sd15_fp16_s50_g3.5_str0.3,00000,sd15,fp16,123,50,3.5,0.3,R50_TF,/media/SSD_4TB/crispy_storage/comparative_images_img2img/00000_sd15_fp16_seed123_s50_g3.5_str0.3.png,fake,0.6029,0.172
sd15_fp16_s50_g3.5_str0.3,00000,sd15,fp16,123,50,3.5,0.3,NPR,/media/SSD_4TB/crispy_storage/comparative_images_img2img/00000_sd15_fp16_seed123_s50_g3.5_str0.3.png,real,0.0006096442230045795,0.09798717498779297
sd15_fp4_s40_g5.0_str0.45,00000,sd15,fp4,123,40,5.0,0.45,CLIP-D,/media/SSD_4TB/crispy_storage/comparative_images_img2img/00000_sd15_fp4_seed123_s40_g5.0_str0.45.png,fake,0.7263097763061523,0.06242561340332031
sd15_fp4_s40_g5.0_str0.45,00000,sd15,fp4,123,40,5.0,0.45,R50_TF,/media/SSD_4TB/crispy_storage/comparative_images_img2img/00000_sd15_fp4_seed123_s40_g5.0_str0.45.png,fake,0.5928,0.177
sd15_fp4_s40_g5.0_str0.45,00000,sd15,fp4,123,40,5.0,0.45,NPR,/media/SSD_4TB/crispy_storage/comparative_images_img2img/00000_sd15_fp4_seed123_s40_g5.0_str0.45.png,real,0.34471631050109863,0.09086394309997559
sd15_fp8_s50_g5.0_str0.3,00001,sd15,fp8,124,50,5.0,0.3,CLIP-D,/media/SSD_4TB/crispy_storage/comparative_images_img2img/00001_sd15_fp8_seed124_s50_g5.0_str0.3.png,fake,0.8743236064910889,0.07083368301391602
sd15_fp8_s50_g5.0_str0.3,00001,sd15,fp8,124,50,5.0,0.3,R50_TF,/media/SSD_4TB/crispy_storage/comparative_images_img2img/00001_sd15_fp8_seed124_s50_g5.0_str0.3.png,real,0.3703,0.174
sd15_fp8_s50_g5.0_str0.3,00001,sd15,fp8,124,50,5.0,0.3,NPR,/media/SSD_4TB/crispy_storage/comparative_images_img2img/00001_sd15_fp8_seed124_s50_g5.0_str0.3.png,fake,0.9910584092140198,0.09435248374938965
sd3_fp16_s50_g6.5_str0.45,00001,sd3,fp16,124,50,6.5,0.45,CLIP-D,/media/SSD_4TB/crispy_storage/comparative_images_img2img/00001_sd3_fp16_seed124_s50_g6.5_str0.45.png,real,0.0015877162804827094,0.06542778015136719
sd3_fp16_s50_g6.5_str0.45,00001,sd3,fp16,124,50,6.5,0.45,R50_TF,/media/SSD_4TB/crispy_storage/comparative_images_img2img/00001_sd3_fp16_seed124_s50_g6.5_str0.45.png,real,0.3495,0.165
sd3_fp16_s50_g6.5_str0.45,00001,sd3,fp16,124,50,6.5,0.45,NPR,/media/SSD_4TB/crispy_storage/comparative_images_img2img/00001_sd3_fp16_seed124_s50_g6.5_str0.45.png,fake,0.8817716836929321,0.08962059020996094
sd3_fp16_s50_g3.5_str0.6,00001,sd3,fp16,124,50,3.5,0.6,CLIP-D,/media/SSD_4TB/crispy_storage/comparative_images_img2img/00001_sd3_fp16_seed124_s50_g3.5_str0.6.png,real,0.1280909925699234,0.06148982048034668
sd3_fp16_s50_g3.5_str0.6,00001,sd3,fp16,124,50,3.5,0.6,R50_TF,/media/SSD_4TB/crispy_storage/comparative_images_img2img/00001_sd3_fp16_seed124_s50_g3.5_str0.6.png,real,0.3569,0.173
sd3_fp16_s50_g3.5_str0.6,00001,sd3,fp16,124,50,3.5,0.6,NPR,/media/SSD_4TB/crispy_storage/comparative_images_img2img/00001_sd3_fp16_seed124_s50_g3.5_str0.6.png,real,0.36239638924598694,0.08911490440368652
sd3_fp8_s30_g5.0_str0.6,00000,sd3,fp8,123,30,5.0,0.6,CLIP-D,/media/SSD_4TB/crispy_storage/comparative_images_img2img/00000_sd3_fp8_seed123_s30_g5.0_str0.6.png,fake,0.8694521188735962,0.06134605407714844
sd3_fp8_s30_g5.0_str0.6,00000,sd3,fp8,123,30,5.0,0.6,R50_TF,/media/SSD_4TB/crispy_storage/comparative_images_img2img/00000_sd3_fp8_seed123_s30_g5.0_str0.6.png,real,0.4288,0.179
sd3_fp8_s30_g5.0_str0.6,00000,sd3,fp8,123,30,5.0,0.6,NPR,/media/SSD_4TB/crispy_storage/comparative_images_img2img/00000_sd3_fp8_seed123_s30_g5.0_str0.6.png,real,5.1102099982158755e-12,0.09088420867919922
sd15_fp8_s40_g3.5_str0.6,00001,sd15,fp8,124,40,3.5,0.6,CLIP-D,/media/SSD_4TB/crispy_storage/comparative_images_img2img/00001_sd15_fp8_seed124_s40_g3.5_str0.6.png,fake,0.9787238836288452,0.0614316463470459
sd15_fp8_s40_g3.5_str0.6,00001,sd15,fp8,124,40,3.5,0.6,R50_TF,/media/SSD_4TB/crispy_storage/comparative_images_img2img/00001_sd15_fp8_seed124_s40_g3.5_str0.6.png,real,0.358,0.174
sd15_fp8_s40_g3.5_str0.6,00001,sd15,fp8,124,40,3.5,0.6,NPR,/media/SSD_4TB/crispy_storage/comparative_images_img2img/00001_sd15_fp8_seed124_s40_g3.5_str0.6.png,fake,0.998708963394165,0.0888359546661377
sd3_fp16_s40_g3.5_str0.45,00001,sd3,fp16,124,40,3.5,0.45,CLIP-D,/media/SSD_4TB/crispy_storage/comparative_images_img2img/00001_sd3_fp16_seed124_s40_g3.5_str0.45.png,real,0.0008308842079713941,0.06169414520263672
sd3_fp16_s40_g3.5_str0.45,00001,sd3,fp16,124,40,3.5,0.45,R50_TF,/media/SSD_4TB/crispy_storage/comparative_images_img2img/00001_sd3_fp16_seed124_s40_g3.5_str0.45.png,real,0.3616,0.17
sd3_fp16_s40_g3.5_str0.45,00001,sd3,fp16,124,40,3.5,0.45,NPR,/media/SSD_4TB/crispy_storage/comparative_images_img2img/00001_sd3_fp16_seed124_s40_g3.5_str0.45.png,fake,0.8830262422561646,0.09010839462280273
sd3_fp16_s40_g6.5_str0.3,00001,sd3,fp16,124,40,6.5,0.3,CLIP-D,/media/SSD_4TB/crispy_storage/comparative_images_img2img/00001_sd3_fp16_seed124_s40_g6.5_str0.3.png,real,0.005604094360023737,0.06464004516601562
sd3_fp16_s40_g6.5_str0.3,00001,sd3,fp16,124,40,6.5,0.3,R50_TF,/media/SSD_4TB/crispy_storage/comparative_images_img2img/00001_sd3_fp16_seed124_s40_g6.5_str0.3.png,real,0.3621,0.172
sd3_fp16_s40_g6.5_str0.3,00001,sd3,fp16,124,40,6.5,0.3,NPR,/media/SSD_4TB/crispy_storage/comparative_images_img2img/00001_sd3_fp16_seed124_s40_g6.5_str0.3.png,fake,0.9985924363136292,0.09210658073425293
sd15_fp8_s40_g5.0_str0.3,00001,sd15,fp8,124,40,5.0,0.3,CLIP-D,/media/SSD_4TB/crispy_storage/comparative_images_img2img/00001_sd15_fp8_seed124_s40_g5.0_str0.3.png,fake,0.8303650617599487,0.06648898124694824
sd15_fp8_s40_g5.0_str0.3,00001,sd15,fp8,124,40,5.0,0.3,R50_TF,/media/SSD_4TB/crispy_storage/comparative_images_img2img/00001_sd15_fp8_seed124_s40_g5.0_str0.3.png,real,0.3772,0.169
sd15_fp8_s40_g5.0_str0.3,00001,sd15,fp8,124,40,5.0,0.3,NPR,/media/SSD_4TB/crispy_storage/comparative_images_img2img/00001_sd15_fp8_seed124_s40_g5.0_str0.3.png,fake,0.980659544467926,0.08674311637878418
sd3_fp16_s40_g6.5_str0.6,00000,sd3,fp16,123,40,6.5,0.6,CLIP-D,/media/SSD_4TB/crispy_storage/comparative_images_img2img/00000_sd3_fp16_seed123_s40_g6.5_str0.6.png,fake,0.9737788438796997,0.061539649963378906
sd3_fp16_s40_g6.5_str0.6,00000,sd3,fp16,123,40,6.5,0.6,R50_TF,/media/SSD_4TB/crispy_storage/comparative_images_img2img/00000_sd3_fp16_seed123_s40_g6.5_str0.6.png,real,0.4227,0.165
sd3_fp16_s40_g6.5_str0.6,00000,sd3,fp16,123,40,6.5,0.6,NPR,/media/SSD_4TB/crispy_storage/comparative_images_img2img/00000_sd3_fp16_seed123_s40_g6.5_str0.6.png,real,4.5422655220450636e-11,0.09160780906677246
sd3_fp8_s40_g5.0_str0.45,00000,sd3,fp8,123,40,5.0,0.45,CLIP-D,/media/SSD_4TB/crispy_storage/comparative_images_img2img/00000_sd3_fp8_seed123_s40_g5.0_str0.45.png,fake,0.7286613583564758,0.06268095970153809
sd3_fp8_s40_g5.0_str0.45,00000,sd3,fp8,123,40,5.0,0.45,R50_TF,/media/SSD_4TB/crispy_storage/comparative_images_img2img/00000_sd3_fp8_seed123_s40_g5.0_str0.45.png,real,0.4275,0.169
sd3_fp8_s40_g5.0_str0.45,00000,sd3,fp8,123,40,5.0,0.45,NPR,/media/SSD_4TB/crispy_storage/comparative_images_img2img/00000_sd3_fp8_seed123_s40_g5.0_str0.45.png,real,5.041744236997884e-15,0.08940935134887695
sd15_fp4_s30_g6.5_str0.6,00000,sd15,fp4,123,30,6.5,0.6,CLIP-D,/media/SSD_4TB/crispy_storage/comparative_images_img2img/00000_sd15_fp4_seed123_s30_g6.5_str0.6.png,fake,0.9938302636146545,0.06585073471069336
sd15_fp4_s30_g6.5_str0.6,00000,sd15,fp4,123,30,6.5,0.6,R50_TF,/media/SSD_4TB/crispy_storage/comparative_images_img2img/00000_sd15_fp4_seed123_s30_g6.5_str0.6.png,fake,0.6266,0.177
sd15_fp4_s30_g6.5_str0.6,00000,sd15,fp4,123,30,6.5,0.6,NPR,/media/SSD_4TB/crispy_storage/comparative_images_img2img/00000_sd15_fp4_seed123_s30_g6.5_str0.6.png,real,0.0532039999961853,0.09225988388061523
sd15_fp4_s40_g6.5_str0.6,00001,sd15,fp4,124,40,6.5,0.6,CLIP-D,/media/SSD_4TB/crispy_storage/comparative_images_img2img/00001_sd15_fp4_seed124_s40_g6.5_str0.6.png,fake,0.9792471528053284,0.06365036964416504
sd15_fp4_s40_g6.5_str0.6,00001,sd15,fp4,124,40,6.5,0.6,R50_TF,/media/SSD_4TB/crispy_storage/comparative_images_img2img/00001_sd15_fp4_seed124_s40_g6.5_str0.6.png,real,0.348,0.171
sd15_fp4_s40_g6.5_str0.6,00001,sd15,fp4,124,40,6.5,0.6,NPR,/media/SSD_4TB/crispy_storage/comparative_images_img2img/00001_sd15_fp4_seed124_s40_g6.5_str0.6.png,fake,0.9797012805938721,0.09007024765014648
sd15_fp4_s50_g6.5_str0.3,00000,sd15,fp4,123,50,6.5,0.3,CLIP-D,/media/SSD_4TB/crispy_storage/comparative_images_img2img/00000_sd15_fp4_seed123_s50_g6.5_str0.3.png,real,0.2991816997528076,0.061635732650756836
sd15_fp4_s50_g6.5_str0.3,00000,sd15,fp4,123,50,6.5,0.3,R50_TF,/media/SSD_4TB/crispy_storage/comparative_images_img2img/00000_sd15_fp4_seed123_s50_g6.5_str0.3.png,fake,0.6121,0.175
sd15_fp4_s50_g6.5_str0.3,00000,sd15,fp4,123,50,6.5,0.3,NPR,/media/SSD_4TB/crispy_storage/comparative_images_img2img/00000_sd15_fp4_seed123_s50_g6.5_str0.3.png,real,3.1263894925359637e-05,0.10431933403015137
sd15_fp8_s50_g6.5_str0.3,00000,sd15,fp8,123,50,6.5,0.3,CLIP-D,/media/SSD_4TB/crispy_storage/comparative_images_img2img/00000_sd15_fp8_seed123_s50_g6.5_str0.3.png,real,0.2616207003593445,0.06047368049621582
sd15_fp8_s50_g6.5_str0.3,00000,sd15,fp8,123,50,6.5,0.3,R50_TF,/media/SSD_4TB/crispy_storage/comparative_images_img2img/00000_sd15_fp8_seed123_s50_g6.5_str0.3.png,fake,0.6196,0.172
sd15_fp8_s50_g6.5_str0.3,00000,sd15,fp8,123,50,6.5,0.3,NPR,/media/SSD_4TB/crispy_storage/comparative_images_img2img/00000_sd15_fp8_seed123_s50_g6.5_str0.3.png,real,3.231869777664542e-05,0.09316563606262207
sd15_fp16_s30_g6.5_str0.45,00000,sd15,fp16,123,30,6.5,0.45,CLIP-D,/media/SSD_4TB/crispy_storage/comparative_images_img2img/00000_sd15_fp16_seed123_s30_g6.5_str0.45.png,fake,0.5962348580360413,0.06338071823120117
sd15_fp16_s30_g6.5_str0.45,00000,sd15,fp16,123,30,6.5,0.45,R50_TF,/media/SSD_4TB/crispy_storage/comparative_images_img2img/00000_sd15_fp16_seed123_s30_g6.5_str0.45.png,fake,0.5708,0.171
sd15_fp16_s30_g6.5_str0.45,00000,sd15,fp16,123,30,6.5,0.45,NPR,/media/SSD_4TB/crispy_storage/comparative_images_img2img/00000_sd15_fp16_seed123_s30_g6.5_str0.45.png,real,0.10011998564004898,0.08613252639770508
sd15_fp4_s50_g5.0_str0.6,00000,sd15,fp4,123,50,5.0,0.6,CLIP-D,/media/SSD_4TB/crispy_storage/comparative_images_img2img/00000_sd15_fp4_seed123_s50_g5.0_str0.6.png,fake,0.9658563137054443,0.06145477294921875
sd15_fp4_s50_g5.0_str0.6,00000,sd15,fp4,123,50,5.0,0.6,R50_TF,/media/SSD_4TB/crispy_storage/comparative_images_img2img/00000_sd15_fp4_seed123_s50_g5.0_str0.6.png,fake,0.5662,0.176
sd15_fp4_s50_g5.0_str0.6,00000,sd15,fp4,123,50,5.0,0.6,NPR,/media/SSD_4TB/crispy_storage/comparative_images_img2img/00000_sd15_fp4_seed123_s50_g5.0_str0.6.png,real,0.0011311753187328577,0.09293985366821289
sd15_fp16_s30_g3.5_str0.6,00001,sd15,fp16,124,30,3.5,0.6,CLIP-D,/media/SSD_4TB/crispy_storage/comparative_images_img2img/00001_sd15_fp16_seed124_s30_g3.5_str0.6.png,fake,0.9731725454330444,0.0624237060546875
sd15_fp16_s30_g3.5_str0.6,00001,sd15,fp16,124,30,3.5,0.6,R50_TF,/media/SSD_4TB/crispy_storage/comparative_images_img2img/00001_sd15_fp16_seed124_s30_g3.5_str0.6.png,real,0.3591,0.17
sd15_fp16_s30_g3.5_str0.6,00001,sd15,fp16,124,30,3.5,0.6,NPR,/media/SSD_4TB/crispy_storage/comparative_images_img2img/00001_sd15_fp16_seed124_s30_g3.5_str0.6.png,fake,0.9876260161399841,0.08840203285217285
sd15_fp16_s40_g6.5_str0.3,00000,sd15,fp16,123,40,6.5,0.3,CLIP-D,/media/SSD_4TB/crispy_storage/comparative_images_img2img/00000_sd15_fp16_seed123_s40_g6.5_str0.3.png,real,0.31106147170066833,0.06464743614196777
sd15_fp16_s40_g6.5_str0.3,00000,sd15,fp16,123,40,6.5,0.3,R50_TF,/media/SSD_4TB/crispy_storage/comparative_images_img2img/00000_sd15_fp16_seed123_s40_g6.5_str0.3.png,fake,0.6111,0.167
sd15_fp16_s40_g6.5_str0.3,00000,sd15,fp16,123,40,6.5,0.3,NPR,/media/SSD_4TB/crispy_storage/comparative_images_img2img/00000_sd15_fp16_seed123_s40_g6.5_str0.3.png,real,0.0030320945661514997,0.09424948692321777
sd15_fp8_s40_g6.5_str0.6,00000,sd15,fp8,123,40,6.5,0.6,CLIP-D,/media/SSD_4TB/crispy_storage/comparative_images_img2img/00000_sd15_fp8_seed123_s40_g6.5_str0.6.png,fake,0.942135214805603,0.06460762023925781
sd15_fp8_s40_g6.5_str0.6,00000,sd15,fp8,123,40,6.5,0.6,R50_TF,/media/SSD_4TB/crispy_storage/comparative_images_img2img/00000_sd15_fp8_seed123_s40_g6.5_str0.6.png,fake,0.5718,0.171
sd15_fp8_s40_g6.5_str0.6,00000,sd15,fp8,123,40,6.5,0.6,NPR,/media/SSD_4TB/crispy_storage/comparative_images_img2img/00000_sd15_fp8_seed123_s40_g6.5_str0.6.png,real,0.00019436227739788592,0.08951902389526367
sd15_fp16_s50_g6.5_str0.6,00001,sd15,fp16,124,50,6.5,0.6,CLIP-D,/media/SSD_4TB/crispy_storage/comparative_images_img2img/00001_sd15_fp16_seed124_s50_g6.5_str0.6.png,fake,0.9802609086036682,0.06146717071533203
sd15_fp16_s50_g6.5_str0.6,00001,sd15,fp16,124,50,6.5,0.6,R50_TF,/media/SSD_4TB/crispy_storage/comparative_images_img2img/00001_sd15_fp16_seed124_s50_g6.5_str0.6.png,real,0.37,0.171
sd15_fp16_s50_g6.5_str0.6,00001,sd15,fp16,124,50,6.5,0.6,NPR,/media/SSD_4TB/crispy_storage/comparative_images_img2img/00001_sd15_fp16_seed124_s50_g6.5_str0.6.png,fake,0.9993200302124023,0.09387874603271484
sd15_fp16_s50_g6.5_str0.45,00001,sd15,fp16,124,50,6.5,0.45,CLIP-D,/media/SSD_4TB/crispy_storage/comparative_images_img2img/00001_sd15_fp16_seed124_s50_g6.5_str0.45.png,fake,0.9293261170387268,0.06144833564758301
sd15_fp16_s50_g6.5_str0.45,00001,sd15,fp16,124,50,6.5,0.45,R50_TF,/media/SSD_4TB/crispy_storage/comparative_images_img2img/00001_sd15_fp16_seed124_s50_g6.5_str0.45.png,real,0.3923,0.171
sd15_fp16_s50_g6.5_str0.45,00001,sd15,fp16,124,50,6.5,0.45,NPR,/media/SSD_4TB/crispy_storage/comparative_images_img2img/00001_sd15_fp16_seed124_s50_g6.5_str0.45.png,fake,0.9983958601951599,0.09481382369995117
sd15_fp8_s30_g5.0_str0.6,00001,sd15,fp8,124,30,5.0,0.6,CLIP-D,/media/SSD_4TB/crispy_storage/comparative_images_img2img/00001_sd15_fp8_seed124_s30_g5.0_str0.6.png,fake,0.9762735366821289,0.06209278106689453
sd15_fp8_s30_g5.0_str0.6,00001,sd15,fp8,124,30,5.0,0.6,R50_TF,/media/SSD_4TB/crispy_storage/comparative_images_img2img/00001_sd15_fp8_seed124_s30_g5.0_str0.6.png,real,0.359,0.168
sd15_fp8_s30_g5.0_str0.6,00001,sd15,fp8,124,30,5.0,0.6,NPR,/media/SSD_4TB/crispy_storage/comparative_images_img2img/00001_sd15_fp8_seed124_s30_g5.0_str0.6.png,fake,0.9972248077392578,0.09011101722717285
sd15_fp16_s50_g5.0_str0.45,00001,sd15,fp16,124,50,5.0,0.45,CLIP-D,/media/SSD_4TB/crispy_storage/comparative_images_img2img/00001_sd15_fp16_seed124_s50_g5.0_str0.45.png,fake,0.9358114004135132,0.06361556053161621
sd15_fp16_s50_g5.0_str0.45,00001,sd15,fp16,124,50,5.0,0.45,R50_TF,/media/SSD_4TB/crispy_storage/comparative_images_img2img/00001_sd15_fp16_seed124_s50_g5.0_str0.45.png,real,0.3872,0.171
sd15_fp16_s50_g5.0_str0.45,00001,sd15,fp16,124,50,5.0,0.45,NPR,/media/SSD_4TB/crispy_storage/comparative_images_img2img/00001_sd15_fp16_seed124_s50_g5.0_str0.45.png,fake,0.9996016621589661,0.09552931785583496
sd15_fp16_s30_g6.5_str0.45,00001,sd15,fp16,124,30,6.5,0.45,CLIP-D,/media/SSD_4TB/crispy_storage/comparative_images_img2img/00001_sd15_fp16_seed124_s30_g6.5_str0.45.png,fake,0.93789142370224,0.06247901916503906
sd15_fp16_s30_g6.5_str0.45,00001,sd15,fp16,124,30,6.5,0.45,R50_TF,/media/SSD_4TB/crispy_storage/comparative_images_img2img/00001_sd15_fp16_seed124_s30_g6.5_str0.45.png,real,0.3728,0.169
sd15_fp16_s30_g6.5_str0.45,00001,sd15,fp16,124,30,6.5,0.45,NPR,/media/SSD_4TB/crispy_storage/comparative_images_img2img/00001_sd15_fp16_seed124_s30_g6.5_str0.45.png,fake,0.9977352619171143,0.08831787109375
sd3_fp16_s40_g5.0_str0.45,00001,sd3,fp16,124,40,5.0,0.45,CLIP-D,/media/SSD_4TB/crispy_storage/comparative_images_img2img/00001_sd3_fp16_seed124_s40_g5.0_str0.45.png,real,0.0007111727027222514,0.061406612396240234
sd3_fp16_s40_g5.0_str0.45,00001,sd3,fp16,124,40,5.0,0.45,R50_TF,/media/SSD_4TB/crispy_storage/comparative_images_img2img/00001_sd3_fp16_seed124_s40_g5.0_str0.45.png,real,0.3664,0.167
sd3_fp16_s40_g5.0_str0.45,00001,sd3,fp16,124,40,5.0,0.45,NPR,/media/SSD_4TB/crispy_storage/comparative_images_img2img/00001_sd3_fp16_seed124_s40_g5.0_str0.45.png,fake,0.9803907871246338,0.09154033660888672
sd15_fp8_s50_g5.0_str0.45,00001,sd15,fp8,124,50,5.0,0.45,CLIP-D,/media/SSD_4TB/crispy_storage/comparative_images_img2img/00001_sd15_fp8_seed124_s50_g5.0_str0.45.png,fake,0.9293839931488037,0.06930232048034668
sd15_fp8_s50_g5.0_str0.45,00001,sd15,fp8,124,50,5.0,0.45,R50_TF,/media/SSD_4TB/crispy_storage/comparative_images_img2img/00001_sd15_fp8_seed124_s50_g5.0_str0.45.png,real,0.3861,0.17
sd15_fp8_s50_g5.0_str0.45,00001,sd15,fp8,124,50,5.0,0.45,NPR,/media/SSD_4TB/crispy_storage/comparative_images_img2img/00001_sd15_fp8_seed124_s50_g5.0_str0.45.png,fake,0.9992290735244751,0.09076237678527832
sd15_fp4_s50_g3.5_str0.3,00001,sd15,fp4,124,50,3.5,0.3,CLIP-D,/media/SSD_4TB/crispy_storage/comparative_images_img2img/00001_sd15_fp4_seed124_s50_g3.5_str0.3.png,fake,0.8545929789543152,0.06265830993652344
sd15_fp4_s50_g3.5_str0.3,00001,sd15,fp4,124,50,3.5,0.3,R50_TF,/media/SSD_4TB/crispy_storage/comparative_images_img2img/00001_sd15_fp4_seed124_s50_g3.5_str0.3.png,real,0.3689,0.17
sd15_fp4_s50_g3.5_str0.3,00001,sd15,fp4,124,50,3.5,0.3,NPR,/media/SSD_4TB/crispy_storage/comparative_images_img2img/00001_sd15_fp4_seed124_s50_g3.5_str0.3.png,fake,0.9961018562316895,0.09192204475402832
sd3_fp8_s30_g3.5_str0.3,00001,sd3,fp8,124,30,3.5,0.3,CLIP-D,/media/SSD_4TB/crispy_storage/comparative_images_img2img/00001_sd3_fp8_seed124_s30_g3.5_str0.3.png,real,0.0030753272585570812,0.07098937034606934
sd3_fp8_s30_g3.5_str0.3,00001,sd3,fp8,124,30,3.5,0.3,R50_TF,/media/SSD_4TB/crispy_storage/comparative_images_img2img/00001_sd3_fp8_seed124_s30_g3.5_str0.3.png,real,0.3799,0.165
sd3_fp8_s30_g3.5_str0.3,00001,sd3,fp8,124,30,3.5,0.3,NPR,/media/SSD_4TB/crispy_storage/comparative_images_img2img/00001_sd3_fp8_seed124_s30_g3.5_str0.3.png,fake,0.980684757232666,0.09032320976257324
sd15_fp4_s50_g5.0_str0.45,00000,sd15,fp4,123,50,5.0,0.45,CLIP-D,/media/SSD_4TB/crispy_storage/comparative_images_img2img/00000_sd15_fp4_seed123_s50_g5.0_str0.45.png,fake,0.8004701137542725,0.0632927417755127
sd15_fp4_s50_g5.0_str0.45,00000,sd15,fp4,123,50,5.0,0.45,R50_TF,/media/SSD_4TB/crispy_storage/comparative_images_img2img/00000_sd15_fp4_seed123_s50_g5.0_str0.45.png,fake,0.6048,0.182
sd15_fp4_s50_g5.0_str0.45,00000,sd15,fp4,123,50,5.0,0.45,NPR,/media/SSD_4TB/crispy_storage/comparative_images_img2img/00000_sd15_fp4_seed123_s50_g5.0_str0.45.png,real,0.009711355902254581,0.08764505386352539
sd15_fp4_s30_g5.0_str0.6,00000,sd15,fp4,123,30,5.0,0.6,CLIP-D,/media/SSD_4TB/crispy_storage/comparative_images_img2img/00000_sd15_fp4_seed123_s30_g5.0_str0.6.png,fake,0.9966564178466797,0.06174659729003906
sd15_fp4_s30_g5.0_str0.6,00000,sd15,fp4,123,30,5.0,0.6,R50_TF,/media/SSD_4TB/crispy_storage/comparative_images_img2img/00000_sd15_fp4_seed123_s30_g5.0_str0.6.png,fake,0.5905,0.177
sd15_fp4_s30_g5.0_str0.6,00000,sd15,fp4,123,30,5.0,0.6,NPR,/media/SSD_4TB/crispy_storage/comparative_images_img2img/00000_sd15_fp4_seed123_s30_g5.0_str0.6.png,real,0.3526381850242615,0.08743095397949219
sd3_fp16_s40_g3.5_str0.45,00000,sd3,fp16,123,40,3.5,0.45,CLIP-D,/media/SSD_4TB/crispy_storage/comparative_images_img2img/00000_sd3_fp16_seed123_s40_g3.5_str0.45.png,fake,0.762579083442688,0.061541080474853516
sd3_fp16_s40_g3.5_str0.45,00000,sd3,fp16,123,40,3.5,0.45,R50_TF,/media/SSD_4TB/crispy_storage/comparative_images_img2img/00000_sd3_fp16_seed123_s40_g3.5_str0.45.png,real,0.42,0.186
sd3_fp16_s40_g3.5_str0.45,00000,sd3,fp16,123,40,3.5,0.45,NPR,/media/SSD_4TB/crispy_storage/comparative_images_img2img/00000_sd3_fp16_seed123_s40_g3.5_str0.45.png,real,1.4537232095185315e-12,0.08849287033081055
sd15_fp16_s40_g3.5_str0.45,00000,sd15,fp16,123,40,3.5,0.45,CLIP-D,/media/SSD_4TB/crispy_storage/comparative_images_img2img/00000_sd15_fp16_seed123_s40_g3.5_str0.45.png,fake,0.9750301837921143,0.06535696983337402
sd15_fp16_s40_g3.5_str0.45,00000,sd15,fp16,123,40,3.5,0.45,R50_TF,/media/SSD_4TB/crispy_storage/comparative_images_img2img/00000_sd15_fp16_seed123_s40_g3.5_str0.45.png,fake,0.5509,0.17
sd15_fp16_s40_g3.5_str0.45,00000,sd15,fp16,123,40,3.5,0.45,NPR,/media/SSD_4TB/crispy_storage/comparative_images_img2img/00000_sd15_fp16_seed123_s40_g3.5_str0.45.png,real,0.09851519018411636,0.09323763847351074
sd15_fp4_s30_g5.0_str0.45,00001,sd15,fp4,124,30,5.0,0.45,CLIP-D,/media/SSD_4TB/crispy_storage/comparative_images_img2img/00001_sd15_fp4_seed124_s30_g5.0_str0.45.png,fake,0.9498639106750488,0.061936140060424805
sd15_fp4_s30_g5.0_str0.45,00001,sd15,fp4,124,30,5.0,0.45,R50_TF,/media/SSD_4TB/crispy_storage/comparative_images_img2img/00001_sd15_fp4_seed124_s30_g5.0_str0.45.png,real,0.3664,0.175
sd15_fp4_s30_g5.0_str0.45,00001,sd15,fp4,124,30,5.0,0.45,NPR,/media/SSD_4TB/crispy_storage/comparative_images_img2img/00001_sd15_fp4_seed124_s30_g5.0_str0.45.png,fake,0.9868069291114807,0.09158611297607422
sd15_fp8_s50_g5.0_str0.45,00000,sd15,fp8,123,50,5.0,0.45,CLIP-D,/media/SSD_4TB/crispy_storage/comparative_images_img2img/00000_sd15_fp8_seed123_s50_g5.0_str0.45.png,fake,0.6639013886451721,0.06396126747131348
sd15_fp8_s50_g5.0_str0.45,00000,sd15,fp8,123,50,5.0,0.45,R50_TF,/media/SSD_4TB/crispy_storage/comparative_images_img2img/00000_sd15_fp8_seed123_s50_g5.0_str0.45.png,fake,0.5703,0.175
sd15_fp8_s50_g5.0_str0.45,00000,sd15,fp8,123,50,5.0,0.45,NPR,/media/SSD_4TB/crispy_storage/comparative_images_img2img/00000_sd15_fp8_seed123_s50_g5.0_str0.45.png,real,0.2643088698387146,0.0899970531463623
sd15_fp16_s50_g5.0_str0.6,00001,sd15,fp16,124,50,5.0,0.6,CLIP-D,/media/SSD_4TB/crispy_storage/comparative_images_img2img/00001_sd15_fp16_seed124_s50_g5.0_str0.6.png,fake,0.9685399532318115,0.06418395042419434
sd15_fp16_s50_g5.0_str0.6,00001,sd15,fp16,124,50,5.0,0.6,R50_TF,/media/SSD_4TB/crispy_storage/comparative_images_img2img/00001_sd15_fp16_seed124_s50_g5.0_str0.6.png,real,0.368,0.18
sd15_fp16_s50_g5.0_str0.6,00001,sd15,fp16,124,50,5.0,0.6,NPR,/media/SSD_4TB/crispy_storage/comparative_images_img2img/00001_sd15_fp16_seed124_s50_g5.0_str0.6.png,fake,0.9978858828544617,0.08909916877746582
sd15_fp8_s40_g6.5_str0.3,00001,sd15,fp8,124,40,6.5,0.3,CLIP-D,/media/SSD_4TB/crispy_storage/comparative_images_img2img/00001_sd15_fp8_seed124_s40_g6.5_str0.3.png,fake,0.9112226366996765,0.06682658195495605
sd15_fp8_s40_g6.5_str0.3,00001,sd15,fp8,124,40,6.5,0.3,R50_TF,/media/SSD_4TB/crispy_storage/comparative_images_img2img/00001_sd15_fp8_seed124_s40_g6.5_str0.3.png,real,0.3786,0.166
sd15_fp8_s40_g6.5_str0.3,00001,sd15,fp8,124,40,6.5,0.3,NPR,/media/SSD_4TB/crispy_storage/comparative_images_img2img/00001_sd15_fp8_seed124_s40_g6.5_str0.3.png,fake,0.9781252145767212,0.09892940521240234
sd15_fp16_s30_g5.0_str0.6,00001,sd15,fp16,124,30,5.0,0.6,CLIP-D,/media/SSD_4TB/crispy_storage/comparative_images_img2img/00001_sd15_fp16_seed124_s30_g5.0_str0.6.png,fake,0.9787276387214661,0.06352472305297852
sd15_fp16_s30_g5.0_str0.6,00001,sd15,fp16,124,30,5.0,0.6,R50_TF,/media/SSD_4TB/crispy_storage/comparative_images_img2img/00001_sd15_fp16_seed124_s30_g5.0_str0.6.png,real,0.3608,0.169
sd15_fp16_s30_g5.0_str0.6,00001,sd15,fp16,124,30,5.0,0.6,NPR,/media/SSD_4TB/crispy_storage/comparative_images_img2img/00001_sd15_fp16_seed124_s30_g5.0_str0.6.png,fake,0.9983007311820984,0.09312176704406738
sd3_fp8_s30_g3.5_str0.45,00001,sd3,fp8,124,30,3.5,0.45,CLIP-D,/media/SSD_4TB/crispy_storage/comparative_images_img2img/00001_sd3_fp8_seed124_s30_g3.5_str0.45.png,real,0.0016311085782945156,0.06225252151489258
sd3_fp8_s30_g3.5_str0.45,00001,sd3,fp8,124,30,3.5,0.45,R50_TF,/media/SSD_4TB/crispy_storage/comparative_images_img2img/00001_sd3_fp8_seed124_s30_g3.5_str0.45.png,real,0.3712,0.167
sd3_fp8_s30_g3.5_str0.45,00001,sd3,fp8,124,30,3.5,0.45,NPR,/media/SSD_4TB/crispy_storage/comparative_images_img2img/00001_sd3_fp8_seed124_s30_g3.5_str0.45.png,fake,0.9479078054428101,0.10237264633178711
sd3_fp8_s40_g3.5_str0.3,00000,sd3,fp8,123,40,3.5,0.3,CLIP-D,/media/SSD_4TB/crispy_storage/comparative_images_img2img/00000_sd3_fp8_seed123_s40_g3.5_str0.3.png,fake,0.9490694999694824,0.06226062774658203
sd3_fp8_s40_g3.5_str0.3,00000,sd3,fp8,123,40,3.5,0.3,R50_TF,/media/SSD_4TB/crispy_storage/comparative_images_img2img/00000_sd3_fp8_seed123_s40_g3.5_str0.3.png,real,0.4359,0.176
sd3_fp8_s40_g3.5_str0.3,00000,sd3,fp8,123,40,3.5,0.3,NPR,/media/SSD_4TB/crispy_storage/comparative_images_img2img/00000_sd3_fp8_seed123_s40_g3.5_str0.3.png,real,1.229640376507028e-16,0.08852624893188477
sd3_fp8_s30_g3.5_str0.6,00001,sd3,fp8,124,30,3.5,0.6,CLIP-D,/media/SSD_4TB/crispy_storage/comparative_images_img2img/00001_sd3_fp8_seed124_s30_g3.5_str0.6.png,real,0.2065458744764328,0.06767773628234863
sd3_fp8_s30_g3.5_str0.6,00001,sd3,fp8,124,30,3.5,0.6,R50_TF,/media/SSD_4TB/crispy_storage/comparative_images_img2img/00001_sd3_fp8_seed124_s30_g3.5_str0.6.png,real,0.3863,0.173
sd3_fp8_s30_g3.5_str0.6,00001,sd3,fp8,124,30,3.5,0.6,NPR,/media/SSD_4TB/crispy_storage/comparative_images_img2img/00001_sd3_fp8_seed124_s30_g3.5_str0.6.png,fake,0.5064239501953125,0.09656167030334473
sd15_fp8_s40_g6.5_str0.3,00000,sd15,fp8,123,40,6.5,0.3,CLIP-D,/media/SSD_4TB/crispy_storage/comparative_images_img2img/00000_sd15_fp8_seed123_s40_g6.5_str0.3.png,real,0.2332398146390915,0.06825518608093262
sd15_fp8_s40_g6.5_str0.3,00000,sd15,fp8,123,40,6.5,0.3,R50_TF,/media/SSD_4TB/crispy_storage/comparative_images_img2img/00000_sd15_fp8_seed123_s40_g6.5_str0.3.png,fake,0.6083,0.172
sd15_fp8_s40_g6.5_str0.3,00000,sd15,fp8,123,40,6.5,0.3,NPR,/media/SSD_4TB/crispy_storage/comparative_images_img2img/00000_sd15_fp8_seed123_s40_g6.5_str0.3.png,real,0.0022480974439531565,0.09260916709899902
sd15_fp8_s30_g6.5_str0.6,00001,sd15,fp8,124,30,6.5,0.6,CLIP-D,/media/SSD_4TB/crispy_storage/comparative_images_img2img/00001_sd15_fp8_seed124_s30_g6.5_str0.6.png,fake,0.9880401492118835,0.06471037864685059
sd15_fp8_s30_g6.5_str0.6,00001,sd15,fp8,124,30,6.5,0.6,R50_TF,/media/SSD_4TB/crispy_storage/comparative_images_img2img/00001_sd15_fp8_seed124_s30_g6.5_str0.6.png,real,0.3583,0.168
sd15_fp8_s30_g6.5_str0.6,00001,sd15,fp8,124,30,6.5,0.6,NPR,/media/SSD_4TB/crispy_storage/comparative_images_img2img/00001_sd15_fp8_seed124_s30_g6.5_str0.6.png,fake,0.998205304145813,0.09080290794372559
sd15_fp16_s50_g3.5_str0.3,00001,sd15,fp16,124,50,3.5,0.3,CLIP-D,/media/SSD_4TB/crispy_storage/comparative_images_img2img/00001_sd15_fp16_seed124_s50_g3.5_str0.3.png,fake,0.7900919914245605,0.06503462791442871
sd15_fp16_s50_g3.5_str0.3,00001,sd15,fp16,124,50,3.5,0.3,R50_TF,/media/SSD_4TB/crispy_storage/comparative_images_img2img/00001_sd15_fp16_seed124_s50_g3.5_str0.3.png,real,0.3622,0.17
sd15_fp4_s40_g5.0_str0.3,00000,sd15,fp4,123,40,5.0,0.3,CLIP-D,/media/SSD_4TB/crispy_storage/comparative_images_img2img/00000_sd15_fp4_seed123_s40_g5.0_str0.3.png,real,0.2644536793231964,0.061865806579589844
sd15_fp4_s40_g5.0_str0.3,00000,sd15,fp4,123,40,5.0,0.3,R50_TF,/media/SSD_4TB/crispy_storage/comparative_images_img2img/00000_sd15_fp4_seed123_s40_g5.0_str0.3.png,fake,0.6077,0.178
sd15_fp4_s40_g5.0_str0.3,00000,sd15,fp4,123,40,5.0,0.3,NPR,/media/SSD_4TB/crispy_storage/comparative_images_img2img/00000_sd15_fp4_seed123_s40_g5.0_str0.3.png,real,0.0006911316886544228,0.10849881172180176
sd15_fp8_s30_g5.0_str0.3,00001,sd15,fp8,124,30,5.0,0.3,CLIP-D,/media/SSD_4TB/crispy_storage/comparative_images_img2img/00001_sd15_fp8_seed124_s30_g5.0_str0.3.png,fake,0.9204809665679932,0.0641934871673584
sd15_fp8_s30_g5.0_str0.3,00001,sd15,fp8,124,30,5.0,0.3,R50_TF,/media/SSD_4TB/crispy_storage/comparative_images_img2img/00001_sd15_fp8_seed124_s30_g5.0_str0.3.png,real,0.3731,0.172
sd15_fp8_s30_g5.0_str0.3,00001,sd15,fp8,124,30,5.0,0.3,NPR,/media/SSD_4TB/crispy_storage/comparative_images_img2img/00001_sd15_fp8_seed124_s30_g5.0_str0.3.png,fake,0.9899052977561951,0.09470558166503906
sd15_fp4_s30_g3.5_str0.3,00000,sd15,fp4,123,30,3.5,0.3,CLIP-D,/media/SSD_4TB/crispy_storage/comparative_images_img2img/00000_sd15_fp4_seed123_s30_g3.5_str0.3.png,real,0.29632025957107544,0.0628206729888916
sd15_fp4_s30_g3.5_str0.3,00000,sd15,fp4,123,30,3.5,0.3,R50_TF,/media/SSD_4TB/crispy_storage/comparative_images_img2img/00000_sd15_fp4_seed123_s30_g3.5_str0.3.png,fake,0.5962,0.18
sd15_fp4_s30_g3.5_str0.3,00000,sd15,fp4,123,30,3.5,0.3,NPR,/media/SSD_4TB/crispy_storage/comparative_images_img2img/00000_sd15_fp4_seed123_s30_g3.5_str0.3.png,real,0.02289906144142151,0.08976340293884277
sd15_fp8_s50_g3.5_str0.6,00001,sd15,fp8,124,50,3.5,0.6,CLIP-D,/media/SSD_4TB/crispy_storage/comparative_images_img2img/00001_sd15_fp8_seed124_s50_g3.5_str0.6.png,fake,0.9737551212310791,0.06328749656677246
sd15_fp8_s50_g3.5_str0.6,00001,sd15,fp8,124,50,3.5,0.6,R50_TF,/media/SSD_4TB/crispy_storage/comparative_images_img2img/00001_sd15_fp8_seed124_s50_g3.5_str0.6.png,real,0.3596,0.178
sd15_fp8_s50_g3.5_str0.6,00001,sd15,fp8,124,50,3.5,0.6,NPR,/media/SSD_4TB/crispy_storage/comparative_images_img2img/00001_sd15_fp8_seed124_s50_g3.5_str0.6.png,fake,0.9989238381385803,0.09319257736206055
sd15_fp16_s40_g3.5_str0.45,00001,sd15,fp16,124,40,3.5,0.45,CLIP-D,/media/SSD_4TB/crispy_storage/comparative_images_img2img/00001_sd15_fp16_seed124_s40_g3.5_str0.45.png,fake,0.9315100908279419,0.06143450736999512
sd15_fp16_s40_g3.5_str0.45,00001,sd15,fp16,124,40,3.5,0.45,R50_TF,/media/SSD_4TB/crispy_storage/comparative_images_img2img/00001_sd15_fp16_seed124_s40_g3.5_str0.45.png,real,0.3787,0.167
sd15_fp16_s40_g3.5_str0.45,00001,sd15,fp16,124,40,3.5,0.45,NPR,/media/SSD_4TB/crispy_storage/comparative_images_img2img/00001_sd15_fp16_seed124_s40_g3.5_str0.45.png,fake,0.9932131767272949,0.08887028694152832
sd15_fp4_s40_g3.5_str0.45,00000,sd15,fp4,123,40,3.5,0.45,CLIP-D,/media/SSD_4TB/crispy_storage/comparative_images_img2img/00000_sd15_fp4_seed123_s40_g3.5_str0.45.png,fake,0.8711693286895752,0.06454133987426758
sd15_fp4_s40_g3.5_str0.45,00000,sd15,fp4,123,40,3.5,0.45,R50_TF,/media/SSD_4TB/crispy_storage/comparative_images_img2img/00000_sd15_fp4_seed123_s40_g3.5_str0.45.png,fake,0.5745,0.169
sd15_fp4_s40_g3.5_str0.45,00000,sd15,fp4,123,40,3.5,0.45,NPR,/media/SSD_4TB/crispy_storage/comparative_images_img2img/00000_sd15_fp4_seed123_s40_g3.5_str0.45.png,real,0.29216137528419495,0.09460067749023438
sd3_fp16_s40_g6.5_str0.45,00001,sd3,fp16,124,40,6.5,0.45,CLIP-D,/media/SSD_4TB/crispy_storage/comparative_images_img2img/00001_sd3_fp16_seed124_s40_g6.5_str0.45.png,real,0.0015640968922525644,0.061367034912109375
sd3_fp16_s40_g6.5_str0.45,00001,sd3,fp16,124,40,6.5,0.45,R50_TF,/media/SSD_4TB/crispy_storage/comparative_images_img2img/00001_sd3_fp16_seed124_s40_g6.5_str0.45.png,real,0.3594,0.167
sd3_fp16_s40_g6.5_str0.45,00001,sd3,fp16,124,40,6.5,0.45,NPR,/media/SSD_4TB/crispy_storage/comparative_images_img2img/00001_sd3_fp16_seed124_s40_g6.5_str0.45.png,fake,0.9972972273826599,0.09366440773010254
sd15_fp4_s30_g6.5_str0.3,00000,sd15,fp4,123,30,6.5,0.3,CLIP-D,/media/SSD_4TB/crispy_storage/comparative_images_img2img/00000_sd15_fp4_seed123_s30_g6.5_str0.3.png,real,0.3010060489177704,0.06473088264465332
sd15_fp4_s30_g6.5_str0.3,00000,sd15,fp4,123,30,6.5,0.3,R50_TF,/media/SSD_4TB/crispy_storage/comparative_images_img2img/00000_sd15_fp4_seed123_s30_g6.5_str0.3.png,fake,0.603,0.171
sd15_fp4_s30_g6.5_str0.3,00000,sd15,fp4,123,30,6.5,0.3,NPR,/media/SSD_4TB/crispy_storage/comparative_images_img2img/00000_sd15_fp4_seed123_s30_g6.5_str0.3.png,real,0.0073344167321920395,0.09440469741821289
sd3_fp16_s40_g6.5_str0.45,00000,sd3,fp16,123,40,6.5,0.45,CLIP-D,/media/SSD_4TB/crispy_storage/comparative_images_img2img/00000_sd3_fp16_seed123_s40_g6.5_str0.45.png,fake,0.6445336937904358,0.06190919876098633
sd3_fp16_s40_g6.5_str0.45,00000,sd3,fp16,123,40,6.5,0.45,R50_TF,/media/SSD_4TB/crispy_storage/comparative_images_img2img/00000_sd3_fp16_seed123_s40_g6.5_str0.45.png,real,0.4262,0.18
sd3_fp16_s40_g6.5_str0.45,00000,sd3,fp16,123,40,6.5,0.45,NPR,/media/SSD_4TB/crispy_storage/comparative_images_img2img/00000_sd3_fp16_seed123_s40_g6.5_str0.45.png,real,2.637276248079745e-13,0.09475231170654297
sd15_fp16_s50_g5.0_str0.3,00001,sd15,fp16,124,50,5.0,0.3,CLIP-D,/media/SSD_4TB/crispy_storage/comparative_images_img2img/00001_sd15_fp16_seed124_s50_g5.0_str0.3.png,fake,0.8346058130264282,0.0625617504119873
sd15_fp16_s50_g5.0_str0.3,00001,sd15,fp16,124,50,5.0,0.3,R50_TF,/media/SSD_4TB/crispy_storage/comparative_images_img2img/00001_sd15_fp16_seed124_s50_g5.0_str0.3.png,real,0.3729,0.171
sd15_fp16_s50_g5.0_str0.3,00001,sd15,fp16,124,50,5.0,0.3,NPR,/media/SSD_4TB/crispy_storage/comparative_images_img2img/00001_sd15_fp16_seed124_s50_g5.0_str0.3.png,fake,0.9886950850486755,0.08985495567321777
sd15_fp16_s40_g5.0_str0.6,00001,sd15,fp16,124,40,5.0,0.6,CLIP-D,/media/SSD_4TB/crispy_storage/comparative_images_img2img/00001_sd15_fp16_seed124_s40_g5.0_str0.6.png,fake,0.9665653705596924,0.06459856033325195
sd15_fp16_s40_g5.0_str0.6,00001,sd15,fp16,124,40,5.0,0.6,R50_TF,/media/SSD_4TB/crispy_storage/comparative_images_img2img/00001_sd15_fp16_seed124_s40_g5.0_str0.6.png,real,0.3658,0.172
sd15_fp16_s40_g5.0_str0.6,00001,sd15,fp16,124,40,5.0,0.6,NPR,/media/SSD_4TB/crispy_storage/comparative_images_img2img/00001_sd15_fp16_seed124_s40_g5.0_str0.6.png,fake,0.9981671571731567,0.10079336166381836
sd15_fp4_s50_g6.5_str0.45,00001,sd15,fp4,124,50,6.5,0.45,CLIP-D,/media/SSD_4TB/crispy_storage/comparative_images_img2img/00001_sd15_fp4_seed124_s50_g6.5_str0.45.png,fake,0.9411518573760986,0.0636296272277832
sd15_fp4_s50_g6.5_str0.45,00001,sd15,fp4,124,50,6.5,0.45,R50_TF,/media/SSD_4TB/crispy_storage/comparative_images_img2img/00001_sd15_fp4_seed124_s50_g6.5_str0.45.png,real,0.3783,0.165
sd15_fp4_s50_g6.5_str0.45,00001,sd15,fp4,124,50,6.5,0.45,NPR,/media/SSD_4TB/crispy_storage/comparative_images_img2img/00001_sd15_fp4_seed124_s50_g6.5_str0.45.png,fake,0.9951240420341492,0.09461021423339844
sd15_fp4_s50_g5.0_str0.45,00001,sd15,fp4,124,50,5.0,0.45,CLIP-D,/media/SSD_4TB/crispy_storage/comparative_images_img2img/00001_sd15_fp4_seed124_s50_g5.0_str0.45.png,fake,0.9315378069877625,0.06393051147460938
sd15_fp4_s50_g5.0_str0.45,00001,sd15,fp4,124,50,5.0,0.45,R50_TF,/media/SSD_4TB/crispy_storage/comparative_images_img2img/00001_sd15_fp4_seed124_s50_g5.0_str0.45.png,real,0.375,0.166
sd15_fp4_s50_g5.0_str0.45,00001,sd15,fp4,124,50,5.0,0.45,NPR,/media/SSD_4TB/crispy_storage/comparative_images_img2img/00001_sd15_fp4_seed124_s50_g5.0_str0.45.png,fake,0.9950026869773865,0.09231090545654297
sd15_fp8_s50_g6.5_str0.45,00000,sd15,fp8,123,50,6.5,0.45,CLIP-D,/media/SSD_4TB/crispy_storage/comparative_images_img2img/00000_sd15_fp8_seed123_s50_g6.5_str0.45.png,fake,0.7394965291023254,0.06403946876525879
sd15_fp8_s50_g6.5_str0.45,00000,sd15,fp8,123,50,6.5,0.45,R50_TF,/media/SSD_4TB/crispy_storage/comparative_images_img2img/00000_sd15_fp8_seed123_s50_g6.5_str0.45.png,fake,0.5911,0.173
sd15_fp8_s50_g6.5_str0.45,00000,sd15,fp8,123,50,6.5,0.45,NPR,/media/SSD_4TB/crispy_storage/comparative_images_img2img/00000_sd15_fp8_seed123_s50_g6.5_str0.45.png,fake,0.5987776517868042,0.08972978591918945
sd15_fp4_s30_g6.5_str0.45,00001,sd15,fp4,124,30,6.5,0.45,R50_TF,/media/SSD_4TB/crispy_storage/comparative_images_img2img/00001_sd15_fp4_seed124_s30_g6.5_str0.45.png,real,0.3737,0.169
sd15_fp4_s30_g6.5_str0.45,00001,sd15,fp4,124,30,6.5,0.45,NPR,/media/SSD_4TB/crispy_storage/comparative_images_img2img/00001_sd15_fp4_seed124_s30_g6.5_str0.45.png,fake,0.9951567053794861,0.09219121932983398
sd15_fp8_s30_g3.5_str0.45,00000,sd15,fp8,123,30,3.5,0.45,CLIP-D,/media/SSD_4TB/crispy_storage/comparative_images_img2img/00000_sd15_fp8_seed123_s30_g3.5_str0.45.png,fake,0.8935507535934448,0.0646522045135498
sd15_fp8_s30_g3.5_str0.45,00000,sd15,fp8,123,30,3.5,0.45,R50_TF,/media/SSD_4TB/crispy_storage/comparative_images_img2img/00000_sd15_fp8_seed123_s30_g3.5_str0.45.png,fake,0.5538,0.17
sd15_fp8_s30_g3.5_str0.45,00000,sd15,fp8,123,30,3.5,0.45,NPR,/media/SSD_4TB/crispy_storage/comparative_images_img2img/00000_sd15_fp8_seed123_s30_g3.5_str0.45.png,real,0.05426892265677452,0.08977437019348145
sd3_fp16_s50_g5.0_str0.3,00001,sd3,fp16,124,50,5.0,0.3,CLIP-D,/media/SSD_4TB/crispy_storage/comparative_images_img2img/00001_sd3_fp16_seed124_s50_g5.0_str0.3.png,real,0.005072339903563261,0.06170845031738281
sd3_fp16_s50_g5.0_str0.3,00001,sd3,fp16,124,50,5.0,0.3,R50_TF,/media/SSD_4TB/crispy_storage/comparative_images_img2img/00001_sd3_fp16_seed124_s50_g5.0_str0.3.png,real,0.3553,0.171
sd3_fp16_s50_g5.0_str0.3,00001,sd3,fp16,124,50,5.0,0.3,NPR,/media/SSD_4TB/crispy_storage/comparative_images_img2img/00001_sd3_fp16_seed124_s50_g5.0_str0.3.png,fake,0.9971713423728943,0.09083795547485352
sd3_fp16_s40_g5.0_str0.45,00000,sd3,fp16,123,40,5.0,0.45,CLIP-D,/media/SSD_4TB/crispy_storage/comparative_images_img2img/00000_sd3_fp16_seed123_s40_g5.0_str0.45.png,fake,0.7104385495185852,0.062259674072265625
sd3_fp16_s40_g5.0_str0.45,00000,sd3,fp16,123,40,5.0,0.45,R50_TF,/media/SSD_4TB/crispy_storage/comparative_images_img2img/00000_sd3_fp16_seed123_s40_g5.0_str0.45.png,real,0.4199,0.173
sd3_fp16_s40_g5.0_str0.45,00000,sd3,fp16,123,40,5.0,0.45,NPR,/media/SSD_4TB/crispy_storage/comparative_images_img2img/00000_sd3_fp16_seed123_s40_g5.0_str0.45.png,real,3.443785783884684e-13,0.09107708930969238
sd15_fp16_s30_g3.5_str0.3,00001,sd15,fp16,124,30,3.5,0.3,CLIP-D,/media/SSD_4TB/crispy_storage/comparative_images_img2img/00001_sd15_fp16_seed124_s30_g3.5_str0.3.png,fake,0.8195278644561768,0.06466054916381836
sd15_fp16_s30_g3.5_str0.3,00001,sd15,fp16,124,30,3.5,0.3,R50_TF,/media/SSD_4TB/crispy_storage/comparative_images_img2img/00001_sd15_fp16_seed124_s30_g3.5_str0.3.png,real,0.3665,0.178
sd15_fp16_s30_g3.5_str0.3,00001,sd15,fp16,124,30,3.5,0.3,NPR,/media/SSD_4TB/crispy_storage/comparative_images_img2img/00001_sd15_fp16_seed124_s30_g3.5_str0.3.png,fake,0.9729440808296204,0.09542512893676758
sd15_fp16_s40_g5.0_str0.45,00001,sd15,fp16,124,40,5.0,0.45,CLIP-D,/media/SSD_4TB/crispy_storage/comparative_images_img2img/00001_sd15_fp16_seed124_s40_g5.0_str0.45.png,fake,0.9508634805679321,0.06709527969360352
sd15_fp16_s40_g5.0_str0.45,00001,sd15,fp16,124,40,5.0,0.45,R50_TF,/media/SSD_4TB/crispy_storage/comparative_images_img2img/00001_sd15_fp16_seed124_s40_g5.0_str0.45.png,real,0.3785,0.173
sd15_fp16_s40_g5.0_str0.45,00001,sd15,fp16,124,40,5.0,0.45,NPR,/media/SSD_4TB/crispy_storage/comparative_images_img2img/00001_sd15_fp16_seed124_s40_g5.0_str0.45.png,fake,0.999492883682251,0.09442353248596191
sd15_fp16_s40_g5.0_str0.45,00000,sd15,fp16,123,40,5.0,0.45,CLIP-D,/media/SSD_4TB/crispy_storage/comparative_images_img2img/00000_sd15_fp16_seed123_s40_g5.0_str0.45.png,fake,0.8687630891799927,0.06806612014770508
sd15_fp16_s40_g5.0_str0.45,00000,sd15,fp16,123,40,5.0,0.45,R50_TF,/media/SSD_4TB/crispy_storage/comparative_images_img2img/00000_sd15_fp16_seed123_s40_g5.0_str0.45.png,fake,0.5593,0.175
sd15_fp16_s40_g5.0_str0.45,00000,sd15,fp16,123,40,5.0,0.45,NPR,/media/SSD_4TB/crispy_storage/comparative_images_img2img/00000_sd15_fp16_seed123_s40_g5.0_str0.45.png,real,0.2673253118991852,0.09138751029968262
sd3_fp16_s40_g3.5_str0.3,00001,sd3,fp16,124,40,3.5,0.3,CLIP-D,/media/SSD_4TB/crispy_storage/comparative_images_img2img/00001_sd3_fp16_seed124_s40_g3.5_str0.3.png,real,0.0026463393587619066,0.06683778762817383
sd3_fp16_s40_g3.5_str0.3,00001,sd3,fp16,124,40,3.5,0.3,R50_TF,/media/SSD_4TB/crispy_storage/comparative_images_img2img/00001_sd3_fp16_seed124_s40_g3.5_str0.3.png,real,0.3611,0.164
sd3_fp16_s40_g3.5_str0.3,00001,sd3,fp16,124,40,3.5,0.3,NPR,/media/SSD_4TB/crispy_storage/comparative_images_img2img/00001_sd3_fp16_seed124_s40_g3.5_str0.3.png,fake,0.9874309301376343,0.08652424812316895
sd15_fp4_s30_g6.5_str0.6,00001,sd15,fp4,124,30,6.5,0.6,CLIP-D,/media/SSD_4TB/crispy_storage/comparative_images_img2img/00001_sd15_fp4_seed124_s30_g6.5_str0.6.png,fake,0.979462206363678,0.06414318084716797
sd15_fp4_s30_g6.5_str0.6,00001,sd15,fp4,124,30,6.5,0.6,R50_TF,/media/SSD_4TB/crispy_storage/comparative_images_img2img/00001_sd15_fp4_seed124_s30_g6.5_str0.6.png,real,0.348,0.169
sd15_fp4_s30_g6.5_str0.6,00001,sd15,fp4,124,30,6.5,0.6,NPR,/media/SSD_4TB/crispy_storage/comparative_images_img2img/00001_sd15_fp4_seed124_s30_g6.5_str0.6.png,fake,0.8717125058174133,0.08876872062683105
sd3_fp16_s50_g5.0_str0.3,00000,sd3,fp16,123,50,5.0,0.3,CLIP-D,/media/SSD_4TB/crispy_storage/comparative_images_img2img/00000_sd3_fp16_seed123_s50_g5.0_str0.3.png,fake,0.8016860485076904,0.0683743953704834
sd3_fp16_s50_g5.0_str0.3,00000,sd3,fp16,123,50,5.0,0.3,R50_TF,/media/SSD_4TB/crispy_storage/comparative_images_img2img/00000_sd3_fp16_seed123_s50_g5.0_str0.3.png,real,0.428,0.174
sd3_fp16_s50_g5.0_str0.3,00000,sd3,fp16,123,50,5.0,0.3,NPR,/media/SSD_4TB/crispy_storage/comparative_images_img2img/00000_sd3_fp16_seed123_s50_g5.0_str0.3.png,real,2.741510733434826e-14,0.08987641334533691
sd3_fp16_s30_g5.0_str0.45,00001,sd3,fp16,124,30,5.0,0.45,CLIP-D,/media/SSD_4TB/crispy_storage/comparative_images_img2img/00001_sd3_fp16_seed124_s30_g5.0_str0.45.png,real,0.006682483945041895,0.06448101997375488
sd3_fp16_s30_g5.0_str0.45,00001,sd3,fp16,124,30,5.0,0.45,R50_TF,/media/SSD_4TB/crispy_storage/comparative_images_img2img/00001_sd3_fp16_seed124_s30_g5.0_str0.45.png,real,0.3727,0.167
sd3_fp16_s30_g5.0_str0.45,00001,sd3,fp16,124,30,5.0,0.45,NPR,/media/SSD_4TB/crispy_storage/comparative_images_img2img/00001_sd3_fp16_seed124_s30_g5.0_str0.45.png,fake,0.9975715279579163,0.09087657928466797
sd3_fp16_s40_g6.5_str0.3,00000,sd3,fp16,123,40,6.5,0.3,CLIP-D,/media/SSD_4TB/crispy_storage/comparative_images_img2img/00000_sd3_fp16_seed123_s40_g6.5_str0.3.png,fake,0.8885286450386047,0.061064720153808594
sd3_fp16_s40_g6.5_str0.3,00000,sd3,fp16,123,40,6.5,0.3,R50_TF,/media/SSD_4TB/crispy_storage/comparative_images_img2img/00000_sd3_fp16_seed123_s40_g6.5_str0.3.png,real,0.4284,0.179
sd3_fp16_s40_g6.5_str0.3,00000,sd3,fp16,123,40,6.5,0.3,NPR,/media/SSD_4TB/crispy_storage/comparative_images_img2img/00000_sd3_fp16_seed123_s40_g6.5_str0.3.png,real,1.6154081915650798e-15,0.09117007255554199
sd15_fp8_s30_g3.5_str0.3,00000,sd15,fp8,123,30,3.5,0.3,CLIP-D,/media/SSD_4TB/crispy_storage/comparative_images_img2img/00000_sd15_fp8_seed123_s30_g3.5_str0.3.png,real,0.2344730645418167,0.06955599784851074
sd15_fp8_s30_g3.5_str0.3,00000,sd15,fp8,123,30,3.5,0.3,R50_TF,/media/SSD_4TB/crispy_storage/comparative_images_img2img/00000_sd15_fp8_seed123_s30_g3.5_str0.3.png,fake,0.5949,0.171
sd15_fp8_s30_g3.5_str0.3,00000,sd15,fp8,123,30,3.5,0.3,NPR,/media/SSD_4TB/crispy_storage/comparative_images_img2img/00000_sd15_fp8_seed123_s30_g3.5_str0.3.png,real,0.0783102959394455,0.08945631980895996
sd3_fp16_s30_g6.5_str0.45,00000,sd3,fp16,123,30,6.5,0.45,CLIP-D,/media/SSD_4TB/crispy_storage/comparative_images_img2img/00000_sd3_fp16_seed123_s30_g6.5_str0.45.png,fake,0.9209692478179932,0.06249833106994629
sd3_fp16_s30_g6.5_str0.45,00000,sd3,fp16,123,30,6.5,0.45,R50_TF,/media/SSD_4TB/crispy_storage/comparative_images_img2img/00000_sd3_fp16_seed123_s30_g6.5_str0.45.png,real,0.4279,0.179
sd3_fp16_s30_g6.5_str0.45,00000,sd3,fp16,123,30,6.5,0.45,NPR,/media/SSD_4TB/crispy_storage/comparative_images_img2img/00000_sd3_fp16_seed123_s30_g6.5_str0.45.png,real,2.3904987130816914e-15,0.09186387062072754
sd15_fp4_s50_g3.5_str0.45,00000,sd15,fp4,123,50,3.5,0.45,CLIP-D,/media/SSD_4TB/crispy_storage/comparative_images_img2img/00000_sd15_fp4_seed123_s50_g3.5_str0.45.png,fake,0.7701012492179871,0.06400823593139648
sd15_fp4_s50_g3.5_str0.45,00000,sd15,fp4,123,50,3.5,0.45,R50_TF,/media/SSD_4TB/crispy_storage/comparative_images_img2img/00000_sd15_fp4_seed123_s50_g3.5_str0.45.png,fake,0.5859,0.174
sd15_fp4_s50_g3.5_str0.45,00000,sd15,fp4,123,50,3.5,0.45,NPR,/media/SSD_4TB/crispy_storage/comparative_images_img2img/00000_sd15_fp4_seed123_s50_g3.5_str0.45.png,real,0.026911893859505653,0.08871841430664062
sd15_fp4_s50_g6.5_str0.45,00000,sd15,fp4,123,50,6.5,0.45,CLIP-D,/media/SSD_4TB/crispy_storage/comparative_images_img2img/00000_sd15_fp4_seed123_s50_g6.5_str0.45.png,fake,0.7676572203636169,0.07270956039428711
sd15_fp4_s50_g6.5_str0.45,00000,sd15,fp4,123,50,6.5,0.45,R50_TF,/media/SSD_4TB/crispy_storage/comparative_images_img2img/00000_sd15_fp4_seed123_s50_g6.5_str0.45.png,fake,0.6211,0.177
sd15_fp4_s50_g6.5_str0.45,00000,sd15,fp4,123,50,6.5,0.45,NPR,/media/SSD_4TB/crispy_storage/comparative_images_img2img/00000_sd15_fp4_seed123_s50_g6.5_str0.45.png,real,0.00318893906660378,0.08840155601501465
sd15_fp8_s40_g5.0_str0.45,00000,sd15,fp8,123,40,5.0,0.45,CLIP-D,/media/SSD_4TB/crispy_storage/comparative_images_img2img/00000_sd15_fp8_seed123_s40_g5.0_str0.45.png,fake,0.7763334512710571,0.06732034683227539
sd15_fp8_s40_g5.0_str0.45,00000,sd15,fp8,123,40,5.0,0.45,R50_TF,/media/SSD_4TB/crispy_storage/comparative_images_img2img/00000_sd15_fp8_seed123_s40_g5.0_str0.45.png,fake,0.5637,0.179
sd15_fp8_s40_g5.0_str0.45,00000,sd15,fp8,123,40,5.0,0.45,NPR,/media/SSD_4TB/crispy_storage/comparative_images_img2img/00000_sd15_fp8_seed123_s40_g5.0_str0.45.png,real,0.31885969638824463,0.09119462966918945
sd15_fp16_s30_g3.5_str0.45,00000,sd15,fp16,123,30,3.5,0.45,CLIP-D,/media/SSD_4TB/crispy_storage/comparative_images_img2img/00000_sd15_fp16_seed123_s30_g3.5_str0.45.png,fake,0.9339806437492371,0.06191587448120117
sd15_fp16_s30_g3.5_str0.45,00000,sd15,fp16,123,30,3.5,0.45,R50_TF,/media/SSD_4TB/crispy_storage/comparative_images_img2img/00000_sd15_fp16_seed123_s30_g3.5_str0.45.png,fake,0.5527,0.173
sd15_fp16_s30_g3.5_str0.45,00000,sd15,fp16,123,30,3.5,0.45,NPR,/media/SSD_4TB/crispy_storage/comparative_images_img2img/00000_sd15_fp16_seed123_s30_g3.5_str0.45.png,real,0.09224963188171387,0.08968353271484375
sd15_fp16_s30_g6.5_str0.3,00000,sd15,fp16,123,30,6.5,0.3,CLIP-D,/media/SSD_4TB/crispy_storage/comparative_images_img2img/00000_sd15_fp16_seed123_s30_g6.5_str0.3.png,real,0.2454296350479126,0.06456375122070312
sd15_fp16_s30_g6.5_str0.3,00000,sd15,fp16,123,30,6.5,0.3,R50_TF,/media/SSD_4TB/crispy_storage/comparative_images_img2img/00000_sd15_fp16_seed123_s30_g6.5_str0.3.png,fake,0.5998,0.172
sd15_fp16_s30_g6.5_str0.3,00000,sd15,fp16,123,30,6.5,0.3,NPR,/media/SSD_4TB/crispy_storage/comparative_images_img2img/00000_sd15_fp16_seed123_s30_g6.5_str0.3.png,real,0.25482091307640076,0.09029531478881836
sd15_fp16_s30_g5.0_str0.45,00001,sd15,fp16,124,30,5.0,0.45,CLIP-D,/media/SSD_4TB/crispy_storage/comparative_images_img2img/00001_sd15_fp16_seed124_s30_g5.0_str0.45.png,fake,0.9506612420082092,0.06327271461486816
sd15_fp16_s30_g5.0_str0.45,00001,sd15,fp16,124,30,5.0,0.45,R50_TF,/media/SSD_4TB/crispy_storage/comparative_images_img2img/00001_sd15_fp16_seed124_s30_g5.0_str0.45.png,real,0.3734,0.169
sd15_fp16_s30_g5.0_str0.45,00001,sd15,fp16,124,30,5.0,0.45,NPR,/media/SSD_4TB/crispy_storage/comparative_images_img2img/00001_sd15_fp16_seed124_s30_g5.0_str0.45.png,fake,0.9977078437805176,0.08944320678710938
sd15_fp16_s40_g6.5_str0.45,00000,sd15,fp16,123,40,6.5,0.45,CLIP-D,/media/SSD_4TB/crispy_storage/comparative_images_img2img/00000_sd15_fp16_seed123_s40_g6.5_str0.45.png,fake,0.7518414855003357,0.06476950645446777
sd15_fp16_s40_g6.5_str0.45,00000,sd15,fp16,123,40,6.5,0.45,R50_TF,/media/SSD_4TB/crispy_storage/comparative_images_img2img/00000_sd15_fp16_seed123_s40_g6.5_str0.45.png,fake,0.5761,0.171
sd15_fp16_s40_g6.5_str0.45,00000,sd15,fp16,123,40,6.5,0.45,NPR,/media/SSD_4TB/crispy_storage/comparative_images_img2img/00000_sd15_fp16_seed123_s40_g6.5_str0.45.png,fake,0.6201161742210388,0.0904550552368164
sd3_fp16_s40_g3.5_str0.3,00000,sd3,fp16,123,40,3.5,0.3,CLIP-D,/media/SSD_4TB/crispy_storage/comparative_images_img2img/00000_sd3_fp16_seed123_s40_g3.5_str0.3.png,fake,0.815309464931488,0.06209611892700195
sd3_fp16_s40_g3.5_str0.3,00000,sd3,fp16,123,40,3.5,0.3,R50_TF,/media/SSD_4TB/crispy_storage/comparative_images_img2img/00000_sd3_fp16_seed123_s40_g3.5_str0.3.png,real,0.4276,0.177
sd3_fp16_s40_g3.5_str0.3,00000,sd3,fp16,123,40,3.5,0.3,NPR,/media/SSD_4TB/crispy_storage/comparative_images_img2img/00000_sd3_fp16_seed123_s40_g3.5_str0.3.png,real,1.1811139648379475e-15,0.09407472610473633
sd3_fp8_s30_g5.0_str0.6,00001,sd3,fp8,124,30,5.0,0.6,CLIP-D,/media/SSD_4TB/crispy_storage/comparative_images_img2img/00001_sd3_fp8_seed124_s30_g5.0_str0.6.png,real,0.4468902349472046,0.0635840892791748
sd3_fp8_s30_g5.0_str0.6,00001,sd3,fp8,124,30,5.0,0.6,R50_TF,/media/SSD_4TB/crispy_storage/comparative_images_img2img/00001_sd3_fp8_seed124_s30_g5.0_str0.6.png,real,0.3944,0.174
sd3_fp8_s30_g5.0_str0.6,00001,sd3,fp8,124,30,5.0,0.6,NPR,/media/SSD_4TB/crispy_storage/comparative_images_img2img/00001_sd3_fp8_seed124_s30_g5.0_str0.6.png,real,0.022085310891270638,0.08815169334411621
sd3_fp8_s40_g3.5_str0.6,00001,sd3,fp8,124,40,3.5,0.6,CLIP-D,/media/SSD_4TB/crispy_storage/comparative_images_img2img/00001_sd3_fp8_seed124_s40_g3.5_str0.6.png,real,0.15255162119865417,0.06394767761230469
sd3_fp8_s40_g3.5_str0.6,00001,sd3,fp8,124,40,3.5,0.6,R50_TF,/media/SSD_4TB/crispy_storage/comparative_images_img2img/00001_sd3_fp8_seed124_s40_g3.5_str0.6.png,real,0.3881,0.171
sd3_fp8_s40_g3.5_str0.6,00001,sd3,fp8,124,40,3.5,0.6,NPR,/media/SSD_4TB/crispy_storage/comparative_images_img2img/00001_sd3_fp8_seed124_s40_g3.5_str0.6.png,real,0.02482900768518448,0.0901634693145752
sd15_fp4_s50_g6.5_str0.6,00000,sd15,fp4,123,50,6.5,0.6,CLIP-D,/media/SSD_4TB/crispy_storage/comparative_images_img2img/00000_sd15_fp4_seed123_s50_g6.5_str0.6.png,fake,0.9926031231880188,0.06498932838439941
sd15_fp4_s50_g6.5_str0.6,00000,sd15,fp4,123,50,6.5,0.6,R50_TF,/media/SSD_4TB/crispy_storage/comparative_images_img2img/00000_sd15_fp4_seed123_s50_g6.5_str0.6.png,real,0.4311,0.167
sd15_fp4_s50_g6.5_str0.6,00000,sd15,fp4,123,50,6.5,0.6,NPR,/media/SSD_4TB/crispy_storage/comparative_images_img2img/00000_sd15_fp4_seed123_s50_g6.5_str0.6.png,real,6.645617531830794e-07,0.08842229843139648
sd15_fp8_s30_g6.5_str0.3,00001,sd15,fp8,124,30,6.5,0.3,CLIP-D,/media/SSD_4TB/crispy_storage/comparative_images_img2img/00001_sd15_fp8_seed124_s30_g6.5_str0.3.png,fake,0.9413156509399414,0.06270599365234375
sd15_fp8_s30_g6.5_str0.3,00001,sd15,fp8,124,30,6.5,0.3,R50_TF,/media/SSD_4TB/crispy_storage/comparative_images_img2img/00001_sd15_fp8_seed124_s30_g6.5_str0.3.png,real,0.373,0.173
sd15_fp8_s30_g6.5_str0.3,00001,sd15,fp8,124,30,6.5,0.3,NPR,/media/SSD_4TB/crispy_storage/comparative_images_img2img/00001_sd15_fp8_seed124_s30_g6.5_str0.3.png,fake,0.9744634032249451,0.0929727554321289
sd3_fp8_s40_g5.0_str0.3,00001,sd3,fp8,124,40,5.0,0.3,CLIP-D,/media/SSD_4TB/crispy_storage/comparative_images_img2img/00001_sd3_fp8_seed124_s40_g5.0_str0.3.png,real,0.014135272242128849,0.06277728080749512
sd3_fp8_s40_g5.0_str0.3,00001,sd3,fp8,124,40,5.0,0.3,R50_TF,/media/SSD_4TB/crispy_storage/comparative_images_img2img/00001_sd3_fp8_seed124_s40_g5.0_str0.3.png,real,0.3729,0.171
sd3_fp8_s40_g5.0_str0.3,00001,sd3,fp8,124,40,5.0,0.3,NPR,/media/SSD_4TB/crispy_storage/comparative_images_img2img/00001_sd3_fp8_seed124_s40_g5.0_str0.3.png,fake,0.9975221753120422,0.09029054641723633
sd15_fp16_s50_g6.5_str0.3,00000,sd15,fp16,123,50,6.5,0.3,CLIP-D,/media/SSD_4TB/crispy_storage/comparative_images_img2img/00000_sd15_fp16_seed123_s50_g6.5_str0.3.png,real,0.3286181092262268,0.06144213676452637
sd15_fp16_s50_g6.5_str0.3,00000,sd15,fp16,123,50,6.5,0.3,R50_TF,/media/SSD_4TB/crispy_storage/comparative_images_img2img/00000_sd15_fp16_seed123_s50_g6.5_str0.3.png,fake,0.6132,0.176
sd15_fp16_s50_g6.5_str0.3,00000,sd15,fp16,123,50,6.5,0.3,NPR,/media/SSD_4TB/crispy_storage/comparative_images_img2img/00000_sd15_fp16_seed123_s50_g6.5_str0.3.png,real,3.454581747064367e-05,0.08968019485473633
sd15_fp4_s40_g3.5_str0.6,00001,sd15,fp4,124,40,3.5,0.6,CLIP-D,/media/SSD_4TB/crispy_storage/comparative_images_img2img/00001_sd15_fp4_seed124_s40_g3.5_str0.6.png,fake,0.9765166640281677,0.06190800666809082
sd15_fp4_s40_g3.5_str0.6,00001,sd15,fp4,124,40,3.5,0.6,R50_TF,/media/SSD_4TB/crispy_storage/comparative_images_img2img/00001_sd15_fp4_seed124_s40_g3.5_str0.6.png,real,0.3513,0.17
sd15_fp4_s40_g3.5_str0.6,00001,sd15,fp4,124,40,3.5,0.6,NPR,/media/SSD_4TB/crispy_storage/comparative_images_img2img/00001_sd15_fp4_seed124_s40_g3.5_str0.6.png,fake,0.9773874878883362,0.0948019027709961
sd3_fp8_s40_g5.0_str0.3,00000,sd3,fp8,123,40,5.0,0.3,CLIP-D,/media/SSD_4TB/crispy_storage/comparative_images_img2img/00000_sd3_fp8_seed123_s40_g5.0_str0.3.png,fake,0.8220318555831909,0.0632476806640625
sd3_fp8_s40_g5.0_str0.3,00000,sd3,fp8,123,40,5.0,0.3,R50_TF,/media/SSD_4TB/crispy_storage/comparative_images_img2img/00000_sd3_fp8_seed123_s40_g5.0_str0.3.png,real,0.4379,0.184
sd3_fp8_s40_g5.0_str0.3,00000,sd3,fp8,123,40,5.0,0.3,NPR,/media/SSD_4TB/crispy_storage/comparative_images_img2img/00000_sd3_fp8_seed123_s40_g5.0_str0.3.png,real,4.522009267485618e-16,0.09130191802978516
sd3_fp8_s30_g5.0_str0.45,00000,sd3,fp8,123,30,5.0,0.45,CLIP-D,/media/SSD_4TB/crispy_storage/comparative_images_img2img/00000_sd3_fp8_seed123_s30_g5.0_str0.45.png,fake,0.5876948237419128,0.06262636184692383
sd3_fp8_s30_g5.0_str0.45,00000,sd3,fp8,123,30,5.0,0.45,R50_TF,/media/SSD_4TB/crispy_storage/comparative_images_img2img/00000_sd3_fp8_seed123_s30_g5.0_str0.45.png,real,0.4312,0.178
sd3_fp8_s30_g5.0_str0.45,00000,sd3,fp8,123,30,5.0,0.45,NPR,/media/SSD_4TB/crispy_storage/comparative_images_img2img/00000_sd3_fp8_seed123_s30_g5.0_str0.45.png,real,2.440998012715693e-14,0.08771133422851562
sd15_fp4_s40_g6.5_str0.45,00000,sd15,fp4,123,40,6.5,0.45,CLIP-D,/media/SSD_4TB/crispy_storage/comparative_images_img2img/00000_sd15_fp4_seed123_s40_g6.5_str0.45.png,fake,0.7871145009994507,0.06683802604675293
sd15_fp4_s40_g6.5_str0.45,00000,sd15,fp4,123,40,6.5,0.45,R50_TF,/media/SSD_4TB/crispy_storage/comparative_images_img2img/00000_sd15_fp4_seed123_s40_g6.5_str0.45.png,fake,0.6101,0.172
sd15_fp4_s40_g6.5_str0.45,00000,sd15,fp4,123,40,6.5,0.45,NPR,/media/SSD_4TB/crispy_storage/comparative_images_img2img/00000_sd15_fp4_seed123_s40_g6.5_str0.45.png,real,0.3406972587108612,0.09246397018432617
sd15_fp4_s50_g3.5_str0.6,00001,sd15,fp4,124,50,3.5,0.6,CLIP-D,/media/SSD_4TB/crispy_storage/comparative_images_img2img/00001_sd15_fp4_seed124_s50_g3.5_str0.6.png,fake,0.9737531542778015,0.06159043312072754
sd15_fp4_s50_g3.5_str0.6,00001,sd15,fp4,124,50,3.5,0.6,R50_TF,/media/SSD_4TB/crispy_storage/comparative_images_img2img/00001_sd15_fp4_seed124_s50_g3.5_str0.6.png,real,0.3572,0.172
sd15_fp4_s50_g3.5_str0.6,00001,sd15,fp4,124,50,3.5,0.6,NPR,/media/SSD_4TB/crispy_storage/comparative_images_img2img/00001_sd15_fp4_seed124_s50_g3.5_str0.6.png,fake,0.9893883466720581,0.09530115127563477
sd15_fp16_s50_g3.5_str0.45,00001,sd15,fp16,124,50,3.5,0.45,CLIP-D,/media/SSD_4TB/crispy_storage/comparative_images_img2img/00001_sd15_fp16_seed124_s50_g3.5_str0.45.png,fake,0.9453010559082031,0.06506490707397461
sd15_fp16_s50_g3.5_str0.45,00001,sd15,fp16,124,50,3.5,0.45,R50_TF,/media/SSD_4TB/crispy_storage/comparative_images_img2img/00001_sd15_fp16_seed124_s50_g3.5_str0.45.png,real,0.3836,0.171
sd15_fp16_s50_g3.5_str0.45,00001,sd15,fp16,124,50,3.5,0.45,NPR,/media/SSD_4TB/crispy_storage/comparative_images_img2img/00001_sd15_fp16_seed124_s50_g3.5_str0.45.png,fake,0.9966701865196228,0.09604501724243164
sd15_fp16_s30_g6.5_str0.6,00000,sd15,fp16,123,30,6.5,0.6,CLIP-D,/media/SSD_4TB/crispy_storage/comparative_images_img2img/00000_sd15_fp16_seed123_s30_g6.5_str0.6.png,fake,0.9944025874137878,0.06186628341674805
sd15_fp16_s30_g6.5_str0.6,00000,sd15,fp16,123,30,6.5,0.6,R50_TF,/media/SSD_4TB/crispy_storage/comparative_images_img2img/00000_sd15_fp16_seed123_s30_g6.5_str0.6.png,fake,0.6132,0.17
sd15_fp16_s30_g6.5_str0.6,00000,sd15,fp16,123,30,6.5,0.6,NPR,/media/SSD_4TB/crispy_storage/comparative_images_img2img/00000_sd15_fp16_seed123_s30_g6.5_str0.6.png,real,0.014784635044634342,0.0991358757019043
sd15_fp16_s30_g5.0_str0.3,00001,sd15,fp16,124,30,5.0,0.3,CLIP-D,/media/SSD_4TB/crispy_storage/comparative_images_img2img/00001_sd15_fp16_seed124_s30_g5.0_str0.3.png,fake,0.8995564579963684,0.061745405197143555
sd15_fp16_s30_g5.0_str0.3,00001,sd15,fp16,124,30,5.0,0.3,R50_TF,/media/SSD_4TB/crispy_storage/comparative_images_img2img/00001_sd15_fp16_seed124_s30_g5.0_str0.3.png,real,0.3705,0.179
sd15_fp16_s30_g5.0_str0.3,00001,sd15,fp16,124,30,5.0,0.3,NPR,/media/SSD_4TB/crispy_storage/comparative_images_img2img/00001_sd15_fp16_seed124_s30_g5.0_str0.3.png,fake,0.9885713458061218,0.0941781997680664
sd15_fp8_s30_g5.0_str0.6,00000,sd15,fp8,123,30,5.0,0.6,CLIP-D,/media/SSD_4TB/crispy_storage/comparative_images_img2img/00000_sd15_fp8_seed123_s30_g5.0_str0.6.png,fake,0.9979750514030457,0.06884241104125977
sd15_fp8_s30_g5.0_str0.6,00000,sd15,fp8,123,30,5.0,0.6,R50_TF,/media/SSD_4TB/crispy_storage/comparative_images_img2img/00000_sd15_fp8_seed123_s30_g5.0_str0.6.png,fake,0.5927,0.166
sd15_fp8_s30_g5.0_str0.6,00000,sd15,fp8,123,30,5.0,0.6,NPR,/media/SSD_4TB/crispy_storage/comparative_images_img2img/00000_sd15_fp8_seed123_s30_g5.0_str0.6.png,real,0.012867945246398449,0.08969640731811523
sd15_fp16_s40_g5.0_str0.3,00001,sd15,fp16,124,40,5.0,0.3,CLIP-D,/media/SSD_4TB/crispy_storage/comparative_images_img2img/00001_sd15_fp16_seed124_s40_g5.0_str0.3.png,fake,0.864055335521698,0.06292867660522461
sd15_fp16_s40_g5.0_str0.3,00001,sd15,fp16,124,40,5.0,0.3,R50_TF,/media/SSD_4TB/crispy_storage/comparative_images_img2img/00001_sd15_fp16_seed124_s40_g5.0_str0.3.png,real,0.3692,0.174
sd15_fp16_s40_g5.0_str0.3,00001,sd15,fp16,124,40,5.0,0.3,NPR,/media/SSD_4TB/crispy_storage/comparative_images_img2img/00001_sd15_fp16_seed124_s40_g5.0_str0.3.png,fake,0.9882959723472595,0.08989715576171875
sd15_fp8_s50_g5.0_str0.3,00000,sd15,fp8,123,50,5.0,0.3,CLIP-D,/media/SSD_4TB/crispy_storage/comparative_images_img2img/00000_sd15_fp8_seed123_s50_g5.0_str0.3.png,real,0.21777303516864777,0.06816768646240234
sd15_fp8_s50_g5.0_str0.3,00000,sd15,fp8,123,50,5.0,0.3,R50_TF,/media/SSD_4TB/crispy_storage/comparative_images_img2img/00000_sd15_fp8_seed123_s50_g5.0_str0.3.png,fake,0.609,0.181
sd15_fp8_s50_g5.0_str0.3,00000,sd15,fp8,123,50,5.0,0.3,NPR,/media/SSD_4TB/crispy_storage/comparative_images_img2img/00000_sd15_fp8_seed123_s50_g5.0_str0.3.png,real,0.00014671948156319559,0.08946776390075684
sd3_fp16_s50_g6.5_str0.6,00000,sd3,fp16,123,50,6.5,0.6,CLIP-D,/media/SSD_4TB/crispy_storage/comparative_images_img2img/00000_sd3_fp16_seed123_s50_g6.5_str0.6.png,fake,0.8662572503089905,0.0670018196105957
sd3_fp16_s50_g6.5_str0.6,00000,sd3,fp16,123,50,6.5,0.6,R50_TF,/media/SSD_4TB/crispy_storage/comparative_images_img2img/00000_sd3_fp16_seed123_s50_g6.5_str0.6.png,real,0.4085,0.183
sd3_fp16_s50_g6.5_str0.6,00000,sd3,fp16,123,50,6.5,0.6,NPR,/media/SSD_4TB/crispy_storage/comparative_images_img2img/00000_sd3_fp16_seed123_s50_g6.5_str0.6.png,real,5.626371937794694e-11,0.09118342399597168
sd3_fp16_s50_g5.0_str0.6,00001,sd3,fp16,124,50,5.0,0.6,CLIP-D,/media/SSD_4TB/crispy_storage/comparative_images_img2img/00001_sd3_fp16_seed124_s50_g5.0_str0.6.png,real,0.22484029829502106,0.06340503692626953
sd3_fp16_s50_g5.0_str0.6,00001,sd3,fp16,124,50,5.0,0.6,R50_TF,/media/SSD_4TB/crispy_storage/comparative_images_img2img/00001_sd3_fp16_seed124_s50_g5.0_str0.6.png,real,0.3618,0.17
sd3_fp16_s50_g5.0_str0.6,00001,sd3,fp16,124,50,5.0,0.6,NPR,/media/SSD_4TB/crispy_storage/comparative_images_img2img/00001_sd3_fp16_seed124_s50_g5.0_str0.6.png,real,0.07019476592540741,0.09270429611206055
sd3_fp16_s30_g3.5_str0.6,00001,sd3,fp16,124,30,3.5,0.6,CLIP-D,/media/SSD_4TB/crispy_storage/comparative_images_img2img/00001_sd3_fp16_seed124_s30_g3.5_str0.6.png,real,0.13518783450126648,0.06430435180664062
sd3_fp16_s30_g3.5_str0.6,00001,sd3,fp16,124,30,3.5,0.6,R50_TF,/media/SSD_4TB/crispy_storage/comparative_images_img2img/00001_sd3_fp16_seed124_s30_g3.5_str0.6.png,real,0.3761,0.166
sd3_fp16_s30_g3.5_str0.6,00001,sd3,fp16,124,30,3.5,0.6,NPR,/media/SSD_4TB/crispy_storage/comparative_images_img2img/00001_sd3_fp16_seed124_s30_g3.5_str0.6.png,fake,0.9903498888015747,0.08954381942749023
sd15_fp16_s40_g3.5_str0.3,00000,sd15,fp16,123,40,3.5,0.3,CLIP-D,/media/SSD_4TB/crispy_storage/comparative_images_img2img/00000_sd15_fp16_seed123_s40_g3.5_str0.3.png,real,0.2169068157672882,0.06080770492553711
sd15_fp16_s40_g3.5_str0.3,00000,sd15,fp16,123,40,3.5,0.3,R50_TF,/media/SSD_4TB/crispy_storage/comparative_images_img2img/00000_sd15_fp16_seed123_s40_g3.5_str0.3.png,fake,0.6013,0.171
sd15_fp16_s40_g3.5_str0.3,00000,sd15,fp16,123,40,3.5,0.3,NPR,/media/SSD_4TB/crispy_storage/comparative_images_img2img/00000_sd15_fp16_seed123_s40_g3.5_str0.3.png,real,0.0062027969397604465,0.09601998329162598
sd15_fp8_s40_g5.0_str0.6,00001,sd15,fp8,124,40,5.0,0.6,CLIP-D,/media/SSD_4TB/crispy_storage/comparative_images_img2img/00001_sd15_fp8_seed124_s40_g5.0_str0.6.png,fake,0.9813750982284546,0.06212162971496582
sd15_fp8_s40_g5.0_str0.6,00001,sd15,fp8,124,40,5.0,0.6,R50_TF,/media/SSD_4TB/crispy_storage/comparative_images_img2img/00001_sd15_fp8_seed124_s40_g5.0_str0.6.png,real,0.3618,0.17
sd15_fp8_s40_g5.0_str0.6,00001,sd15,fp8,124,40,5.0,0.6,NPR,/media/SSD_4TB/crispy_storage/comparative_images_img2img/00001_sd15_fp8_seed124_s40_g5.0_str0.6.png,fake,0.9994938373565674,0.09767532348632812
sd3_fp16_s30_g5.0_str0.45,00000,sd3,fp16,123,30,5.0,0.45,CLIP-D,/media/SSD_4TB/crispy_storage/comparative_images_img2img/00000_sd3_fp16_seed123_s30_g5.0_str0.45.png,fake,0.7696458697319031,0.06414151191711426
sd3_fp16_s30_g5.0_str0.45,00000,sd3,fp16,123,30,5.0,0.45,R50_TF,/media/SSD_4TB/crispy_storage/comparative_images_img2img/00000_sd3_fp16_seed123_s30_g5.0_str0.45.png,real,0.4275,0.179
sd3_fp16_s30_g5.0_str0.45,00000,sd3,fp16,123,30,5.0,0.45,NPR,/media/SSD_4TB/crispy_storage/comparative_images_img2img/00000_sd3_fp16_seed123_s30_g5.0_str0.45.png,real,3.2320456396948624e-14,0.09507203102111816
sd3_fp8_s30_g5.0_str0.45,00001,sd3,fp8,124,30,5.0,0.45,CLIP-D,/media/SSD_4TB/crispy_storage/comparative_images_img2img/00001_sd3_fp8_seed124_s30_g5.0_str0.45.png,real,0.006541062146425247,0.0639491081237793
sd3_fp8_s30_g5.0_str0.45,00001,sd3,fp8,124,30,5.0,0.45,R50_TF,/media/SSD_4TB/crispy_storage/comparative_images_img2img/00001_sd3_fp8_seed124_s30_g5.0_str0.45.png,real,0.3774,0.172
sd3_fp8_s30_g5.0_str0.45,00001,sd3,fp8,124,30,5.0,0.45,NPR,/media/SSD_4TB/crispy_storage/comparative_images_img2img/00001_sd3_fp8_seed124_s30_g5.0_str0.45.png,fake,0.988459050655365,0.09057307243347168
sd3_fp16_s30_g6.5_str0.45,00001,sd3,fp16,124,30,6.5,0.45,CLIP-D,/media/SSD_4TB/crispy_storage/comparative_images_img2img/00001_sd3_fp16_seed124_s30_g6.5_str0.45.png,real,0.0016592496540397406,0.06653904914855957
sd3_fp16_s30_g6.5_str0.45,00001,sd3,fp16,124,30,6.5,0.45,R50_TF,/media/SSD_4TB/crispy_storage/comparative_images_img2img/00001_sd3_fp16_seed124_s30_g6.5_str0.45.png,real,0.3718,0.165
sd3_fp16_s30_g6.5_str0.45,00001,sd3,fp16,124,30,6.5,0.45,NPR,/media/SSD_4TB/crispy_storage/comparative_images_img2img/00001_sd3_fp16_seed124_s30_g6.5_str0.45.png,fake,0.9927247762680054,0.09004735946655273
sd15_fp4_s40_g3.5_str0.45,00001,sd15,fp4,124,40,3.5,0.45,CLIP-D,/media/SSD_4TB/crispy_storage/comparative_images_img2img/00001_sd15_fp4_seed124_s40_g3.5_str0.45.png,fake,0.9275624752044678,0.06343197822570801
sd15_fp4_s40_g3.5_str0.45,00001,sd15,fp4,124,40,3.5,0.45,R50_TF,/media/SSD_4TB/crispy_storage/comparative_images_img2img/00001_sd15_fp4_seed124_s40_g3.5_str0.45.png,real,0.3644,0.177
sd15_fp4_s40_g3.5_str0.45,00001,sd15,fp4,124,40,3.5,0.45,NPR,/media/SSD_4TB/crispy_storage/comparative_images_img2img/00001_sd15_fp4_seed124_s40_g3.5_str0.45.png,fake,0.9752491116523743,0.0978693962097168
sd15_fp4_s30_g6.5_str0.45,00000,sd15,fp4,123,30,6.5,0.45,CLIP-D,/media/SSD_4TB/crispy_storage/comparative_images_img2img/00000_sd15_fp4_seed123_s30_g6.5_str0.45.png,real,0.4402773678302765,0.06357288360595703
sd15_fp4_s30_g6.5_str0.45,00000,sd15,fp4,123,30,6.5,0.45,R50_TF,/media/SSD_4TB/crispy_storage/comparative_images_img2img/00000_sd15_fp4_seed123_s30_g6.5_str0.45.png,fake,0.587,0.175
sd15_fp4_s30_g6.5_str0.45,00000,sd15,fp4,123,30,6.5,0.45,NPR,/media/SSD_4TB/crispy_storage/comparative_images_img2img/00000_sd15_fp4_seed123_s30_g6.5_str0.45.png,real,0.06820638477802277,0.09551787376403809
sd15_fp16_s50_g6.5_str0.3,00001,sd15,fp16,124,50,6.5,0.3,CLIP-D,/media/SSD_4TB/crispy_storage/comparative_images_img2img/00001_sd15_fp16_seed124_s50_g6.5_str0.3.png,fake,0.8813958168029785,0.06776738166809082
sd15_fp16_s50_g6.5_str0.3,00001,sd15,fp16,124,50,6.5,0.3,R50_TF,/media/SSD_4TB/crispy_storage/comparative_images_img2img/00001_sd15_fp16_seed124_s50_g6.5_str0.3.png,real,0.3798,0.17
sd15_fp16_s50_g6.5_str0.3,00001,sd15,fp16,124,50,6.5,0.3,NPR,/media/SSD_4TB/crispy_storage/comparative_images_img2img/00001_sd15_fp16_seed124_s50_g6.5_str0.3.png,fake,0.9934222102165222,0.09029269218444824
sd15_fp4_s30_g5.0_str0.3,00000,sd15,fp4,123,30,5.0,0.3,CLIP-D,/media/SSD_4TB/crispy_storage/comparative_images_img2img/00000_sd15_fp4_seed123_s30_g5.0_str0.3.png,real,0.3300860822200775,0.06357479095458984
sd15_fp4_s30_g5.0_str0.3,00000,sd15,fp4,123,30,5.0,0.3,R50_TF,/media/SSD_4TB/crispy_storage/comparative_images_img2img/00000_sd15_fp4_seed123_s30_g5.0_str0.3.png,fake,0.6009,0.168
sd15_fp4_s30_g5.0_str0.3,00000,sd15,fp4,123,30,5.0,0.3,NPR,/media/SSD_4TB/crispy_storage/comparative_images_img2img/00000_sd15_fp4_seed123_s30_g5.0_str0.3.png,real,0.01540917158126831,0.09432554244995117
sd3_fp8_s30_g6.5_str0.45,00000,sd3,fp8,123,30,6.5,0.45,CLIP-D,/media/SSD_4TB/crispy_storage/comparative_images_img2img/00000_sd3_fp8_seed123_s30_g6.5_str0.45.png,real,0.4813019633293152,0.06414508819580078
sd3_fp8_s30_g6.5_str0.45,00000,sd3,fp8,123,30,6.5,0.45,R50_TF,/media/SSD_4TB/crispy_storage/comparative_images_img2img/00000_sd3_fp8_seed123_s30_g6.5_str0.45.png,real,0.4344,0.17
sd3_fp8_s30_g6.5_str0.45,00000,sd3,fp8,123,30,6.5,0.45,NPR,/media/SSD_4TB/crispy_storage/comparative_images_img2img/00000_sd3_fp8_seed123_s30_g6.5_str0.45.png,real,5.917037167987903e-15,0.08841133117675781
sd15_fp16_s50_g5.0_str0.6,00000,sd15,fp16,123,50,5.0,0.6,CLIP-D,/media/SSD_4TB/crispy_storage/comparative_images_img2img/00000_sd15_fp16_seed123_s50_g5.0_str0.6.png,fake,0.9822227954864502,0.062351226806640625
sd3_fp4_s40_g6.5_str0.3,00001,sd3,fp4,124,40,6.5,0.3,CLIP-D,/media/SSD_4TB/crispy_storage/comparative_images_img2img/00001_sd3_fp4_seed124_s40_g6.5_str0.3.png,fake,0.87139892578125,0.06241559982299805
sd3_fp4_s40_g6.5_str0.3,00001,sd3,fp4,124,40,6.5,0.3,R50_TF,/media/SSD_4TB/crispy_storage/comparative_images_img2img/00001_sd3_fp4_seed124_s40_g6.5_str0.3.png,real,0.3666,0.173
sd3_fp4_s40_g6.5_str0.3,00001,sd3,fp4,124,40,6.5,0.3,NPR,/media/SSD_4TB/crispy_storage/comparative_images_img2img/00001_sd3_fp4_seed124_s40_g6.5_str0.3.png,real,0.17104732990264893,0.09152460098266602
sd35_fp4_s50_g5.0_str0.6,00000,sd35,fp4,123,50,5.0,0.6,CLIP-D,/media/SSD_4TB/crispy_storage/comparative_images_img2img/00000_sd35_fp4_seed123_s50_g5.0_str0.6.png,fake,0.8605570197105408,0.061354637145996094
sd35_fp4_s50_g5.0_str0.6,00000,sd35,fp4,123,50,5.0,0.6,R50_TF,/media/SSD_4TB/crispy_storage/comparative_images_img2img/00000_sd35_fp4_seed123_s50_g5.0_str0.6.png,real,0.4319,0.18
sd35_fp4_s50_g5.0_str0.6,00000,sd35,fp4,123,50,5.0,0.6,NPR,/media/SSD_4TB/crispy_storage/comparative_images_img2img/00000_sd35_fp4_seed123_s50_g5.0_str0.6.png,real,3.5879711202981e-13,0.08878827095031738
sd35_fp4_s30_g3.5_str0.3,00000,sd35,fp4,123,30,3.5,0.3,CLIP-D,/media/SSD_4TB/crispy_storage/comparative_images_img2img/00000_sd35_fp4_seed123_s30_g3.5_str0.3.png,fake,0.8863891363143921,0.06172013282775879
sd35_fp4_s30_g3.5_str0.3,00000,sd35,fp4,123,30,3.5,0.3,R50_TF,/media/SSD_4TB/crispy_storage/comparative_images_img2img/00000_sd35_fp4_seed123_s30_g3.5_str0.3.png,real,0.4305,0.173
sd35_fp4_s30_g3.5_str0.3,00000,sd35,fp4,123,30,3.5,0.3,NPR,/media/SSD_4TB/crispy_storage/comparative_images_img2img/00000_sd35_fp4_seed123_s30_g3.5_str0.3.png,real,1.1775902018982512e-17,0.09330224990844727
sd35_fp4_s40_g6.5_str0.6,00001,sd35,fp4,124,40,6.5,0.6,CLIP-D,/media/SSD_4TB/crispy_storage/comparative_images_img2img/00001_sd35_fp4_seed124_s40_g6.5_str0.6.png,fake,0.9672008156776428,0.06209373474121094
sd35_fp4_s40_g6.5_str0.6,00001,sd35,fp4,124,40,6.5,0.6,R50_TF,/media/SSD_4TB/crispy_storage/comparative_images_img2img/00001_sd35_fp4_seed124_s40_g6.5_str0.6.png,real,0.3936,0.179
sd35_fp4_s40_g6.5_str0.6,00001,sd35,fp4,124,40,6.5,0.6,NPR,/media/SSD_4TB/crispy_storage/comparative_images_img2img/00001_sd35_fp4_seed124_s40_g6.5_str0.6.png,real,0.008429848589003086,0.09464716911315918
sd35_fp8_s50_g6.5_str0.6,00001,sd35,fp8,124,50,6.5,0.6,CLIP-D,/media/SSD_4TB/crispy_storage/comparative_images_img2img/00001_sd35_fp8_seed124_s50_g6.5_str0.6.png,fake,0.7584588527679443,0.061589956283569336
sd35_fp8_s50_g6.5_str0.6,00001,sd35,fp8,124,50,6.5,0.6,R50_TF,/media/SSD_4TB/crispy_storage/comparative_images_img2img/00001_sd35_fp8_seed124_s50_g6.5_str0.6.png,real,0.3708,0.171
sd35_fp8_s50_g6.5_str0.6,00001,sd35,fp8,124,50,6.5,0.6,NPR,/media/SSD_4TB/crispy_storage/comparative_images_img2img/00001_sd35_fp8_seed124_s50_g6.5_str0.6.png,fake,0.9759003520011902,0.09009051322937012
sd35_fp4_s50_g6.5_str0.6,00001,sd35,fp4,124,50,6.5,0.6,CLIP-D,/media/SSD_4TB/crispy_storage/comparative_images_img2img/00001_sd35_fp4_seed124_s50_g6.5_str0.6.png,fake,0.8522740006446838,0.06287217140197754
sd35_fp4_s50_g6.5_str0.6,00001,sd35,fp4,124,50,6.5,0.6,R50_TF,/media/SSD_4TB/crispy_storage/comparative_images_img2img/00001_sd35_fp4_seed124_s50_g6.5_str0.6.png,real,0.3901,0.171
sd35_fp4_s50_g6.5_str0.6,00001,sd35,fp4,124,50,6.5,0.6,NPR,/media/SSD_4TB/crispy_storage/comparative_images_img2img/00001_sd35_fp4_seed124_s50_g6.5_str0.6.png,real,0.008546160534024239,0.08978056907653809
sd35_fp16_s30_g6.5_str0.6,00000,sd35,fp16,123,30,6.5,0.6,CLIP-D,/media/SSD_4TB/crispy_storage/comparative_images_img2img/00000_sd35_fp16_seed123_s30_g6.5_str0.6.png,fake,0.8558892011642456,0.09825778007507324
sd35_fp16_s30_g6.5_str0.6,00000,sd35,fp16,123,30,6.5,0.6,R50_TF,/media/SSD_4TB/crispy_storage/comparative_images_img2img/00000_sd35_fp16_seed123_s30_g6.5_str0.6.png,real,0.4582,0.171
sd35_fp16_s30_g6.5_str0.6,00000,sd35,fp16,123,30,6.5,0.6,NPR,/media/SSD_4TB/crispy_storage/comparative_images_img2img/00000_sd35_fp16_seed123_s30_g6.5_str0.6.png,real,1.4913193524535018e-07,0.0914754867553711
sd35_fp8_s40_g6.5_str0.6,00001,sd35,fp8,124,40,6.5,0.6,CLIP-D,/media/SSD_4TB/crispy_storage/comparative_images_img2img/00001_sd35_fp8_seed124_s40_g6.5_str0.6.png,fake,0.7877482771873474,0.061713457107543945
sd35_fp8_s40_g6.5_str0.6,00001,sd35,fp8,124,40,6.5,0.6,R50_TF,/media/SSD_4TB/crispy_storage/comparative_images_img2img/00001_sd35_fp8_seed124_s40_g6.5_str0.6.png,real,0.3633,0.176
sd35_fp8_s40_g6.5_str0.6,00001,sd35,fp8,124,40,6.5,0.6,NPR,/media/SSD_4TB/crispy_storage/comparative_images_img2img/00001_sd35_fp8_seed124_s40_g6.5_str0.6.png,fake,0.9986851811408997,0.09075760841369629
sd35_fp16_s30_g3.5_str0.6,00000,sd35,fp16,123,30,3.5,0.6,CLIP-D,/media/SSD_4TB/crispy_storage/comparative_images_img2img/00000_sd35_fp16_seed123_s30_g3.5_str0.6.png,fake,0.9742091298103333,0.06321859359741211
sd35_fp16_s30_g3.5_str0.6,00000,sd35,fp16,123,30,3.5,0.6,R50_TF,/media/SSD_4TB/crispy_storage/comparative_images_img2img/00000_sd35_fp16_seed123_s30_g3.5_str0.6.png,real,0.4501,0.174
sd35_fp16_s30_g3.5_str0.6,00000,sd35,fp16,123,30,3.5,0.6,NPR,/media/SSD_4TB/crispy_storage/comparative_images_img2img/00000_sd35_fp16_seed123_s30_g3.5_str0.6.png,real,1.1414812151055997e-10,0.09171080589294434
sd35_fp4_s40_g5.0_str0.45,00000,sd35,fp4,123,40,5.0,0.45,CLIP-D,/media/SSD_4TB/crispy_storage/comparative_images_img2img/00000_sd35_fp4_seed123_s40_g5.0_str0.45.png,fake,0.9006499648094177,0.06218981742858887
sd35_fp4_s40_g5.0_str0.45,00000,sd35,fp4,123,40,5.0,0.45,R50_TF,/media/SSD_4TB/crispy_storage/comparative_images_img2img/00000_sd35_fp4_seed123_s40_g5.0_str0.45.png,real,0.4286,0.172
sd35_fp4_s40_g5.0_str0.45,00000,sd35,fp4,123,40,5.0,0.45,NPR,/media/SSD_4TB/crispy_storage/comparative_images_img2img/00000_sd35_fp4_seed123_s40_g5.0_str0.45.png,real,6.809406283194569e-14,0.09278678894042969
sd3_fp4_s40_g6.5_str0.3,00000,sd3,fp4,123,40,6.5,0.3,CLIP-D,/media/SSD_4TB/crispy_storage/comparative_images_img2img/00000_sd3_fp4_seed123_s40_g6.5_str0.3.png,fake,0.9657369256019592,0.060640573501586914
sd3_fp4_s40_g6.5_str0.3,00000,sd3,fp4,123,40,6.5,0.3,R50_TF,/media/SSD_4TB/crispy_storage/comparative_images_img2img/00000_sd3_fp4_seed123_s40_g6.5_str0.3.png,real,0.4464,0.181
sd3_fp4_s40_g6.5_str0.3,00000,sd3,fp4,123,40,6.5,0.3,NPR,/media/SSD_4TB/crispy_storage/comparative_images_img2img/00000_sd3_fp4_seed123_s40_g6.5_str0.3.png,real,2.3897689941976318e-15,0.09926438331604004
sd35_fp16_s50_g5.0_str0.45,00001,sd35,fp16,124,50,5.0,0.45,CLIP-D,/media/SSD_4TB/crispy_storage/comparative_images_img2img/00001_sd35_fp16_seed124_s50_g5.0_str0.45.png,real,0.010790337808430195,0.06142401695251465
sd35_fp16_s50_g5.0_str0.45,00001,sd35,fp16,124,50,5.0,0.45,R50_TF,/media/SSD_4TB/crispy_storage/comparative_images_img2img/00001_sd35_fp16_seed124_s50_g5.0_str0.45.png,real,0.3571,0.162
sd35_fp16_s50_g5.0_str0.45,00001,sd35,fp16,124,50,5.0,0.45,NPR,/media/SSD_4TB/crispy_storage/comparative_images_img2img/00001_sd35_fp16_seed124_s50_g5.0_str0.45.png,fake,0.8826940655708313,0.09938979148864746
sd3_fp4_s40_g3.5_str0.6,00000,sd3,fp4,123,40,3.5,0.6,CLIP-D,/media/SSD_4TB/crispy_storage/comparative_images_img2img/00000_sd3_fp4_seed123_s40_g3.5_str0.6.png,fake,0.9642434120178223,0.06148719787597656
sd3_fp4_s40_g3.5_str0.6,00000,sd3,fp4,123,40,3.5,0.6,R50_TF,/media/SSD_4TB/crispy_storage/comparative_images_img2img/00000_sd3_fp4_seed123_s40_g3.5_str0.6.png,real,0.4371,0.178
sd3_fp4_s40_g3.5_str0.6,00000,sd3,fp4,123,40,3.5,0.6,NPR,/media/SSD_4TB/crispy_storage/comparative_images_img2img/00000_sd3_fp4_seed123_s40_g3.5_str0.6.png,real,1.2451446991523785e-11,0.09460806846618652
sd35_fp16_s30_g5.0_str0.6,00001,sd35,fp16,124,30,5.0,0.6,CLIP-D,/media/SSD_4TB/crispy_storage/comparative_images_img2img/00001_sd35_fp16_seed124_s30_g5.0_str0.6.png,fake,0.9056819081306458,0.06386017799377441
sd35_fp16_s30_g5.0_str0.6,00001,sd35,fp16,124,30,5.0,0.6,R50_TF,/media/SSD_4TB/crispy_storage/comparative_images_img2img/00001_sd35_fp16_seed124_s30_g5.0_str0.6.png,real,0.3673,0.165
sd35_fp16_s30_g5.0_str0.6,00001,sd35,fp16,124,30,5.0,0.6,NPR,/media/SSD_4TB/crispy_storage/comparative_images_img2img/00001_sd35_fp16_seed124_s30_g5.0_str0.6.png,fake,0.9999942779541016,0.08794951438903809
sd3_fp4_s40_g5.0_str0.6,00000,sd3,fp4,123,40,5.0,0.6,CLIP-D,/media/SSD_4TB/crispy_storage/comparative_images_img2img/00000_sd3_fp4_seed123_s40_g5.0_str0.6.png,fake,0.9772753119468689,0.06182122230529785
sd3_fp4_s40_g5.0_str0.6,00000,sd3,fp4,123,40,5.0,0.6,R50_TF,/media/SSD_4TB/crispy_storage/comparative_images_img2img/00000_sd3_fp4_seed123_s40_g5.0_str0.6.png,real,0.4279,0.188
sd3_fp4_s40_g5.0_str0.6,00000,sd3,fp4,123,40,5.0,0.6,NPR,/media/SSD_4TB/crispy_storage/comparative_images_img2img/00000_sd3_fp4_seed123_s40_g5.0_str0.6.png,real,1.3360279679450193e-12,0.10632586479187012
sd35_fp8_s30_g3.5_str0.6,00001,sd35,fp8,124,30,3.5,0.6,CLIP-D,/media/SSD_4TB/crispy_storage/comparative_images_img2img/00001_sd35_fp8_seed124_s30_g3.5_str0.6.png,fake,0.7795749306678772,0.06356644630432129
sd35_fp8_s30_g3.5_str0.6,00001,sd35,fp8,124,30,3.5,0.6,R50_TF,/media/SSD_4TB/crispy_storage/comparative_images_img2img/00001_sd35_fp8_seed124_s30_g3.5_str0.6.png,real,0.3702,0.168
sd35_fp8_s30_g3.5_str0.6,00001,sd35,fp8,124,30,3.5,0.6,NPR,/media/SSD_4TB/crispy_storage/comparative_images_img2img/00001_sd35_fp8_seed124_s30_g3.5_str0.6.png,fake,0.9996292591094971,0.09424328804016113
sd35_fp16_s30_g6.5_str0.45,00000,sd35,fp16,123,30,6.5,0.45,CLIP-D,/media/SSD_4TB/crispy_storage/comparative_images_img2img/00000_sd35_fp16_seed123_s30_g6.5_str0.45.png,fake,0.872608482837677,0.06169247627258301
sd35_fp16_s30_g6.5_str0.45,00000,sd35,fp16,123,30,6.5,0.45,R50_TF,/media/SSD_4TB/crispy_storage/comparative_images_img2img/00000_sd35_fp16_seed123_s30_g6.5_str0.45.png,real,0.4403,0.178
sd35_fp16_s30_g6.5_str0.45,00000,sd35,fp16,123,30,6.5,0.45,NPR,/media/SSD_4TB/crispy_storage/comparative_images_img2img/00000_sd35_fp16_seed123_s30_g6.5_str0.45.png,real,1.0081720180910025e-11,0.08716726303100586
sd3_fp8_s40_g6.5_str0.45,00000,sd3,fp8,123,40,6.5,0.45,CLIP-D,/media/SSD_4TB/crispy_storage/comparative_images_img2img/00000_sd3_fp8_seed123_s40_g6.5_str0.45.png,real,0.38575294613838196,0.06355142593383789
sd3_fp8_s40_g6.5_str0.45,00000,sd3,fp8,123,40,6.5,0.45,R50_TF,/media/SSD_4TB/crispy_storage/comparative_images_img2img/00000_sd3_fp8_seed123_s40_g6.5_str0.45.png,real,0.4268,0.176
sd3_fp8_s40_g6.5_str0.45,00000,sd3,fp8,123,40,6.5,0.45,NPR,/media/SSD_4TB/crispy_storage/comparative_images_img2img/00000_sd3_fp8_seed123_s40_g6.5_str0.45.png,real,2.1740510901138797e-15,0.08747386932373047
sd35_fp16_s30_g6.5_str0.3,00001,sd35,fp16,124,30,6.5,0.3,CLIP-D,/media/SSD_4TB/crispy_storage/comparative_images_img2img/00001_sd35_fp16_seed124_s30_g6.5_str0.3.png,real,0.005891593638807535,0.062227487564086914
sd35_fp16_s30_g6.5_str0.3,00001,sd35,fp16,124,30,6.5,0.3,R50_TF,/media/SSD_4TB/crispy_storage/comparative_images_img2img/00001_sd35_fp16_seed124_s30_g6.5_str0.3.png,real,0.3722,0.178
sd35_fp16_s30_g6.5_str0.3,00001,sd35,fp16,124,30,6.5,0.3,NPR,/media/SSD_4TB/crispy_storage/comparative_images_img2img/00001_sd35_fp16_seed124_s30_g6.5_str0.3.png,fake,0.999980092048645,0.09088754653930664
sd3_fp8_s50_g5.0_str0.6,00001,sd3,fp8,124,50,5.0,0.6,CLIP-D,/media/SSD_4TB/crispy_storage/comparative_images_img2img/00001_sd3_fp8_seed124_s50_g5.0_str0.6.png,real,0.3338395059108734,0.06291937828063965
sd3_fp8_s50_g5.0_str0.6,00001,sd3,fp8,124,50,5.0,0.6,R50_TF,/media/SSD_4TB/crispy_storage/comparative_images_img2img/00001_sd3_fp8_seed124_s50_g5.0_str0.6.png,real,0.3721,0.174
sd3_fp8_s50_g5.0_str0.6,00001,sd3,fp8,124,50,5.0,0.6,NPR,/media/SSD_4TB/crispy_storage/comparative_images_img2img/00001_sd3_fp8_seed124_s50_g5.0_str0.6.png,real,0.1605491042137146,0.09485936164855957
sd35_fp8_s30_g5.0_str0.6,00000,sd35,fp8,123,30,5.0,0.6,CLIP-D,/media/SSD_4TB/crispy_storage/comparative_images_img2img/00000_sd35_fp8_seed123_s30_g5.0_str0.6.png,fake,0.9687833786010742,0.061197519302368164
sd35_fp8_s30_g5.0_str0.6,00000,sd35,fp8,123,30,5.0,0.6,R50_TF,/media/SSD_4TB/crispy_storage/comparative_images_img2img/00000_sd35_fp8_seed123_s30_g5.0_str0.6.png,real,0.4545,0.174
sd35_fp8_s30_g5.0_str0.6,00000,sd35,fp8,123,30,5.0,0.6,NPR,/media/SSD_4TB/crispy_storage/comparative_images_img2img/00000_sd35_fp8_seed123_s30_g5.0_str0.6.png,real,5.042567252644403e-09,0.08646297454833984
sd35_fp16_s40_g6.5_str0.6,00001,sd35,fp16,124,40,6.5,0.6,CLIP-D,/media/SSD_4TB/crispy_storage/comparative_images_img2img/00001_sd35_fp16_seed124_s40_g6.5_str0.6.png,fake,0.8192831873893738,0.061150550842285156
sd35_fp16_s40_g6.5_str0.6,00001,sd35,fp16,124,40,6.5,0.6,R50_TF,/media/SSD_4TB/crispy_storage/comparative_images_img2img/00001_sd35_fp16_seed124_s40_g6.5_str0.6.png,real,0.3643,0.167
sd35_fp16_s40_g6.5_str0.6,00001,sd35,fp16,124,40,6.5,0.6,NPR,/media/SSD_4TB/crispy_storage/comparative_images_img2img/00001_sd35_fp16_seed124_s40_g6.5_str0.6.png,fake,0.9989544153213501,0.09753894805908203
sd3_fp4_s40_g3.5_str0.3,00000,sd3,fp4,123,40,3.5,0.3,CLIP-D,/media/SSD_4TB/crispy_storage/comparative_images_img2img/00000_sd3_fp4_seed123_s40_g3.5_str0.3.png,fake,0.9748731255531311,0.0657951831817627
sd3_fp4_s40_g3.5_str0.3,00000,sd3,fp4,123,40,3.5,0.3,R50_TF,/media/SSD_4TB/crispy_storage/comparative_images_img2img/00000_sd3_fp4_seed123_s40_g3.5_str0.3.png,real,0.4438,0.18
sd3_fp4_s40_g3.5_str0.3,00000,sd3,fp4,123,40,3.5,0.3,NPR,/media/SSD_4TB/crispy_storage/comparative_images_img2img/00000_sd3_fp4_seed123_s40_g3.5_str0.3.png,real,2.2768654315592643e-15,0.0889129638671875
sd35_fp16_s50_g6.5_str0.6,00000,sd35,fp16,123,50,6.5,0.6,CLIP-D,/media/SSD_4TB/crispy_storage/comparative_images_img2img/00000_sd35_fp16_seed123_s50_g6.5_str0.6.png,fake,0.8960726261138916,0.06176352500915527
sd35_fp16_s50_g6.5_str0.6,00000,sd35,fp16,123,50,6.5,0.6,R50_TF,/media/SSD_4TB/crispy_storage/comparative_images_img2img/00000_sd35_fp16_seed123_s50_g6.5_str0.6.png,real,0.4543,0.173
sd35_fp16_s50_g6.5_str0.6,00000,sd35,fp16,123,50,6.5,0.6,NPR,/media/SSD_4TB/crispy_storage/comparative_images_img2img/00000_sd35_fp16_seed123_s50_g6.5_str0.6.png,real,2.3081908295807807e-07,0.10106277465820312
sd3_fp4_s30_g3.5_str0.6,00001,sd3,fp4,124,30,3.5,0.6,CLIP-D,/media/SSD_4TB/crispy_storage/comparative_images_img2img/00001_sd3_fp4_seed124_s30_g3.5_str0.6.png,fake,0.9473671317100525,0.06083846092224121
sd3_fp4_s30_g3.5_str0.6,00001,sd3,fp4,124,30,3.5,0.6,R50_TF,/media/SSD_4TB/crispy_storage/comparative_images_img2img/00001_sd3_fp4_seed124_s30_g3.5_str0.6.png,real,0.4124,0.172
sd3_fp4_s30_g3.5_str0.6,00001,sd3,fp4,124,30,3.5,0.6,NPR,/media/SSD_4TB/crispy_storage/comparative_images_img2img/00001_sd3_fp4_seed124_s30_g3.5_str0.6.png,real,0.0008010826422832906,0.08656692504882812
sd35_fp8_s40_g6.5_str0.3,00001,sd35,fp8,124,40,6.5,0.3,CLIP-D,/media/SSD_4TB/crispy_storage/comparative_images_img2img/00001_sd35_fp8_seed124_s40_g6.5_str0.3.png,real,0.027756379917263985,0.06140947341918945
sd35_fp8_s40_g6.5_str0.3,00001,sd35,fp8,124,40,6.5,0.3,R50_TF,/media/SSD_4TB/crispy_storage/comparative_images_img2img/00001_sd35_fp8_seed124_s40_g6.5_str0.3.png,real,0.3689,0.171
sd35_fp8_s40_g6.5_str0.3,00001,sd35,fp8,124,40,6.5,0.3,NPR,/media/SSD_4TB/crispy_storage/comparative_images_img2img/00001_sd35_fp8_seed124_s40_g6.5_str0.3.png,fake,0.9920113682746887,0.09492087364196777
sd35_fp16_s40_g3.5_str0.3,00000,sd35,fp16,123,40,3.5,0.3,CLIP-D,/media/SSD_4TB/crispy_storage/comparative_images_img2img/00000_sd35_fp16_seed123_s40_g3.5_str0.3.png,fake,0.8844732642173767,0.06333065032958984
sd35_fp16_s40_g3.5_str0.3,00000,sd35,fp16,123,40,3.5,0.3,R50_TF,/media/SSD_4TB/crispy_storage/comparative_images_img2img/00000_sd35_fp16_seed123_s40_g3.5_str0.3.png,real,0.43,0.184
sd35_fp16_s40_g3.5_str0.3,00000,sd35,fp16,123,40,3.5,0.3,NPR,/media/SSD_4TB/crispy_storage/comparative_images_img2img/00000_sd35_fp16_seed123_s40_g3.5_str0.3.png,real,1.6196470620704955e-15,0.09239387512207031
sd35_fp16_s50_g6.5_str0.6,00001,sd35,fp16,124,50,6.5,0.6,CLIP-D,/media/SSD_4TB/crispy_storage/comparative_images_img2img/00001_sd35_fp16_seed124_s50_g6.5_str0.6.png,fake,0.8654922842979431,0.06173539161682129
sd35_fp16_s50_g6.5_str0.6,00001,sd35,fp16,124,50,6.5,0.6,R50_TF,/media/SSD_4TB/crispy_storage/comparative_images_img2img/00001_sd35_fp16_seed124_s50_g6.5_str0.6.png,real,0.3627,0.178
sd35_fp16_s50_g6.5_str0.6,00001,sd35,fp16,124,50,6.5,0.6,NPR,/media/SSD_4TB/crispy_storage/comparative_images_img2img/00001_sd35_fp16_seed124_s50_g6.5_str0.6.png,fake,0.9964340925216675,0.09512186050415039
sd35_fp8_s50_g6.5_str0.45,00000,sd35,fp8,123,50,6.5,0.45,CLIP-D,/media/SSD_4TB/crispy_storage/comparative_images_img2img/00000_sd35_fp8_seed123_s50_g6.5_str0.45.png,fake,0.6791836619377136,0.0664987564086914
sd35_fp8_s50_g6.5_str0.45,00000,sd35,fp8,123,50,6.5,0.45,R50_TF,/media/SSD_4TB/crispy_storage/comparative_images_img2img/00000_sd35_fp8_seed123_s50_g6.5_str0.45.png,real,0.4329,0.172
sd35_fp8_s50_g6.5_str0.45,00000,sd35,fp8,123,50,6.5,0.45,NPR,/media/SSD_4TB/crispy_storage/comparative_images_img2img/00000_sd35_fp8_seed123_s50_g6.5_str0.45.png,real,1.1076436398941777e-13,0.09227609634399414
sd35_fp4_s50_g6.5_str0.3,00000,sd35,fp4,123,50,6.5,0.3,CLIP-D,/media/SSD_4TB/crispy_storage/comparative_images_img2img/00000_sd35_fp4_seed123_s50_g6.5_str0.3.png,fake,0.7997554540634155,0.0617830753326416
sd35_fp4_s50_g6.5_str0.3,00000,sd35,fp4,123,50,6.5,0.3,R50_TF,/media/SSD_4TB/crispy_storage/comparative_images_img2img/00000_sd35_fp4_seed123_s50_g6.5_str0.3.png,real,0.4206,0.17
sd35_fp4_s50_g6.5_str0.3,00000,sd35,fp4,123,50,6.5,0.3,NPR,/media/SSD_4TB/crispy_storage/comparative_images_img2img/00000_sd35_fp4_seed123_s50_g6.5_str0.3.png,real,8.86552645836989e-16,0.09118318557739258
sd3_fp8_s50_g6.5_str0.3,00001,sd3,fp8,124,50,6.5,0.3,CLIP-D,/media/SSD_4TB/crispy_storage/comparative_images_img2img/00001_sd3_fp8_seed124_s50_g6.5_str0.3.png,real,0.017883116379380226,0.0650777816772461
sd3_fp8_s50_g6.5_str0.3,00001,sd3,fp8,124,50,6.5,0.3,R50_TF,/media/SSD_4TB/crispy_storage/comparative_images_img2img/00001_sd3_fp8_seed124_s50_g6.5_str0.3.png,real,0.3678,0.165
sd3_fp8_s50_g6.5_str0.3,00001,sd3,fp8,124,50,6.5,0.3,NPR,/media/SSD_4TB/crispy_storage/comparative_images_img2img/00001_sd3_fp8_seed124_s50_g6.5_str0.3.png,fake,0.9963415265083313,0.08908963203430176
sd3_fp4_s30_g5.0_str0.45,00000,sd3,fp4,123,30,5.0,0.45,R50_TF,/media/SSD_4TB/crispy_storage/comparative_images_img2img/00000_sd3_fp4_seed123_s30_g5.0_str0.45.png,real,0.4545,0.175
sd3_fp4_s30_g5.0_str0.45,00000,sd3,fp4,123,30,5.0,0.45,NPR,/media/SSD_4TB/crispy_storage/comparative_images_img2img/00000_sd3_fp4_seed123_s30_g5.0_str0.45.png,real,3.366131167003455e-15,0.0932767391204834
sd35_fp16_s50_g5.0_str0.3,00001,sd35,fp16,124,50,5.0,0.3,CLIP-D,/media/SSD_4TB/crispy_storage/comparative_images_img2img/00001_sd35_fp16_seed124_s50_g5.0_str0.3.png,real,0.004805292468518019,0.06182527542114258
sd35_fp16_s50_g5.0_str0.3,00001,sd35,fp16,124,50,5.0,0.3,R50_TF,/media/SSD_4TB/crispy_storage/comparative_images_img2img/00001_sd35_fp16_seed124_s50_g5.0_str0.3.png,real,0.3687,0.169
sd35_fp16_s50_g5.0_str0.3,00001,sd35,fp16,124,50,5.0,0.3,NPR,/media/SSD_4TB/crispy_storage/comparative_images_img2img/00001_sd35_fp16_seed124_s50_g5.0_str0.3.png,fake,0.9999902248382568,0.08945107460021973
sd35_fp16_s50_g5.0_str0.3,00000,sd35,fp16,123,50,5.0,0.3,R50_TF,/media/SSD_4TB/crispy_storage/comparative_images_img2img/00000_sd35_fp16_seed123_s50_g5.0_str0.3.png,real,0.4353,0.173
sd35_fp16_s50_g5.0_str0.3,00000,sd35,fp16,123,50,5.0,0.3,NPR,/media/SSD_4TB/crispy_storage/comparative_images_img2img/00000_sd35_fp16_seed123_s50_g5.0_str0.3.png,real,1.2400762925204867e-13,0.09093570709228516
sd35_fp4_s40_g3.5_str0.3,00001,sd35,fp4,124,40,3.5,0.3,CLIP-D,/media/SSD_4TB/crispy_storage/comparative_images_img2img/00001_sd35_fp4_seed124_s40_g3.5_str0.3.png,real,0.11126367002725601,0.061409711837768555
sd35_fp4_s40_g3.5_str0.3,00001,sd35,fp4,124,40,3.5,0.3,R50_TF,/media/SSD_4TB/crispy_storage/comparative_images_img2img/00001_sd35_fp4_seed124_s40_g3.5_str0.3.png,real,0.3746,0.166
sd35_fp4_s40_g3.5_str0.3,00001,sd35,fp4,124,40,3.5,0.3,NPR,/media/SSD_4TB/crispy_storage/comparative_images_img2img/00001_sd35_fp4_seed124_s40_g3.5_str0.3.png,fake,0.9860312938690186,0.09094858169555664
sd3_fp8_s30_g5.0_str0.3,00001,sd3,fp8,124,30,5.0,0.3,CLIP-D,/media/SSD_4TB/crispy_storage/comparative_images_img2img/00001_sd3_fp8_seed124_s30_g5.0_str0.3.png,real,0.01852373406291008,0.06325984001159668
sd3_fp4_s40_g3.5_str0.45,00001,sd3,fp4,124,40,3.5,0.45,CLIP-D,/media/SSD_4TB/crispy_storage/comparative_images_img2img/00001_sd3_fp4_seed124_s40_g3.5_str0.45.png,fake,0.8618545532226562,0.06212496757507324
sd3_fp4_s40_g3.5_str0.45,00001,sd3,fp4,124,40,3.5,0.45,R50_TF,/media/SSD_4TB/crispy_storage/comparative_images_img2img/00001_sd3_fp4_seed124_s40_g3.5_str0.45.png,real,0.4001,0.178
sd3_fp4_s40_g3.5_str0.45,00001,sd3,fp4,124,40,3.5,0.45,NPR,/media/SSD_4TB/crispy_storage/comparative_images_img2img/00001_sd3_fp4_seed124_s40_g3.5_str0.45.png,fake,0.9767079949378967,0.09195160865783691
sd35_fp16_s30_g6.5_str0.3,00000,sd35,fp16,123,30,6.5,0.3,CLIP-D,/media/SSD_4TB/crispy_storage/comparative_images_img2img/00000_sd35_fp16_seed123_s30_g6.5_str0.3.png,fake,0.8056593537330627,0.06563138961791992
sd35_fp16_s30_g6.5_str0.3,00000,sd35,fp16,123,30,6.5,0.3,R50_TF,/media/SSD_4TB/crispy_storage/comparative_images_img2img/00000_sd35_fp16_seed123_s30_g6.5_str0.3.png,real,0.438,0.176
sd35_fp16_s30_g6.5_str0.3,00000,sd35,fp16,123,30,6.5,0.3,NPR,/media/SSD_4TB/crispy_storage/comparative_images_img2img/00000_sd35_fp16_seed123_s30_g6.5_str0.3.png,real,4.7637662349173885e-16,0.09709334373474121
sd3_fp8_s40_g6.5_str0.45,00001,sd3,fp8,124,40,6.5,0.45,CLIP-D,/media/SSD_4TB/crispy_storage/comparative_images_img2img/00001_sd3_fp8_seed124_s40_g6.5_str0.45.png,real,0.45968592166900635,0.061615705490112305
sd3_fp8_s40_g6.5_str0.45,00001,sd3,fp8,124,40,6.5,0.45,R50_TF,/media/SSD_4TB/crispy_storage/comparative_images_img2img/00001_sd3_fp8_seed124_s40_g6.5_str0.45.png,real,0.3678,0.169
sd3_fp8_s40_g6.5_str0.45,00001,sd3,fp8,124,40,6.5,0.45,NPR,/media/SSD_4TB/crispy_storage/comparative_images_img2img/00001_sd3_fp8_seed124_s40_g6.5_str0.45.png,fake,0.5403047800064087,0.09051346778869629
sd35_fp16_s30_g5.0_str0.3,00001,sd35,fp16,124,30,5.0,0.3,CLIP-D,/media/SSD_4TB/crispy_storage/comparative_images_img2img/00001_sd35_fp16_seed124_s30_g5.0_str0.3.png,real,0.0037834064569324255,0.06214594841003418
sd35_fp16_s30_g5.0_str0.3,00001,sd35,fp16,124,30,5.0,0.3,R50_TF,/media/SSD_4TB/crispy_storage/comparative_images_img2img/00001_sd35_fp16_seed124_s30_g5.0_str0.3.png,real,0.3729,0.181
sd35_fp16_s30_g5.0_str0.3,00001,sd35,fp16,124,30,5.0,0.3,NPR,/media/SSD_4TB/crispy_storage/comparative_images_img2img/00001_sd35_fp16_seed124_s30_g5.0_str0.3.png,fake,0.9999735355377197,0.09349203109741211
sd35_fp8_s30_g3.5_str0.3,00000,sd35,fp8,123,30,3.5,0.3,CLIP-D,/media/SSD_4TB/crispy_storage/comparative_images_img2img/00000_sd35_fp8_seed123_s30_g3.5_str0.3.png,fake,0.8134955167770386,0.06335306167602539
sd35_fp8_s30_g3.5_str0.3,00000,sd35,fp8,123,30,3.5,0.3,R50_TF,/media/SSD_4TB/crispy_storage/comparative_images_img2img/00000_sd35_fp8_seed123_s30_g3.5_str0.3.png,real,0.4385,0.174
sd35_fp8_s30_g3.5_str0.3,00000,sd35,fp8,123,30,3.5,0.3,NPR,/media/SSD_4TB/crispy_storage/comparative_images_img2img/00000_sd35_fp8_seed123_s30_g3.5_str0.3.png,real,9.620491854254099e-18,0.09221506118774414
sd35_fp16_s50_g3.5_str0.3,00001,sd35,fp16,124,50,3.5,0.3,CLIP-D,/media/SSD_4TB/crispy_storage/comparative_images_img2img/00001_sd35_fp16_seed124_s50_g3.5_str0.3.png,real,0.004904651548713446,0.06205916404724121
sd35_fp16_s50_g3.5_str0.3,00001,sd35,fp16,124,50,3.5,0.3,R50_TF,/media/SSD_4TB/crispy_storage/comparative_images_img2img/00001_sd35_fp16_seed124_s50_g3.5_str0.3.png,real,0.3693,0.167
sd35_fp16_s50_g3.5_str0.3,00001,sd35,fp16,124,50,3.5,0.3,NPR,/media/SSD_4TB/crispy_storage/comparative_images_img2img/00001_sd35_fp16_seed124_s50_g3.5_str0.3.png,fake,0.9992008805274963,0.09059643745422363
sd35_fp8_s30_g5.0_str0.3,00000,sd35,fp8,123,30,5.0,0.3,CLIP-D,/media/SSD_4TB/crispy_storage/comparative_images_img2img/00000_sd35_fp8_seed123_s30_g5.0_str0.3.png,fake,0.801529049873352,0.06179690361022949
sd35_fp8_s30_g5.0_str0.3,00000,sd35,fp8,123,30,5.0,0.3,R50_TF,/media/SSD_4TB/crispy_storage/comparative_images_img2img/00000_sd35_fp8_seed123_s30_g5.0_str0.3.png,real,0.4414,0.18
sd35_fp8_s30_g5.0_str0.3,00000,sd35,fp8,123,30,5.0,0.3,NPR,/media/SSD_4TB/crispy_storage/comparative_images_img2img/00000_sd35_fp8_seed123_s30_g5.0_str0.3.png,real,1.5145322982543764e-17,0.09216928482055664
sd3_fp4_s40_g5.0_str0.6,00001,sd3,fp4,124,40,5.0,0.6,CLIP-D,/media/SSD_4TB/crispy_storage/comparative_images_img2img/00001_sd3_fp4_seed124_s40_g5.0_str0.6.png,fake,0.958685576915741,0.06882262229919434
sd3_fp4_s40_g5.0_str0.6,00001,sd3,fp4,124,40,5.0,0.6,R50_TF,/media/SSD_4TB/crispy_storage/comparative_images_img2img/00001_sd3_fp4_seed124_s40_g5.0_str0.6.png,real,0.4026,0.17
sd3_fp4_s40_g5.0_str0.6,00001,sd3,fp4,124,40,5.0,0.6,NPR,/media/SSD_4TB/crispy_storage/comparative_images_img2img/00001_sd3_fp4_seed124_s40_g5.0_str0.6.png,real,0.00010573775216471404,0.09056520462036133
sd35_fp16_s50_g6.5_str0.3,00001,sd35,fp16,124,50,6.5,0.3,CLIP-D,/media/SSD_4TB/crispy_storage/comparative_images_img2img/00001_sd35_fp16_seed124_s50_g6.5_str0.3.png,real,0.006594343110918999,0.061432600021362305
sd35_fp16_s50_g6.5_str0.3,00001,sd35,fp16,124,50,6.5,0.3,R50_TF,/media/SSD_4TB/crispy_storage/comparative_images_img2img/00001_sd35_fp16_seed124_s50_g6.5_str0.3.png,real,0.3656,0.186
sd35_fp16_s50_g6.5_str0.3,00001,sd35,fp16,124,50,6.5,0.3,NPR,/media/SSD_4TB/crispy_storage/comparative_images_img2img/00001_sd35_fp16_seed124_s50_g6.5_str0.3.png,fake,0.998504638671875,0.09356522560119629
sd35_fp8_s50_g3.5_str0.6,00001,sd35,fp8,124,50,3.5,0.6,CLIP-D,/media/SSD_4TB/crispy_storage/comparative_images_img2img/00001_sd35_fp8_seed124_s50_g3.5_str0.6.png,fake,0.6125303506851196,0.06350398063659668
sd35_fp8_s50_g3.5_str0.6,00001,sd35,fp8,124,50,3.5,0.6,R50_TF,/media/SSD_4TB/crispy_storage/comparative_images_img2img/00001_sd35_fp8_seed124_s50_g3.5_str0.6.png,real,0.3597,0.172
sd35_fp8_s50_g3.5_str0.6,00001,sd35,fp8,124,50,3.5,0.6,NPR,/media/SSD_4TB/crispy_storage/comparative_images_img2img/00001_sd35_fp8_seed124_s50_g3.5_str0.6.png,fake,0.9868229627609253,0.0900726318359375
sd35_fp4_s40_g5.0_str0.3,00001,sd35,fp4,124,40,5.0,0.3,CLIP-D,/media/SSD_4TB/crispy_storage/comparative_images_img2img/00001_sd35_fp4_seed124_s40_g5.0_str0.3.png,real,0.12668929994106293,0.06164860725402832
sd35_fp4_s40_g5.0_str0.3,00001,sd35,fp4,124,40,5.0,0.3,R50_TF,/media/SSD_4TB/crispy_storage/comparative_images_img2img/00001_sd35_fp4_seed124_s40_g5.0_str0.3.png,real,0.373,0.168
sd35_fp4_s40_g5.0_str0.3,00001,sd35,fp4,124,40,5.0,0.3,NPR,/media/SSD_4TB/crispy_storage/comparative_images_img2img/00001_sd35_fp4_seed124_s40_g5.0_str0.3.png,fake,0.9979518055915833,0.09569334983825684
sd35_fp4_s30_g3.5_str0.45,00001,sd35,fp4,124,30,3.5,0.45,CLIP-D,/media/SSD_4TB/crispy_storage/comparative_images_img2img/00001_sd35_fp4_seed124_s30_g3.5_str0.45.png,real,0.034396376460790634,0.061981201171875
sd35_fp4_s30_g3.5_str0.45,00001,sd35,fp4,124,30,3.5,0.45,R50_TF,/media/SSD_4TB/crispy_storage/comparative_images_img2img/00001_sd35_fp4_seed124_s30_g3.5_str0.45.png,real,0.3799,0.169
sd35_fp4_s30_g3.5_str0.45,00001,sd35,fp4,124,30,3.5,0.45,NPR,/media/SSD_4TB/crispy_storage/comparative_images_img2img/00001_sd35_fp4_seed124_s30_g3.5_str0.45.png,fake,0.7430602312088013,0.09058094024658203
sd3_fp8_s50_g6.5_str0.45,00001,sd3,fp8,124,50,6.5,0.45,CLIP-D,/media/SSD_4TB/crispy_storage/comparative_images_img2img/00001_sd3_fp8_seed124_s50_g6.5_str0.45.png,real,0.034684181213378906,0.061658382415771484
sd3_fp8_s50_g6.5_str0.45,00001,sd3,fp8,124,50,6.5,0.45,R50_TF,/media/SSD_4TB/crispy_storage/comparative_images_img2img/00001_sd3_fp8_seed124_s50_g6.5_str0.45.png,real,0.3527,0.17
sd3_fp8_s50_g6.5_str0.45,00001,sd3,fp8,124,50,6.5,0.45,NPR,/media/SSD_4TB/crispy_storage/comparative_images_img2img/00001_sd3_fp8_seed124_s50_g6.5_str0.45.png,real,0.22786879539489746,0.09079289436340332
sd35_fp8_s50_g6.5_str0.45,00001,sd35,fp8,124,50,6.5,0.45,CLIP-D,/media/SSD_4TB/crispy_storage/comparative_images_img2img/00001_sd35_fp8_seed124_s50_g6.5_str0.45.png,real,0.03543077036738396,0.061281442642211914
sd35_fp8_s50_g6.5_str0.45,00001,sd35,fp8,124,50,6.5,0.45,R50_TF,/media/SSD_4TB/crispy_storage/comparative_images_img2img/00001_sd35_fp8_seed124_s50_g6.5_str0.45.png,real,0.3547,0.168
sd35_fp8_s50_g6.5_str0.45,00001,sd35,fp8,124,50,6.5,0.45,NPR,/media/SSD_4TB/crispy_storage/comparative_images_img2img/00001_sd35_fp8_seed124_s50_g6.5_str0.45.png,real,0.21759198606014252,0.09174537658691406
sd3_fp4_s50_g5.0_str0.3,00000,sd3,fp4,123,50,5.0,0.3,CLIP-D,/media/SSD_4TB/crispy_storage/comparative_images_img2img/00000_sd3_fp4_seed123_s50_g5.0_str0.3.png,fake,0.9796432852745056,0.06185173988342285
sd3_fp4_s50_g5.0_str0.3,00000,sd3,fp4,123,50,5.0,0.3,R50_TF,/media/SSD_4TB/crispy_storage/comparative_images_img2img/00000_sd3_fp4_seed123_s50_g5.0_str0.3.png,real,0.4426,0.169
sd3_fp4_s50_g5.0_str0.3,00000,sd3,fp4,123,50,5.0,0.3,NPR,/media/SSD_4TB/crispy_storage/comparative_images_img2img/00000_sd3_fp4_seed123_s50_g5.0_str0.3.png,real,1.9601216537466076e-14,0.09058451652526855
sd35_fp8_s30_g5.0_str0.6,00001,sd35,fp8,124,30,5.0,0.6,R50_TF,/media/SSD_4TB/crispy_storage/comparative_images_img2img/00001_sd35_fp8_seed124_s30_g5.0_str0.6.png,fake,0.6279,0.17
sd35_fp8_s30_g5.0_str0.6,00001,sd35,fp8,124,30,5.0,0.6,NPR,/media/SSD_4TB/crispy_storage/comparative_images_img2img/00001_sd35_fp8_seed124_s30_g5.0_str0.6.png,fake,0.9998296499252319,0.09513664245605469
sd3_fp4_s50_g6.5_str0.45,00000,sd3,fp4,123,50,6.5,0.45,CLIP-D,/media/SSD_4TB/crispy_storage/comparative_images_img2img/00000_sd3_fp4_seed123_s50_g6.5_str0.45.png,fake,0.9455024003982544,0.06170368194580078
sd3_fp4_s50_g6.5_str0.45,00000,sd3,fp4,123,50,6.5,0.45,R50_TF,/media/SSD_4TB/crispy_storage/comparative_images_img2img/00000_sd3_fp4_seed123_s50_g6.5_str0.45.png,real,0.4425,0.177
sd3_fp4_s50_g6.5_str0.45,00000,sd3,fp4,123,50,6.5,0.45,NPR,/media/SSD_4TB/crispy_storage/comparative_images_img2img/00000_sd3_fp4_seed123_s50_g6.5_str0.45.png,real,5.70981182799156e-14,0.09611296653747559
sd35_fp4_s30_g5.0_str0.6,00001,sd35,fp4,124,30,5.0,0.6,NPR,/media/SSD_4TB/crispy_storage/comparative_images_img2img/00001_sd35_fp4_seed124_s30_g5.0_str0.6.png,fake,0.6851723790168762,0.09426379203796387
sd35_fp8_s30_g5.0_str0.45,00000,sd35,fp8,123,30,5.0,0.45,CLIP-D,/media/SSD_4TB/crispy_storage/comparative_images_img2img/00000_sd35_fp8_seed123_s30_g5.0_str0.45.png,fake,0.7907756567001343,0.061620235443115234
sd35_fp8_s30_g5.0_str0.45,00000,sd35,fp8,123,30,5.0,0.45,R50_TF,/media/SSD_4TB/crispy_storage/comparative_images_img2img/00000_sd35_fp8_seed123_s30_g5.0_str0.45.png,real,0.4265,0.175
sd35_fp8_s30_g5.0_str0.45,00000,sd35,fp8,123,30,5.0,0.45,NPR,/media/SSD_4TB/crispy_storage/comparative_images_img2img/00000_sd35_fp8_seed123_s30_g5.0_str0.45.png,real,1.2525972193088857e-16,0.09509134292602539
sd35_fp8_s50_g6.5_str0.6,00000,sd35,fp8,123,50,6.5,0.6,CLIP-D,/media/SSD_4TB/crispy_storage/comparative_images_img2img/00000_sd35_fp8_seed123_s50_g6.5_str0.6.png,fake,0.9626275300979614,0.06139326095581055
sd35_fp8_s50_g6.5_str0.6,00000,sd35,fp8,123,50,6.5,0.6,R50_TF,/media/SSD_4TB/crispy_storage/comparative_images_img2img/00000_sd35_fp8_seed123_s50_g6.5_str0.6.png,real,0.4564,0.174
sd35_fp8_s50_g6.5_str0.6,00000,sd35,fp8,123,50,6.5,0.6,NPR,/media/SSD_4TB/crispy_storage/comparative_images_img2img/00000_sd35_fp8_seed123_s50_g6.5_str0.6.png,real,1.8964655623676663e-07,0.09452152252197266
sd35_fp16_s30_g6.5_str0.45,00001,sd35,fp16,124,30,6.5,0.45,CLIP-D,/media/SSD_4TB/crispy_storage/comparative_images_img2img/00001_sd35_fp16_seed124_s30_g6.5_str0.45.png,real,0.009284047409892082,0.06807398796081543
sd35_fp16_s30_g6.5_str0.45,00001,sd35,fp16,124,30,6.5,0.45,R50_TF,/media/SSD_4TB/crispy_storage/comparative_images_img2img/00001_sd35_fp16_seed124_s30_g6.5_str0.45.png,real,0.3706,0.172
sd35_fp16_s30_g6.5_str0.45,00001,sd35,fp16,124,30,6.5,0.45,NPR,/media/SSD_4TB/crispy_storage/comparative_images_img2img/00001_sd35_fp16_seed124_s30_g6.5_str0.45.png,fake,0.9989932179450989,0.09481072425842285
sd3_fp4_s40_g5.0_str0.3,00001,sd3,fp4,124,40,5.0,0.3,CLIP-D,/media/SSD_4TB/crispy_storage/comparative_images_img2img/00001_sd3_fp4_seed124_s40_g5.0_str0.3.png,fake,0.6332359910011292,0.06203031539916992
sd3_fp4_s40_g5.0_str0.3,00001,sd3,fp4,124,40,5.0,0.3,R50_TF,/media/SSD_4TB/crispy_storage/comparative_images_img2img/00001_sd3_fp4_seed124_s40_g5.0_str0.3.png,real,0.3687,0.178
sd3_fp4_s40_g5.0_str0.3,00001,sd3,fp4,124,40,5.0,0.3,NPR,/media/SSD_4TB/crispy_storage/comparative_images_img2img/00001_sd3_fp4_seed124_s40_g5.0_str0.3.png,real,0.35695335268974304,0.09477639198303223
sd35_fp16_s40_g3.5_str0.45,00000,sd35,fp16,123,40,3.5,0.45,CLIP-D,/media/SSD_4TB/crispy_storage/comparative_images_img2img/00000_sd35_fp16_seed123_s40_g3.5_str0.45.png,fake,0.9347577095031738,0.06136322021484375
sd35_fp16_s40_g3.5_str0.45,00000,sd35,fp16,123,40,3.5,0.45,R50_TF,/media/SSD_4TB/crispy_storage/comparative_images_img2img/00000_sd35_fp16_seed123_s40_g3.5_str0.45.png,real,0.4284,0.179
sd35_fp16_s40_g3.5_str0.45,00000,sd35,fp16,123,40,3.5,0.45,NPR,/media/SSD_4TB/crispy_storage/comparative_images_img2img/00000_sd35_fp16_seed123_s40_g3.5_str0.45.png,real,1.0044742137669746e-13,0.09506750106811523
sd35_fp8_s50_g6.5_str0.3,00001,sd35,fp8,124,50,6.5,0.3,CLIP-D,/media/SSD_4TB/crispy_storage/comparative_images_img2img/00001_sd35_fp8_seed124_s50_g6.5_str0.3.png,real,0.0027436204254627228,0.06134629249572754
sd35_fp8_s50_g6.5_str0.3,00001,sd35,fp8,124,50,6.5,0.3,R50_TF,/media/SSD_4TB/crispy_storage/comparative_images_img2img/00001_sd35_fp8_seed124_s50_g6.5_str0.3.png,real,0.3728,0.169
sd35_fp8_s50_g6.5_str0.3,00001,sd35,fp8,124,50,6.5,0.3,NPR,/media/SSD_4TB/crispy_storage/comparative_images_img2img/00001_sd35_fp8_seed124_s50_g6.5_str0.3.png,fake,0.6519782543182373,0.09257006645202637
sd35_fp16_s50_g5.0_str0.45,00000,sd35,fp16,123,50,5.0,0.45,CLIP-D,/media/SSD_4TB/crispy_storage/comparative_images_img2img/00000_sd35_fp16_seed123_s50_g5.0_str0.45.png,fake,0.9161545634269714,0.061753273010253906
sd35_fp16_s50_g5.0_str0.45,00000,sd35,fp16,123,50,5.0,0.45,R50_TF,/media/SSD_4TB/crispy_storage/comparative_images_img2img/00000_sd35_fp16_seed123_s50_g5.0_str0.45.png,real,0.431,0.174
sd35_fp16_s50_g5.0_str0.45,00000,sd35,fp16,123,50,5.0,0.45,NPR,/media/SSD_4TB/crispy_storage/comparative_images_img2img/00000_sd35_fp16_seed123_s50_g5.0_str0.45.png,real,1.0350040269280214e-10,0.0951833724975586
sd35_fp16_s40_g6.5_str0.3,00000,sd35,fp16,123,40,6.5,0.3,CLIP-D,/media/SSD_4TB/crispy_storage/comparative_images_img2img/00000_sd35_fp16_seed123_s40_g6.5_str0.3.png,fake,0.6731278896331787,0.06257128715515137
sd35_fp16_s40_g6.5_str0.3,00000,sd35,fp16,123,40,6.5,0.3,R50_TF,/media/SSD_4TB/crispy_storage/comparative_images_img2img/00000_sd35_fp16_seed123_s40_g6.5_str0.3.png,real,0.4366,0.177
sd35_fp16_s40_g6.5_str0.3,00000,sd35,fp16,123,40,6.5,0.3,NPR,/media/SSD_4TB/crispy_storage/comparative_images_img2img/00000_sd35_fp16_seed123_s40_g6.5_str0.3.png,real,2.5849732849581898e-14,0.09344625473022461
sd3_fp8_s30_g6.5_str0.3,00000,sd3,fp8,123,30,6.5,0.3,CLIP-D,/media/SSD_4TB/crispy_storage/comparative_images_img2img/00000_sd3_fp8_seed123_s30_g6.5_str0.3.png,fake,0.7970051169395447,0.06320357322692871
sd3_fp8_s30_g6.5_str0.3,00000,sd3,fp8,123,30,6.5,0.3,R50_TF,/media/SSD_4TB/crispy_storage/comparative_images_img2img/00000_sd3_fp8_seed123_s30_g6.5_str0.3.png,real,0.4398,0.172
sd3_fp8_s30_g6.5_str0.3,00000,sd3,fp8,123,30,6.5,0.3,NPR,/media/SSD_4TB/crispy_storage/comparative_images_img2img/00000_sd3_fp8_seed123_s30_g6.5_str0.3.png,real,1.1959800812765301e-16,0.09543538093566895
sd35_fp16_s30_g3.5_str0.3,00000,sd35,fp16,123,30,3.5,0.3,CLIP-D,/media/SSD_4TB/crispy_storage/comparative_images_img2img/00000_sd35_fp16_seed123_s30_g3.5_str0.3.png,fake,0.830779492855072,0.06176424026489258
sd35_fp16_s30_g3.5_str0.3,00000,sd35,fp16,123,30,3.5,0.3,R50_TF,/media/SSD_4TB/crispy_storage/comparative_images_img2img/00000_sd35_fp16_seed123_s30_g3.5_str0.3.png,real,0.4351,0.172
sd35_fp16_s30_g3.5_str0.3,00000,sd35,fp16,123,30,3.5,0.3,NPR,/media/SSD_4TB/crispy_storage/comparative_images_img2img/00000_sd35_fp16_seed123_s30_g3.5_str0.3.png,real,1.4064055646871598e-16,0.08811736106872559
sd3_fp4_s50_g5.0_str0.45,00001,sd3,fp4,124,50,5.0,0.45,CLIP-D,/media/SSD_4TB/crispy_storage/comparative_images_img2img/00001_sd3_fp4_seed124_s50_g5.0_str0.45.png,fake,0.9330065846443176,0.06207466125488281
sd3_fp4_s50_g5.0_str0.45,00001,sd3,fp4,124,50,5.0,0.45,R50_TF,/media/SSD_4TB/crispy_storage/comparative_images_img2img/00001_sd3_fp4_seed124_s50_g5.0_str0.45.png,real,0.3992,0.168
sd3_fp4_s50_g5.0_str0.45,00001,sd3,fp4,124,50,5.0,0.45,NPR,/media/SSD_4TB/crispy_storage/comparative_images_img2img/00001_sd3_fp4_seed124_s50_g5.0_str0.45.png,fake,0.6449935436248779,0.09679055213928223
sd35_fp16_s40_g5.0_str0.45,00000,sd35,fp16,123,40,5.0,0.45,CLIP-D,/media/SSD_4TB/crispy_storage/comparative_images_img2img/00000_sd35_fp16_seed123_s40_g5.0_str0.45.png,fake,0.798689067363739,0.06243705749511719
sd35_fp16_s40_g5.0_str0.45,00000,sd35,fp16,123,40,5.0,0.45,R50_TF,/media/SSD_4TB/crispy_storage/comparative_images_img2img/00000_sd35_fp16_seed123_s40_g5.0_str0.45.png,real,0.4293,0.176
sd35_fp16_s40_g5.0_str0.45,00000,sd35,fp16,123,40,5.0,0.45,NPR,/media/SSD_4TB/crispy_storage/comparative_images_img2img/00000_sd35_fp16_seed123_s40_g5.0_str0.45.png,real,5.263349435111198e-13,0.08828449249267578
sd3_fp4_s50_g6.5_str0.3,00001,sd3,fp4,124,50,6.5,0.3,CLIP-D,/media/SSD_4TB/crispy_storage/comparative_images_img2img/00001_sd3_fp4_seed124_s50_g6.5_str0.3.png,fake,0.5251618027687073,0.06255912780761719
sd3_fp4_s50_g6.5_str0.3,00001,sd3,fp4,124,50,6.5,0.3,R50_TF,/media/SSD_4TB/crispy_storage/comparative_images_img2img/00001_sd3_fp4_seed124_s50_g6.5_str0.3.png,real,0.3721,0.184
sd3_fp4_s50_g6.5_str0.3,00001,sd3,fp4,124,50,6.5,0.3,NPR,/media/SSD_4TB/crispy_storage/comparative_images_img2img/00001_sd3_fp4_seed124_s50_g6.5_str0.3.png,fake,0.9615936279296875,0.09073472023010254
sd35_fp16_s50_g3.5_str0.45,00000,sd35,fp16,123,50,3.5,0.45,CLIP-D,/media/SSD_4TB/crispy_storage/comparative_images_img2img/00000_sd35_fp16_seed123_s50_g3.5_str0.45.png,fake,0.9473780393600464,0.06169438362121582
sd35_fp16_s50_g3.5_str0.45,00000,sd35,fp16,123,50,3.5,0.45,R50_TF,/media/SSD_4TB/crispy_storage/comparative_images_img2img/00000_sd35_fp16_seed123_s50_g3.5_str0.45.png,real,0.4319,0.182
sd35_fp16_s50_g3.5_str0.45,00000,sd35,fp16,123,50,3.5,0.45,NPR,/media/SSD_4TB/crispy_storage/comparative_images_img2img/00000_sd35_fp16_seed123_s50_g3.5_str0.45.png,real,8.475098227378464e-12,0.08733177185058594
sd35_fp8_s50_g3.5_str0.3,00000,sd35,fp8,123,50,3.5,0.3,CLIP-D,/media/SSD_4TB/crispy_storage/comparative_images_img2img/00000_sd35_fp8_seed123_s50_g3.5_str0.3.png,fake,0.7546010613441467,0.06554603576660156
sd35_fp8_s50_g3.5_str0.3,00000,sd35,fp8,123,50,3.5,0.3,R50_TF,/media/SSD_4TB/crispy_storage/comparative_images_img2img/00000_sd35_fp8_seed123_s50_g3.5_str0.3.png,real,0.4333,0.169
sd35_fp8_s50_g3.5_str0.3,00000,sd35,fp8,123,50,3.5,0.3,NPR,/media/SSD_4TB/crispy_storage/comparative_images_img2img/00000_sd35_fp8_seed123_s50_g3.5_str0.3.png,real,3.873314802303306e-15,0.09549927711486816
sd3_fp4_s30_g6.5_str0.3,00001,sd3,fp4,124,30,6.5,0.3,CLIP-D,/media/SSD_4TB/crispy_storage/comparative_images_img2img/00001_sd3_fp4_seed124_s30_g6.5_str0.3.png,fake,0.7828598022460938,0.06216120719909668
sd3_fp4_s30_g6.5_str0.3,00001,sd3,fp4,124,30,6.5,0.3,R50_TF,/media/SSD_4TB/crispy_storage/comparative_images_img2img/00001_sd3_fp4_seed124_s30_g6.5_str0.3.png,real,0.388,0.183
sd3_fp4_s30_g6.5_str0.3,00001,sd3,fp4,124,30,6.5,0.3,NPR,/media/SSD_4TB/crispy_storage/comparative_images_img2img/00001_sd3_fp4_seed124_s30_g6.5_str0.3.png,fake,0.7422946095466614,0.08983778953552246
sd35_fp8_s40_g5.0_str0.6,00000,sd35,fp8,123,40,5.0,0.6,CLIP-D,/media/SSD_4TB/crispy_storage/comparative_images_img2img/00000_sd35_fp8_seed123_s40_g5.0_str0.6.png,fake,0.8842650651931763,0.06515192985534668
sd35_fp8_s40_g5.0_str0.6,00000,sd35,fp8,123,40,5.0,0.6,R50_TF,/media/SSD_4TB/crispy_storage/comparative_images_img2img/00000_sd35_fp8_seed123_s40_g5.0_str0.6.png,real,0.4446,0.176
sd35_fp8_s40_g5.0_str0.6,00000,sd35,fp8,123,40,5.0,0.6,NPR,/media/SSD_4TB/crispy_storage/comparative_images_img2img/00000_sd35_fp8_seed123_s40_g5.0_str0.6.png,real,2.570481782981915e-08,0.09072089195251465
sd35_fp4_s50_g3.5_str0.3,00001,sd35,fp4,124,50,3.5,0.3,CLIP-D,/media/SSD_4TB/crispy_storage/comparative_images_img2img/00001_sd35_fp4_seed124_s50_g3.5_str0.3.png,real,0.04176976531744003,0.061646223068237305
sd35_fp4_s50_g3.5_str0.3,00001,sd35,fp4,124,50,3.5,0.3,R50_TF,/media/SSD_4TB/crispy_storage/comparative_images_img2img/00001_sd35_fp4_seed124_s50_g3.5_str0.3.png,real,0.372,0.173
sd35_fp4_s50_g3.5_str0.3,00001,sd35,fp4,124,50,3.5,0.3,NPR,/media/SSD_4TB/crispy_storage/comparative_images_img2img/00001_sd35_fp4_seed124_s50_g3.5_str0.3.png,fake,0.9955452680587769,0.09306573867797852
sd35_fp8_s50_g6.5_str0.3,00000,sd35,fp8,123,50,6.5,0.3,CLIP-D,/media/SSD_4TB/crispy_storage/comparative_images_img2img/00000_sd35_fp8_seed123_s50_g6.5_str0.3.png,fake,0.7421357035636902,0.061383724212646484
sd35_fp8_s50_g6.5_str0.3,00000,sd35,fp8,123,50,6.5,0.3,R50_TF,/media/SSD_4TB/crispy_storage/comparative_images_img2img/00000_sd35_fp8_seed123_s50_g6.5_str0.3.png,real,0.439,0.175
sd35_fp8_s50_g6.5_str0.3,00000,sd35,fp8,123,50,6.5,0.3,NPR,/media/SSD_4TB/crispy_storage/comparative_images_img2img/00000_sd35_fp8_seed123_s50_g6.5_str0.3.png,real,2.160378199576006e-14,0.09690737724304199
sd35_fp16_s40_g3.5_str0.6,00001,sd35,fp16,124,40,3.5,0.6,CLIP-D,/media/SSD_4TB/crispy_storage/comparative_images_img2img/00001_sd35_fp16_seed124_s40_g3.5_str0.6.png,fake,0.751784086227417,0.06123018264770508
sd35_fp16_s40_g3.5_str0.6,00001,sd35,fp16,124,40,3.5,0.6,R50_TF,/media/SSD_4TB/crispy_storage/comparative_images_img2img/00001_sd35_fp16_seed124_s40_g3.5_str0.6.png,real,0.3583,0.168
sd35_fp16_s40_g3.5_str0.6,00001,sd35,fp16,124,40,3.5,0.6,NPR,/media/SSD_4TB/crispy_storage/comparative_images_img2img/00001_sd35_fp16_seed124_s40_g3.5_str0.6.png,fake,0.9939494132995605,0.09218478202819824
sd35_fp4_s30_g5.0_str0.3,00000,sd35,fp4,123,30,5.0,0.3,CLIP-D,/media/SSD_4TB/crispy_storage/comparative_images_img2img/00000_sd35_fp4_seed123_s30_g5.0_str0.3.png,fake,0.8701372742652893,0.061872005462646484
sd35_fp4_s30_g5.0_str0.3,00000,sd35,fp4,123,30,5.0,0.3,R50_TF,/media/SSD_4TB/crispy_storage/comparative_images_img2img/00000_sd35_fp4_seed123_s30_g5.0_str0.3.png,real,0.4319,0.183
sd35_fp4_s30_g5.0_str0.3,00000,sd35,fp4,123,30,5.0,0.3,NPR,/media/SSD_4TB/crispy_storage/comparative_images_img2img/00000_sd35_fp4_seed123_s30_g5.0_str0.3.png,real,1.3577164730613697e-17,0.09647703170776367
sd35_fp4_s50_g5.0_str0.45,00001,sd35,fp4,124,50,5.0,0.45,CLIP-D,/media/SSD_4TB/crispy_storage/comparative_images_img2img/00001_sd35_fp4_seed124_s50_g5.0_str0.45.png,real,0.015964454039931297,0.061556100845336914
sd35_fp4_s50_g5.0_str0.45,00001,sd35,fp4,124,50,5.0,0.45,R50_TF,/media/SSD_4TB/crispy_storage/comparative_images_img2img/00001_sd35_fp4_seed124_s50_g5.0_str0.45.png,real,0.3744,0.171
sd35_fp4_s50_g5.0_str0.45,00001,sd35,fp4,124,50,5.0,0.45,NPR,/media/SSD_4TB/crispy_storage/comparative_images_img2img/00001_sd35_fp4_seed124_s50_g5.0_str0.45.png,fake,0.8415049910545349,0.08979153633117676
sd35_fp4_s40_g3.5_str0.6,00000,sd35,fp4,123,40,3.5,0.6,CLIP-D,/media/SSD_4TB/crispy_storage/comparative_images_img2img/00000_sd35_fp4_seed123_s40_g3.5_str0.6.png,fake,0.9586697816848755,0.06114530563354492
sd35_fp4_s40_g3.5_str0.6,00000,sd35,fp4,123,40,3.5,0.6,R50_TF,/media/SSD_4TB/crispy_storage/comparative_images_img2img/00000_sd35_fp4_seed123_s40_g3.5_str0.6.png,real,0.4305,0.173
sd35_fp4_s40_g3.5_str0.6,00000,sd35,fp4,123,40,3.5,0.6,NPR,/media/SSD_4TB/crispy_storage/comparative_images_img2img/00000_sd35_fp4_seed123_s40_g3.5_str0.6.png,real,2.6686704061862354e-12,0.09788250923156738
sd3_fp8_s50_g3.5_str0.3,00001,sd3,fp8,124,50,3.5,0.3,CLIP-D,/media/SSD_4TB/crispy_storage/comparative_images_img2img/00001_sd3_fp8_seed124_s50_g3.5_str0.3.png,real,0.0048888493329286575,0.0642998218536377
sd3_fp8_s50_g3.5_str0.3,00001,sd3,fp8,124,50,3.5,0.3,R50_TF,/media/SSD_4TB/crispy_storage/comparative_images_img2img/00001_sd3_fp8_seed124_s50_g3.5_str0.3.png,real,0.3702,0.17
sd3_fp8_s50_g3.5_str0.3,00001,sd3,fp8,124,50,3.5,0.3,NPR,/media/SSD_4TB/crispy_storage/comparative_images_img2img/00001_sd3_fp8_seed124_s50_g3.5_str0.3.png,fake,0.9336564540863037,0.09867715835571289
sd35_fp16_s40_g6.5_str0.45,00000,sd35,fp16,123,40,6.5,0.45,CLIP-D,/media/SSD_4TB/crispy_storage/comparative_images_img2img/00000_sd35_fp16_seed123_s40_g6.5_str0.45.png,fake,0.8393007516860962,0.061882734298706055
sd35_fp16_s40_g6.5_str0.45,00000,sd35,fp16,123,40,6.5,0.45,R50_TF,/media/SSD_4TB/crispy_storage/comparative_images_img2img/00000_sd35_fp16_seed123_s40_g6.5_str0.45.png,real,0.4332,0.179
sd35_fp16_s40_g6.5_str0.45,00000,sd35,fp16,123,40,6.5,0.45,NPR,/media/SSD_4TB/crispy_storage/comparative_images_img2img/00000_sd35_fp16_seed123_s40_g6.5_str0.45.png,real,1.2458099656054156e-11,0.0975944995880127
sd35_fp4_s30_g5.0_str0.3,00001,sd35,fp4,124,30,5.0,0.3,CLIP-D,/media/SSD_4TB/crispy_storage/comparative_images_img2img/00001_sd35_fp4_seed124_s30_g5.0_str0.3.png,real,0.03595763444900513,0.06244921684265137
sd35_fp4_s30_g5.0_str0.3,00001,sd35,fp4,124,30,5.0,0.3,R50_TF,/media/SSD_4TB/crispy_storage/comparative_images_img2img/00001_sd35_fp4_seed124_s30_g5.0_str0.3.png,real,0.3795,0.163
sd35_fp4_s30_g5.0_str0.3,00001,sd35,fp4,124,30,5.0,0.3,NPR,/media/SSD_4TB/crispy_storage/comparative_images_img2img/00001_sd35_fp4_seed124_s30_g5.0_str0.3.png,fake,0.99982088804245,0.09426999092102051
sd3_fp4_s40_g3.5_str0.6,00001,sd3,fp4,124,40,3.5,0.6,CLIP-D,/media/SSD_4TB/crispy_storage/comparative_images_img2img/00001_sd3_fp4_seed124_s40_g3.5_str0.6.png,fake,0.9358452558517456,0.06527137756347656
sd3_fp4_s40_g3.5_str0.6,00001,sd3,fp4,124,40,3.5,0.6,R50_TF,/media/SSD_4TB/crispy_storage/comparative_images_img2img/00001_sd3_fp4_seed124_s40_g3.5_str0.6.png,real,0.3979,0.169
sd3_fp4_s40_g3.5_str0.6,00001,sd3,fp4,124,40,3.5,0.6,NPR,/media/SSD_4TB/crispy_storage/comparative_images_img2img/00001_sd3_fp4_seed124_s40_g3.5_str0.6.png,real,0.00021885846217628568,0.09462785720825195
sd35_fp8_s30_g6.5_str0.45,00000,sd35,fp8,123,30,6.5,0.45,CLIP-D,/media/SSD_4TB/crispy_storage/comparative_images_img2img/00000_sd35_fp8_seed123_s30_g6.5_str0.45.png,fake,0.7698296904563904,0.06174945831298828
sd35_fp8_s30_g6.5_str0.45,00000,sd35,fp8,123,30,6.5,0.45,R50_TF,/media/SSD_4TB/crispy_storage/comparative_images_img2img/00000_sd35_fp8_seed123_s30_g6.5_str0.45.png,real,0.4367,0.181
sd35_fp8_s30_g6.5_str0.45,00000,sd35,fp8,123,30,6.5,0.45,NPR,/media/SSD_4TB/crispy_storage/comparative_images_img2img/00000_sd35_fp8_seed123_s30_g6.5_str0.45.png,real,5.310473592206428e-16,0.09358048439025879
sd35_fp8_s50_g5.0_str0.6,00000,sd35,fp8,123,50,5.0,0.6,CLIP-D,/media/SSD_4TB/crispy_storage/comparative_images_img2img/00000_sd35_fp8_seed123_s50_g5.0_str0.6.png,fake,0.9505125880241394,0.06158614158630371
sd35_fp8_s50_g5.0_str0.6,00000,sd35,fp8,123,50,5.0,0.6,R50_TF,/media/SSD_4TB/crispy_storage/comparative_images_img2img/00000_sd35_fp8_seed123_s50_g5.0_str0.6.png,real,0.4521,0.181
sd35_fp8_s50_g5.0_str0.6,00000,sd35,fp8,123,50,5.0,0.6,NPR,/media/SSD_4TB/crispy_storage/comparative_images_img2img/00000_sd35_fp8_seed123_s50_g5.0_str0.6.png,real,2.506253338196984e-07,0.09223127365112305
sd3_fp8_s50_g3.5_str0.45,00001,sd3,fp8,124,50,3.5,0.45,CLIP-D,/media/SSD_4TB/crispy_storage/comparative_images_img2img/00001_sd3_fp8_seed124_s50_g3.5_str0.45.png,real,0.011813203804194927,0.06330513954162598
sd3_fp8_s50_g3.5_str0.45,00001,sd3,fp8,124,50,3.5,0.45,R50_TF,/media/SSD_4TB/crispy_storage/comparative_images_img2img/00001_sd3_fp8_seed124_s50_g3.5_str0.45.png,real,0.3585,0.174
sd3_fp8_s50_g3.5_str0.45,00001,sd3,fp8,124,50,3.5,0.45,NPR,/media/SSD_4TB/crispy_storage/comparative_images_img2img/00001_sd3_fp8_seed124_s50_g3.5_str0.45.png,fake,0.528587281703949,0.08969449996948242
sd35_fp4_s50_g6.5_str0.6,00000,sd35,fp4,123,50,6.5,0.6,CLIP-D,/media/SSD_4TB/crispy_storage/comparative_images_img2img/00000_sd35_fp4_seed123_s50_g6.5_str0.6.png,fake,0.9254370331764221,0.060744285583496094
sd35_fp4_s50_g6.5_str0.6,00000,sd35,fp4,123,50,6.5,0.6,R50_TF,/media/SSD_4TB/crispy_storage/comparative_images_img2img/00000_sd35_fp4_seed123_s50_g6.5_str0.6.png,real,0.4359,0.187
sd35_fp4_s50_g6.5_str0.6,00000,sd35,fp4,123,50,6.5,0.6,NPR,/media/SSD_4TB/crispy_storage/comparative_images_img2img/00000_sd35_fp4_seed123_s50_g6.5_str0.6.png,real,1.6208453849919646e-12,0.08951640129089355
sd3_fp8_s50_g3.5_str0.45,00000,sd3,fp8,123,50,3.5,0.45,CLIP-D,/media/SSD_4TB/crispy_storage/comparative_images_img2img/00000_sd3_fp8_seed123_s50_g3.5_str0.45.png,fake,0.5576664209365845,0.06274914741516113
sd3_fp8_s50_g3.5_str0.45,00000,sd3,fp8,123,50,3.5,0.45,R50_TF,/media/SSD_4TB/crispy_storage/comparative_images_img2img/00000_sd3_fp8_seed123_s50_g3.5_str0.45.png,real,0.4262,0.173
sd3_fp8_s50_g3.5_str0.45,00000,sd3,fp8,123,50,3.5,0.45,NPR,/media/SSD_4TB/crispy_storage/comparative_images_img2img/00000_sd3_fp8_seed123_s50_g3.5_str0.45.png,real,1.915089045461879e-13,0.08904314041137695
sd35_fp8_s40_g5.0_str0.45,00001,sd35,fp8,124,40,5.0,0.45,CLIP-D,/media/SSD_4TB/crispy_storage/comparative_images_img2img/00001_sd35_fp8_seed124_s40_g5.0_str0.45.png,real,0.007435168605297804,0.06297183036804199
sd35_fp8_s40_g5.0_str0.45,00001,sd35,fp8,124,40,5.0,0.45,R50_TF,/media/SSD_4TB/crispy_storage/comparative_images_img2img/00001_sd35_fp8_seed124_s40_g5.0_str0.45.png,real,0.3629,0.172
sd35_fp8_s40_g5.0_str0.45,00001,sd35,fp8,124,40,5.0,0.45,NPR,/media/SSD_4TB/crispy_storage/comparative_images_img2img/00001_sd35_fp8_seed124_s40_g5.0_str0.45.png,fake,0.9326575994491577,0.09766077995300293
sd35_fp8_s40_g5.0_str0.6,00001,sd35,fp8,124,40,5.0,0.6,CLIP-D,/media/SSD_4TB/crispy_storage/comparative_images_img2img/00001_sd35_fp8_seed124_s40_g5.0_str0.6.png,fake,0.8291544914245605,0.061448097229003906
sd35_fp8_s40_g5.0_str0.6,00001,sd35,fp8,124,40,5.0,0.6,R50_TF,/media/SSD_4TB/crispy_storage/comparative_images_img2img/00001_sd35_fp8_seed124_s40_g5.0_str0.6.png,real,0.361,0.174
sd35_fp8_s40_g5.0_str0.6,00001,sd35,fp8,124,40,5.0,0.6,NPR,/media/SSD_4TB/crispy_storage/comparative_images_img2img/00001_sd35_fp8_seed124_s40_g5.0_str0.6.png,fake,0.9982022047042847,0.09473156929016113
sd35_fp16_s40_g5.0_str0.3,00001,sd35,fp16,124,40,5.0,0.3,CLIP-D,/media/SSD_4TB/crispy_storage/comparative_images_img2img/00001_sd35_fp16_seed124_s40_g5.0_str0.3.png,real,0.00363533734343946,0.06117868423461914
sd35_fp16_s40_g5.0_str0.3,00001,sd35,fp16,124,40,5.0,0.3,R50_TF,/media/SSD_4TB/crispy_storage/comparative_images_img2img/00001_sd35_fp16_seed124_s40_g5.0_str0.3.png,real,0.371,0.173
sd3_fp4_s50_g6.5_str0.3,00000,sd3,fp4,123,50,6.5,0.3,CLIP-D,/media/SSD_4TB/crispy_storage/comparative_images_img2img/00000_sd3_fp4_seed123_s50_g6.5_str0.3.png,fake,0.9587426781654358,0.06147956848144531
sd3_fp4_s50_g6.5_str0.3,00000,sd3,fp4,123,50,6.5,0.3,R50_TF,/media/SSD_4TB/crispy_storage/comparative_images_img2img/00000_sd3_fp4_seed123_s50_g6.5_str0.3.png,real,0.4474,0.18
sd3_fp4_s50_g6.5_str0.3,00000,sd3,fp4,123,50,6.5,0.3,NPR,/media/SSD_4TB/crispy_storage/comparative_images_img2img/00000_sd3_fp4_seed123_s50_g6.5_str0.3.png,real,5.624128516146156e-15,0.08701443672180176
sd3_fp4_s50_g3.5_str0.45,00000,sd3,fp4,123,50,3.5,0.45,CLIP-D,/media/SSD_4TB/crispy_storage/comparative_images_img2img/00000_sd3_fp4_seed123_s50_g3.5_str0.45.png,fake,0.9725324511528015,0.06560277938842773
sd3_fp4_s50_g3.5_str0.45,00000,sd3,fp4,123,50,3.5,0.45,R50_TF,/media/SSD_4TB/crispy_storage/comparative_images_img2img/00000_sd3_fp4_seed123_s50_g3.5_str0.45.png,real,0.4402,0.173
sd3_fp4_s50_g3.5_str0.45,00000,sd3,fp4,123,50,3.5,0.45,NPR,/media/SSD_4TB/crispy_storage/comparative_images_img2img/00000_sd3_fp4_seed123_s50_g3.5_str0.45.png,real,7.062308637201253e-13,0.09211492538452148
sd15_fp8_s30_g5.0_str0.45,00001,sd15,fp8,124,30,5.0,0.45,CLIP-D,/media/SSD_4TB/crispy_storage/comparative_images_img2img/00001_sd15_fp8_seed124_s30_g5.0_str0.45.png,fake,0.9338217973709106,0.06165337562561035
sd15_fp8_s30_g5.0_str0.45,00001,sd15,fp8,124,30,5.0,0.45,R50_TF,/media/SSD_4TB/crispy_storage/comparative_images_img2img/00001_sd15_fp8_seed124_s30_g5.0_str0.45.png,real,0.3737,0.175
sd15_fp8_s30_g5.0_str0.45,00001,sd15,fp8,124,30,5.0,0.45,NPR,/media/SSD_4TB/crispy_storage/comparative_images_img2img/00001_sd15_fp8_seed124_s30_g5.0_str0.45.png,fake,0.9984834790229797,0.08937382698059082
sd3_fp16_s50_g3.5_str0.3,00001,sd3,fp16,124,50,3.5,0.3,CLIP-D,/media/SSD_4TB/crispy_storage/comparative_images_img2img/00001_sd3_fp16_seed124_s50_g3.5_str0.3.png,real,0.002908551599830389,0.06609082221984863
sd3_fp16_s50_g3.5_str0.3,00001,sd3,fp16,124,50,3.5,0.3,R50_TF,/media/SSD_4TB/crispy_storage/comparative_images_img2img/00001_sd3_fp16_seed124_s50_g3.5_str0.3.png,real,0.3595,0.172
sd3_fp16_s50_g3.5_str0.3,00001,sd3,fp16,124,50,3.5,0.3,NPR,/media/SSD_4TB/crispy_storage/comparative_images_img2img/00001_sd3_fp16_seed124_s50_g3.5_str0.3.png,fake,0.991722047328949,0.09768414497375488
sd35_fp8_s50_g5.0_str0.3,00000,sd35,fp8,123,50,5.0,0.3,CLIP-D,/media/SSD_4TB/crispy_storage/comparative_images_img2img/00000_sd35_fp8_seed123_s50_g5.0_str0.3.png,fake,0.548671543598175,0.061679840087890625
sd35_fp8_s50_g5.0_str0.3,00000,sd35,fp8,123,50,5.0,0.3,R50_TF,/media/SSD_4TB/crispy_storage/comparative_images_img2img/00000_sd35_fp8_seed123_s50_g5.0_str0.3.png,real,0.4334,0.173
sd35_fp8_s50_g5.0_str0.3,00000,sd35,fp8,123,50,5.0,0.3,NPR,/media/SSD_4TB/crispy_storage/comparative_images_img2img/00000_sd35_fp8_seed123_s50_g5.0_str0.3.png,real,9.800080567206899e-15,0.09507894515991211
sd35_fp16_s50_g5.0_str0.6,00000,sd35,fp16,123,50,5.0,0.6,CLIP-D,/media/SSD_4TB/crispy_storage/comparative_images_img2img/00000_sd35_fp16_seed123_s50_g5.0_str0.6.png,fake,0.6722561717033386,0.062046051025390625
sd35_fp16_s50_g5.0_str0.6,00000,sd35,fp16,123,50,5.0,0.6,R50_TF,/media/SSD_4TB/crispy_storage/comparative_images_img2img/00000_sd35_fp16_seed123_s50_g5.0_str0.6.png,real,0.4527,0.169
sd35_fp16_s50_g5.0_str0.6,00000,sd35,fp16,123,50,5.0,0.6,NPR,/media/SSD_4TB/crispy_storage/comparative_images_img2img/00000_sd35_fp16_seed123_s50_g5.0_str0.6.png,real,1.6679508973993507e-07,0.09251165390014648
sd35_fp4_s40_g3.5_str0.6,00001,sd35,fp4,124,40,3.5,0.6,CLIP-D,/media/SSD_4TB/crispy_storage/comparative_images_img2img/00001_sd35_fp4_seed124_s40_g3.5_str0.6.png,fake,0.7446081638336182,0.06202840805053711
sd35_fp4_s40_g3.5_str0.6,00001,sd35,fp4,124,40,3.5,0.6,R50_TF,/media/SSD_4TB/crispy_storage/comparative_images_img2img/00001_sd35_fp4_seed124_s40_g3.5_str0.6.png,real,0.3808,0.172
sd35_fp4_s40_g3.5_str0.6,00001,sd35,fp4,124,40,3.5,0.6,NPR,/media/SSD_4TB/crispy_storage/comparative_images_img2img/00001_sd35_fp4_seed124_s40_g3.5_str0.6.png,real,0.030660392716526985,0.0913846492767334
sd3_fp4_s40_g5.0_str0.3,00000,sd3,fp4,123,40,5.0,0.3,CLIP-D,/media/SSD_4TB/crispy_storage/comparative_images_img2img/00000_sd3_fp4_seed123_s40_g5.0_str0.3.png,fake,0.9772880673408508,0.06380200386047363
sd3_fp4_s40_g5.0_str0.3,00000,sd3,fp4,123,40,5.0,0.3,R50_TF,/media/SSD_4TB/crispy_storage/comparative_images_img2img/00000_sd3_fp4_seed123_s40_g5.0_str0.3.png,real,0.4453,0.172
sd3_fp4_s40_g5.0_str0.3,00000,sd3,fp4,123,40,5.0,0.3,NPR,/media/SSD_4TB/crispy_storage/comparative_images_img2img/00000_sd3_fp4_seed123_s40_g5.0_str0.3.png,real,3.8796438324851905e-15,0.09346604347229004
sd3_fp4_s50_g6.5_str0.6,00000,sd3,fp4,123,50,6.5,0.6,CLIP-D,/media/SSD_4TB/crispy_storage/comparative_images_img2img/00000_sd3_fp4_seed123_s50_g6.5_str0.6.png,fake,0.9639264941215515,0.06203126907348633
sd3_fp4_s50_g6.5_str0.6,00000,sd3,fp4,123,50,6.5,0.6,R50_TF,/media/SSD_4TB/crispy_storage/comparative_images_img2img/00000_sd3_fp4_seed123_s50_g6.5_str0.6.png,real,0.4304,0.173
sd3_fp4_s50_g6.5_str0.6,00000,sd3,fp4,123,50,6.5,0.6,NPR,/media/SSD_4TB/crispy_storage/comparative_images_img2img/00000_sd3_fp4_seed123_s50_g6.5_str0.6.png,real,1.6790139157479844e-13,0.09835314750671387
sd35_fp4_s50_g3.5_str0.45,00000,sd35,fp4,123,50,3.5,0.45,CLIP-D,/media/SSD_4TB/crispy_storage/comparative_images_img2img/00000_sd35_fp4_seed123_s50_g3.5_str0.45.png,fake,0.9380472898483276,0.06735849380493164
sd35_fp4_s50_g3.5_str0.45,00000,sd35,fp4,123,50,3.5,0.45,R50_TF,/media/SSD_4TB/crispy_storage/comparative_images_img2img/00000_sd35_fp4_seed123_s50_g3.5_str0.45.png,real,0.4227,0.172
sd35_fp4_s50_g3.5_str0.45,00000,sd35,fp4,123,50,3.5,0.45,NPR,/media/SSD_4TB/crispy_storage/comparative_images_img2img/00000_sd35_fp4_seed123_s50_g3.5_str0.45.png,real,1.6501952799022335e-13,0.09962224960327148
sd35_fp16_s30_g5.0_str0.6,00000,sd35,fp16,123,30,5.0,0.6,CLIP-D,/media/SSD_4TB/crispy_storage/comparative_images_img2img/00000_sd35_fp16_seed123_s30_g5.0_str0.6.png,fake,0.746945858001709,0.06183171272277832
sd35_fp16_s30_g5.0_str0.6,00000,sd35,fp16,123,30,5.0,0.6,R50_TF,/media/SSD_4TB/crispy_storage/comparative_images_img2img/00000_sd35_fp16_seed123_s30_g5.0_str0.6.png,real,0.451,0.173
sd35_fp16_s30_g5.0_str0.6,00000,sd35,fp16,123,30,5.0,0.6,NPR,/media/SSD_4TB/crispy_storage/comparative_images_img2img/00000_sd35_fp16_seed123_s30_g5.0_str0.6.png,real,3.967345918454157e-08,0.08848333358764648
sd15_fp8_s50_g3.5_str0.3,00001,sd15,fp8,124,50,3.5,0.3,CLIP-D,/media/SSD_4TB/crispy_storage/comparative_images_img2img/00001_sd15_fp8_seed124_s50_g3.5_str0.3.png,fake,0.8477056622505188,0.0612950325012207
sd15_fp8_s50_g3.5_str0.3,00001,sd15,fp8,124,50,3.5,0.3,R50_TF,/media/SSD_4TB/crispy_storage/comparative_images_img2img/00001_sd15_fp8_seed124_s50_g3.5_str0.3.png,real,0.365,0.17
sd15_fp8_s50_g3.5_str0.3,00001,sd15,fp8,124,50,3.5,0.3,NPR,/media/SSD_4TB/crispy_storage/comparative_images_img2img/00001_sd15_fp8_seed124_s50_g3.5_str0.3.png,fake,0.9759006500244141,0.09874892234802246
sd35_fp8_s50_g5.0_str0.3,00001,sd35,fp8,124,50,5.0,0.3,CLIP-D,/media/SSD_4TB/crispy_storage/comparative_images_img2img/00001_sd35_fp8_seed124_s50_g5.0_str0.3.png,real,0.008968108333647251,0.0616304874420166
sd35_fp8_s50_g5.0_str0.3,00001,sd35,fp8,124,50,5.0,0.3,R50_TF,/media/SSD_4TB/crispy_storage/comparative_images_img2img/00001_sd35_fp8_seed124_s50_g5.0_str0.3.png,real,0.3698,0.175
sd35_fp8_s50_g5.0_str0.3,00001,sd35,fp8,124,50,5.0,0.3,NPR,/media/SSD_4TB/crispy_storage/comparative_images_img2img/00001_sd35_fp8_seed124_s50_g5.0_str0.3.png,fake,0.9237977266311646,0.09590625762939453
sd35_fp16_s40_g3.5_str0.45,00001,sd35,fp16,124,40,3.5,0.45,CLIP-D,/media/SSD_4TB/crispy_storage/comparative_images_img2img/00001_sd35_fp16_seed124_s40_g3.5_str0.45.png,real,0.019443979486823082,0.06498241424560547
sd35_fp16_s40_g3.5_str0.45,00001,sd35,fp16,124,40,3.5,0.45,R50_TF,/media/SSD_4TB/crispy_storage/comparative_images_img2img/00001_sd35_fp16_seed124_s40_g3.5_str0.45.png,real,0.3676,0.165
sd35_fp16_s40_g3.5_str0.45,00001,sd35,fp16,124,40,3.5,0.45,NPR,/media/SSD_4TB/crispy_storage/comparative_images_img2img/00001_sd35_fp16_seed124_s40_g3.5_str0.45.png,fake,0.9951553344726562,0.09420108795166016
sd35_fp4_s50_g5.0_str0.3,00000,sd35,fp4,123,50,5.0,0.3,CLIP-D,/media/SSD_4TB/crispy_storage/comparative_images_img2img/00000_sd35_fp4_seed123_s50_g5.0_str0.3.png,fake,0.8921167850494385,0.06302118301391602
sd35_fp4_s50_g5.0_str0.3,00000,sd35,fp4,123,50,5.0,0.3,R50_TF,/media/SSD_4TB/crispy_storage/comparative_images_img2img/00000_sd35_fp4_seed123_s50_g5.0_str0.3.png,real,0.4252,0.18
sd35_fp4_s50_g5.0_str0.3,00000,sd35,fp4,123,50,5.0,0.3,NPR,/media/SSD_4TB/crispy_storage/comparative_images_img2img/00000_sd35_fp4_seed123_s50_g5.0_str0.3.png,real,2.9390050095320214e-16,0.09200453758239746
sd35_fp4_s50_g3.5_str0.6,00000,sd35,fp4,123,50,3.5,0.6,CLIP-D,/media/SSD_4TB/crispy_storage/comparative_images_img2img/00000_sd35_fp4_seed123_s50_g3.5_str0.6.png,fake,0.9462660551071167,0.06159830093383789
sd35_fp4_s50_g3.5_str0.6,00000,sd35,fp4,123,50,3.5,0.6,R50_TF,/media/SSD_4TB/crispy_storage/comparative_images_img2img/00000_sd35_fp4_seed123_s50_g3.5_str0.6.png,real,0.4244,0.179
sd35_fp4_s50_g3.5_str0.6,00000,sd35,fp4,123,50,3.5,0.6,NPR,/media/SSD_4TB/crispy_storage/comparative_images_img2img/00000_sd35_fp4_seed123_s50_g3.5_str0.6.png,real,3.133469612254247e-12,0.08986401557922363
sd35_fp4_s40_g6.5_str0.45,00000,sd35,fp4,123,40,6.5,0.45,CLIP-D,/media/SSD_4TB/crispy_storage/comparative_images_img2img/00000_sd35_fp4_seed123_s40_g6.5_str0.45.png,fake,0.8551138639450073,0.06300997734069824
sd35_fp4_s40_g6.5_str0.45,00000,sd35,fp4,123,40,6.5,0.45,R50_TF,/media/SSD_4TB/crispy_storage/comparative_images_img2img/00000_sd35_fp4_seed123_s40_g6.5_str0.45.png,real,0.4357,0.173
sd35_fp4_s40_g6.5_str0.45,00000,sd35,fp4,123,40,6.5,0.45,NPR,/media/SSD_4TB/crispy_storage/comparative_images_img2img/00000_sd35_fp4_seed123_s40_g6.5_str0.45.png,real,1.8242043075752945e-13,0.09091567993164062
sd35_fp16_s50_g3.5_str0.6,00000,sd35,fp16,123,50,3.5,0.6,CLIP-D,/media/SSD_4TB/crispy_storage/comparative_images_img2img/00000_sd35_fp16_seed123_s50_g3.5_str0.6.png,fake,0.9536252021789551,0.06155872344970703
sd35_fp16_s50_g3.5_str0.6,00000,sd35,fp16,123,50,3.5,0.6,R50_TF,/media/SSD_4TB/crispy_storage/comparative_images_img2img/00000_sd35_fp16_seed123_s50_g3.5_str0.6.png,real,0.4437,0.172
sd35_fp16_s50_g3.5_str0.6,00000,sd35,fp16,123,50,3.5,0.6,NPR,/media/SSD_4TB/crispy_storage/comparative_images_img2img/00000_sd35_fp16_seed123_s50_g3.5_str0.6.png,real,5.339316544450412e-09,0.09199905395507812
sd15_fp8_s50_g3.5_str0.3,00000,sd15,fp8,123,50,3.5,0.3,CLIP-D,/media/SSD_4TB/crispy_storage/comparative_images_img2img/00000_sd15_fp8_seed123_s50_g3.5_str0.3.png,real,0.1982545107603073,0.0616147518157959
sd15_fp8_s50_g3.5_str0.3,00000,sd15,fp8,123,50,3.5,0.3,R50_TF,/media/SSD_4TB/crispy_storage/comparative_images_img2img/00000_sd15_fp8_seed123_s50_g3.5_str0.3.png,fake,0.6025,0.171
sd15_fp8_s50_g3.5_str0.3,00000,sd15,fp8,123,50,3.5,0.3,NPR,/media/SSD_4TB/crispy_storage/comparative_images_img2img/00000_sd15_fp8_seed123_s50_g3.5_str0.3.png,real,0.001766551285982132,0.09508776664733887
sd35_fp8_s40_g6.5_str0.45,00001,sd35,fp8,124,40,6.5,0.45,CLIP-D,/media/SSD_4TB/crispy_storage/comparative_images_img2img/00001_sd35_fp8_seed124_s40_g6.5_str0.45.png,real,0.005702007561922073,0.06180906295776367
sd35_fp8_s40_g6.5_str0.45,00001,sd35,fp8,124,40,6.5,0.45,R50_TF,/media/SSD_4TB/crispy_storage/comparative_images_img2img/00001_sd35_fp8_seed124_s40_g6.5_str0.45.png,real,0.3666,0.172
sd35_fp8_s40_g6.5_str0.45,00001,sd35,fp8,124,40,6.5,0.45,NPR,/media/SSD_4TB/crispy_storage/comparative_images_img2img/00001_sd35_fp8_seed124_s40_g6.5_str0.45.png,fake,0.9188259243965149,0.09504294395446777
sd15_fp16_s50_g3.5_str0.3,00001,sd15,fp16,124,50,3.5,0.3,NPR,/media/SSD_4TB/crispy_storage/comparative_images_img2img/00001_sd15_fp16_seed124_s50_g3.5_str0.3.png,fake,0.9726802110671997,0.09683489799499512
sd35_fp16_s40_g6.5_str0.3,00001,sd35,fp16,124,40,6.5,0.3,CLIP-D,/media/SSD_4TB/crispy_storage/comparative_images_img2img/00001_sd35_fp16_seed124_s40_g6.5_str0.3.png,real,0.006085044704377651,0.06234288215637207
sd35_fp16_s40_g6.5_str0.3,00001,sd35,fp16,124,40,6.5,0.3,R50_TF,/media/SSD_4TB/crispy_storage/comparative_images_img2img/00001_sd35_fp16_seed124_s40_g6.5_str0.3.png,real,0.3718,0.166
sd35_fp16_s40_g6.5_str0.3,00001,sd35,fp16,124,40,6.5,0.3,NPR,/media/SSD_4TB/crispy_storage/comparative_images_img2img/00001_sd35_fp16_seed124_s40_g6.5_str0.3.png,fake,0.9998544454574585,0.09512495994567871
sd3_fp8_s50_g5.0_str0.3,00000,sd3,fp8,123,50,5.0,0.3,CLIP-D,/media/SSD_4TB/crispy_storage/comparative_images_img2img/00000_sd3_fp8_seed123_s50_g5.0_str0.3.png,fake,0.771021842956543,0.061084747314453125
sd3_fp8_s50_g5.0_str0.3,00000,sd3,fp8,123,50,5.0,0.3,R50_TF,/media/SSD_4TB/crispy_storage/comparative_images_img2img/00000_sd3_fp8_seed123_s50_g5.0_str0.3.png,real,0.4365,0.172
sd3_fp8_s50_g5.0_str0.3,00000,sd3,fp8,123,50,5.0,0.3,NPR,/media/SSD_4TB/crispy_storage/comparative_images_img2img/00000_sd3_fp8_seed123_s50_g5.0_str0.3.png,real,4.237661789400007e-15,0.09337377548217773
sd35_fp4_s50_g6.5_str0.45,00001,sd35,fp4,124,50,6.5,0.45,CLIP-D,/media/SSD_4TB/crispy_storage/comparative_images_img2img/00001_sd35_fp4_seed124_s50_g6.5_str0.45.png,real,0.006910095456987619,0.06176114082336426
sd35_fp4_s50_g6.5_str0.45,00001,sd35,fp4,124,50,6.5,0.45,R50_TF,/media/SSD_4TB/crispy_storage/comparative_images_img2img/00001_sd35_fp4_seed124_s50_g6.5_str0.45.png,real,0.3769,0.17
sd35_fp8_s50_g3.5_str0.45,00000,sd35,fp8,123,50,3.5,0.45,CLIP-D,/media/SSD_4TB/crispy_storage/comparative_images_img2img/00000_sd35_fp8_seed123_s50_g3.5_str0.45.png,fake,0.8021856546401978,0.061054229736328125
sd35_fp8_s50_g3.5_str0.45,00000,sd35,fp8,123,50,3.5,0.45,R50_TF,/media/SSD_4TB/crispy_storage/comparative_images_img2img/00000_sd35_fp8_seed123_s50_g3.5_str0.45.png,real,0.4268,0.174
sd35_fp8_s50_g3.5_str0.45,00000,sd35,fp8,123,50,3.5,0.45,NPR,/media/SSD_4TB/crispy_storage/comparative_images_img2img/00000_sd35_fp8_seed123_s50_g3.5_str0.45.png,real,1.7400704900409625e-13,0.08919215202331543
sd3_fp4_s30_g6.5_str0.6,00001,sd3,fp4,124,30,6.5,0.6,R50_TF,/media/SSD_4TB/crispy_storage/comparative_images_img2img/00001_sd3_fp4_seed124_s30_g6.5_str0.6.png,real,0.4139,0.168
sd3_fp4_s30_g6.5_str0.6,00001,sd3,fp4,124,30,6.5,0.6,NPR,/media/SSD_4TB/crispy_storage/comparative_images_img2img/00001_sd3_fp4_seed124_s30_g6.5_str0.6.png,real,0.0007373712724074721,0.09458422660827637
sd35_fp8_s30_g6.5_str0.6,00000,sd35,fp8,123,30,6.5,0.6,CLIP-D,/media/SSD_4TB/crispy_storage/comparative_images_img2img/00000_sd35_fp8_seed123_s30_g6.5_str0.6.png,fake,0.9647272229194641,0.061901092529296875
sd35_fp8_s30_g6.5_str0.6,00000,sd35,fp8,123,30,6.5,0.6,R50_TF,/media/SSD_4TB/crispy_storage/comparative_images_img2img/00000_sd35_fp8_seed123_s30_g6.5_str0.6.png,real,0.4605,0.176
sd35_fp8_s30_g6.5_str0.6,00000,sd35,fp8,123,30,6.5,0.6,NPR,/media/SSD_4TB/crispy_storage/comparative_images_img2img/00000_sd35_fp8_seed123_s30_g6.5_str0.6.png,real,1.2579025598924432e-09,0.0949409008026123
sd35_fp4_s40_g6.5_str0.6,00000,sd35,fp4,123,40,6.5,0.6,CLIP-D,/media/SSD_4TB/crispy_storage/comparative_images_img2img/00000_sd35_fp4_seed123_s40_g6.5_str0.6.png,fake,0.9540430903434753,0.06238865852355957
sd35_fp4_s40_g6.5_str0.6,00000,sd35,fp4,123,40,6.5,0.6,R50_TF,/media/SSD_4TB/crispy_storage/comparative_images_img2img/00000_sd35_fp4_seed123_s40_g6.5_str0.6.png,real,0.4388,0.172
sd35_fp4_s40_g6.5_str0.6,00000,sd35,fp4,123,40,6.5,0.6,NPR,/media/SSD_4TB/crispy_storage/comparative_images_img2img/00000_sd35_fp4_seed123_s40_g6.5_str0.6.png,real,2.4539979423532365e-11,0.0951545238494873
sd35_fp4_s30_g6.5_str0.3,00001,sd35,fp4,124,30,6.5,0.3,CLIP-D,/media/SSD_4TB/crispy_storage/comparative_images_img2img/00001_sd35_fp4_seed124_s30_g6.5_str0.3.png,real,0.09010816365480423,0.06262063980102539
sd35_fp4_s30_g6.5_str0.3,00001,sd35,fp4,124,30,6.5,0.3,R50_TF,/media/SSD_4TB/crispy_storage/comparative_images_img2img/00001_sd35_fp4_seed124_s30_g6.5_str0.3.png,real,0.3744,0.169
sd35_fp4_s30_g6.5_str0.3,00001,sd35,fp4,124,30,6.5,0.3,NPR,/media/SSD_4TB/crispy_storage/comparative_images_img2img/00001_sd35_fp4_seed124_s30_g6.5_str0.3.png,fake,0.9984563589096069,0.09658002853393555
sd35_fp4_s30_g5.0_str0.45,00001,sd35,fp4,124,30,5.0,0.45,CLIP-D,/media/SSD_4TB/crispy_storage/comparative_images_img2img/00001_sd35_fp4_seed124_s30_g5.0_str0.45.png,real,0.06325121223926544,0.06275653839111328
sd35_fp4_s30_g5.0_str0.45,00001,sd35,fp4,124,30,5.0,0.45,R50_TF,/media/SSD_4TB/crispy_storage/comparative_images_img2img/00001_sd35_fp4_seed124_s30_g5.0_str0.45.png,real,0.3863,0.172
sd35_fp4_s30_g5.0_str0.45,00001,sd35,fp4,124,30,5.0,0.45,NPR,/media/SSD_4TB/crispy_storage/comparative_images_img2img/00001_sd35_fp4_seed124_s30_g5.0_str0.45.png,fake,0.9302518367767334,0.09436559677124023
sd35_fp4_s50_g6.5_str0.45,00000,sd35,fp4,123,50,6.5,0.45,CLIP-D,/media/SSD_4TB/crispy_storage/comparative_images_img2img/00000_sd35_fp4_seed123_s50_g6.5_str0.45.png,fake,0.8300268054008484,0.06202983856201172
sd35_fp4_s50_g6.5_str0.45,00000,sd35,fp4,123,50,6.5,0.45,R50_TF,/media/SSD_4TB/crispy_storage/comparative_images_img2img/00000_sd35_fp4_seed123_s50_g6.5_str0.45.png,real,0.4276,0.183
sd35_fp4_s50_g6.5_str0.45,00000,sd35,fp4,123,50,6.5,0.45,NPR,/media/SSD_4TB/crispy_storage/comparative_images_img2img/00000_sd35_fp4_seed123_s50_g6.5_str0.45.png,real,4.261577256445964e-13,0.09261393547058105
sd35_fp8_s40_g3.5_str0.6,00000,sd35,fp8,123,40,3.5,0.6,CLIP-D,/media/SSD_4TB/crispy_storage/comparative_images_img2img/00000_sd35_fp8_seed123_s40_g3.5_str0.6.png,fake,0.9517583847045898,0.0617063045501709
sd35_fp8_s40_g3.5_str0.6,00000,sd35,fp8,123,40,3.5,0.6,R50_TF,/media/SSD_4TB/crispy_storage/comparative_images_img2img/00000_sd35_fp8_seed123_s40_g3.5_str0.6.png,real,0.4444,0.17
sd35_fp8_s40_g3.5_str0.6,00000,sd35,fp8,123,40,3.5,0.6,NPR,/media/SSD_4TB/crispy_storage/comparative_images_img2img/00000_sd35_fp8_seed123_s40_g3.5_str0.6.png,real,1.0503080183354996e-08,0.09576082229614258
sd35_fp16_s40_g5.0_str0.3,00000,sd35,fp16,123,40,5.0,0.3,CLIP-D,/media/SSD_4TB/crispy_storage/comparative_images_img2img/00000_sd35_fp16_seed123_s40_g5.0_str0.3.png,fake,0.830626904964447,0.060771942138671875
sd35_fp16_s40_g5.0_str0.3,00000,sd35,fp16,123,40,5.0,0.3,R50_TF,/media/SSD_4TB/crispy_storage/comparative_images_img2img/00000_sd35_fp16_seed123_s40_g5.0_str0.3.png,real,0.436,0.175
sd35_fp16_s40_g5.0_str0.3,00000,sd35,fp16,123,40,5.0,0.3,NPR,/media/SSD_4TB/crispy_storage/comparative_images_img2img/00000_sd35_fp16_seed123_s40_g5.0_str0.3.png,real,3.8247882847551075e-15,0.09010529518127441
sd35_fp8_s40_g3.5_str0.3,00001,sd35,fp8,124,40,3.5,0.3,CLIP-D,/media/SSD_4TB/crispy_storage/comparative_images_img2img/00001_sd35_fp8_seed124_s40_g3.5_str0.3.png,real,0.0034454260021448135,0.061049461364746094
sd35_fp8_s40_g3.5_str0.3,00001,sd35,fp8,124,40,3.5,0.3,R50_TF,/media/SSD_4TB/crispy_storage/comparative_images_img2img/00001_sd35_fp8_seed124_s40_g3.5_str0.3.png,real,0.3726,0.171
sd35_fp8_s40_g3.5_str0.3,00001,sd35,fp8,124,40,3.5,0.3,NPR,/media/SSD_4TB/crispy_storage/comparative_images_img2img/00001_sd35_fp8_seed124_s40_g3.5_str0.3.png,fake,0.9997379183769226,0.08768558502197266
sd15_fp4_s30_g6.5_str0.45,00001,sd15,fp4,124,30,6.5,0.45,CLIP-D,/media/SSD_4TB/crispy_storage/comparative_images_img2img/00001_sd15_fp4_seed124_s30_g6.5_str0.45.png,fake,0.968083918094635,0.06213545799255371
sd3_fp4_s50_g5.0_str0.3,00001,sd3,fp4,124,50,5.0,0.3,CLIP-D,/media/SSD_4TB/crispy_storage/comparative_images_img2img/00001_sd3_fp4_seed124_s50_g5.0_str0.3.png,fake,0.5948237180709839,0.06166386604309082
sd3_fp4_s50_g5.0_str0.3,00001,sd3,fp4,124,50,5.0,0.3,R50_TF,/media/SSD_4TB/crispy_storage/comparative_images_img2img/00001_sd3_fp4_seed124_s50_g5.0_str0.3.png,real,0.373,0.177
sd3_fp4_s50_g5.0_str0.3,00001,sd3,fp4,124,50,5.0,0.3,NPR,/media/SSD_4TB/crispy_storage/comparative_images_img2img/00001_sd3_fp4_seed124_s50_g5.0_str0.3.png,real,0.2750697135925293,0.09517931938171387
sd35_fp16_s40_g5.0_str0.45,00001,sd35,fp16,124,40,5.0,0.45,CLIP-D,/media/SSD_4TB/crispy_storage/comparative_images_img2img/00001_sd35_fp16_seed124_s40_g5.0_str0.45.png,real,0.022094009444117546,0.06243014335632324
sd35_fp16_s40_g5.0_str0.45,00001,sd35,fp16,124,40,5.0,0.45,R50_TF,/media/SSD_4TB/crispy_storage/comparative_images_img2img/00001_sd35_fp16_seed124_s40_g5.0_str0.45.png,real,0.3635,0.173
sd35_fp16_s40_g5.0_str0.45,00001,sd35,fp16,124,40,5.0,0.45,NPR,/media/SSD_4TB/crispy_storage/comparative_images_img2img/00001_sd35_fp16_seed124_s40_g5.0_str0.45.png,fake,0.9235422611236572,0.09720134735107422
sd3_fp4_s30_g5.0_str0.6,00000,sd3,fp4,123,30,5.0,0.6,CLIP-D,/media/SSD_4TB/crispy_storage/comparative_images_img2img/00000_sd3_fp4_seed123_s30_g5.0_str0.6.png,fake,0.970670223236084,0.06168818473815918
sd3_fp4_s30_g5.0_str0.6,00000,sd3,fp4,123,30,5.0,0.6,R50_TF,/media/SSD_4TB/crispy_storage/comparative_images_img2img/00000_sd3_fp4_seed123_s30_g5.0_str0.6.png,real,0.4513,0.17
sd3_fp4_s30_g5.0_str0.6,00000,sd3,fp4,123,30,5.0,0.6,NPR,/media/SSD_4TB/crispy_storage/comparative_images_img2img/00000_sd3_fp4_seed123_s30_g5.0_str0.6.png,real,1.0235118382982602e-14,0.0960383415222168
sd3_fp4_s30_g6.5_str0.45,00000,sd3,fp4,123,30,6.5,0.45,CLIP-D,/media/SSD_4TB/crispy_storage/comparative_images_img2img/00000_sd3_fp4_seed123_s30_g6.5_str0.45.png,fake,0.9662268757820129,0.0732886791229248
sd3_fp4_s30_g6.5_str0.45,00000,sd3,fp4,123,30,6.5,0.45,R50_TF,/media/SSD_4TB/crispy_storage/comparative_images_img2img/00000_sd3_fp4_seed123_s30_g6.5_str0.45.png,real,0.4539,0.179
sd3_fp4_s30_g6.5_str0.45,00000,sd3,fp4,123,30,6.5,0.45,NPR,/media/SSD_4TB/crispy_storage/comparative_images_img2img/00000_sd3_fp4_seed123_s30_g6.5_str0.45.png,real,9.490654518783809e-14,0.09732675552368164
sd35_fp16_s50_g5.0_str0.6,00001,sd35,fp16,124,50,5.0,0.6,CLIP-D,/media/SSD_4TB/crispy_storage/comparative_images_img2img/00001_sd35_fp16_seed124_s50_g5.0_str0.6.png,fake,0.9201810359954834,0.06213068962097168
sd35_fp16_s50_g5.0_str0.6,00001,sd35,fp16,124,50,5.0,0.6,R50_TF,/media/SSD_4TB/crispy_storage/comparative_images_img2img/00001_sd35_fp16_seed124_s50_g5.0_str0.6.png,real,0.36,0.172
sd35_fp16_s50_g5.0_str0.6,00001,sd35,fp16,124,50,5.0,0.6,NPR,/media/SSD_4TB/crispy_storage/comparative_images_img2img/00001_sd35_fp16_seed124_s50_g5.0_str0.6.png,fake,0.9975631237030029,0.09350943565368652
sd35_fp4_s30_g3.5_str0.6,00000,sd35,fp4,123,30,3.5,0.6,CLIP-D,/media/SSD_4TB/crispy_storage/comparative_images_img2img/00000_sd35_fp4_seed123_s30_g3.5_str0.6.png,fake,0.9355050921440125,0.0625617504119873
sd35_fp4_s30_g3.5_str0.6,00000,sd35,fp4,123,30,3.5,0.6,R50_TF,/media/SSD_4TB/crispy_storage/comparative_images_img2img/00000_sd35_fp4_seed123_s30_g3.5_str0.6.png,real,0.431,0.173
sd35_fp4_s30_g3.5_str0.6,00000,sd35,fp4,123,30,3.5,0.6,NPR,/media/SSD_4TB/crispy_storage/comparative_images_img2img/00000_sd35_fp4_seed123_s30_g3.5_str0.6.png,real,1.8078103575756843e-13,0.09200263023376465
sd3_fp8_s50_g5.0_str0.45,00000,sd3,fp8,123,50,5.0,0.45,CLIP-D,/media/SSD_4TB/crispy_storage/comparative_images_img2img/00000_sd3_fp8_seed123_s50_g5.0_str0.45.png,fake,0.5646370053291321,0.06338095664978027
sd3_fp8_s50_g5.0_str0.45,00000,sd3,fp8,123,50,5.0,0.45,R50_TF,/media/SSD_4TB/crispy_storage/comparative_images_img2img/00000_sd3_fp8_seed123_s50_g5.0_str0.45.png,real,0.418,0.181
sd3_fp8_s50_g5.0_str0.45,00000,sd3,fp8,123,50,5.0,0.45,NPR,/media/SSD_4TB/crispy_storage/comparative_images_img2img/00000_sd3_fp8_seed123_s50_g5.0_str0.45.png,real,3.841857387776315e-13,0.08624553680419922
sd35_fp4_s30_g3.5_str0.6,00001,sd35,fp4,124,30,3.5,0.6,CLIP-D,/media/SSD_4TB/crispy_storage/comparative_images_img2img/00001_sd35_fp4_seed124_s30_g3.5_str0.6.png,real,0.3251168727874756,0.06069493293762207
sd35_fp4_s30_g3.5_str0.6,00001,sd35,fp4,124,30,3.5,0.6,R50_TF,/media/SSD_4TB/crispy_storage/comparative_images_img2img/00001_sd35_fp4_seed124_s30_g3.5_str0.6.png,real,0.3944,0.173
sd35_fp4_s30_g3.5_str0.6,00001,sd35,fp4,124,30,3.5,0.6,NPR,/media/SSD_4TB/crispy_storage/comparative_images_img2img/00001_sd35_fp4_seed124_s30_g3.5_str0.6.png,fake,0.6310845613479614,0.08993697166442871
sd35_fp8_s30_g3.5_str0.3,00001,sd35,fp8,124,30,3.5,0.3,CLIP-D,/media/SSD_4TB/crispy_storage/comparative_images_img2img/00001_sd35_fp8_seed124_s30_g3.5_str0.3.png,real,0.010149091482162476,0.06269478797912598
sd35_fp8_s30_g3.5_str0.3,00001,sd35,fp8,124,30,3.5,0.3,R50_TF,/media/SSD_4TB/crispy_storage/comparative_images_img2img/00001_sd35_fp8_seed124_s30_g3.5_str0.3.png,real,0.3779,0.167
sd35_fp8_s30_g3.5_str0.3,00001,sd35,fp8,124,30,3.5,0.3,NPR,/media/SSD_4TB/crispy_storage/comparative_images_img2img/00001_sd35_fp8_seed124_s30_g3.5_str0.3.png,fake,0.9999785423278809,0.08988142013549805
sd3_fp4_s50_g3.5_str0.6,00000,sd3,fp4,123,50,3.5,0.6,CLIP-D,/media/SSD_4TB/crispy_storage/comparative_images_img2img/00000_sd3_fp4_seed123_s50_g3.5_str0.6.png,fake,0.9648704528808594,0.06182360649108887
sd3_fp4_s50_g3.5_str0.6,00000,sd3,fp4,123,50,3.5,0.6,R50_TF,/media/SSD_4TB/crispy_storage/comparative_images_img2img/00000_sd3_fp4_seed123_s50_g3.5_str0.6.png,real,0.4379,0.171
sd3_fp4_s50_g3.5_str0.6,00000,sd3,fp4,123,50,3.5,0.6,NPR,/media/SSD_4TB/crispy_storage/comparative_images_img2img/00000_sd3_fp4_seed123_s50_g3.5_str0.6.png,real,1.7681173365702296e-12,0.0911552906036377
sd35_fp8_s40_g6.5_str0.6,00000,sd35,fp8,123,40,6.5,0.6,R50_TF,/media/SSD_4TB/crispy_storage/comparative_images_img2img/00000_sd35_fp8_seed123_s40_g6.5_str0.6.png,real,0.454,0.171
sd35_fp8_s40_g6.5_str0.6,00000,sd35,fp8,123,40,6.5,0.6,NPR,/media/SSD_4TB/crispy_storage/comparative_images_img2img/00000_sd35_fp8_seed123_s40_g6.5_str0.6.png,real,1.3045408309153572e-07,0.09652471542358398
sd35_fp16_s50_g6.5_str0.45,00000,sd35,fp16,123,50,6.5,0.45,CLIP-D,/media/SSD_4TB/crispy_storage/comparative_images_img2img/00000_sd35_fp16_seed123_s50_g6.5_str0.45.png,fake,0.8977304697036743,0.0628197193145752
sd35_fp16_s50_g6.5_str0.45,00000,sd35,fp16,123,50,6.5,0.45,R50_TF,/media/SSD_4TB/crispy_storage/comparative_images_img2img/00000_sd35_fp16_seed123_s50_g6.5_str0.45.png,real,0.4354,0.173
sd35_fp16_s50_g6.5_str0.45,00000,sd35,fp16,123,50,6.5,0.45,NPR,/media/SSD_4TB/crispy_storage/comparative_images_img2img/00000_sd35_fp16_seed123_s50_g6.5_str0.45.png,real,2.9398619094678224e-09,0.10156631469726562
sd35_fp16_s30_g5.0_str0.45,00000,sd35,fp16,123,30,5.0,0.45,CLIP-D,/media/SSD_4TB/crispy_storage/comparative_images_img2img/00000_sd35_fp16_seed123_s30_g5.0_str0.45.png,fake,0.8780663013458252,0.06090426445007324
sd35_fp16_s30_g5.0_str0.45,00000,sd35,fp16,123,30,5.0,0.45,R50_TF,/media/SSD_4TB/crispy_storage/comparative_images_img2img/00000_sd35_fp16_seed123_s30_g5.0_str0.45.png,real,0.4355,0.176
sd35_fp16_s30_g5.0_str0.45,00000,sd35,fp16,123,30,5.0,0.45,NPR,/media/SSD_4TB/crispy_storage/comparative_images_img2img/00000_sd35_fp16_seed123_s30_g5.0_str0.45.png,real,8.424005850521388e-13,0.09473800659179688
sd35_fp4_s40_g3.5_str0.45,00000,sd35,fp4,123,40,3.5,0.45,CLIP-D,/media/SSD_4TB/crispy_storage/comparative_images_img2img/00000_sd35_fp4_seed123_s40_g3.5_str0.45.png,fake,0.8536524772644043,0.06172609329223633
sd35_fp4_s40_g3.5_str0.45,00000,sd35,fp4,123,40,3.5,0.45,R50_TF,/media/SSD_4TB/crispy_storage/comparative_images_img2img/00000_sd35_fp4_seed123_s40_g3.5_str0.45.png,real,0.4257,0.179
sd35_fp4_s40_g3.5_str0.45,00000,sd35,fp4,123,40,3.5,0.45,NPR,/media/SSD_4TB/crispy_storage/comparative_images_img2img/00000_sd35_fp4_seed123_s40_g3.5_str0.45.png,real,2.4476555222745222e-14,0.09711575508117676
sd35_fp4_s50_g5.0_str0.6,00001,sd35,fp4,124,50,5.0,0.6,CLIP-D,/media/SSD_4TB/crispy_storage/comparative_images_img2img/00001_sd35_fp4_seed124_s50_g5.0_str0.6.png,fake,0.6993533968925476,0.0619814395904541
sd35_fp4_s50_g5.0_str0.6,00001,sd35,fp4,124,50,5.0,0.6,R50_TF,/media/SSD_4TB/crispy_storage/comparative_images_img2img/00001_sd35_fp4_seed124_s50_g5.0_str0.6.png,real,0.3803,0.165
sd35_fp4_s50_g5.0_str0.6,00001,sd35,fp4,124,50,5.0,0.6,NPR,/media/SSD_4TB/crispy_storage/comparative_images_img2img/00001_sd35_fp4_seed124_s50_g5.0_str0.6.png,real,0.0016019776230677962,0.08795619010925293
sd35_fp16_s30_g6.5_str0.6,00001,sd35,fp16,124,30,6.5,0.6,CLIP-D,/media/SSD_4TB/crispy_storage/comparative_images_img2img/00001_sd35_fp16_seed124_s30_g6.5_str0.6.png,fake,0.8903377056121826,0.06133270263671875
sd35_fp16_s30_g6.5_str0.6,00001,sd35,fp16,124,30,6.5,0.6,R50_TF,/media/SSD_4TB/crispy_storage/comparative_images_img2img/00001_sd35_fp16_seed124_s30_g6.5_str0.6.png,real,0.3683,0.168
sd35_fp16_s30_g6.5_str0.6,00001,sd35,fp16,124,30,6.5,0.6,NPR,/media/SSD_4TB/crispy_storage/comparative_images_img2img/00001_sd35_fp16_seed124_s30_g6.5_str0.6.png,fake,0.9999192953109741,0.09219741821289062
sd35_fp16_s30_g5.0_str0.45,00001,sd35,fp16,124,30,5.0,0.45,CLIP-D,/media/SSD_4TB/crispy_storage/comparative_images_img2img/00001_sd35_fp16_seed124_s30_g5.0_str0.45.png,real,0.013025215826928616,0.061765432357788086
sd35_fp16_s30_g5.0_str0.45,00001,sd35,fp16,124,30,5.0,0.45,R50_TF,/media/SSD_4TB/crispy_storage/comparative_images_img2img/00001_sd35_fp16_seed124_s30_g5.0_str0.45.png,real,0.3636,0.165
sd35_fp16_s30_g5.0_str0.45,00001,sd35,fp16,124,30,5.0,0.45,NPR,/media/SSD_4TB/crispy_storage/comparative_images_img2img/00001_sd35_fp16_seed124_s30_g5.0_str0.45.png,fake,0.9997430443763733,0.0964500904083252
sd3_fp4_s50_g5.0_str0.6,00000,sd3,fp4,123,50,5.0,0.6,CLIP-D,/media/SSD_4TB/crispy_storage/comparative_images_img2img/00000_sd3_fp4_seed123_s50_g5.0_str0.6.png,fake,0.9542840123176575,0.06488990783691406
sd3_fp4_s50_g5.0_str0.6,00000,sd3,fp4,123,50,5.0,0.6,R50_TF,/media/SSD_4TB/crispy_storage/comparative_images_img2img/00000_sd3_fp4_seed123_s50_g5.0_str0.6.png,real,0.438,0.254
sd3_fp4_s50_g5.0_str0.6,00000,sd3,fp4,123,50,5.0,0.6,NPR,/media/SSD_4TB/crispy_storage/comparative_images_img2img/00000_sd3_fp4_seed123_s50_g5.0_str0.6.png,real,1.0933290947937047e-12,0.09410429000854492
sd3_fp4_s30_g3.5_str0.3,00001,sd3,fp4,124,30,3.5,0.3,CLIP-D,/media/SSD_4TB/crispy_storage/comparative_images_img2img/00001_sd3_fp4_seed124_s30_g3.5_str0.3.png,fake,0.6452039480209351,0.06284642219543457
sd3_fp4_s30_g3.5_str0.3,00001,sd3,fp4,124,30,3.5,0.3,R50_TF,/media/SSD_4TB/crispy_storage/comparative_images_img2img/00001_sd3_fp4_seed124_s30_g3.5_str0.3.png,real,0.3826,0.169
sd3_fp4_s30_g3.5_str0.3,00001,sd3,fp4,124,30,3.5,0.3,NPR,/media/SSD_4TB/crispy_storage/comparative_images_img2img/00001_sd3_fp4_seed124_s30_g3.5_str0.3.png,fake,0.9983124732971191,0.09090399742126465
sd3_fp4_s40_g5.0_str0.45,00001,sd3,fp4,124,40,5.0,0.45,CLIP-D,/media/SSD_4TB/crispy_storage/comparative_images_img2img/00001_sd3_fp4_seed124_s40_g5.0_str0.45.png,fake,0.85906982421875,0.061490774154663086
sd3_fp4_s40_g5.0_str0.45,00001,sd3,fp4,124,40,5.0,0.45,R50_TF,/media/SSD_4TB/crispy_storage/comparative_images_img2img/00001_sd3_fp4_seed124_s40_g5.0_str0.45.png,real,0.4007,0.168
sd3_fp4_s40_g5.0_str0.45,00001,sd3,fp4,124,40,5.0,0.45,NPR,/media/SSD_4TB/crispy_storage/comparative_images_img2img/00001_sd3_fp4_seed124_s40_g5.0_str0.45.png,fake,0.6770400404930115,0.09637212753295898
sd35_fp4_s40_g3.5_str0.45,00001,sd35,fp4,124,40,3.5,0.45,CLIP-D,/media/SSD_4TB/crispy_storage/comparative_images_img2img/00001_sd35_fp4_seed124_s40_g3.5_str0.45.png,real,0.13676369190216064,0.06290149688720703
sd35_fp4_s40_g3.5_str0.45,00001,sd35,fp4,124,40,3.5,0.45,R50_TF,/media/SSD_4TB/crispy_storage/comparative_images_img2img/00001_sd35_fp4_seed124_s40_g3.5_str0.45.png,real,0.3704,0.176
sd35_fp4_s40_g3.5_str0.45,00001,sd35,fp4,124,40,3.5,0.45,NPR,/media/SSD_4TB/crispy_storage/comparative_images_img2img/00001_sd35_fp4_seed124_s40_g3.5_str0.45.png,fake,0.6485723853111267,0.0903630256652832
sd3_fp4_s30_g3.5_str0.6,00000,sd3,fp4,123,30,3.5,0.6,CLIP-D,/media/SSD_4TB/crispy_storage/comparative_images_img2img/00000_sd3_fp4_seed123_s30_g3.5_str0.6.png,fake,0.9764675498008728,0.06168389320373535
sd3_fp4_s30_g3.5_str0.6,00000,sd3,fp4,123,30,3.5,0.6,R50_TF,/media/SSD_4TB/crispy_storage/comparative_images_img2img/00000_sd3_fp4_seed123_s30_g3.5_str0.6.png,real,0.4504,0.18
sd3_fp4_s30_g3.5_str0.6,00000,sd3,fp4,123,30,3.5,0.6,NPR,/media/SSD_4TB/crispy_storage/comparative_images_img2img/00000_sd3_fp4_seed123_s30_g3.5_str0.6.png,real,4.3736834222677864e-14,0.0926961898803711
sd3_fp8_s40_g6.5_str0.6,00000,sd3,fp8,123,40,6.5,0.6,CLIP-D,/media/SSD_4TB/crispy_storage/comparative_images_img2img/00000_sd3_fp8_seed123_s40_g6.5_str0.6.png,real,0.49741390347480774,0.06445574760437012
sd3_fp8_s40_g6.5_str0.6,00000,sd3,fp8,123,40,6.5,0.6,R50_TF,/media/SSD_4TB/crispy_storage/comparative_images_img2img/00000_sd3_fp8_seed123_s40_g6.5_str0.6.png,real,0.4218,0.175
sd3_fp8_s40_g6.5_str0.6,00000,sd3,fp8,123,40,6.5,0.6,NPR,/media/SSD_4TB/crispy_storage/comparative_images_img2img/00000_sd3_fp8_seed123_s40_g6.5_str0.6.png,real,1.667759897197585e-13,0.09601116180419922
sd35_fp8_s50_g3.5_str0.45,00001,sd35,fp8,124,50,3.5,0.45,CLIP-D,/media/SSD_4TB/crispy_storage/comparative_images_img2img/00001_sd35_fp8_seed124_s50_g3.5_str0.45.png,real,0.0033315035980194807,0.0618135929107666
sd35_fp8_s50_g3.5_str0.45,00001,sd35,fp8,124,50,3.5,0.45,R50_TF,/media/SSD_4TB/crispy_storage/comparative_images_img2img/00001_sd35_fp8_seed124_s50_g3.5_str0.45.png,real,0.3604,0.174
sd35_fp8_s50_g3.5_str0.45,00001,sd35,fp8,124,50,3.5,0.45,NPR,/media/SSD_4TB/crispy_storage/comparative_images_img2img/00001_sd35_fp8_seed124_s50_g3.5_str0.45.png,fake,0.7864437699317932,0.09119844436645508
sd3_fp8_s50_g6.5_str0.6,00001,sd3,fp8,124,50,6.5,0.6,CLIP-D,/media/SSD_4TB/crispy_storage/comparative_images_img2img/00001_sd3_fp8_seed124_s50_g6.5_str0.6.png,fake,0.620000422000885,0.061537742614746094
sd3_fp8_s50_g6.5_str0.6,00001,sd3,fp8,124,50,6.5,0.6,R50_TF,/media/SSD_4TB/crispy_storage/comparative_images_img2img/00001_sd3_fp8_seed124_s50_g6.5_str0.6.png,real,0.3841,0.171
sd3_fp8_s50_g6.5_str0.6,00001,sd3,fp8,124,50,6.5,0.6,NPR,/media/SSD_4TB/crispy_storage/comparative_images_img2img/00001_sd3_fp8_seed124_s50_g6.5_str0.6.png,real,0.019712502136826515,0.09463167190551758
sd3_fp4_s40_g3.5_str0.45,00000,sd3,fp4,123,40,3.5,0.45,CLIP-D,/media/SSD_4TB/crispy_storage/comparative_images_img2img/00000_sd3_fp4_seed123_s40_g3.5_str0.45.png,fake,0.9722349047660828,0.06569194793701172
sd3_fp4_s40_g3.5_str0.45,00000,sd3,fp4,123,40,3.5,0.45,R50_TF,/media/SSD_4TB/crispy_storage/comparative_images_img2img/00000_sd3_fp4_seed123_s40_g3.5_str0.45.png,real,0.4494,0.174
sd3_fp4_s40_g3.5_str0.45,00000,sd3,fp4,123,40,3.5,0.45,NPR,/media/SSD_4TB/crispy_storage/comparative_images_img2img/00000_sd3_fp4_seed123_s40_g3.5_str0.45.png,real,6.860064952077596e-14,0.08973360061645508
sd35_fp4_s50_g5.0_str0.45,00000,sd35,fp4,123,50,5.0,0.45,CLIP-D,/media/SSD_4TB/crispy_storage/comparative_images_img2img/00000_sd35_fp4_seed123_s50_g5.0_str0.45.png,fake,0.8982083201408386,0.06157279014587402
sd35_fp4_s50_g5.0_str0.45,00000,sd35,fp4,123,50,5.0,0.45,R50_TF,/media/SSD_4TB/crispy_storage/comparative_images_img2img/00000_sd35_fp4_seed123_s50_g5.0_str0.45.png,real,0.4252,0.183
sd35_fp4_s50_g5.0_str0.45,00000,sd35,fp4,123,50,5.0,0.45,NPR,/media/SSD_4TB/crispy_storage/comparative_images_img2img/00000_sd35_fp4_seed123_s50_g5.0_str0.45.png,real,1.4989990856657115e-13,0.09107446670532227
sd35_fp8_s30_g6.5_str0.45,00001,sd35,fp8,124,30,6.5,0.45,CLIP-D,/media/SSD_4TB/crispy_storage/comparative_images_img2img/00001_sd35_fp8_seed124_s30_g6.5_str0.45.png,real,0.2188054472208023,0.07001399993896484
sd35_fp8_s30_g6.5_str0.45,00001,sd35,fp8,124,30,6.5,0.45,R50_TF,/media/SSD_4TB/crispy_storage/comparative_images_img2img/00001_sd35_fp8_seed124_s30_g6.5_str0.45.png,real,0.3718,0.173
sd35_fp8_s30_g6.5_str0.45,00001,sd35,fp8,124,30,6.5,0.45,NPR,/media/SSD_4TB/crispy_storage/comparative_images_img2img/00001_sd35_fp8_seed124_s30_g6.5_str0.45.png,fake,0.9893220663070679,0.09076690673828125
sd35_fp4_s40_g5.0_str0.6,00001,sd35,fp4,124,40,5.0,0.6,CLIP-D,/media/SSD_4TB/crispy_storage/comparative_images_img2img/00001_sd35_fp4_seed124_s40_g5.0_str0.6.png,fake,0.9520524144172668,0.06383442878723145
sd35_fp4_s40_g5.0_str0.6,00001,sd35,fp4,124,40,5.0,0.6,R50_TF,/media/SSD_4TB/crispy_storage/comparative_images_img2img/00001_sd35_fp4_seed124_s40_g5.0_str0.6.png,real,0.3811,0.176
sd35_fp4_s40_g5.0_str0.6,00001,sd35,fp4,124,40,5.0,0.6,NPR,/media/SSD_4TB/crispy_storage/comparative_images_img2img/00001_sd35_fp4_seed124_s40_g5.0_str0.6.png,real,0.03578535094857216,0.09273505210876465
sd35_fp4_s50_g3.5_str0.3,00000,sd35,fp4,123,50,3.5,0.3,CLIP-D,/media/SSD_4TB/crispy_storage/comparative_images_img2img/00000_sd35_fp4_seed123_s50_g3.5_str0.3.png,fake,0.8254566788673401,0.06378030776977539
sd35_fp4_s50_g3.5_str0.3,00000,sd35,fp4,123,50,3.5,0.3,R50_TF,/media/SSD_4TB/crispy_storage/comparative_images_img2img/00000_sd35_fp4_seed123_s50_g3.5_str0.3.png,real,0.4242,0.185
sd35_fp4_s50_g3.5_str0.3,00000,sd35,fp4,123,50,3.5,0.3,NPR,/media/SSD_4TB/crispy_storage/comparative_images_img2img/00000_sd35_fp4_seed123_s50_g3.5_str0.3.png,real,1.0941572580703556e-16,0.09320330619812012
sd35_fp16_s40_g5.0_str0.6,00000,sd35,fp16,123,40,5.0,0.6,CLIP-D,/media/SSD_4TB/crispy_storage/comparative_images_img2img/00000_sd35_fp16_seed123_s40_g5.0_str0.6.png,fake,0.9145447015762329,0.06220245361328125
sd35_fp16_s40_g5.0_str0.6,00000,sd35,fp16,123,40,5.0,0.6,R50_TF,/media/SSD_4TB/crispy_storage/comparative_images_img2img/00000_sd35_fp16_seed123_s40_g5.0_str0.6.png,real,0.4521,0.171
sd35_fp16_s40_g5.0_str0.6,00000,sd35,fp16,123,40,5.0,0.6,NPR,/media/SSD_4TB/crispy_storage/comparative_images_img2img/00000_sd35_fp16_seed123_s40_g5.0_str0.6.png,real,8.652232708072916e-08,0.09270882606506348
sd35_fp8_s50_g3.5_str0.3,00001,sd35,fp8,124,50,3.5,0.3,CLIP-D,/media/SSD_4TB/crispy_storage/comparative_images_img2img/00001_sd35_fp8_seed124_s50_g3.5_str0.3.png,real,0.002006059978157282,0.06046128273010254
sd35_fp8_s50_g3.5_str0.3,00001,sd35,fp8,124,50,3.5,0.3,R50_TF,/media/SSD_4TB/crispy_storage/comparative_images_img2img/00001_sd35_fp8_seed124_s50_g3.5_str0.3.png,real,0.3705,0.178
sd35_fp8_s50_g3.5_str0.3,00001,sd35,fp8,124,50,3.5,0.3,NPR,/media/SSD_4TB/crispy_storage/comparative_images_img2img/00001_sd35_fp8_seed124_s50_g3.5_str0.3.png,fake,0.9944323897361755,0.0865027904510498
sd35_fp8_s30_g5.0_str0.3,00001,sd35,fp8,124,30,5.0,0.3,CLIP-D,/media/SSD_4TB/crispy_storage/comparative_images_img2img/00001_sd35_fp8_seed124_s30_g5.0_str0.3.png,real,0.012087521143257618,0.06436896324157715
sd35_fp8_s30_g5.0_str0.3,00001,sd35,fp8,124,30,5.0,0.3,R50_TF,/media/SSD_4TB/crispy_storage/comparative_images_img2img/00001_sd35_fp8_seed124_s30_g5.0_str0.3.png,real,0.3763,0.173
sd35_fp8_s30_g5.0_str0.3,00001,sd35,fp8,124,30,5.0,0.3,NPR,/media/SSD_4TB/crispy_storage/comparative_images_img2img/00001_sd35_fp8_seed124_s30_g5.0_str0.3.png,fake,0.9999767541885376,0.09078049659729004
sd35_fp4_s30_g3.5_str0.45,00000,sd35,fp4,123,30,3.5,0.45,CLIP-D,/media/SSD_4TB/crispy_storage/comparative_images_img2img/00000_sd35_fp4_seed123_s30_g3.5_str0.45.png,fake,0.8617892861366272,0.06217241287231445
sd35_fp4_s30_g3.5_str0.45,00000,sd35,fp4,123,30,3.5,0.45,R50_TF,/media/SSD_4TB/crispy_storage/comparative_images_img2img/00000_sd35_fp4_seed123_s30_g3.5_str0.45.png,real,0.4291,0.172
sd35_fp4_s30_g3.5_str0.45,00000,sd35,fp4,123,30,3.5,0.45,NPR,/media/SSD_4TB/crispy_storage/comparative_images_img2img/00000_sd35_fp4_seed123_s30_g3.5_str0.45.png,real,7.850530901081561e-15,0.0919947624206543
sd15_fp8_s30_g5.0_str0.45,00000,sd15,fp8,123,30,5.0,0.45,CLIP-D,/media/SSD_4TB/crispy_storage/comparative_images_img2img/00000_sd15_fp8_seed123_s30_g5.0_str0.45.png,fake,0.5780231952667236,0.0651848316192627
sd15_fp8_s30_g5.0_str0.45,00000,sd15,fp8,123,30,5.0,0.45,R50_TF,/media/SSD_4TB/crispy_storage/comparative_images_img2img/00000_sd15_fp8_seed123_s30_g5.0_str0.45.png,fake,0.5631,0.173
sd15_fp8_s30_g5.0_str0.45,00000,sd15,fp8,123,30,5.0,0.45,NPR,/media/SSD_4TB/crispy_storage/comparative_images_img2img/00000_sd15_fp8_seed123_s30_g5.0_str0.45.png,real,0.11606401950120926,0.09130668640136719
sd35_fp4_s40_g5.0_str0.6,00000,sd35,fp4,123,40,5.0,0.6,CLIP-D,/media/SSD_4TB/crispy_storage/comparative_images_img2img/00000_sd35_fp4_seed123_s40_g5.0_str0.6.png,fake,0.9478221535682678,0.06195950508117676
sd35_fp4_s40_g5.0_str0.6,00000,sd35,fp4,123,40,5.0,0.6,R50_TF,/media/SSD_4TB/crispy_storage/comparative_images_img2img/00000_sd35_fp4_seed123_s40_g5.0_str0.6.png,real,0.4379,0.17
sd35_fp4_s40_g5.0_str0.6,00000,sd35,fp4,123,40,5.0,0.6,NPR,/media/SSD_4TB/crispy_storage/comparative_images_img2img/00000_sd35_fp4_seed123_s40_g5.0_str0.6.png,real,2.7928193611914676e-12,0.08827400207519531
sd35_fp8_s40_g3.5_str0.45,00001,sd35,fp8,124,40,3.5,0.45,CLIP-D,/media/SSD_4TB/crispy_storage/comparative_images_img2img/00001_sd35_fp8_seed124_s40_g3.5_str0.45.png,real,0.040483418852090836,0.06157565116882324
sd35_fp8_s40_g3.5_str0.45,00001,sd35,fp8,124,40,3.5,0.45,R50_TF,/media/SSD_4TB/crispy_storage/comparative_images_img2img/00001_sd35_fp8_seed124_s40_g3.5_str0.45.png,real,0.3636,0.173
sd35_fp8_s40_g3.5_str0.45,00001,sd35,fp8,124,40,3.5,0.45,NPR,/media/SSD_4TB/crispy_storage/comparative_images_img2img/00001_sd35_fp8_seed124_s40_g3.5_str0.45.png,fake,0.9869122505187988,0.09440374374389648
sd3_fp8_s50_g5.0_str0.3,00001,sd3,fp8,124,50,5.0,0.3,CLIP-D,/media/SSD_4TB/crispy_storage/comparative_images_img2img/00001_sd3_fp8_seed124_s50_g5.0_str0.3.png,real,0.04570387303829193,0.06391596794128418
sd3_fp8_s50_g5.0_str0.3,00001,sd3,fp8,124,50,5.0,0.3,R50_TF,/media/SSD_4TB/crispy_storage/comparative_images_img2img/00001_sd3_fp8_seed124_s50_g5.0_str0.3.png,real,0.3714,0.172
sd3_fp8_s50_g5.0_str0.3,00001,sd3,fp8,124,50,5.0,0.3,NPR,/media/SSD_4TB/crispy_storage/comparative_images_img2img/00001_sd3_fp8_seed124_s50_g5.0_str0.3.png,fake,0.9867430925369263,0.09116983413696289
sd35_fp8_s40_g3.5_str0.3,00000,sd35,fp8,123,40,3.5,0.3,CLIP-D,/media/SSD_4TB/crispy_storage/comparative_images_img2img/00000_sd35_fp8_seed123_s40_g3.5_str0.3.png,fake,0.8242581486701965,0.06301069259643555
sd35_fp8_s40_g3.5_str0.3,00000,sd35,fp8,123,40,3.5,0.3,R50_TF,/media/SSD_4TB/crispy_storage/comparative_images_img2img/00000_sd35_fp8_seed123_s40_g3.5_str0.3.png,real,0.4312,0.174
sd35_fp8_s40_g3.5_str0.3,00000,sd35,fp8,123,40,3.5,0.3,NPR,/media/SSD_4TB/crispy_storage/comparative_images_img2img/00000_sd35_fp8_seed123_s40_g3.5_str0.3.png,real,2.675188127780197e-16,0.09165287017822266
sd35_fp16_s30_g3.5_str0.6,00001,sd35,fp16,124,30,3.5,0.6,CLIP-D,/media/SSD_4TB/crispy_storage/comparative_images_img2img/00001_sd35_fp16_seed124_s30_g3.5_str0.6.png,fake,0.8543878197669983,0.06192898750305176
sd35_fp16_s30_g3.5_str0.6,00001,sd35,fp16,124,30,3.5,0.6,R50_TF,/media/SSD_4TB/crispy_storage/comparative_images_img2img/00001_sd35_fp16_seed124_s30_g3.5_str0.6.png,real,0.3653,0.167
sd35_fp16_s30_g3.5_str0.6,00001,sd35,fp16,124,30,3.5,0.6,NPR,/media/SSD_4TB/crispy_storage/comparative_images_img2img/00001_sd35_fp16_seed124_s30_g3.5_str0.6.png,fake,0.9999165534973145,0.0905299186706543
sd3_fp8_s50_g6.5_str0.3,00000,sd3,fp8,123,50,6.5,0.3,CLIP-D,/media/SSD_4TB/crispy_storage/comparative_images_img2img/00000_sd3_fp8_seed123_s50_g6.5_str0.3.png,fake,0.8947471380233765,0.06422281265258789
sd3_fp8_s50_g6.5_str0.3,00000,sd3,fp8,123,50,6.5,0.3,R50_TF,/media/SSD_4TB/crispy_storage/comparative_images_img2img/00000_sd3_fp8_seed123_s50_g6.5_str0.3.png,real,0.4361,0.18
sd3_fp8_s50_g6.5_str0.3,00000,sd3,fp8,123,50,6.5,0.3,NPR,/media/SSD_4TB/crispy_storage/comparative_images_img2img/00000_sd3_fp8_seed123_s50_g6.5_str0.3.png,real,2.009518328241521e-15,0.08757138252258301
sd35_fp8_s30_g6.5_str0.3,00000,sd35,fp8,123,30,6.5,0.3,CLIP-D,/media/SSD_4TB/crispy_storage/comparative_images_img2img/00000_sd35_fp8_seed123_s30_g6.5_str0.3.png,real,0.4898759424686432,0.06142234802246094
sd35_fp8_s30_g6.5_str0.3,00000,sd35,fp8,123,30,6.5,0.3,R50_TF,/media/SSD_4TB/crispy_storage/comparative_images_img2img/00000_sd35_fp8_seed123_s30_g6.5_str0.3.png,real,0.4463,0.172
sd35_fp8_s30_g6.5_str0.3,00000,sd35,fp8,123,30,6.5,0.3,NPR,/media/SSD_4TB/crispy_storage/comparative_images_img2img/00000_sd35_fp8_seed123_s30_g6.5_str0.3.png,real,2.736088266403648e-18,0.09728240966796875
sd3_fp4_s30_g5.0_str0.3,00000,sd3,fp4,123,30,5.0,0.3,CLIP-D,/media/SSD_4TB/crispy_storage/comparative_images_img2img/00000_sd3_fp4_seed123_s30_g5.0_str0.3.png,fake,0.981524646282196,0.06117367744445801
sd3_fp4_s30_g5.0_str0.3,00000,sd3,fp4,123,30,5.0,0.3,R50_TF,/media/SSD_4TB/crispy_storage/comparative_images_img2img/00000_sd3_fp4_seed123_s30_g5.0_str0.3.png,real,0.4521,0.18
sd3_fp4_s30_g5.0_str0.3,00000,sd3,fp4,123,30,5.0,0.3,NPR,/media/SSD_4TB/crispy_storage/comparative_images_img2img/00000_sd3_fp4_seed123_s30_g5.0_str0.3.png,real,1.257011293285485e-15,0.09108185768127441
sd35_fp8_s40_g3.5_str0.45,00000,sd35,fp8,123,40,3.5,0.45,CLIP-D,/media/SSD_4TB/crispy_storage/comparative_images_img2img/00000_sd35_fp8_seed123_s40_g3.5_str0.45.png,fake,0.7137575745582581,0.06293964385986328
sd35_fp8_s40_g3.5_str0.45,00000,sd35,fp8,123,40,3.5,0.45,R50_TF,/media/SSD_4TB/crispy_storage/comparative_images_img2img/00000_sd35_fp8_seed123_s40_g3.5_str0.45.png,real,0.4274,0.182
sd35_fp8_s40_g3.5_str0.45,00000,sd35,fp8,123,40,3.5,0.45,NPR,/media/SSD_4TB/crispy_storage/comparative_images_img2img/00000_sd35_fp8_seed123_s40_g3.5_str0.45.png,real,7.705170052343946e-14,0.08878850936889648
sd35_fp4_s50_g6.5_str0.3,00001,sd35,fp4,124,50,6.5,0.3,CLIP-D,/media/SSD_4TB/crispy_storage/comparative_images_img2img/00001_sd35_fp4_seed124_s50_g6.5_str0.3.png,real,0.0898178294301033,0.061447858810424805
sd35_fp4_s50_g6.5_str0.3,00001,sd35,fp4,124,50,6.5,0.3,R50_TF,/media/SSD_4TB/crispy_storage/comparative_images_img2img/00001_sd35_fp4_seed124_s50_g6.5_str0.3.png,real,0.3635,0.17
sd35_fp4_s50_g6.5_str0.3,00001,sd35,fp4,124,50,6.5,0.3,NPR,/media/SSD_4TB/crispy_storage/comparative_images_img2img/00001_sd35_fp4_seed124_s50_g6.5_str0.3.png,fake,0.9914453029632568,0.09258770942687988
sd3_fp8_s30_g6.5_str0.3,00001,sd3,fp8,124,30,6.5,0.3,CLIP-D,/media/SSD_4TB/crispy_storage/comparative_images_img2img/00001_sd3_fp8_seed124_s30_g6.5_str0.3.png,real,0.34908929467201233,0.06392240524291992
sd3_fp8_s30_g6.5_str0.3,00001,sd3,fp8,124,30,6.5,0.3,R50_TF,/media/SSD_4TB/crispy_storage/comparative_images_img2img/00001_sd3_fp8_seed124_s30_g6.5_str0.3.png,real,0.3736,0.169
sd3_fp8_s30_g6.5_str0.3,00001,sd3,fp8,124,30,6.5,0.3,NPR,/media/SSD_4TB/crispy_storage/comparative_images_img2img/00001_sd3_fp8_seed124_s30_g6.5_str0.3.png,fake,0.8605338335037231,0.09276700019836426
sd35_fp4_s40_g3.5_str0.3,00000,sd35,fp4,123,40,3.5,0.3,CLIP-D,/media/SSD_4TB/crispy_storage/comparative_images_img2img/00000_sd35_fp4_seed123_s40_g3.5_str0.3.png,fake,0.8668550848960876,0.0625619888305664
sd35_fp4_s40_g3.5_str0.3,00000,sd35,fp4,123,40,3.5,0.3,R50_TF,/media/SSD_4TB/crispy_storage/comparative_images_img2img/00000_sd35_fp4_seed123_s40_g3.5_str0.3.png,real,0.4247,0.177
sd35_fp4_s40_g3.5_str0.3,00000,sd35,fp4,123,40,3.5,0.3,NPR,/media/SSD_4TB/crispy_storage/comparative_images_img2img/00000_sd35_fp4_seed123_s40_g3.5_str0.3.png,real,1.9554557621687455e-16,0.08752560615539551
sd3_fp4_s40_g6.5_str0.6,00000,sd3,fp4,123,40,6.5,0.6,CLIP-D,/media/SSD_4TB/crispy_storage/comparative_images_img2img/00000_sd3_fp4_seed123_s40_g6.5_str0.6.png,fake,0.9623650312423706,0.06136631965637207
sd3_fp4_s40_g6.5_str0.6,00000,sd3,fp4,123,40,6.5,0.6,R50_TF,/media/SSD_4TB/crispy_storage/comparative_images_img2img/00000_sd3_fp4_seed123_s40_g6.5_str0.6.png,real,0.4313,0.178
sd3_fp4_s40_g6.5_str0.6,00000,sd3,fp4,123,40,6.5,0.6,NPR,/media/SSD_4TB/crispy_storage/comparative_images_img2img/00000_sd3_fp4_seed123_s40_g6.5_str0.6.png,real,2.5788902263679248e-11,0.09515714645385742
sd3_fp4_s50_g3.5_str0.3,00001,sd3,fp4,124,50,3.5,0.3,CLIP-D,/media/SSD_4TB/crispy_storage/comparative_images_img2img/00001_sd3_fp4_seed124_s50_g3.5_str0.3.png,real,0.3929116129875183,0.06510090827941895
sd3_fp4_s50_g3.5_str0.3,00001,sd3,fp4,124,50,3.5,0.3,R50_TF,/media/SSD_4TB/crispy_storage/comparative_images_img2img/00001_sd3_fp4_seed124_s50_g3.5_str0.3.png,real,0.3718,0.165
sd3_fp4_s50_g3.5_str0.3,00001,sd3,fp4,124,50,3.5,0.3,NPR,/media/SSD_4TB/crispy_storage/comparative_images_img2img/00001_sd3_fp4_seed124_s50_g3.5_str0.3.png,fake,0.9919707775115967,0.08853840827941895
sd35_fp16_s40_g5.0_str0.6,00001,sd35,fp16,124,40,5.0,0.6,CLIP-D,/media/SSD_4TB/crispy_storage/comparative_images_img2img/00001_sd35_fp16_seed124_s40_g5.0_str0.6.png,fake,0.5396435856819153,0.06154751777648926
sd35_fp16_s40_g5.0_str0.6,00001,sd35,fp16,124,40,5.0,0.6,R50_TF,/media/SSD_4TB/crispy_storage/comparative_images_img2img/00001_sd35_fp16_seed124_s40_g5.0_str0.6.png,real,0.354,0.17
sd35_fp16_s40_g5.0_str0.6,00001,sd35,fp16,124,40,5.0,0.6,NPR,/media/SSD_4TB/crispy_storage/comparative_images_img2img/00001_sd35_fp16_seed124_s40_g5.0_str0.6.png,fake,0.9998407363891602,0.09226298332214355
sd35_fp16_s30_g3.5_str0.45,00000,sd35,fp16,123,30,3.5,0.45,R50_TF,/media/SSD_4TB/crispy_storage/comparative_images_img2img/00000_sd35_fp16_seed123_s30_g3.5_str0.45.png,real,0.429,0.181
sd35_fp16_s30_g3.5_str0.45,00000,sd35,fp16,123,30,3.5,0.45,NPR,/media/SSD_4TB/crispy_storage/comparative_images_img2img/00000_sd35_fp16_seed123_s30_g3.5_str0.45.png,real,3.605458217138119e-13,0.08803296089172363
sd35_fp4_s40_g6.5_str0.3,00001,sd35,fp4,124,40,6.5,0.3,CLIP-D,/media/SSD_4TB/crispy_storage/comparative_images_img2img/00001_sd35_fp4_seed124_s40_g6.5_str0.3.png,real,0.04866243153810501,0.06442904472351074
sd35_fp4_s40_g6.5_str0.3,00001,sd35,fp4,124,40,6.5,0.3,R50_TF,/media/SSD_4TB/crispy_storage/comparative_images_img2img/00001_sd35_fp4_seed124_s40_g6.5_str0.3.png,real,0.3708,0.166
sd35_fp4_s40_g6.5_str0.3,00001,sd35,fp4,124,40,6.5,0.3,NPR,/media/SSD_4TB/crispy_storage/comparative_images_img2img/00001_sd35_fp4_seed124_s40_g6.5_str0.3.png,fake,0.9924201369285583,0.09289121627807617
sd35_fp4_s30_g6.5_str0.3,00000,sd35,fp4,123,30,6.5,0.3,CLIP-D,/media/SSD_4TB/crispy_storage/comparative_images_img2img/00000_sd35_fp4_seed123_s30_g6.5_str0.3.png,fake,0.8953731060028076,0.0621342658996582
sd35_fp4_s30_g6.5_str0.3,00000,sd35,fp4,123,30,6.5,0.3,R50_TF,/media/SSD_4TB/crispy_storage/comparative_images_img2img/00000_sd35_fp4_seed123_s30_g6.5_str0.3.png,real,0.4323,0.175
sd35_fp4_s30_g6.5_str0.3,00000,sd35,fp4,123,30,6.5,0.3,NPR,/media/SSD_4TB/crispy_storage/comparative_images_img2img/00000_sd35_fp4_seed123_s30_g6.5_str0.3.png,real,6.02278740503781e-17,0.08840823173522949
sd3_fp8_s40_g5.0_str0.6,00000,sd3,fp8,123,40,5.0,0.6,CLIP-D,/media/SSD_4TB/crispy_storage/comparative_images_img2img/00000_sd3_fp8_seed123_s40_g5.0_str0.6.png,fake,0.5230345726013184,0.06365633010864258
sd3_fp8_s40_g5.0_str0.6,00000,sd3,fp8,123,40,5.0,0.6,R50_TF,/media/SSD_4TB/crispy_storage/comparative_images_img2img/00000_sd3_fp8_seed123_s40_g5.0_str0.6.png,real,0.4268,0.178
sd3_fp8_s40_g5.0_str0.6,00000,sd3,fp8,123,40,5.0,0.6,NPR,/media/SSD_4TB/crispy_storage/comparative_images_img2img/00000_sd3_fp8_seed123_s40_g5.0_str0.6.png,real,2.916862931745534e-12,0.09865331649780273
sd35_fp16_s40_g3.5_str0.6,00000,sd35,fp16,123,40,3.5,0.6,CLIP-D,/media/SSD_4TB/crispy_storage/comparative_images_img2img/00000_sd35_fp16_seed123_s40_g3.5_str0.6.png,fake,0.7657368183135986,0.061765432357788086
sd35_fp16_s40_g3.5_str0.6,00000,sd35,fp16,123,40,3.5,0.6,R50_TF,/media/SSD_4TB/crispy_storage/comparative_images_img2img/00000_sd35_fp16_seed123_s40_g3.5_str0.6.png,real,0.45,0.173
sd35_fp16_s40_g3.5_str0.6,00000,sd35,fp16,123,40,3.5,0.6,NPR,/media/SSD_4TB/crispy_storage/comparative_images_img2img/00000_sd35_fp16_seed123_s40_g3.5_str0.6.png,real,2.8148420483375958e-08,0.0893855094909668
sd35_fp4_s50_g5.0_str0.3,00001,sd35,fp4,124,50,5.0,0.3,CLIP-D,/media/SSD_4TB/crispy_storage/comparative_images_img2img/00001_sd35_fp4_seed124_s50_g5.0_str0.3.png,real,0.0813729539513588,0.06167864799499512
sd35_fp4_s50_g5.0_str0.3,00001,sd35,fp4,124,50,5.0,0.3,R50_TF,/media/SSD_4TB/crispy_storage/comparative_images_img2img/00001_sd35_fp4_seed124_s50_g5.0_str0.3.png,real,0.3667,0.166
sd35_fp4_s50_g5.0_str0.3,00001,sd35,fp4,124,50,5.0,0.3,NPR,/media/SSD_4TB/crispy_storage/comparative_images_img2img/00001_sd35_fp4_seed124_s50_g5.0_str0.3.png,fake,0.956091046333313,0.09239006042480469
sd3_fp8_s50_g6.5_str0.6,00000,sd3,fp8,123,50,6.5,0.6,CLIP-D,/media/SSD_4TB/crispy_storage/comparative_images_img2img/00000_sd3_fp8_seed123_s50_g6.5_str0.6.png,fake,0.917201042175293,0.06253266334533691
sd3_fp8_s50_g6.5_str0.6,00000,sd3,fp8,123,50,6.5,0.6,R50_TF,/media/SSD_4TB/crispy_storage/comparative_images_img2img/00000_sd3_fp8_seed123_s50_g6.5_str0.6.png,real,0.4135,0.201
sd3_fp8_s50_g6.5_str0.6,00000,sd3,fp8,123,50,6.5,0.6,NPR,/media/SSD_4TB/crispy_storage/comparative_images_img2img/00000_sd3_fp8_seed123_s50_g6.5_str0.6.png,real,6.6382008397092296e-12,0.09642291069030762
sd3_fp4_s40_g5.0_str0.45,00000,sd3,fp4,123,40,5.0,0.45,CLIP-D,/media/SSD_4TB/crispy_storage/comparative_images_img2img/00000_sd3_fp4_seed123_s40_g5.0_str0.45.png,fake,0.9529603719711304,0.06576681137084961
sd3_fp4_s40_g5.0_str0.45,00000,sd3,fp4,123,40,5.0,0.45,R50_TF,/media/SSD_4TB/crispy_storage/comparative_images_img2img/00000_sd3_fp4_seed123_s40_g5.0_str0.45.png,real,0.4475,0.176
sd3_fp4_s40_g5.0_str0.45,00000,sd3,fp4,123,40,5.0,0.45,NPR,/media/SSD_4TB/crispy_storage/comparative_images_img2img/00000_sd3_fp4_seed123_s40_g5.0_str0.45.png,real,6.659409623136631e-14,0.09887504577636719
sd15_fp16_s50_g5.0_str0.6,00000,sd15,fp16,123,50,5.0,0.6,R50_TF,/media/SSD_4TB/crispy_storage/comparative_images_img2img/00000_sd15_fp16_seed123_s50_g5.0_str0.6.png,fake,0.5644,0.193
sd15_fp16_s50_g5.0_str0.6,00000,sd15,fp16,123,50,5.0,0.6,NPR,/media/SSD_4TB/crispy_storage/comparative_images_img2img/00000_sd15_fp16_seed123_s50_g5.0_str0.6.png,real,0.0005060613621026278,0.09536218643188477
sd35_fp8_s30_g3.5_str0.6,00000,sd35,fp8,123,30,3.5,0.6,CLIP-D,/media/SSD_4TB/crispy_storage/comparative_images_img2img/00000_sd35_fp8_seed123_s30_g3.5_str0.6.png,fake,0.9886386394500732,0.07922625541687012
sd35_fp8_s30_g3.5_str0.6,00000,sd35,fp8,123,30,3.5,0.6,R50_TF,/media/SSD_4TB/crispy_storage/comparative_images_img2img/00000_sd35_fp8_seed123_s30_g3.5_str0.6.png,real,0.4473,0.181
sd35_fp8_s30_g3.5_str0.6,00000,sd35,fp8,123,30,3.5,0.6,NPR,/media/SSD_4TB/crispy_storage/comparative_images_img2img/00000_sd35_fp8_seed123_s30_g3.5_str0.6.png,real,3.698501574445068e-12,0.09078502655029297
sd35_fp16_s30_g3.5_str0.45,00001,sd35,fp16,124,30,3.5,0.45,CLIP-D,/media/SSD_4TB/crispy_storage/comparative_images_img2img/00001_sd35_fp16_seed124_s30_g3.5_str0.45.png,real,0.026984404772520065,0.06168532371520996
sd35_fp16_s30_g3.5_str0.45,00001,sd35,fp16,124,30,3.5,0.45,R50_TF,/media/SSD_4TB/crispy_storage/comparative_images_img2img/00001_sd35_fp16_seed124_s30_g3.5_str0.45.png,real,0.3688,0.168
sd35_fp16_s30_g3.5_str0.45,00001,sd35,fp16,124,30,3.5,0.45,NPR,/media/SSD_4TB/crispy_storage/comparative_images_img2img/00001_sd35_fp16_seed124_s30_g3.5_str0.45.png,fake,0.9989905953407288,0.09503889083862305
sd15_fp4_s30_g3.5_str0.6,00000,sd15,fp4,123,30,3.5,0.6,CLIP-D,/media/SSD_4TB/crispy_storage/comparative_images_img2img/00000_sd15_fp4_seed123_s30_g3.5_str0.6.png,fake,0.9956952333450317,0.06899571418762207
sd15_fp4_s30_g3.5_str0.6,00000,sd15,fp4,123,30,3.5,0.6,R50_TF,/media/SSD_4TB/crispy_storage/comparative_images_img2img/00000_sd15_fp4_seed123_s30_g3.5_str0.6.png,fake,0.5735,0.171
sd15_fp4_s30_g3.5_str0.6,00000,sd15,fp4,123,30,3.5,0.6,NPR,/media/SSD_4TB/crispy_storage/comparative_images_img2img/00000_sd15_fp4_seed123_s30_g3.5_str0.6.png,fake,0.7927480936050415,0.08980727195739746
sd3_fp4_s30_g6.5_str0.3,00000,sd3,fp4,123,30,6.5,0.3,CLIP-D,/media/SSD_4TB/crispy_storage/comparative_images_img2img/00000_sd3_fp4_seed123_s30_g6.5_str0.3.png,fake,0.9702215194702148,0.06408238410949707
sd3_fp4_s30_g6.5_str0.3,00000,sd3,fp4,123,30,6.5,0.3,R50_TF,/media/SSD_4TB/crispy_storage/comparative_images_img2img/00000_sd3_fp4_seed123_s30_g6.5_str0.3.png,real,0.4535,0.172
sd3_fp4_s30_g6.5_str0.3,00000,sd3,fp4,123,30,6.5,0.3,NPR,/media/SSD_4TB/crispy_storage/comparative_images_img2img/00000_sd3_fp4_seed123_s30_g6.5_str0.3.png,real,3.8909657513142243e-16,0.09078407287597656
sd35_fp16_s30_g5.0_str0.3,00000,sd35,fp16,123,30,5.0,0.3,CLIP-D,/media/SSD_4TB/crispy_storage/comparative_images_img2img/00000_sd35_fp16_seed123_s30_g5.0_str0.3.png,fake,0.7002344131469727,0.06391739845275879
sd35_fp16_s30_g5.0_str0.3,00000,sd35,fp16,123,30,5.0,0.3,R50_TF,/media/SSD_4TB/crispy_storage/comparative_images_img2img/00000_sd35_fp16_seed123_s30_g5.0_str0.3.png,real,0.4341,0.183
sd35_fp16_s30_g5.0_str0.3,00000,sd35,fp16,123,30,5.0,0.3,NPR,/media/SSD_4TB/crispy_storage/comparative_images_img2img/00000_sd35_fp16_seed123_s30_g5.0_str0.3.png,real,2.533474221748632e-16,0.0880134105682373
sd15_fp8_s40_g6.5_str0.45,00000,sd15,fp8,123,40,6.5,0.45,CLIP-D,/media/SSD_4TB/crispy_storage/comparative_images_img2img/00000_sd15_fp8_seed123_s40_g6.5_str0.45.png,fake,0.578925371170044,0.06199049949645996
sd15_fp8_s40_g6.5_str0.45,00000,sd15,fp8,123,40,6.5,0.45,R50_TF,/media/SSD_4TB/crispy_storage/comparative_images_img2img/00000_sd15_fp8_seed123_s40_g6.5_str0.45.png,fake,0.5771,0.185
sd15_fp8_s40_g6.5_str0.45,00000,sd15,fp8,123,40,6.5,0.45,NPR,/media/SSD_4TB/crispy_storage/comparative_images_img2img/00000_sd15_fp8_seed123_s40_g6.5_str0.45.png,fake,0.6848989129066467,0.09714674949645996
sd35_fp4_s40_g6.5_str0.3,00000,sd35,fp4,123,40,6.5,0.3,CLIP-D,/media/SSD_4TB/crispy_storage/comparative_images_img2img/00000_sd35_fp4_seed123_s40_g6.5_str0.3.png,fake,0.8068765997886658,0.06291580200195312
sd35_fp4_s40_g6.5_str0.3,00000,sd35,fp4,123,40,6.5,0.3,R50_TF,/media/SSD_4TB/crispy_storage/comparative_images_img2img/00000_sd35_fp4_seed123_s40_g6.5_str0.3.png,real,0.4278,0.177
sd35_fp4_s40_g6.5_str0.3,00000,sd35,fp4,123,40,6.5,0.3,NPR,/media/SSD_4TB/crispy_storage/comparative_images_img2img/00000_sd35_fp4_seed123_s40_g6.5_str0.3.png,real,3.623998701092002e-16,0.09860348701477051
sd3_fp4_s50_g5.0_str0.6,00001,sd3,fp4,124,50,5.0,0.6,CLIP-D,/media/SSD_4TB/crispy_storage/comparative_images_img2img/00001_sd3_fp4_seed124_s50_g5.0_str0.6.png,fake,0.9595384001731873,0.0618593692779541
sd3_fp4_s50_g5.0_str0.6,00001,sd3,fp4,124,50,5.0,0.6,R50_TF,/media/SSD_4TB/crispy_storage/comparative_images_img2img/00001_sd3_fp4_seed124_s50_g5.0_str0.6.png,real,0.3996,0.171
sd3_fp4_s50_g5.0_str0.6,00001,sd3,fp4,124,50,5.0,0.6,NPR,/media/SSD_4TB/crispy_storage/comparative_images_img2img/00001_sd3_fp4_seed124_s50_g5.0_str0.6.png,real,7.600782555527985e-05,0.09724688529968262
sd15_fp4_s50_g6.5_str0.6,00001,sd15,fp4,124,50,6.5,0.6,CLIP-D,/media/SSD_4TB/crispy_storage/comparative_images_img2img/00001_sd15_fp4_seed124_s50_g6.5_str0.6.png,fake,0.9748303294181824,0.061922550201416016
sd15_fp4_s50_g6.5_str0.6,00001,sd15,fp4,124,50,6.5,0.6,R50_TF,/media/SSD_4TB/crispy_storage/comparative_images_img2img/00001_sd15_fp4_seed124_s50_g6.5_str0.6.png,real,0.3509,0.167
sd15_fp4_s50_g6.5_str0.6,00001,sd15,fp4,124,50,6.5,0.6,NPR,/media/SSD_4TB/crispy_storage/comparative_images_img2img/00001_sd15_fp4_seed124_s50_g6.5_str0.6.png,fake,0.9938446283340454,0.09337854385375977
sd15_fp8_s40_g5.0_str0.6,00000,sd15,fp8,123,40,5.0,0.6,CLIP-D,/media/SSD_4TB/crispy_storage/comparative_images_img2img/00000_sd15_fp8_seed123_s40_g5.0_str0.6.png,fake,0.9888203740119934,0.06096529960632324
sd15_fp8_s40_g5.0_str0.6,00000,sd15,fp8,123,40,5.0,0.6,R50_TF,/media/SSD_4TB/crispy_storage/comparative_images_img2img/00000_sd15_fp8_seed123_s40_g5.0_str0.6.png,fake,0.5748,0.173
sd15_fp8_s40_g5.0_str0.6,00000,sd15,fp8,123,40,5.0,0.6,NPR,/media/SSD_4TB/crispy_storage/comparative_images_img2img/00000_sd15_fp8_seed123_s40_g5.0_str0.6.png,real,0.000978300697170198,0.08620429039001465
sd35_fp8_s40_g6.5_str0.3,00000,sd35,fp8,123,40,6.5,0.3,CLIP-D,/media/SSD_4TB/crispy_storage/comparative_images_img2img/00000_sd35_fp8_seed123_s40_g6.5_str0.3.png,fake,0.6721876859664917,0.06185436248779297
sd35_fp8_s40_g6.5_str0.3,00000,sd35,fp8,123,40,6.5,0.3,R50_TF,/media/SSD_4TB/crispy_storage/comparative_images_img2img/00000_sd35_fp8_seed123_s40_g6.5_str0.3.png,real,0.4412,0.185
sd35_fp8_s40_g6.5_str0.3,00000,sd35,fp8,123,40,6.5,0.3,NPR,/media/SSD_4TB/crispy_storage/comparative_images_img2img/00000_sd35_fp8_seed123_s40_g6.5_str0.3.png,real,1.4382541093830399e-15,0.08776044845581055
sd3_fp8_s30_g3.5_str0.6,00000,sd3,fp8,123,30,3.5,0.6,CLIP-D,/media/SSD_4TB/crispy_storage/comparative_images_img2img/00000_sd3_fp8_seed123_s30_g3.5_str0.6.png,fake,0.9524930119514465,0.06272530555725098
sd3_fp8_s30_g3.5_str0.6,00000,sd3,fp8,123,30,3.5,0.6,R50_TF,/media/SSD_4TB/crispy_storage/comparative_images_img2img/00000_sd3_fp8_seed123_s30_g3.5_str0.6.png,real,0.4392,0.177
sd3_fp8_s30_g3.5_str0.6,00000,sd3,fp8,123,30,3.5,0.6,NPR,/media/SSD_4TB/crispy_storage/comparative_images_img2img/00000_sd3_fp8_seed123_s30_g3.5_str0.6.png,real,9.061347505667783e-11,0.09441471099853516
sd3_fp8_s40_g5.0_str0.6,00001,sd3,fp8,124,40,5.0,0.6,CLIP-D,/media/SSD_4TB/crispy_storage/comparative_images_img2img/00001_sd3_fp8_seed124_s40_g5.0_str0.6.png,fake,0.8417670130729675,0.06176877021789551
sd3_fp8_s40_g5.0_str0.6,00001,sd3,fp8,124,40,5.0,0.6,R50_TF,/media/SSD_4TB/crispy_storage/comparative_images_img2img/00001_sd3_fp8_seed124_s40_g5.0_str0.6.png,real,0.3962,0.181
sd3_fp8_s40_g5.0_str0.6,00001,sd3,fp8,124,40,5.0,0.6,NPR,/media/SSD_4TB/crispy_storage/comparative_images_img2img/00001_sd3_fp8_seed124_s40_g5.0_str0.6.png,real,0.45750486850738525,0.09071803092956543
sd15_fp8_s50_g6.5_str0.45,00001,sd15,fp8,124,50,6.5,0.45,CLIP-D,/media/SSD_4TB/crispy_storage/comparative_images_img2img/00001_sd15_fp8_seed124_s50_g6.5_str0.45.png,fake,0.9255591034889221,0.061640024185180664
sd15_fp8_s50_g6.5_str0.45,00001,sd15,fp8,124,50,6.5,0.45,R50_TF,/media/SSD_4TB/crispy_storage/comparative_images_img2img/00001_sd15_fp8_seed124_s50_g6.5_str0.45.png,real,0.391,0.177
sd15_fp8_s50_g6.5_str0.45,00001,sd15,fp8,124,50,6.5,0.45,NPR,/media/SSD_4TB/crispy_storage/comparative_images_img2img/00001_sd15_fp8_seed124_s50_g6.5_str0.45.png,fake,0.999836802482605,0.09638786315917969
sd15_fp16_s40_g5.0_str0.3,00000,sd15,fp16,123,40,5.0,0.3,CLIP-D,/media/SSD_4TB/crispy_storage/comparative_images_img2img/00000_sd15_fp16_seed123_s40_g5.0_str0.3.png,real,0.23121459782123566,0.061559438705444336
sd15_fp16_s40_g5.0_str0.3,00000,sd15,fp16,123,40,5.0,0.3,R50_TF,/media/SSD_4TB/crispy_storage/comparative_images_img2img/00000_sd15_fp16_seed123_s40_g5.0_str0.3.png,fake,0.6067,0.17
sd15_fp16_s40_g5.0_str0.3,00000,sd15,fp16,123,40,5.0,0.3,NPR,/media/SSD_4TB/crispy_storage/comparative_images_img2img/00000_sd15_fp16_seed123_s40_g5.0_str0.3.png,real,0.010858477093279362,0.0955812931060791
sd3_fp4_s30_g6.5_str0.6,00000,sd3,fp4,123,30,6.5,0.6,CLIP-D,/media/SSD_4TB/crispy_storage/comparative_images_img2img/00000_sd3_fp4_seed123_s30_g6.5_str0.6.png,fake,0.9405871033668518,0.06134796142578125
sd3_fp4_s30_g6.5_str0.6,00000,sd3,fp4,123,30,6.5,0.6,R50_TF,/media/SSD_4TB/crispy_storage/comparative_images_img2img/00000_sd3_fp4_seed123_s30_g6.5_str0.6.png,real,0.4518,0.172
sd3_fp4_s30_g6.5_str0.6,00000,sd3,fp4,123,30,6.5,0.6,NPR,/media/SSD_4TB/crispy_storage/comparative_images_img2img/00000_sd3_fp4_seed123_s30_g6.5_str0.6.png,real,6.721803018708283e-13,0.10035419464111328
sd35_fp16_s40_g3.5_str0.3,00001,sd35,fp16,124,40,3.5,0.3,CLIP-D,/media/SSD_4TB/crispy_storage/comparative_images_img2img/00001_sd35_fp16_seed124_s40_g3.5_str0.3.png,real,0.0031812069937586784,0.06226515769958496
sd35_fp16_s40_g3.5_str0.3,00001,sd35,fp16,124,40,3.5,0.3,R50_TF,/media/SSD_4TB/crispy_storage/comparative_images_img2img/00001_sd35_fp16_seed124_s40_g3.5_str0.3.png,real,0.3698,0.171
sd35_fp16_s40_g3.5_str0.3,00001,sd35,fp16,124,40,3.5,0.3,NPR,/media/SSD_4TB/crispy_storage/comparative_images_img2img/00001_sd35_fp16_seed124_s40_g3.5_str0.3.png,fake,0.9999774694442749,0.09016895294189453
sd3_fp16_s40_g5.0_str0.6,00000,sd3,fp16,123,40,5.0,0.6,CLIP-D,/media/SSD_4TB/crispy_storage/comparative_images_img2img/00000_sd3_fp16_seed123_s40_g5.0_str0.6.png,fake,0.9845308065414429,0.06282448768615723
sd3_fp16_s40_g5.0_str0.6,00000,sd3,fp16,123,40,5.0,0.6,R50_TF,/media/SSD_4TB/crispy_storage/comparative_images_img2img/00000_sd3_fp16_seed123_s40_g5.0_str0.6.png,real,0.4212,0.17
sd3_fp16_s40_g5.0_str0.6,00000,sd3,fp16,123,40,5.0,0.6,NPR,/media/SSD_4TB/crispy_storage/comparative_images_img2img/00000_sd3_fp16_seed123_s40_g5.0_str0.6.png,real,2.03907246643098e-09,0.09391474723815918
sd15_fp4_s40_g5.0_str0.6,00000,sd15,fp4,123,40,5.0,0.6,CLIP-D,/media/SSD_4TB/crispy_storage/comparative_images_img2img/00000_sd15_fp4_seed123_s40_g5.0_str0.6.png,fake,0.9938715696334839,0.061530351638793945
sd15_fp4_s40_g5.0_str0.6,00000,sd15,fp4,123,40,5.0,0.6,R50_TF,/media/SSD_4TB/crispy_storage/comparative_images_img2img/00000_sd15_fp4_seed123_s40_g5.0_str0.6.png,fake,0.6099,0.176
sd15_fp4_s40_g5.0_str0.6,00000,sd15,fp4,123,40,5.0,0.6,NPR,/media/SSD_4TB/crispy_storage/comparative_images_img2img/00000_sd15_fp4_seed123_s40_g5.0_str0.6.png,real,0.008211607113480568,0.10027050971984863
sd3_fp16_s30_g6.5_str0.6,00000,sd3,fp16,123,30,6.5,0.6,CLIP-D,/media/SSD_4TB/crispy_storage/comparative_images_img2img/00000_sd3_fp16_seed123_s30_g6.5_str0.6.png,fake,0.9881921410560608,0.06426811218261719
sd3_fp16_s30_g6.5_str0.6,00000,sd3,fp16,123,30,6.5,0.6,R50_TF,/media/SSD_4TB/crispy_storage/comparative_images_img2img/00000_sd3_fp16_seed123_s30_g6.5_str0.6.png,real,0.4353,0.167
sd3_fp16_s30_g6.5_str0.6,00000,sd3,fp16,123,30,6.5,0.6,NPR,/media/SSD_4TB/crispy_storage/comparative_images_img2img/00000_sd3_fp16_seed123_s30_g6.5_str0.6.png,real,7.749442754168001e-11,0.08978676795959473
sd3_fp4_s30_g5.0_str0.6,00001,sd3,fp4,124,30,5.0,0.6,CLIP-D,/media/SSD_4TB/crispy_storage/comparative_images_img2img/00001_sd3_fp4_seed124_s30_g5.0_str0.6.png,fake,0.9713492393493652,0.06278753280639648
sd3_fp4_s30_g5.0_str0.6,00001,sd3,fp4,124,30,5.0,0.6,R50_TF,/media/SSD_4TB/crispy_storage/comparative_images_img2img/00001_sd3_fp4_seed124_s30_g5.0_str0.6.png,real,0.412,0.166
sd3_fp4_s30_g5.0_str0.6,00001,sd3,fp4,124,30,5.0,0.6,NPR,/media/SSD_4TB/crispy_storage/comparative_images_img2img/00001_sd3_fp4_seed124_s30_g5.0_str0.6.png,real,0.0025929887779057026,0.09025454521179199
sd15_fp16_s30_g3.5_str0.3,00000,sd15,fp16,123,30,3.5,0.3,CLIP-D,/media/SSD_4TB/crispy_storage/comparative_images_img2img/00000_sd15_fp16_seed123_s30_g3.5_str0.3.png,real,0.2588859498500824,0.0623936653137207
sd15_fp16_s30_g3.5_str0.3,00000,sd15,fp16,123,30,3.5,0.3,R50_TF,/media/SSD_4TB/crispy_storage/comparative_images_img2img/00000_sd15_fp16_seed123_s30_g3.5_str0.3.png,fake,0.5927,0.172
sd15_fp16_s30_g3.5_str0.3,00000,sd15,fp16,123,30,3.5,0.3,NPR,/media/SSD_4TB/crispy_storage/comparative_images_img2img/00000_sd15_fp16_seed123_s30_g3.5_str0.3.png,real,0.1270163655281067,0.09395146369934082
sd35_fp8_s50_g5.0_str0.45,00001,sd35,fp8,124,50,5.0,0.45,CLIP-D,/media/SSD_4TB/crispy_storage/comparative_images_img2img/00001_sd35_fp8_seed124_s50_g5.0_str0.45.png,real,0.033235009759664536,0.06158447265625
sd35_fp8_s50_g5.0_str0.45,00001,sd35,fp8,124,50,5.0,0.45,R50_TF,/media/SSD_4TB/crispy_storage/comparative_images_img2img/00001_sd35_fp8_seed124_s50_g5.0_str0.45.png,real,0.358,0.168
sd35_fp8_s50_g5.0_str0.45,00001,sd35,fp8,124,50,5.0,0.45,NPR,/media/SSD_4TB/crispy_storage/comparative_images_img2img/00001_sd35_fp8_seed124_s50_g5.0_str0.45.png,real,0.2910444736480713,0.09113121032714844
sd3_fp16_s50_g5.0_str0.45,00001,sd3,fp16,124,50,5.0,0.45,CLIP-D,/media/SSD_4TB/crispy_storage/comparative_images_img2img/00001_sd3_fp16_seed124_s50_g5.0_str0.45.png,real,0.0005903429118916392,0.0695805549621582
sd3_fp16_s50_g5.0_str0.45,00001,sd3,fp16,124,50,5.0,0.45,NPR,/media/SSD_4TB/crispy_storage/comparative_images_img2img/00001_sd3_fp16_seed124_s50_g5.0_str0.45.png,fake,0.9167786240577698,0.09333157539367676
sd3_fp8_s40_g3.5_str0.45,00001,sd3,fp8,124,40,3.5,0.45,CLIP-D,/media/SSD_4TB/crispy_storage/comparative_images_img2img/00001_sd3_fp8_seed124_s40_g3.5_str0.45.png,real,0.0028989051934331656,0.06154489517211914
sd3_fp8_s40_g3.5_str0.45,00001,sd3,fp8,124,40,3.5,0.45,R50_TF,/media/SSD_4TB/crispy_storage/comparative_images_img2img/00001_sd3_fp8_seed124_s40_g3.5_str0.45.png,real,0.3656,0.17
sd3_fp8_s40_g3.5_str0.45,00001,sd3,fp8,124,40,3.5,0.45,NPR,/media/SSD_4TB/crispy_storage/comparative_images_img2img/00001_sd3_fp8_seed124_s40_g3.5_str0.45.png,fake,0.9912009239196777,0.08917975425720215
sd15_fp8_s40_g5.0_str0.45,00001,sd15,fp8,124,40,5.0,0.45,CLIP-D,/media/SSD_4TB/crispy_storage/comparative_images_img2img/00001_sd15_fp8_seed124_s40_g5.0_str0.45.png,fake,0.9539661407470703,0.06394648551940918
sd15_fp8_s40_g5.0_str0.45,00001,sd15,fp8,124,40,5.0,0.45,R50_TF,/media/SSD_4TB/crispy_storage/comparative_images_img2img/00001_sd15_fp8_seed124_s40_g5.0_str0.45.png,real,0.3816,0.186
sd15_fp8_s40_g5.0_str0.45,00001,sd15,fp8,124,40,5.0,0.45,NPR,/media/SSD_4TB/crispy_storage/comparative_images_img2img/00001_sd15_fp8_seed124_s40_g5.0_str0.45.png,fake,0.9985993504524231,0.09203934669494629
sd3_fp16_s50_g3.5_str0.45,00001,sd3,fp16,124,50,3.5,0.45,CLIP-D,/media/SSD_4TB/crispy_storage/comparative_images_img2img/00001_sd3_fp16_seed124_s50_g3.5_str0.45.png,real,0.0005321064963936806,0.06273269653320312
sd3_fp16_s50_g3.5_str0.45,00001,sd3,fp16,124,50,3.5,0.45,R50_TF,/media/SSD_4TB/crispy_storage/comparative_images_img2img/00001_sd3_fp16_seed124_s50_g3.5_str0.45.png,real,0.356,0.174
sd3_fp16_s50_g3.5_str0.45,00001,sd3,fp16,124,50,3.5,0.45,NPR,/media/SSD_4TB/crispy_storage/comparative_images_img2img/00001_sd3_fp16_seed124_s50_g3.5_str0.45.png,fake,0.9303265810012817,0.08950424194335938
sd15_fp8_s30_g3.5_str0.3,00001,sd15,fp8,124,30,3.5,0.3,R50_TF,/media/SSD_4TB/crispy_storage/comparative_images_img2img/00001_sd15_fp8_seed124_s30_g3.5_str0.3.png,real,0.369,0.173
sd15_fp8_s30_g3.5_str0.3,00001,sd15,fp8,124,30,3.5,0.3,NPR,/media/SSD_4TB/crispy_storage/comparative_images_img2img/00001_sd15_fp8_seed124_s30_g3.5_str0.3.png,fake,0.8715843558311462,0.09262847900390625
sd35_fp4_s30_g6.5_str0.45,00000,sd35,fp4,123,30,6.5,0.45,CLIP-D,/media/SSD_4TB/crispy_storage/comparative_images_img2img/00000_sd35_fp4_seed123_s30_g6.5_str0.45.png,fake,0.9027718305587769,0.06817317008972168
sd35_fp4_s30_g6.5_str0.45,00000,sd35,fp4,123,30,6.5,0.45,R50_TF,/media/SSD_4TB/crispy_storage/comparative_images_img2img/00000_sd35_fp4_seed123_s30_g6.5_str0.45.png,real,0.4376,0.181
sd35_fp4_s30_g6.5_str0.45,00000,sd35,fp4,123,30,6.5,0.45,NPR,/media/SSD_4TB/crispy_storage/comparative_images_img2img/00000_sd35_fp4_seed123_s30_g6.5_str0.45.png,real,4.5767582161192893e-14,0.10012221336364746
sd15_fp8_s40_g5.0_str0.3,00000,sd15,fp8,123,40,5.0,0.3,CLIP-D,/media/SSD_4TB/crispy_storage/comparative_images_img2img/00000_sd15_fp8_seed123_s40_g5.0_str0.3.png,real,0.17143614590168,0.061865806579589844
sd15_fp8_s40_g5.0_str0.3,00000,sd15,fp8,123,40,5.0,0.3,R50_TF,/media/SSD_4TB/crispy_storage/comparative_images_img2img/00000_sd15_fp8_seed123_s40_g5.0_str0.3.png,fake,0.6072,0.174
sd15_fp8_s40_g5.0_str0.3,00000,sd15,fp8,123,40,5.0,0.3,NPR,/media/SSD_4TB/crispy_storage/comparative_images_img2img/00000_sd15_fp8_seed123_s40_g5.0_str0.3.png,real,0.0048999967984855175,0.09091901779174805
sd3_fp4_s30_g6.5_str0.45,00001,sd3,fp4,124,30,6.5,0.45,CLIP-D,/media/SSD_4TB/crispy_storage/comparative_images_img2img/00001_sd3_fp4_seed124_s30_g6.5_str0.45.png,fake,0.9211927652359009,0.06392550468444824
sd3_fp4_s30_g6.5_str0.45,00001,sd3,fp4,124,30,6.5,0.45,R50_TF,/media/SSD_4TB/crispy_storage/comparative_images_img2img/00001_sd3_fp4_seed124_s30_g6.5_str0.45.png,real,0.4026,0.173
sd3_fp4_s30_g6.5_str0.45,00001,sd3,fp4,124,30,6.5,0.45,NPR,/media/SSD_4TB/crispy_storage/comparative_images_img2img/00001_sd3_fp4_seed124_s30_g6.5_str0.45.png,fake,0.9662212133407593,0.08728289604187012
sd3_fp4_s30_g3.5_str0.3,00000,sd3,fp4,123,30,3.5,0.3,CLIP-D,/media/SSD_4TB/crispy_storage/comparative_images_img2img/00000_sd3_fp4_seed123_s30_g3.5_str0.3.png,fake,0.9850629568099976,0.061556339263916016
sd3_fp4_s30_g3.5_str0.3,00000,sd3,fp4,123,30,3.5,0.3,R50_TF,/media/SSD_4TB/crispy_storage/comparative_images_img2img/00000_sd3_fp4_seed123_s30_g3.5_str0.3.png,real,0.4511,0.174
sd3_fp4_s30_g3.5_str0.3,00000,sd3,fp4,123,30,3.5,0.3,NPR,/media/SSD_4TB/crispy_storage/comparative_images_img2img/00000_sd3_fp4_seed123_s30_g3.5_str0.3.png,real,2.3729622723373304e-16,0.09502243995666504
sd3_fp4_s30_g5.0_str0.3,00001,sd3,fp4,124,30,5.0,0.3,CLIP-D,/media/SSD_4TB/crispy_storage/comparative_images_img2img/00001_sd3_fp4_seed124_s30_g5.0_str0.3.png,fake,0.6403433084487915,0.06196451187133789
sd3_fp4_s30_g5.0_str0.3,00001,sd3,fp4,124,30,5.0,0.3,R50_TF,/media/SSD_4TB/crispy_storage/comparative_images_img2img/00001_sd3_fp4_seed124_s30_g5.0_str0.3.png,real,0.3812,0.179
sd3_fp4_s30_g5.0_str0.3,00001,sd3,fp4,124,30,5.0,0.3,NPR,/media/SSD_4TB/crispy_storage/comparative_images_img2img/00001_sd3_fp4_seed124_s30_g5.0_str0.3.png,fake,0.9887546300888062,0.0988466739654541
sd3_fp8_s50_g5.0_str0.6,00000,sd3,fp8,123,50,5.0,0.6,CLIP-D,/media/SSD_4TB/crispy_storage/comparative_images_img2img/00000_sd3_fp8_seed123_s50_g5.0_str0.6.png,fake,0.9511488676071167,0.06163215637207031
sd3_fp8_s50_g5.0_str0.6,00000,sd3,fp8,123,50,5.0,0.6,R50_TF,/media/SSD_4TB/crispy_storage/comparative_images_img2img/00000_sd3_fp8_seed123_s50_g5.0_str0.6.png,real,0.4228,0.176
sd3_fp8_s50_g5.0_str0.6,00000,sd3,fp8,123,50,5.0,0.6,NPR,/media/SSD_4TB/crispy_storage/comparative_images_img2img/00000_sd3_fp8_seed123_s50_g5.0_str0.6.png,real,2.108119581678558e-11,0.08876562118530273
sd3_fp8_s40_g3.5_str0.6,00000,sd3,fp8,123,40,3.5,0.6,CLIP-D,/media/SSD_4TB/crispy_storage/comparative_images_img2img/00000_sd3_fp8_seed123_s40_g3.5_str0.6.png,fake,0.9525746703147888,0.06265926361083984
sd3_fp8_s40_g3.5_str0.6,00000,sd3,fp8,123,40,3.5,0.6,R50_TF,/media/SSD_4TB/crispy_storage/comparative_images_img2img/00000_sd3_fp8_seed123_s40_g3.5_str0.6.png,real,0.4209,0.173
sd3_fp8_s40_g3.5_str0.6,00000,sd3,fp8,123,40,3.5,0.6,NPR,/media/SSD_4TB/crispy_storage/comparative_images_img2img/00000_sd3_fp8_seed123_s40_g3.5_str0.6.png,real,3.049770071900104e-12,0.0961601734161377
sd3_fp16_s30_g6.5_str0.3,00000,sd3,fp16,123,30,6.5,0.3,CLIP-D,/media/SSD_4TB/crispy_storage/comparative_images_img2img/00000_sd3_fp16_seed123_s30_g6.5_str0.3.png,fake,0.9254195690155029,0.06169867515563965
sd3_fp16_s30_g6.5_str0.3,00000,sd3,fp16,123,30,6.5,0.3,R50_TF,/media/SSD_4TB/crispy_storage/comparative_images_img2img/00000_sd3_fp16_seed123_s30_g6.5_str0.3.png,real,0.4324,0.174
sd3_fp16_s30_g6.5_str0.3,00000,sd3,fp16,123,30,6.5,0.3,NPR,/media/SSD_4TB/crispy_storage/comparative_images_img2img/00000_sd3_fp16_seed123_s30_g6.5_str0.3.png,real,6.671888472504584e-16,0.09411454200744629
sd15_fp8_s50_g5.0_str0.6,00001,sd15,fp8,124,50,5.0,0.6,CLIP-D,/media/SSD_4TB/crispy_storage/comparative_images_img2img/00001_sd15_fp8_seed124_s50_g5.0_str0.6.png,fake,0.9796701669692993,0.062059640884399414
sd15_fp8_s50_g5.0_str0.6,00001,sd15,fp8,124,50,5.0,0.6,R50_TF,/media/SSD_4TB/crispy_storage/comparative_images_img2img/00001_sd15_fp8_seed124_s50_g5.0_str0.6.png,real,0.3618,0.173
sd15_fp8_s50_g5.0_str0.6,00001,sd15,fp8,124,50,5.0,0.6,NPR,/media/SSD_4TB/crispy_storage/comparative_images_img2img/00001_sd15_fp8_seed124_s50_g5.0_str0.6.png,fake,0.9982916712760925,0.08980846405029297
sd35_fp4_s40_g6.5_str0.45,00001,sd35,fp4,124,40,6.5,0.45,CLIP-D,/media/SSD_4TB/crispy_storage/comparative_images_img2img/00001_sd35_fp4_seed124_s40_g6.5_str0.45.png,real,0.06346455216407776,0.06208324432373047
sd35_fp4_s40_g6.5_str0.45,00001,sd35,fp4,124,40,6.5,0.45,R50_TF,/media/SSD_4TB/crispy_storage/comparative_images_img2img/00001_sd35_fp4_seed124_s40_g6.5_str0.45.png,real,0.3784,0.174
sd35_fp4_s40_g6.5_str0.45,00001,sd35,fp4,124,40,6.5,0.45,NPR,/media/SSD_4TB/crispy_storage/comparative_images_img2img/00001_sd35_fp4_seed124_s40_g6.5_str0.45.png,fake,0.5993964076042175,0.09583330154418945
sd3_fp16_s30_g3.5_str0.6,00000,sd3,fp16,123,30,3.5,0.6,CLIP-D,/media/SSD_4TB/crispy_storage/comparative_images_img2img/00000_sd3_fp16_seed123_s30_g3.5_str0.6.png,fake,0.9455517530441284,0.062401771545410156
sd3_fp16_s30_g3.5_str0.6,00000,sd3,fp16,123,30,3.5,0.6,R50_TF,/media/SSD_4TB/crispy_storage/comparative_images_img2img/00000_sd3_fp16_seed123_s30_g3.5_str0.6.png,real,0.4356,0.174
sd3_fp16_s30_g3.5_str0.6,00000,sd3,fp16,123,30,3.5,0.6,NPR,/media/SSD_4TB/crispy_storage/comparative_images_img2img/00000_sd3_fp16_seed123_s30_g3.5_str0.6.png,real,2.1963287091808503e-11,0.08738470077514648
sd3_fp16_s30_g5.0_str0.6,00000,sd3,fp16,123,30,5.0,0.6,CLIP-D,/media/SSD_4TB/crispy_storage/comparative_images_img2img/00000_sd3_fp16_seed123_s30_g5.0_str0.6.png,fake,0.9936152696609497,0.06197786331176758
sd3_fp16_s30_g5.0_str0.6,00000,sd3,fp16,123,30,5.0,0.6,R50_TF,/media/SSD_4TB/crispy_storage/comparative_images_img2img/00000_sd3_fp16_seed123_s30_g5.0_str0.6.png,real,0.4365,0.171
sd3_fp16_s30_g5.0_str0.6,00000,sd3,fp16,123,30,5.0,0.6,NPR,/media/SSD_4TB/crispy_storage/comparative_images_img2img/00000_sd3_fp16_seed123_s30_g5.0_str0.6.png,real,2.067664095495303e-11,0.09388470649719238
sd35_fp16_s30_g3.5_str0.3,00001,sd35,fp16,124,30,3.5,0.3,CLIP-D,/media/SSD_4TB/crispy_storage/comparative_images_img2img/00001_sd35_fp16_seed124_s30_g3.5_str0.3.png,real,0.020562777295708656,0.06097698211669922
sd35_fp16_s30_g3.5_str0.3,00001,sd35,fp16,124,30,3.5,0.3,R50_TF,/media/SSD_4TB/crispy_storage/comparative_images_img2img/00001_sd35_fp16_seed124_s30_g3.5_str0.3.png,real,0.3748,0.165
sd35_fp16_s30_g3.5_str0.3,00001,sd35,fp16,124,30,3.5,0.3,NPR,/media/SSD_4TB/crispy_storage/comparative_images_img2img/00001_sd35_fp16_seed124_s30_g3.5_str0.3.png,fake,0.9999690055847168,0.09173583984375
sd3_fp8_s40_g3.5_str0.3,00001,sd3,fp8,124,40,3.5,0.3,CLIP-D,/media/SSD_4TB/crispy_storage/comparative_images_img2img/00001_sd3_fp8_seed124_s40_g3.5_str0.3.png,real,0.004121615085750818,0.06327080726623535
sd3_fp8_s40_g3.5_str0.3,00001,sd3,fp8,124,40,3.5,0.3,R50_TF,/media/SSD_4TB/crispy_storage/comparative_images_img2img/00001_sd3_fp8_seed124_s40_g3.5_str0.3.png,real,0.3732,0.169
sd3_fp8_s40_g3.5_str0.3,00001,sd3,fp8,124,40,3.5,0.3,NPR,/media/SSD_4TB/crispy_storage/comparative_images_img2img/00001_sd3_fp8_seed124_s40_g3.5_str0.3.png,fake,0.991007387638092,0.09518218040466309
sd15_fp8_s40_g3.5_str0.45,00000,sd15,fp8,123,40,3.5,0.45,CLIP-D,/media/SSD_4TB/crispy_storage/comparative_images_img2img/00000_sd15_fp8_seed123_s40_g3.5_str0.45.png,fake,0.9576821327209473,0.06179666519165039
sd15_fp8_s40_g3.5_str0.45,00000,sd15,fp8,123,40,3.5,0.45,R50_TF,/media/SSD_4TB/crispy_storage/comparative_images_img2img/00000_sd15_fp8_seed123_s40_g3.5_str0.45.png,fake,0.5537,0.176
sd15_fp8_s40_g3.5_str0.45,00000,sd15,fp8,123,40,3.5,0.45,NPR,/media/SSD_4TB/crispy_storage/comparative_images_img2img/00000_sd15_fp8_seed123_s40_g3.5_str0.45.png,real,0.1464974582195282,0.09118270874023438
sd15_fp16_s50_g3.5_str0.6,00000,sd15,fp16,123,50,3.5,0.6,CLIP-D,/media/SSD_4TB/crispy_storage/comparative_images_img2img/00000_sd15_fp16_seed123_s50_g3.5_str0.6.png,fake,0.9964830875396729,0.062468528747558594
sd15_fp16_s50_g3.5_str0.6,00000,sd15,fp16,123,50,3.5,0.6,R50_TF,/media/SSD_4TB/crispy_storage/comparative_images_img2img/00000_sd15_fp16_seed123_s50_g3.5_str0.6.png,fake,0.5553,0.168
sd15_fp16_s50_g3.5_str0.6,00000,sd15,fp16,123,50,3.5,0.6,NPR,/media/SSD_4TB/crispy_storage/comparative_images_img2img/00000_sd15_fp16_seed123_s50_g3.5_str0.6.png,real,0.003857462666928768,0.08970904350280762
sd3_fp16_s50_g6.5_str0.3,00001,sd3,fp16,124,50,6.5,0.3,CLIP-D,/media/SSD_4TB/crispy_storage/comparative_images_img2img/00001_sd3_fp16_seed124_s50_g6.5_str0.3.png,real,0.0068444455973804,0.06239652633666992
sd3_fp16_s50_g6.5_str0.3,00001,sd3,fp16,124,50,6.5,0.3,R50_TF,/media/SSD_4TB/crispy_storage/comparative_images_img2img/00001_sd3_fp16_seed124_s50_g6.5_str0.3.png,real,0.3607,0.175
sd3_fp16_s50_g6.5_str0.3,00001,sd3,fp16,124,50,6.5,0.3,NPR,/media/SSD_4TB/crispy_storage/comparative_images_img2img/00001_sd3_fp16_seed124_s50_g6.5_str0.3.png,fake,0.999876856803894,0.0942692756652832
sd35_fp16_s50_g3.5_str0.45,00001,sd35,fp16,124,50,3.5,0.45,CLIP-D,/media/SSD_4TB/crispy_storage/comparative_images_img2img/00001_sd35_fp16_seed124_s50_g3.5_str0.45.png,real,0.019154619425535202,0.06276130676269531
sd35_fp16_s50_g3.5_str0.45,00001,sd35,fp16,124,50,3.5,0.45,R50_TF,/media/SSD_4TB/crispy_storage/comparative_images_img2img/00001_sd35_fp16_seed124_s50_g3.5_str0.45.png,real,0.3597,0.17
sd35_fp16_s50_g3.5_str0.45,00001,sd35,fp16,124,50,3.5,0.45,NPR,/media/SSD_4TB/crispy_storage/comparative_images_img2img/00001_sd35_fp16_seed124_s50_g3.5_str0.45.png,fake,0.5850582718849182,0.1711423397064209
sd35_fp8_s30_g6.5_str0.3,00001,sd35,fp8,124,30,6.5,0.3,CLIP-D,/media/SSD_4TB/crispy_storage/comparative_images_img2img/00001_sd35_fp8_seed124_s30_g6.5_str0.3.png,real,0.24933290481567383,0.061638832092285156
sd35_fp8_s30_g6.5_str0.3,00001,sd35,fp8,124,30,6.5,0.3,R50_TF,/media/SSD_4TB/crispy_storage/comparative_images_img2img/00001_sd35_fp8_seed124_s30_g6.5_str0.3.png,real,0.3818,0.177
sd35_fp8_s30_g6.5_str0.3,00001,sd35,fp8,124,30,6.5,0.3,NPR,/media/SSD_4TB/crispy_storage/comparative_images_img2img/00001_sd35_fp8_seed124_s30_g6.5_str0.3.png,fake,0.9999641180038452,0.08771562576293945
sd3_fp8_s50_g5.0_str0.45,00001,sd3,fp8,124,50,5.0,0.45,CLIP-D,/media/SSD_4TB/crispy_storage/comparative_images_img2img/00001_sd3_fp8_seed124_s50_g5.0_str0.45.png,real,0.003183810506016016,0.1503467559814453
sd3_fp8_s50_g5.0_str0.45,00001,sd3,fp8,124,50,5.0,0.45,R50_TF,/media/SSD_4TB/crispy_storage/comparative_images_img2img/00001_sd3_fp8_seed124_s50_g5.0_str0.45.png,real,0.3569,0.167
sd3_fp8_s50_g5.0_str0.45,00001,sd3,fp8,124,50,5.0,0.45,NPR,/media/SSD_4TB/crispy_storage/comparative_images_img2img/00001_sd3_fp8_seed124_s50_g5.0_str0.45.png,real,0.4109756350517273,0.09511423110961914
sd3_fp8_s30_g6.5_str0.6,00000,sd3,fp8,123,30,6.5,0.6,CLIP-D,/media/SSD_4TB/crispy_storage/comparative_images_img2img/00000_sd3_fp8_seed123_s30_g6.5_str0.6.png,fake,0.9275135397911072,0.06366991996765137
sd3_fp8_s30_g6.5_str0.6,00000,sd3,fp8,123,30,6.5,0.6,R50_TF,/media/SSD_4TB/crispy_storage/comparative_images_img2img/00000_sd3_fp8_seed123_s30_g6.5_str0.6.png,real,0.4218,0.177
sd3_fp8_s30_g6.5_str0.6,00000,sd3,fp8,123,30,6.5,0.6,NPR,/media/SSD_4TB/crispy_storage/comparative_images_img2img/00000_sd3_fp8_seed123_s30_g6.5_str0.6.png,real,2.5275316778775037e-13,0.09133005142211914
sd3_fp8_s30_g5.0_str0.3,00000,sd3,fp8,123,30,5.0,0.3,NPR,/media/SSD_4TB/crispy_storage/comparative_images_img2img/00000_sd3_fp8_seed123_s30_g5.0_str0.3.png,real,2.1315282362167009e-16,0.09665656089782715
sd35_fp4_s50_g3.5_str0.45,00001,sd35,fp4,124,50,3.5,0.45,NPR,/media/SSD_4TB/crispy_storage/comparative_images_img2img/00001_sd35_fp4_seed124_s50_g3.5_str0.45.png,fake,0.6829322576522827,0.09292793273925781
sd3_fp8_s40_g6.5_str0.3,00000,sd3,fp8,123,40,6.5,0.3,NPR,/media/SSD_4TB/crispy_storage/comparative_images_img2img/00000_sd3_fp8_seed123_s40_g6.5_str0.3.png,real,4.230486202726902e-17,0.10393738746643066
sd15_fp16_s30_g5.0_str0.3,00000,sd15,fp16,123,30,5.0,0.3,NPR,/media/SSD_4TB/crispy_storage/comparative_images_img2img/00000_sd15_fp16_seed123_s30_g5.0_str0.3.png,real,0.08174470067024231,0.11361956596374512
sd3_fp4_s50_g5.0_str0.45,00000,sd3,fp4,123,50,5.0,0.45,CLIP-D,/media/SSD_4TB/crispy_storage/comparative_images_img2img/00000_sd3_fp4_seed123_s50_g5.0_str0.45.png,fake,0.9668416380882263,0.06409192085266113
sd3_fp4_s50_g5.0_str0.45,00000,sd3,fp4,123,50,5.0,0.45,R50_TF,/media/SSD_4TB/crispy_storage/comparative_images_img2img/00000_sd3_fp4_seed123_s50_g5.0_str0.45.png,real,0.4425,0.174
sd3_fp4_s50_g5.0_str0.45,00000,sd3,fp4,123,50,5.0,0.45,NPR,/media/SSD_4TB/crispy_storage/comparative_images_img2img/00000_sd3_fp4_seed123_s50_g5.0_str0.45.png,real,5.953784845371584e-15,0.09235525131225586
sd35_fp8_s30_g6.5_str0.6,00001,sd35,fp8,124,30,6.5,0.6,CLIP-D,/media/SSD_4TB/crispy_storage/comparative_images_img2img/00001_sd35_fp8_seed124_s30_g6.5_str0.6.png,fake,0.8557553887367249,0.06268191337585449
sd35_fp8_s30_g6.5_str0.6,00001,sd35,fp8,124,30,6.5,0.6,R50_TF,/media/SSD_4TB/crispy_storage/comparative_images_img2img/00001_sd35_fp8_seed124_s30_g6.5_str0.6.png,fake,0.6227,0.171
sd35_fp8_s30_g6.5_str0.6,00001,sd35,fp8,124,30,6.5,0.6,NPR,/media/SSD_4TB/crispy_storage/comparative_images_img2img/00001_sd35_fp8_seed124_s30_g6.5_str0.6.png,fake,0.9927298426628113,0.09593343734741211
sd3_fp16_s30_g5.0_str0.3,00001,sd3,fp16,124,30,5.0,0.3,CLIP-D,/media/SSD_4TB/crispy_storage/comparative_images_img2img/00001_sd3_fp16_seed124_s30_g5.0_str0.3.png,real,0.012059470638632774,0.06173872947692871
sd3_fp16_s30_g5.0_str0.3,00001,sd3,fp16,124,30,5.0,0.3,R50_TF,/media/SSD_4TB/crispy_storage/comparative_images_img2img/00001_sd3_fp16_seed124_s30_g5.0_str0.3.png,real,0.3751,0.17
sd3_fp16_s30_g5.0_str0.3,00001,sd3,fp16,124,30,5.0,0.3,NPR,/media/SSD_4TB/crispy_storage/comparative_images_img2img/00001_sd3_fp16_seed124_s30_g5.0_str0.3.png,fake,0.999772846698761,0.09992623329162598
sd3_fp16_s50_g3.5_str0.3,00000,sd3,fp16,123,50,3.5,0.3,R50_TF,/media/SSD_4TB/crispy_storage/comparative_images_img2img/00000_sd3_fp16_seed123_s50_g3.5_str0.3.png,real,0.435,0.171
sd3_fp16_s50_g3.5_str0.3,00000,sd3,fp16,123,50,3.5,0.3,NPR,/media/SSD_4TB/crispy_storage/comparative_images_img2img/00000_sd3_fp16_seed123_s50_g3.5_str0.3.png,real,2.5103102529213913e-15,0.08890557289123535
sd15_fp16_s40_g6.5_str0.6,00000,sd15,fp16,123,40,6.5,0.6,CLIP-D,/media/SSD_4TB/crispy_storage/comparative_images_img2img/00000_sd15_fp16_seed123_s40_g6.5_str0.6.png,fake,0.956477165222168,0.06431269645690918
sd15_fp16_s40_g6.5_str0.6,00000,sd15,fp16,123,40,6.5,0.6,R50_TF,/media/SSD_4TB/crispy_storage/comparative_images_img2img/00000_sd15_fp16_seed123_s40_g6.5_str0.6.png,fake,0.6,0.169
sd15_fp16_s40_g6.5_str0.6,00000,sd15,fp16,123,40,6.5,0.6,NPR,/media/SSD_4TB/crispy_storage/comparative_images_img2img/00000_sd15_fp16_seed123_s40_g6.5_str0.6.png,real,0.0003126187948510051,0.10031366348266602
sd35_fp16_s40_g6.5_str0.6,00000,sd35,fp16,123,40,6.5,0.6,CLIP-D,/media/SSD_4TB/crispy_storage/comparative_images_img2img/00000_sd35_fp16_seed123_s40_g6.5_str0.6.png,fake,0.9326654076576233,0.062103271484375
sd35_fp16_s40_g6.5_str0.6,00000,sd35,fp16,123,40,6.5,0.6,R50_TF,/media/SSD_4TB/crispy_storage/comparative_images_img2img/00000_sd35_fp16_seed123_s40_g6.5_str0.6.png,real,0.4508,0.175
sd35_fp16_s40_g6.5_str0.6,00000,sd35,fp16,123,40,6.5,0.6,NPR,/media/SSD_4TB/crispy_storage/comparative_images_img2img/00000_sd35_fp16_seed123_s40_g6.5_str0.6.png,real,7.921372713326491e-08,0.0866703987121582
sd3_fp16_s40_g3.5_str0.6,00001,sd3,fp16,124,40,3.5,0.6,CLIP-D,/media/SSD_4TB/crispy_storage/comparative_images_img2img/00001_sd3_fp16_seed124_s40_g3.5_str0.6.png,real,0.06570174545049667,0.061237335205078125
sd3_fp16_s40_g3.5_str0.6,00001,sd3,fp16,124,40,3.5,0.6,R50_TF,/media/SSD_4TB/crispy_storage/comparative_images_img2img/00001_sd3_fp16_seed124_s40_g3.5_str0.6.png,real,0.3684,0.174
sd3_fp16_s40_g3.5_str0.6,00001,sd3,fp16,124,40,3.5,0.6,NPR,/media/SSD_4TB/crispy_storage/comparative_images_img2img/00001_sd3_fp16_seed124_s40_g3.5_str0.6.png,real,0.2003057599067688,0.08632969856262207
sd3_fp4_s40_g6.5_str0.6,00001,sd3,fp4,124,40,6.5,0.6,CLIP-D,/media/SSD_4TB/crispy_storage/comparative_images_img2img/00001_sd3_fp4_seed124_s40_g6.5_str0.6.png,fake,0.9688349366188049,0.06163215637207031
sd3_fp4_s40_g6.5_str0.6,00001,sd3,fp4,124,40,6.5,0.6,R50_TF,/media/SSD_4TB/crispy_storage/comparative_images_img2img/00001_sd3_fp4_seed124_s40_g6.5_str0.6.png,real,0.4063,0.167
sd3_fp4_s40_g6.5_str0.6,00001,sd3,fp4,124,40,6.5,0.6,NPR,/media/SSD_4TB/crispy_storage/comparative_images_img2img/00001_sd3_fp4_seed124_s40_g6.5_str0.6.png,real,0.00033387375879101455,0.0964205265045166
sd15_fp4_s30_g3.5_str0.45,00001,sd15,fp4,124,30,3.5,0.45,CLIP-D,/media/SSD_4TB/crispy_storage/comparative_images_img2img/00001_sd15_fp4_seed124_s30_g3.5_str0.45.png,fake,0.9548813700675964,0.06206655502319336
sd15_fp4_s30_g3.5_str0.45,00001,sd15,fp4,124,30,3.5,0.45,R50_TF,/media/SSD_4TB/crispy_storage/comparative_images_img2img/00001_sd15_fp4_seed124_s30_g3.5_str0.45.png,real,0.3631,0.172
sd15_fp4_s30_g3.5_str0.45,00001,sd15,fp4,124,30,3.5,0.45,NPR,/media/SSD_4TB/crispy_storage/comparative_images_img2img/00001_sd15_fp4_seed124_s30_g3.5_str0.45.png,fake,0.9647339582443237,0.0917520523071289
sd35_fp4_s30_g5.0_str0.6,00000,sd35,fp4,123,30,5.0,0.6,CLIP-D,/media/SSD_4TB/crispy_storage/comparative_images_img2img/00000_sd35_fp4_seed123_s30_g5.0_str0.6.png,fake,0.936198890209198,0.06108808517456055
sd35_fp4_s30_g5.0_str0.6,00000,sd35,fp4,123,30,5.0,0.6,R50_TF,/media/SSD_4TB/crispy_storage/comparative_images_img2img/00000_sd35_fp4_seed123_s30_g5.0_str0.6.png,real,0.4338,0.17
sd35_fp4_s30_g5.0_str0.6,00000,sd35,fp4,123,30,5.0,0.6,NPR,/media/SSD_4TB/crispy_storage/comparative_images_img2img/00000_sd35_fp4_seed123_s30_g5.0_str0.6.png,real,7.897271026144001e-14,0.09210968017578125
sd15_fp16_s40_g6.5_str0.45,00001,sd15,fp16,124,40,6.5,0.45,CLIP-D,/media/SSD_4TB/crispy_storage/comparative_images_img2img/00001_sd15_fp16_seed124_s40_g6.5_str0.45.png,fake,0.9426409602165222,0.061678171157836914
sd15_fp16_s40_g6.5_str0.45,00001,sd15,fp16,124,40,6.5,0.45,R50_TF,/media/SSD_4TB/crispy_storage/comparative_images_img2img/00001_sd15_fp16_seed124_s40_g6.5_str0.45.png,real,0.3876,0.172
sd15_fp16_s40_g6.5_str0.45,00001,sd15,fp16,124,40,6.5,0.45,NPR,/media/SSD_4TB/crispy_storage/comparative_images_img2img/00001_sd15_fp16_seed124_s40_g6.5_str0.45.png,fake,0.9993653893470764,0.09212827682495117
sd3_fp8_s50_g3.5_str0.3,00000,sd3,fp8,123,50,3.5,0.3,CLIP-D,/media/SSD_4TB/crispy_storage/comparative_images_img2img/00000_sd3_fp8_seed123_s50_g3.5_str0.3.png,fake,0.8998126983642578,0.0615231990814209
sd3_fp8_s50_g3.5_str0.3,00000,sd3,fp8,123,50,3.5,0.3,R50_TF,/media/SSD_4TB/crispy_storage/comparative_images_img2img/00000_sd3_fp8_seed123_s50_g3.5_str0.3.png,real,0.4352,0.175
sd3_fp8_s50_g3.5_str0.3,00000,sd3,fp8,123,50,3.5,0.3,NPR,/media/SSD_4TB/crispy_storage/comparative_images_img2img/00000_sd3_fp8_seed123_s50_g3.5_str0.3.png,real,3.104991121123191e-15,0.09754443168640137
sd3_fp16_s30_g6.5_str0.3,00001,sd3,fp16,124,30,6.5,0.3,CLIP-D,/media/SSD_4TB/crispy_storage/comparative_images_img2img/00001_sd3_fp16_seed124_s30_g6.5_str0.3.png,real,0.013684513978660107,0.06792807579040527
sd3_fp16_s30_g6.5_str0.3,00001,sd3,fp16,124,30,6.5,0.3,R50_TF,/media/SSD_4TB/crispy_storage/comparative_images_img2img/00001_sd3_fp16_seed124_s30_g6.5_str0.3.png,real,0.3761,0.174
sd3_fp16_s30_g6.5_str0.3,00001,sd3,fp16,124,30,6.5,0.3,NPR,/media/SSD_4TB/crispy_storage/comparative_images_img2img/00001_sd3_fp16_seed124_s30_g6.5_str0.3.png,fake,0.9997724890708923,0.09736466407775879
sd15_fp4_s50_g3.5_str0.6,00000,sd15,fp4,123,50,3.5,0.6,CLIP-D,/media/SSD_4TB/crispy_storage/comparative_images_img2img/00000_sd15_fp4_seed123_s50_g3.5_str0.6.png,fake,0.9971195459365845,0.061330556869506836
sd15_fp4_s50_g3.5_str0.6,00000,sd15,fp4,123,50,3.5,0.6,R50_TF,/media/SSD_4TB/crispy_storage/comparative_images_img2img/00000_sd15_fp4_seed123_s50_g3.5_str0.6.png,fake,0.58,0.176
sd15_fp4_s50_g3.5_str0.6,00000,sd15,fp4,123,50,3.5,0.6,NPR,/media/SSD_4TB/crispy_storage/comparative_images_img2img/00000_sd15_fp4_seed123_s50_g3.5_str0.6.png,real,0.12174468487501144,0.09652948379516602
sd35_fp8_s30_g3.5_str0.45,00001,sd35,fp8,124,30,3.5,0.45,CLIP-D,/media/SSD_4TB/crispy_storage/comparative_images_img2img/00001_sd35_fp8_seed124_s30_g3.5_str0.45.png,real,0.007267582695931196,0.06302046775817871
sd35_fp8_s30_g3.5_str0.45,00001,sd35,fp8,124,30,3.5,0.45,R50_TF,/media/SSD_4TB/crispy_storage/comparative_images_img2img/00001_sd35_fp8_seed124_s30_g3.5_str0.45.png,real,0.3688,0.166
sd35_fp8_s30_g3.5_str0.45,00001,sd35,fp8,124,30,3.5,0.45,NPR,/media/SSD_4TB/crispy_storage/comparative_images_img2img/00001_sd35_fp8_seed124_s30_g3.5_str0.45.png,fake,0.999316930770874,0.08817172050476074
sd3_fp16_s50_g5.0_str0.6,00000,sd3,fp16,123,50,5.0,0.6,CLIP-D,/media/SSD_4TB/crispy_storage/comparative_images_img2img/00000_sd3_fp16_seed123_s50_g5.0_str0.6.png,fake,0.9859969615936279,0.06389212608337402
sd3_fp16_s50_g5.0_str0.6,00000,sd3,fp16,123,50,5.0,0.6,R50_TF,/media/SSD_4TB/crispy_storage/comparative_images_img2img/00000_sd3_fp16_seed123_s50_g5.0_str0.6.png,real,0.4173,0.174
sd3_fp16_s50_g5.0_str0.6,00000,sd3,fp16,123,50,5.0,0.6,NPR,/media/SSD_4TB/crispy_storage/comparative_images_img2img/00000_sd3_fp16_seed123_s50_g5.0_str0.6.png,real,7.278740721261556e-09,0.08986973762512207
sd15_fp8_s30_g5.0_str0.3,00000,sd15,fp8,123,30,5.0,0.3,CLIP-D,/media/SSD_4TB/crispy_storage/comparative_images_img2img/00000_sd15_fp8_seed123_s30_g5.0_str0.3.png,real,0.19912295043468475,0.06171250343322754
sd15_fp8_s30_g5.0_str0.3,00000,sd15,fp8,123,30,5.0,0.3,R50_TF,/media/SSD_4TB/crispy_storage/comparative_images_img2img/00000_sd15_fp8_seed123_s30_g5.0_str0.3.png,fake,0.5928,0.168
sd15_fp8_s30_g5.0_str0.3,00000,sd15,fp8,123,30,5.0,0.3,NPR,/media/SSD_4TB/crispy_storage/comparative_images_img2img/00000_sd15_fp8_seed123_s30_g5.0_str0.3.png,real,0.12495675683021545,0.09061264991760254
sd15_fp8_s40_g3.5_str0.3,00001,sd15,fp8,124,40,3.5,0.3,CLIP-D,/media/SSD_4TB/crispy_storage/comparative_images_img2img/00001_sd15_fp8_seed124_s40_g3.5_str0.3.png,fake,0.8215659856796265,0.0614466667175293
sd15_fp8_s40_g3.5_str0.3,00001,sd15,fp8,124,40,3.5,0.3,R50_TF,/media/SSD_4TB/crispy_storage/comparative_images_img2img/00001_sd15_fp8_seed124_s40_g3.5_str0.3.png,real,0.365,0.176
sd15_fp8_s40_g3.5_str0.3,00001,sd15,fp8,124,40,3.5,0.3,NPR,/media/SSD_4TB/crispy_storage/comparative_images_img2img/00001_sd15_fp8_seed124_s40_g3.5_str0.3.png,fake,0.9743543267250061,0.08913564682006836
sd15_fp8_s30_g6.5_str0.6,00000,sd15,fp8,123,30,6.5,0.6,CLIP-D,/media/SSD_4TB/crispy_storage/comparative_images_img2img/00000_sd15_fp8_seed123_s30_g6.5_str0.6.png,fake,0.9941805601119995,0.061026811599731445
sd15_fp8_s30_g6.5_str0.6,00000,sd15,fp8,123,30,6.5,0.6,R50_TF,/media/SSD_4TB/crispy_storage/comparative_images_img2img/00000_sd15_fp8_seed123_s30_g6.5_str0.6.png,fake,0.6159,0.172
sd15_fp8_s30_g6.5_str0.6,00000,sd15,fp8,123,30,6.5,0.6,NPR,/media/SSD_4TB/crispy_storage/comparative_images_img2img/00000_sd15_fp8_seed123_s30_g6.5_str0.6.png,real,0.005752725061029196,0.09292125701904297
sd3_fp8_s30_g3.5_str0.45,00000,sd3,fp8,123,30,3.5,0.45,CLIP-D,/media/SSD_4TB/crispy_storage/comparative_images_img2img/00000_sd3_fp8_seed123_s30_g3.5_str0.45.png,fake,0.7817705273628235,0.06166958808898926
sd3_fp8_s30_g3.5_str0.45,00000,sd3,fp8,123,30,3.5,0.45,R50_TF,/media/SSD_4TB/crispy_storage/comparative_images_img2img/00000_sd3_fp8_seed123_s30_g3.5_str0.45.png,real,0.4262,0.172
sd3_fp8_s30_g3.5_str0.45,00000,sd3,fp8,123,30,3.5,0.45,NPR,/media/SSD_4TB/crispy_storage/comparative_images_img2img/00000_sd3_fp8_seed123_s30_g3.5_str0.45.png,real,1.3992523502717735e-14,0.09581208229064941
sd35_fp8_s40_g3.5_str0.6,00001,sd35,fp8,124,40,3.5,0.6,R50_TF,/media/SSD_4TB/crispy_storage/comparative_images_img2img/00001_sd35_fp8_seed124_s40_g3.5_str0.6.png,real,0.3615,0.17
sd35_fp8_s40_g3.5_str0.6,00001,sd35,fp8,124,40,3.5,0.6,NPR,/media/SSD_4TB/crispy_storage/comparative_images_img2img/00001_sd35_fp8_seed124_s40_g3.5_str0.6.png,fake,0.9940130114555359,0.08864998817443848
sd3_fp8_s40_g6.5_str0.3,00001,sd3,fp8,124,40,6.5,0.3,CLIP-D,/media/SSD_4TB/crispy_storage/comparative_images_img2img/00001_sd3_fp8_seed124_s40_g6.5_str0.3.png,fake,0.806982159614563,0.06427168846130371
sd3_fp8_s40_g6.5_str0.3,00001,sd3,fp8,124,40,6.5,0.3,R50_TF,/media/SSD_4TB/crispy_storage/comparative_images_img2img/00001_sd3_fp8_seed124_s40_g6.5_str0.3.png,real,0.3702,0.174
sd3_fp8_s40_g6.5_str0.3,00001,sd3,fp8,124,40,6.5,0.3,NPR,/media/SSD_4TB/crispy_storage/comparative_images_img2img/00001_sd3_fp8_seed124_s40_g6.5_str0.3.png,fake,0.9853165745735168,0.09516692161560059
sd35_fp16_s50_g6.5_str0.45,00001,sd35,fp16,124,50,6.5,0.45,CLIP-D,/media/SSD_4TB/crispy_storage/comparative_images_img2img/00001_sd35_fp16_seed124_s50_g6.5_str0.45.png,real,0.006949844770133495,0.061234235763549805
sd35_fp16_s50_g6.5_str0.45,00001,sd35,fp16,124,50,6.5,0.45,R50_TF,/media/SSD_4TB/crispy_storage/comparative_images_img2img/00001_sd35_fp16_seed124_s50_g6.5_str0.45.png,real,0.3596,0.169
sd35_fp16_s50_g6.5_str0.45,00001,sd35,fp16,124,50,6.5,0.45,NPR,/media/SSD_4TB/crispy_storage/comparative_images_img2img/00001_sd35_fp16_seed124_s50_g6.5_str0.45.png,real,0.4901357591152191,0.08664941787719727
sd15_fp4_s40_g3.5_str0.3,00001,sd15,fp4,124,40,3.5,0.3,CLIP-D,/media/SSD_4TB/crispy_storage/comparative_images_img2img/00001_sd15_fp4_seed124_s40_g3.5_str0.3.png,fake,0.824839174747467,0.06529641151428223
sd15_fp4_s40_g3.5_str0.3,00001,sd15,fp4,124,40,3.5,0.3,R50_TF,/media/SSD_4TB/crispy_storage/comparative_images_img2img/00001_sd15_fp4_seed124_s40_g3.5_str0.3.png,real,0.369,0.173
sd15_fp4_s40_g3.5_str0.3,00001,sd15,fp4,124,40,3.5,0.3,NPR,/media/SSD_4TB/crispy_storage/comparative_images_img2img/00001_sd15_fp4_seed124_s40_g3.5_str0.3.png,fake,0.982043445110321,0.09117913246154785
sd3_fp4_s50_g3.5_str0.45,00001,sd3,fp4,124,50,3.5,0.45,CLIP-D,/media/SSD_4TB/crispy_storage/comparative_images_img2img/00001_sd3_fp4_seed124_s50_g3.5_str0.45.png,fake,0.9491905570030212,0.06187605857849121
sd3_fp4_s50_g3.5_str0.45,00001,sd3,fp4,124,50,3.5,0.45,R50_TF,/media/SSD_4TB/crispy_storage/comparative_images_img2img/00001_sd3_fp4_seed124_s50_g3.5_str0.45.png,real,0.3961,0.172
sd3_fp4_s50_g3.5_str0.45,00001,sd3,fp4,124,50,3.5,0.45,NPR,/media/SSD_4TB/crispy_storage/comparative_images_img2img/00001_sd3_fp4_seed124_s50_g3.5_str0.45.png,real,0.45835351943969727,0.0929555892944336
sd15_fp4_s30_g6.5_str0.3,00001,sd15,fp4,124,30,6.5,0.3,CLIP-D,/media/SSD_4TB/crispy_storage/comparative_images_img2img/00001_sd15_fp4_seed124_s30_g6.5_str0.3.png,fake,0.9397781491279602,0.06159257888793945
sd15_fp4_s30_g6.5_str0.3,00001,sd15,fp4,124,30,6.5,0.3,R50_TF,/media/SSD_4TB/crispy_storage/comparative_images_img2img/00001_sd15_fp4_seed124_s30_g6.5_str0.3.png,real,0.3751,0.174
sd15_fp4_s30_g6.5_str0.3,00001,sd15,fp4,124,30,6.5,0.3,NPR,/media/SSD_4TB/crispy_storage/comparative_images_img2img/00001_sd15_fp4_seed124_s30_g6.5_str0.3.png,fake,0.9602104425430298,0.09041833877563477
sd35_fp8_s40_g5.0_str0.3,00000,sd35,fp8,123,40,5.0,0.3,CLIP-D,/media/SSD_4TB/crispy_storage/comparative_images_img2img/00000_sd35_fp8_seed123_s40_g5.0_str0.3.png,fake,0.7106414437294006,0.06535458564758301
sd35_fp8_s40_g5.0_str0.3,00000,sd35,fp8,123,40,5.0,0.3,R50_TF,/media/SSD_4TB/crispy_storage/comparative_images_img2img/00000_sd35_fp8_seed123_s40_g5.0_str0.3.png,real,0.4346,0.174
sd35_fp8_s40_g5.0_str0.3,00000,sd35,fp8,123,40,5.0,0.3,NPR,/media/SSD_4TB/crispy_storage/comparative_images_img2img/00000_sd35_fp8_seed123_s40_g5.0_str0.3.png,real,1.0739612265158447e-15,0.09303092956542969
sd35_fp4_s30_g6.5_str0.6,00001,sd35,fp4,124,30,6.5,0.6,CLIP-D,/media/SSD_4TB/crispy_storage/comparative_images_img2img/00001_sd35_fp4_seed124_s30_g6.5_str0.6.png,fake,0.9608731269836426,0.06252479553222656
sd35_fp4_s30_g6.5_str0.6,00001,sd35,fp4,124,30,6.5,0.6,R50_TF,/media/SSD_4TB/crispy_storage/comparative_images_img2img/00001_sd35_fp4_seed124_s30_g6.5_str0.6.png,real,0.401,0.173
sd35_fp4_s30_g6.5_str0.6,00001,sd35,fp4,124,30,6.5,0.6,NPR,/media/SSD_4TB/crispy_storage/comparative_images_img2img/00001_sd35_fp4_seed124_s30_g6.5_str0.6.png,real,0.2063865214586258,0.0956563949584961
sd15_fp4_s50_g3.5_str0.3,00000,sd15,fp4,123,50,3.5,0.3,CLIP-D,/media/SSD_4TB/crispy_storage/comparative_images_img2img/00000_sd15_fp4_seed123_s50_g3.5_str0.3.png,real,0.258309006690979,0.06145167350769043
sd15_fp4_s50_g3.5_str0.3,00000,sd15,fp4,123,50,3.5,0.3,R50_TF,/media/SSD_4TB/crispy_storage/comparative_images_img2img/00000_sd15_fp4_seed123_s50_g3.5_str0.3.png,fake,0.6072,0.169
sd15_fp4_s50_g3.5_str0.3,00000,sd15,fp4,123,50,3.5,0.3,NPR,/media/SSD_4TB/crispy_storage/comparative_images_img2img/00000_sd15_fp4_seed123_s50_g3.5_str0.3.png,real,7.208641181932762e-05,0.09453058242797852
sd15_fp16_s40_g5.0_str0.6,00000,sd15,fp16,123,40,5.0,0.6,CLIP-D,/media/SSD_4TB/crispy_storage/comparative_images_img2img/00000_sd15_fp16_seed123_s40_g5.0_str0.6.png,fake,0.9923805594444275,0.06181645393371582
sd15_fp16_s40_g5.0_str0.6,00000,sd15,fp16,123,40,5.0,0.6,R50_TF,/media/SSD_4TB/crispy_storage/comparative_images_img2img/00000_sd15_fp16_seed123_s40_g5.0_str0.6.png,fake,0.5853,0.179
sd15_fp16_s40_g5.0_str0.6,00000,sd15,fp16,123,40,5.0,0.6,NPR,/media/SSD_4TB/crispy_storage/comparative_images_img2img/00000_sd15_fp16_seed123_s40_g5.0_str0.6.png,real,0.0020817737095057964,0.09407949447631836
sd15_fp8_s50_g6.5_str0.6,00000,sd15,fp8,123,50,6.5,0.6,CLIP-D,/media/SSD_4TB/crispy_storage/comparative_images_img2img/00000_sd15_fp8_seed123_s50_g6.5_str0.6.png,fake,0.7870941758155823,0.06181907653808594
sd15_fp8_s50_g6.5_str0.6,00000,sd15,fp8,123,50,6.5,0.6,R50_TF,/media/SSD_4TB/crispy_storage/comparative_images_img2img/00000_sd15_fp8_seed123_s50_g6.5_str0.6.png,fake,0.5541,0.176
sd15_fp8_s50_g6.5_str0.6,00000,sd15,fp8,123,50,6.5,0.6,NPR,/media/SSD_4TB/crispy_storage/comparative_images_img2img/00000_sd15_fp8_seed123_s50_g6.5_str0.6.png,real,4.3278989323880523e-05,0.09350109100341797
sd35_fp16_s40_g6.5_str0.45,00001,sd35,fp16,124,40,6.5,0.45,CLIP-D,/media/SSD_4TB/crispy_storage/comparative_images_img2img/00001_sd35_fp16_seed124_s40_g6.5_str0.45.png,real,0.011725510470569134,0.06130504608154297
sd35_fp16_s40_g6.5_str0.45,00001,sd35,fp16,124,40,6.5,0.45,R50_TF,/media/SSD_4TB/crispy_storage/comparative_images_img2img/00001_sd35_fp16_seed124_s40_g6.5_str0.45.png,real,0.3603,0.166
sd35_fp16_s40_g6.5_str0.45,00001,sd35,fp16,124,40,6.5,0.45,NPR,/media/SSD_4TB/crispy_storage/comparative_images_img2img/00001_sd35_fp16_seed124_s40_g6.5_str0.45.png,fake,0.9675922989845276,0.09069228172302246
sd3_fp16_s40_g6.5_str0.6,00001,sd3,fp16,124,40,6.5,0.6,CLIP-D,/media/SSD_4TB/crispy_storage/comparative_images_img2img/00001_sd3_fp16_seed124_s40_g6.5_str0.6.png,fake,0.8350737690925598,0.0616002082824707
sd3_fp16_s40_g6.5_str0.6,00001,sd3,fp16,124,40,6.5,0.6,R50_TF,/media/SSD_4TB/crispy_storage/comparative_images_img2img/00001_sd3_fp16_seed124_s40_g6.5_str0.6.png,real,0.3778,0.167
sd3_fp16_s40_g6.5_str0.6,00001,sd3,fp16,124,40,6.5,0.6,NPR,/media/SSD_4TB/crispy_storage/comparative_images_img2img/00001_sd3_fp16_seed124_s40_g6.5_str0.6.png,fake,0.9063144326210022,0.08925747871398926
sd3_fp16_s30_g3.5_str0.45,00001,sd3,fp16,124,30,3.5,0.45,CLIP-D,/media/SSD_4TB/crispy_storage/comparative_images_img2img/00001_sd3_fp16_seed124_s30_g3.5_str0.45.png,real,0.0007385766366496682,0.06133127212524414
sd3_fp16_s30_g3.5_str0.45,00001,sd3,fp16,124,30,3.5,0.45,R50_TF,/media/SSD_4TB/crispy_storage/comparative_images_img2img/00001_sd3_fp16_seed124_s30_g3.5_str0.45.png,real,0.3712,0.17
sd3_fp16_s30_g3.5_str0.45,00001,sd3,fp16,124,30,3.5,0.45,NPR,/media/SSD_4TB/crispy_storage/comparative_images_img2img/00001_sd3_fp16_seed124_s30_g3.5_str0.45.png,fake,0.9968459010124207,0.09684491157531738
sd3_fp16_s50_g3.5_str0.45,00000,sd3,fp16,123,50,3.5,0.45,CLIP-D,/media/SSD_4TB/crispy_storage/comparative_images_img2img/00000_sd3_fp16_seed123_s50_g3.5_str0.45.png,fake,0.6515766978263855,0.06112194061279297
sd3_fp16_s50_g3.5_str0.45,00000,sd3,fp16,123,50,3.5,0.45,R50_TF,/media/SSD_4TB/crispy_storage/comparative_images_img2img/00000_sd3_fp16_seed123_s50_g3.5_str0.45.png,real,0.4186,0.169
sd3_fp16_s50_g3.5_str0.45,00000,sd3,fp16,123,50,3.5,0.45,NPR,/media/SSD_4TB/crispy_storage/comparative_images_img2img/00000_sd3_fp16_seed123_s50_g3.5_str0.45.png,real,7.333019608202207e-12,0.09361124038696289
sd15_fp4_s40_g5.0_str0.6,00001,sd15,fp4,124,40,5.0,0.6,CLIP-D,/media/SSD_4TB/crispy_storage/comparative_images_img2img/00001_sd15_fp4_seed124_s40_g5.0_str0.6.png,fake,0.971518874168396,0.06100153923034668
sd15_fp4_s40_g5.0_str0.6,00001,sd15,fp4,124,40,5.0,0.6,R50_TF,/media/SSD_4TB/crispy_storage/comparative_images_img2img/00001_sd15_fp4_seed124_s40_g5.0_str0.6.png,real,0.3588,0.171
sd15_fp4_s40_g5.0_str0.6,00001,sd15,fp4,124,40,5.0,0.6,NPR,/media/SSD_4TB/crispy_storage/comparative_images_img2img/00001_sd15_fp4_seed124_s40_g5.0_str0.6.png,fake,0.9867860674858093,0.09335660934448242
sd15_fp8_s30_g6.5_str0.3,00000,sd15,fp8,123,30,6.5,0.3,CLIP-D,/media/SSD_4TB/crispy_storage/comparative_images_img2img/00000_sd15_fp8_seed123_s30_g6.5_str0.3.png,real,0.2766093909740448,0.06183052062988281
sd15_fp8_s30_g6.5_str0.3,00000,sd15,fp8,123,30,6.5,0.3,R50_TF,/media/SSD_4TB/crispy_storage/comparative_images_img2img/00000_sd15_fp8_seed123_s30_g6.5_str0.3.png,fake,0.6049,0.173
sd15_fp8_s30_g6.5_str0.3,00000,sd15,fp8,123,30,6.5,0.3,NPR,/media/SSD_4TB/crispy_storage/comparative_images_img2img/00000_sd15_fp8_seed123_s30_g6.5_str0.3.png,real,0.16957388818264008,0.08715248107910156
sd35_fp8_s40_g5.0_str0.3,00001,sd35,fp8,124,40,5.0,0.3,CLIP-D,/media/SSD_4TB/crispy_storage/comparative_images_img2img/00001_sd35_fp8_seed124_s40_g5.0_str0.3.png,real,0.00271656084805727,0.06199979782104492
sd35_fp8_s40_g5.0_str0.3,00001,sd35,fp8,124,40,5.0,0.3,R50_TF,/media/SSD_4TB/crispy_storage/comparative_images_img2img/00001_sd35_fp8_seed124_s40_g5.0_str0.3.png,real,0.3691,0.173
sd35_fp8_s40_g5.0_str0.3,00001,sd35,fp8,124,40,5.0,0.3,NPR,/media/SSD_4TB/crispy_storage/comparative_images_img2img/00001_sd35_fp8_seed124_s40_g5.0_str0.3.png,fake,0.9959795475006104,0.09837651252746582
sd35_fp8_s30_g5.0_str0.45,00001,sd35,fp8,124,30,5.0,0.45,CLIP-D,/media/SSD_4TB/crispy_storage/comparative_images_img2img/00001_sd35_fp8_seed124_s30_g5.0_str0.45.png,real,0.012898015789687634,0.06372714042663574
sd35_fp8_s30_g5.0_str0.45,00001,sd35,fp8,124,30,5.0,0.45,R50_TF,/media/SSD_4TB/crispy_storage/comparative_images_img2img/00001_sd35_fp8_seed124_s30_g5.0_str0.45.png,real,0.3701,0.165
sd35_fp8_s30_g5.0_str0.45,00001,sd35,fp8,124,30,5.0,0.45,NPR,/media/SSD_4TB/crispy_storage/comparative_images_img2img/00001_sd35_fp8_seed124_s30_g5.0_str0.45.png,fake,0.9982617497444153,0.09069252014160156
sd3_fp16_s30_g3.5_str0.3,00001,sd3,fp16,124,30,3.5,0.3,CLIP-D,/media/SSD_4TB/crispy_storage/comparative_images_img2img/00001_sd3_fp16_seed124_s30_g3.5_str0.3.png,real,0.003733738325536251,0.06139731407165527
sd3_fp16_s30_g3.5_str0.3,00001,sd3,fp16,124,30,3.5,0.3,R50_TF,/media/SSD_4TB/crispy_storage/comparative_images_img2img/00001_sd3_fp16_seed124_s30_g3.5_str0.3.png,real,0.3694,0.166
sd3_fp16_s30_g3.5_str0.3,00001,sd3,fp16,124,30,3.5,0.3,NPR,/media/SSD_4TB/crispy_storage/comparative_images_img2img/00001_sd3_fp16_seed124_s30_g3.5_str0.3.png,fake,0.9988436698913574,0.09045934677124023
sd3_fp8_s40_g6.5_str0.6,00001,sd3,fp8,124,40,6.5,0.6,R50_TF,/media/SSD_4TB/crispy_storage/comparative_images_img2img/00001_sd3_fp8_seed124_s40_g6.5_str0.6.png,real,0.3964,0.165
sd3_fp8_s40_g6.5_str0.6,00001,sd3,fp8,124,40,6.5,0.6,NPR,/media/SSD_4TB/crispy_storage/comparative_images_img2img/00001_sd3_fp8_seed124_s40_g6.5_str0.6.png,real,0.16705505549907684,0.08925652503967285
sd15_fp8_s50_g6.5_str0.6,00001,sd15,fp8,124,50,6.5,0.6,CLIP-D,/media/SSD_4TB/crispy_storage/comparative_images_img2img/00001_sd15_fp8_seed124_s50_g6.5_str0.6.png,fake,0.9869639277458191,0.06147170066833496
sd15_fp8_s50_g6.5_str0.6,00001,sd15,fp8,124,50,6.5,0.6,R50_TF,/media/SSD_4TB/crispy_storage/comparative_images_img2img/00001_sd15_fp8_seed124_s50_g6.5_str0.6.png,real,0.3674,0.173
sd15_fp8_s50_g6.5_str0.6,00001,sd15,fp8,124,50,6.5,0.6,NPR,/media/SSD_4TB/crispy_storage/comparative_images_img2img/00001_sd15_fp8_seed124_s50_g6.5_str0.6.png,fake,0.9996342658996582,0.09807014465332031
sd15_fp16_s50_g6.5_str0.45,00000,sd15,fp16,123,50,6.5,0.45,CLIP-D,/media/SSD_4TB/crispy_storage/comparative_images_img2img/00000_sd15_fp16_seed123_s50_g6.5_str0.45.png,fake,0.7873175144195557,0.06238222122192383
sd15_fp16_s50_g6.5_str0.45,00000,sd15,fp16,123,50,6.5,0.45,R50_TF,/media/SSD_4TB/crispy_storage/comparative_images_img2img/00000_sd15_fp16_seed123_s50_g6.5_str0.45.png,fake,0.5885,0.167
sd15_fp16_s50_g6.5_str0.45,00000,sd15,fp16,123,50,6.5,0.45,NPR,/media/SSD_4TB/crispy_storage/comparative_images_img2img/00000_sd15_fp16_seed123_s50_g6.5_str0.45.png,real,0.4669386148452759,0.09364604949951172
sd15_fp16_s40_g3.5_str0.3,00001,sd15,fp16,124,40,3.5,0.3,CLIP-D,/media/SSD_4TB/crispy_storage/comparative_images_img2img/00001_sd15_fp16_seed124_s40_g3.5_str0.3.png,fake,0.8331705927848816,0.062713623046875
sd15_fp16_s40_g3.5_str0.3,00001,sd15,fp16,124,40,3.5,0.3,R50_TF,/media/SSD_4TB/crispy_storage/comparative_images_img2img/00001_sd15_fp16_seed124_s40_g3.5_str0.3.png,real,0.363,0.169
sd15_fp16_s40_g3.5_str0.3,00001,sd15,fp16,124,40,3.5,0.3,NPR,/media/SSD_4TB/crispy_storage/comparative_images_img2img/00001_sd15_fp16_seed124_s40_g3.5_str0.3.png,fake,0.9593582153320312,0.08929753303527832
sd35_fp16_s50_g3.5_str0.6,00001,sd35,fp16,124,50,3.5,0.6,CLIP-D,/media/SSD_4TB/crispy_storage/comparative_images_img2img/00001_sd35_fp16_seed124_s50_g3.5_str0.6.png,fake,0.8384809494018555,0.0610814094543457
sd35_fp16_s50_g3.5_str0.6,00001,sd35,fp16,124,50,3.5,0.6,R50_TF,/media/SSD_4TB/crispy_storage/comparative_images_img2img/00001_sd35_fp16_seed124_s50_g3.5_str0.6.png,real,0.3583,0.166
sd35_fp16_s50_g3.5_str0.6,00001,sd35,fp16,124,50,3.5,0.6,NPR,/media/SSD_4TB/crispy_storage/comparative_images_img2img/00001_sd35_fp16_seed124_s50_g3.5_str0.6.png,fake,0.9981181621551514,0.09113931655883789
sd3_fp4_s30_g3.5_str0.45,00001,sd3,fp4,124,30,3.5,0.45,CLIP-D,/media/SSD_4TB/crispy_storage/comparative_images_img2img/00001_sd3_fp4_seed124_s30_g3.5_str0.45.png,fake,0.9265055656433105,0.06340837478637695
sd3_fp4_s30_g3.5_str0.45,00001,sd3,fp4,124,30,3.5,0.45,R50_TF,/media/SSD_4TB/crispy_storage/comparative_images_img2img/00001_sd3_fp4_seed124_s30_g3.5_str0.45.png,real,0.3968,0.178
sd3_fp4_s30_g3.5_str0.45,00001,sd3,fp4,124,30,3.5,0.45,NPR,/media/SSD_4TB/crispy_storage/comparative_images_img2img/00001_sd3_fp4_seed124_s30_g3.5_str0.45.png,fake,0.9897644519805908,0.09554314613342285
sd3_fp16_s50_g6.5_str0.3,00000,sd3,fp16,123,50,6.5,0.3,CLIP-D,/media/SSD_4TB/crispy_storage/comparative_images_img2img/00000_sd3_fp16_seed123_s50_g6.5_str0.3.png,fake,0.8879560828208923,0.062161922454833984
sd3_fp16_s50_g6.5_str0.3,00000,sd3,fp16,123,50,6.5,0.3,R50_TF,/media/SSD_4TB/crispy_storage/comparative_images_img2img/00000_sd3_fp16_seed123_s50_g6.5_str0.3.png,real,0.4259,0.176
sd3_fp16_s50_g6.5_str0.3,00000,sd3,fp16,123,50,6.5,0.3,NPR,/media/SSD_4TB/crispy_storage/comparative_images_img2img/00000_sd3_fp16_seed123_s50_g6.5_str0.3.png,real,1.5682064547222103e-14,0.0876772403717041
sd3_fp4_s40_g6.5_str0.45,00000,sd3,fp4,123,40,6.5,0.45,CLIP-D,/media/SSD_4TB/crispy_storage/comparative_images_img2img/00000_sd3_fp4_seed123_s40_g6.5_str0.45.png,fake,0.9634106159210205,0.06214261054992676
sd3_fp4_s40_g6.5_str0.45,00000,sd3,fp4,123,40,6.5,0.45,R50_TF,/media/SSD_4TB/crispy_storage/comparative_images_img2img/00000_sd3_fp4_seed123_s40_g6.5_str0.45.png,real,0.4427,0.172
sd3_fp4_s40_g6.5_str0.45,00000,sd3,fp4,123,40,6.5,0.45,NPR,/media/SSD_4TB/crispy_storage/comparative_images_img2img/00000_sd3_fp4_seed123_s40_g6.5_str0.45.png,real,1.3949866923494009e-13,0.09062695503234863
sd3_fp4_s50_g3.5_str0.6,00001,sd3,fp4,124,50,3.5,0.6,CLIP-D,/media/SSD_4TB/crispy_storage/comparative_images_img2img/00001_sd3_fp4_seed124_s50_g3.5_str0.6.png,fake,0.9361405968666077,0.06219315528869629
sd3_fp4_s50_g3.5_str0.6,00001,sd3,fp4,124,50,3.5,0.6,R50_TF,/media/SSD_4TB/crispy_storage/comparative_images_img2img/00001_sd3_fp4_seed124_s50_g3.5_str0.6.png,real,0.3959,0.167
sd3_fp4_s50_g3.5_str0.6,00001,sd3,fp4,124,50,3.5,0.6,NPR,/media/SSD_4TB/crispy_storage/comparative_images_img2img/00001_sd3_fp4_seed124_s50_g3.5_str0.6.png,real,1.569058258610312e-05,0.08942770957946777
sd3_fp16_s30_g3.5_str0.45,00000,sd3,fp16,123,30,3.5,0.45,CLIP-D,/media/SSD_4TB/crispy_storage/comparative_images_img2img/00000_sd3_fp16_seed123_s30_g3.5_str0.45.png,fake,0.5716124176979065,0.06115889549255371
sd3_fp16_s30_g3.5_str0.45,00000,sd3,fp16,123,30,3.5,0.45,R50_TF,/media/SSD_4TB/crispy_storage/comparative_images_img2img/00000_sd3_fp16_seed123_s30_g3.5_str0.45.png,real,0.4273,0.171
sd3_fp16_s30_g3.5_str0.45,00000,sd3,fp16,123,30,3.5,0.45,NPR,/media/SSD_4TB/crispy_storage/comparative_images_img2img/00000_sd3_fp16_seed123_s30_g3.5_str0.45.png,real,2.369084237867445e-14,0.0942075252532959
sd35_fp16_s50_g3.5_str0.3,00000,sd35,fp16,123,50,3.5,0.3,CLIP-D,/media/SSD_4TB/crispy_storage/comparative_images_img2img/00000_sd35_fp16_seed123_s50_g3.5_str0.3.png,fake,0.9141747355461121,0.062197208404541016
sd35_fp16_s50_g3.5_str0.3,00000,sd35,fp16,123,50,3.5,0.3,R50_TF,/media/SSD_4TB/crispy_storage/comparative_images_img2img/00000_sd35_fp16_seed123_s50_g3.5_str0.3.png,real,0.4341,0.17
sd35_fp8_s30_g3.5_str0.45,00000,sd35,fp8,123,30,3.5,0.45,CLIP-D,/media/SSD_4TB/crispy_storage/comparative_images_img2img/00000_sd35_fp8_seed123_s30_g3.5_str0.45.png,fake,0.7514798045158386,0.0638425350189209
sd35_fp8_s30_g3.5_str0.45,00000,sd35,fp8,123,30,3.5,0.45,R50_TF,/media/SSD_4TB/crispy_storage/comparative_images_img2img/00000_sd35_fp8_seed123_s30_g3.5_str0.45.png,real,0.4234,0.169
sd35_fp8_s30_g3.5_str0.45,00000,sd35,fp8,123,30,3.5,0.45,NPR,/media/SSD_4TB/crispy_storage/comparative_images_img2img/00000_sd35_fp8_seed123_s30_g3.5_str0.45.png,real,1.1747699845245443e-14,0.09412026405334473
sd35_fp4_s30_g3.5_str0.3,00001,sd35,fp4,124,30,3.5,0.3,CLIP-D,/media/SSD_4TB/crispy_storage/comparative_images_img2img/00001_sd35_fp4_seed124_s30_g3.5_str0.3.png,real,0.1245231106877327,0.06993722915649414
sd35_fp4_s30_g3.5_str0.3,00001,sd35,fp4,124,30,3.5,0.3,R50_TF,/media/SSD_4TB/crispy_storage/comparative_images_img2img/00001_sd35_fp4_seed124_s30_g3.5_str0.3.png,real,0.3744,0.168
sd35_fp4_s30_g3.5_str0.3,00001,sd35,fp4,124,30,3.5,0.3,NPR,/media/SSD_4TB/crispy_storage/comparative_images_img2img/00001_sd35_fp4_seed124_s30_g3.5_str0.3.png,fake,0.9996687173843384,0.09044170379638672
sd35_fp4_s50_g3.5_str0.6,00001,sd35,fp4,124,50,3.5,0.6,CLIP-D,/media/SSD_4TB/crispy_storage/comparative_images_img2img/00001_sd35_fp4_seed124_s50_g3.5_str0.6.png,real,0.3264351487159729,0.06575441360473633
sd35_fp4_s50_g3.5_str0.6,00001,sd35,fp4,124,50,3.5,0.6,R50_TF,/media/SSD_4TB/crispy_storage/comparative_images_img2img/00001_sd35_fp4_seed124_s50_g3.5_str0.6.png,real,0.3749,0.169
sd35_fp4_s50_g3.5_str0.6,00001,sd35,fp4,124,50,3.5,0.6,NPR,/media/SSD_4TB/crispy_storage/comparative_images_img2img/00001_sd35_fp4_seed124_s50_g3.5_str0.6.png,real,0.03561459854245186,0.09447288513183594
sd35_fp4_s40_g5.0_str0.45,00001,sd35,fp4,124,40,5.0,0.45,CLIP-D,/media/SSD_4TB/crispy_storage/comparative_images_img2img/00001_sd35_fp4_seed124_s40_g5.0_str0.45.png,real,0.055201515555381775,0.06179237365722656
sd35_fp4_s40_g5.0_str0.45,00001,sd35,fp4,124,40,5.0,0.45,R50_TF,/media/SSD_4TB/crispy_storage/comparative_images_img2img/00001_sd35_fp4_seed124_s40_g5.0_str0.45.png,real,0.3782,0.175
sd35_fp4_s40_g5.0_str0.45,00001,sd35,fp4,124,40,5.0,0.45,NPR,/media/SSD_4TB/crispy_storage/comparative_images_img2img/00001_sd35_fp4_seed124_s40_g5.0_str0.45.png,fake,0.7324438691139221,0.08952498435974121
sd15_fp4_s30_g5.0_str0.3,00001,sd15,fp4,124,30,5.0,0.3,CLIP-D,/media/SSD_4TB/crispy_storage/comparative_images_img2img/00001_sd15_fp4_seed124_s30_g5.0_str0.3.png,fake,0.9144591093063354,0.06130862236022949
sd15_fp4_s30_g5.0_str0.3,00001,sd15,fp4,124,30,5.0,0.3,R50_TF,/media/SSD_4TB/crispy_storage/comparative_images_img2img/00001_sd15_fp4_seed124_s30_g5.0_str0.3.png,real,0.3711,0.172
sd15_fp4_s30_g5.0_str0.3,00001,sd15,fp4,124,30,5.0,0.3,NPR,/media/SSD_4TB/crispy_storage/comparative_images_img2img/00001_sd15_fp4_seed124_s30_g5.0_str0.3.png,fake,0.9600307941436768,0.08970999717712402
sd35_fp8_s50_g5.0_str0.6,00001,sd35,fp8,124,50,5.0,0.6,CLIP-D,/media/SSD_4TB/crispy_storage/comparative_images_img2img/00001_sd35_fp8_seed124_s50_g5.0_str0.6.png,fake,0.8072548508644104,0.06578946113586426
sd35_fp8_s50_g5.0_str0.6,00001,sd35,fp8,124,50,5.0,0.6,R50_TF,/media/SSD_4TB/crispy_storage/comparative_images_img2img/00001_sd35_fp8_seed124_s50_g5.0_str0.6.png,real,0.3638,0.168
sd35_fp8_s50_g5.0_str0.6,00001,sd35,fp8,124,50,5.0,0.6,NPR,/media/SSD_4TB/crispy_storage/comparative_images_img2img/00001_sd35_fp8_seed124_s50_g5.0_str0.6.png,fake,0.8427420258522034,0.09537911415100098
sd3_fp8_s30_g6.5_str0.6,00001,sd3,fp8,124,30,6.5,0.6,CLIP-D,/media/SSD_4TB/crispy_storage/comparative_images_img2img/00001_sd3_fp8_seed124_s30_g6.5_str0.6.png,fake,0.909980297088623,0.06208324432373047
sd3_fp8_s30_g6.5_str0.6,00001,sd3,fp8,124,30,6.5,0.6,R50_TF,/media/SSD_4TB/crispy_storage/comparative_images_img2img/00001_sd3_fp8_seed124_s30_g6.5_str0.6.png,real,0.3809,0.168
sd3_fp8_s30_g6.5_str0.6,00001,sd3,fp8,124,30,6.5,0.6,NPR,/media/SSD_4TB/crispy_storage/comparative_images_img2img/00001_sd3_fp8_seed124_s30_g6.5_str0.6.png,real,0.015619553625583649,0.09000802040100098
sd15_fp4_s40_g3.5_str0.3,00000,sd15,fp4,123,40,3.5,0.3,CLIP-D,/media/SSD_4TB/crispy_storage/comparative_images_img2img/00000_sd15_fp4_seed123_s40_g3.5_str0.3.png,real,0.2594287097454071,0.06512212753295898
sd15_fp4_s40_g3.5_str0.3,00000,sd15,fp4,123,40,3.5,0.3,R50_TF,/media/SSD_4TB/crispy_storage/comparative_images_img2img/00000_sd15_fp4_seed123_s40_g3.5_str0.3.png,fake,0.6042,0.17
sd15_fp4_s40_g3.5_str0.3,00000,sd15,fp4,123,40,3.5,0.3,NPR,/media/SSD_4TB/crispy_storage/comparative_images_img2img/00000_sd15_fp4_seed123_s40_g3.5_str0.3.png,real,0.0009744731360115111,0.08846664428710938
sd3_fp16_s30_g3.5_str0.3,00000,sd3,fp16,123,30,3.5,0.3,CLIP-D,/media/SSD_4TB/crispy_storage/comparative_images_img2img/00000_sd3_fp16_seed123_s30_g3.5_str0.3.png,fake,0.9274594187736511,0.06119418144226074
sd3_fp16_s30_g3.5_str0.3,00000,sd3,fp16,123,30,3.5,0.3,R50_TF,/media/SSD_4TB/crispy_storage/comparative_images_img2img/00000_sd3_fp16_seed123_s30_g3.5_str0.3.png,real,0.4379,0.167
sd3_fp16_s30_g3.5_str0.3,00000,sd3,fp16,123,30,3.5,0.3,NPR,/media/SSD_4TB/crispy_storage/comparative_images_img2img/00000_sd3_fp16_seed123_s30_g3.5_str0.3.png,real,1.3341205670618658e-16,0.09153985977172852
sd3_fp4_s40_g3.5_str0.3,00001,sd3,fp4,124,40,3.5,0.3,CLIP-D,/media/SSD_4TB/crispy_storage/comparative_images_img2img/00001_sd3_fp4_seed124_s40_g3.5_str0.3.png,fake,0.5635004043579102,0.060315608978271484
sd3_fp4_s40_g3.5_str0.3,00001,sd3,fp4,124,40,3.5,0.3,R50_TF,/media/SSD_4TB/crispy_storage/comparative_images_img2img/00001_sd3_fp4_seed124_s40_g3.5_str0.3.png,real,0.3768,0.171
sd3_fp4_s40_g3.5_str0.3,00001,sd3,fp4,124,40,3.5,0.3,NPR,/media/SSD_4TB/crispy_storage/comparative_images_img2img/00001_sd3_fp4_seed124_s40_g3.5_str0.3.png,fake,0.9806748032569885,0.09204363822937012
sd3_fp4_s50_g6.5_str0.45,00001,sd3,fp4,124,50,6.5,0.45,CLIP-D,/media/SSD_4TB/crispy_storage/comparative_images_img2img/00001_sd3_fp4_seed124_s50_g6.5_str0.45.png,fake,0.9797815084457397,0.0628960132598877
sd3_fp4_s50_g6.5_str0.45,00001,sd3,fp4,124,50,6.5,0.45,R50_TF,/media/SSD_4TB/crispy_storage/comparative_images_img2img/00001_sd3_fp4_seed124_s50_g6.5_str0.45.png,real,0.3992,0.165
sd3_fp4_s50_g6.5_str0.45,00001,sd3,fp4,124,50,6.5,0.45,NPR,/media/SSD_4TB/crispy_storage/comparative_images_img2img/00001_sd3_fp4_seed124_s50_g6.5_str0.45.png,fake,0.9851958751678467,0.09441685676574707
sd3_fp4_s30_g5.0_str0.45,00001,sd3,fp4,124,30,5.0,0.45,CLIP-D,/media/SSD_4TB/crispy_storage/comparative_images_img2img/00001_sd3_fp4_seed124_s30_g5.0_str0.45.png,fake,0.9008747935295105,0.061746835708618164
sd3_fp4_s30_g5.0_str0.45,00001,sd3,fp4,124,30,5.0,0.45,R50_TF,/media/SSD_4TB/crispy_storage/comparative_images_img2img/00001_sd3_fp4_seed124_s30_g5.0_str0.45.png,real,0.3957,0.175
sd3_fp4_s30_g5.0_str0.45,00001,sd3,fp4,124,30,5.0,0.45,NPR,/media/SSD_4TB/crispy_storage/comparative_images_img2img/00001_sd3_fp4_seed124_s30_g5.0_str0.45.png,fake,0.9789037704467773,0.09623193740844727
sd35_fp4_s30_g5.0_str0.45,00000,sd35,fp4,123,30,5.0,0.45,CLIP-D,/media/SSD_4TB/crispy_storage/comparative_images_img2img/00000_sd35_fp4_seed123_s30_g5.0_str0.45.png,fake,0.9450238347053528,0.06748008728027344
sd35_fp4_s30_g5.0_str0.45,00000,sd35,fp4,123,30,5.0,0.45,R50_TF,/media/SSD_4TB/crispy_storage/comparative_images_img2img/00000_sd35_fp4_seed123_s30_g5.0_str0.45.png,real,0.4314,0.174
sd35_fp4_s30_g5.0_str0.45,00000,sd35,fp4,123,30,5.0,0.45,NPR,/media/SSD_4TB/crispy_storage/comparative_images_img2img/00000_sd35_fp4_seed123_s30_g5.0_str0.45.png,real,1.9616588491392847e-14,0.09962058067321777
sd35_fp16_s50_g6.5_str0.3,00000,sd35,fp16,123,50,6.5,0.3,CLIP-D,/media/SSD_4TB/crispy_storage/comparative_images_img2img/00000_sd35_fp16_seed123_s50_g6.5_str0.3.png,fake,0.8581885099411011,0.06199836730957031
sd35_fp16_s50_g6.5_str0.3,00000,sd35,fp16,123,50,6.5,0.3,R50_TF,/media/SSD_4TB/crispy_storage/comparative_images_img2img/00000_sd35_fp16_seed123_s50_g6.5_str0.3.png,real,0.44,0.173
sd35_fp16_s50_g6.5_str0.3,00000,sd35,fp16,123,50,6.5,0.3,NPR,/media/SSD_4TB/crispy_storage/comparative_images_img2img/00000_sd35_fp16_seed123_s50_g6.5_str0.3.png,real,1.8382593624383103e-13,0.08923697471618652
sd3_fp8_s50_g3.5_str0.6,00001,sd3,fp8,124,50,3.5,0.6,CLIP-D,/media/SSD_4TB/crispy_storage/comparative_images_img2img/00001_sd3_fp8_seed124_s50_g3.5_str0.6.png,real,0.22322247922420502,0.061269521713256836
sd3_fp8_s50_g3.5_str0.6,00001,sd3,fp8,124,50,3.5,0.6,R50_TF,/media/SSD_4TB/crispy_storage/comparative_images_img2img/00001_sd3_fp8_seed124_s50_g3.5_str0.6.png,real,0.3708,0.166
sd3_fp8_s50_g3.5_str0.6,00001,sd3,fp8,124,50,3.5,0.6,NPR,/media/SSD_4TB/crispy_storage/comparative_images_img2img/00001_sd3_fp8_seed124_s50_g3.5_str0.6.png,real,0.014577103778719902,0.09682941436767578
sd15_fp16_s40_g6.5_str0.3,00001,sd15,fp16,124,40,6.5,0.3,CLIP-D,/media/SSD_4TB/crispy_storage/comparative_images_img2img/00001_sd15_fp16_seed124_s40_g6.5_str0.3.png,fake,0.9072545766830444,0.06175732612609863
sd15_fp16_s40_g6.5_str0.3,00001,sd15,fp16,124,40,6.5,0.3,R50_TF,/media/SSD_4TB/crispy_storage/comparative_images_img2img/00001_sd15_fp16_seed124_s40_g6.5_str0.3.png,real,0.3743,0.168
sd15_fp16_s40_g6.5_str0.3,00001,sd15,fp16,124,40,6.5,0.3,NPR,/media/SSD_4TB/crispy_storage/comparative_images_img2img/00001_sd15_fp16_seed124_s40_g6.5_str0.3.png,fake,0.9935193657875061,0.09192228317260742
sd15_fp8_s50_g5.0_str0.6,00000,sd15,fp8,123,50,5.0,0.6,CLIP-D,/media/SSD_4TB/crispy_storage/comparative_images_img2img/00000_sd15_fp8_seed123_s50_g5.0_str0.6.png,fake,0.9002366065979004,0.06167864799499512
sd15_fp8_s50_g5.0_str0.6,00000,sd15,fp8,123,50,5.0,0.6,R50_TF,/media/SSD_4TB/crispy_storage/comparative_images_img2img/00000_sd15_fp8_seed123_s50_g5.0_str0.6.png,fake,0.5561,0.173
sd15_fp8_s50_g5.0_str0.6,00000,sd15,fp8,123,50,5.0,0.6,NPR,/media/SSD_4TB/crispy_storage/comparative_images_img2img/00000_sd15_fp8_seed123_s50_g5.0_str0.6.png,real,0.00013140353257767856,0.0900716781616211
sd15_fp16_s30_g5.0_str0.6,00000,sd15,fp16,123,30,5.0,0.6,CLIP-D,/media/SSD_4TB/crispy_storage/comparative_images_img2img/00000_sd15_fp16_seed123_s30_g5.0_str0.6.png,fake,0.9983977675437927,0.062394142150878906
sd15_fp16_s30_g5.0_str0.6,00000,sd15,fp16,123,30,5.0,0.6,R50_TF,/media/SSD_4TB/crispy_storage/comparative_images_img2img/00000_sd15_fp16_seed123_s30_g5.0_str0.6.png,fake,0.5904,0.173
sd15_fp16_s30_g5.0_str0.6,00000,sd15,fp16,123,30,5.0,0.6,NPR,/media/SSD_4TB/crispy_storage/comparative_images_img2img/00000_sd15_fp16_seed123_s30_g5.0_str0.6.png,real,0.02291623316705227,0.0898139476776123
sd15_fp4_s50_g6.5_str0.3,00001,sd15,fp4,124,50,6.5,0.3,CLIP-D,/media/SSD_4TB/crispy_storage/comparative_images_img2img/00001_sd15_fp4_seed124_s50_g6.5_str0.3.png,fake,0.9116732478141785,0.06148982048034668
sd15_fp4_s50_g6.5_str0.3,00001,sd15,fp4,124,50,6.5,0.3,R50_TF,/media/SSD_4TB/crispy_storage/comparative_images_img2img/00001_sd15_fp4_seed124_s50_g6.5_str0.3.png,real,0.376,0.171
sd15_fp4_s50_g6.5_str0.3,00001,sd15,fp4,124,50,6.5,0.3,NPR,/media/SSD_4TB/crispy_storage/comparative_images_img2img/00001_sd15_fp4_seed124_s50_g6.5_str0.3.png,fake,0.9688586592674255,0.10046982765197754
sd15_fp4_s30_g3.5_str0.3,00001,sd15,fp4,124,30,3.5,0.3,CLIP-D,/media/SSD_4TB/crispy_storage/comparative_images_img2img/00001_sd15_fp4_seed124_s30_g3.5_str0.3.png,fake,0.9211280345916748,0.06238603591918945
sd15_fp4_s30_g3.5_str0.3,00001,sd15,fp4,124,30,3.5,0.3,R50_TF,/media/SSD_4TB/crispy_storage/comparative_images_img2img/00001_sd15_fp4_seed124_s30_g3.5_str0.3.png,real,0.3613,0.166
sd15_fp4_s30_g3.5_str0.3,00001,sd15,fp4,124,30,3.5,0.3,NPR,/media/SSD_4TB/crispy_storage/comparative_images_img2img/00001_sd15_fp4_seed124_s30_g3.5_str0.3.png,fake,0.9695979952812195,0.0926823616027832
sd15_fp4_s30_g3.5_str0.45,00000,sd15,fp4,123,30,3.5,0.45,CLIP-D,/media/SSD_4TB/crispy_storage/comparative_images_img2img/00000_sd15_fp4_seed123_s30_g3.5_str0.45.png,fake,0.7311918139457703,0.06220555305480957
sd15_fp4_s30_g3.5_str0.45,00000,sd15,fp4,123,30,3.5,0.45,R50_TF,/media/SSD_4TB/crispy_storage/comparative_images_img2img/00000_sd15_fp4_seed123_s30_g3.5_str0.45.png,fake,0.5697,0.181
sd15_fp4_s30_g3.5_str0.45,00000,sd15,fp4,123,30,3.5,0.45,NPR,/media/SSD_4TB/crispy_storage/comparative_images_img2img/00000_sd15_fp4_seed123_s30_g3.5_str0.45.png,real,0.0754670649766922,0.08826780319213867
sd15_fp16_s30_g6.5_str0.3,00001,sd15,fp16,124,30,6.5,0.3,CLIP-D,/media/SSD_4TB/crispy_storage/comparative_images_img2img/00001_sd15_fp16_seed124_s30_g6.5_str0.3.png,fake,0.9421806335449219,0.06158638000488281
sd15_fp16_s30_g6.5_str0.3,00001,sd15,fp16,124,30,6.5,0.3,R50_TF,/media/SSD_4TB/crispy_storage/comparative_images_img2img/00001_sd15_fp16_seed124_s30_g6.5_str0.3.png,real,0.3706,0.172
sd15_fp16_s30_g6.5_str0.3,00001,sd15,fp16,124,30,6.5,0.3,NPR,/media/SSD_4TB/crispy_storage/comparative_images_img2img/00001_sd15_fp16_seed124_s30_g6.5_str0.3.png,fake,0.9886820316314697,0.09458279609680176
sd35_fp8_s40_g5.0_str0.45,00000,sd35,fp8,123,40,5.0,0.45,CLIP-D,/media/SSD_4TB/crispy_storage/comparative_images_img2img/00000_sd35_fp8_seed123_s40_g5.0_str0.45.png,fake,0.5286394357681274,0.06183791160583496
sd35_fp8_s40_g5.0_str0.45,00000,sd35,fp8,123,40,5.0,0.45,R50_TF,/media/SSD_4TB/crispy_storage/comparative_images_img2img/00000_sd35_fp8_seed123_s40_g5.0_str0.45.png,real,0.4254,0.173
sd35_fp8_s40_g5.0_str0.45,00000,sd35,fp8,123,40,5.0,0.45,NPR,/media/SSD_4TB/crispy_storage/comparative_images_img2img/00000_sd35_fp8_seed123_s40_g5.0_str0.45.png,real,2.44988355773898e-14,0.09223365783691406
sd15_fp4_s30_g5.0_str0.6,00001,sd15,fp4,124,30,5.0,0.6,CLIP-D,/media/SSD_4TB/crispy_storage/comparative_images_img2img/00001_sd15_fp4_seed124_s30_g5.0_str0.6.png,fake,0.9816916584968567,0.06288337707519531
sd15_fp4_s30_g5.0_str0.6,00001,sd15,fp4,124,30,5.0,0.6,R50_TF,/media/SSD_4TB/crispy_storage/comparative_images_img2img/00001_sd15_fp4_seed124_s30_g5.0_str0.6.png,real,0.3441,0.176
sd15_fp4_s30_g5.0_str0.6,00001,sd15,fp4,124,30,5.0,0.6,NPR,/media/SSD_4TB/crispy_storage/comparative_images_img2img/00001_sd15_fp4_seed124_s30_g5.0_str0.6.png,fake,0.8999525308609009,0.09597277641296387
sd3_fp4_s50_g6.5_str0.6,00001,sd3,fp4,124,50,6.5,0.6,CLIP-D,/media/SSD_4TB/crispy_storage/comparative_images_img2img/00001_sd3_fp4_seed124_s50_g6.5_str0.6.png,fake,0.9872790575027466,0.061368465423583984
sd3_fp4_s50_g6.5_str0.6,00001,sd3,fp4,124,50,6.5,0.6,R50_TF,/media/SSD_4TB/crispy_storage/comparative_images_img2img/00001_sd3_fp4_seed124_s50_g6.5_str0.6.png,real,0.4005,0.168
sd3_fp4_s50_g6.5_str0.6,00001,sd3,fp4,124,50,6.5,0.6,NPR,/media/SSD_4TB/crispy_storage/comparative_images_img2img/00001_sd3_fp4_seed124_s50_g6.5_str0.6.png,real,7.504491077270359e-05,0.09078240394592285
sd3_fp4_s40_g6.5_str0.45,00001,sd3,fp4,124,40,6.5,0.45,CLIP-D,/media/SSD_4TB/crispy_storage/comparative_images_img2img/00001_sd3_fp4_seed124_s40_g6.5_str0.45.png,fake,0.9604604840278625,0.06162118911743164
sd3_fp4_s40_g6.5_str0.45,00001,sd3,fp4,124,40,6.5,0.45,R50_TF,/media/SSD_4TB/crispy_storage/comparative_images_img2img/00001_sd3_fp4_seed124_s40_g6.5_str0.45.png,real,0.3971,0.181
sd3_fp4_s40_g6.5_str0.45,00001,sd3,fp4,124,40,6.5,0.45,NPR,/media/SSD_4TB/crispy_storage/comparative_images_img2img/00001_sd3_fp4_seed124_s40_g6.5_str0.45.png,fake,0.846756100654602,0.09467196464538574
sd35_fp4_s40_g5.0_str0.3,00000,sd35,fp4,123,40,5.0,0.3,CLIP-D,/media/SSD_4TB/crispy_storage/comparative_images_img2img/00000_sd35_fp4_seed123_s40_g5.0_str0.3.png,fake,0.8748600482940674,0.06118512153625488
sd35_fp4_s40_g5.0_str0.3,00000,sd35,fp4,123,40,5.0,0.3,R50_TF,/media/SSD_4TB/crispy_storage/comparative_images_img2img/00000_sd35_fp4_seed123_s40_g5.0_str0.3.png,real,0.4248,0.169
sd35_fp4_s40_g5.0_str0.3,00000,sd35,fp4,123,40,5.0,0.3,NPR,/media/SSD_4TB/crispy_storage/comparative_images_img2img/00000_sd35_fp4_seed123_s40_g5.0_str0.3.png,real,1.1105315299064143e-16,0.09045529365539551
sd3_fp4_s50_g3.5_str0.3,00000,sd3,fp4,123,50,3.5,0.3,CLIP-D,/media/SSD_4TB/crispy_storage/comparative_images_img2img/00000_sd3_fp4_seed123_s50_g3.5_str0.3.png,fake,0.9765931367874146,0.06090378761291504
sd3_fp4_s50_g3.5_str0.3,00000,sd3,fp4,123,50,3.5,0.3,R50_TF,/media/SSD_4TB/crispy_storage/comparative_images_img2img/00000_sd3_fp4_seed123_s50_g3.5_str0.3.png,real,0.4428,0.178
sd3_fp4_s50_g3.5_str0.3,00000,sd3,fp4,123,50,3.5,0.3,NPR,/media/SSD_4TB/crispy_storage/comparative_images_img2img/00000_sd3_fp4_seed123_s50_g3.5_str0.3.png,real,2.2945055279605456e-14,0.09429121017456055
sd35_fp8_s50_g5.0_str0.45,00000,sd35,fp8,123,50,5.0,0.45,CLIP-D,/media/SSD_4TB/crispy_storage/comparative_images_img2img/00000_sd35_fp8_seed123_s50_g5.0_str0.45.png,fake,0.8366537690162659,0.06176948547363281
sd35_fp8_s50_g5.0_str0.45,00000,sd35,fp8,123,50,5.0,0.45,R50_TF,/media/SSD_4TB/crispy_storage/comparative_images_img2img/00000_sd35_fp8_seed123_s50_g5.0_str0.45.png,real,0.4285,0.176
sd35_fp8_s50_g5.0_str0.45,00000,sd35,fp8,123,50,5.0,0.45,NPR,/media/SSD_4TB/crispy_storage/comparative_images_img2img/00000_sd35_fp8_seed123_s50_g5.0_str0.45.png,real,9.088490729317403e-14,0.09462261199951172
sd3_fp4_s30_g3.5_str0.45,00000,sd3,fp4,123,30,3.5,0.45,CLIP-D,/media/SSD_4TB/crispy_storage/comparative_images_img2img/00000_sd3_fp4_seed123_s30_g3.5_str0.45.png,fake,0.962259829044342,0.06314897537231445
sd3_fp4_s30_g3.5_str0.45,00000,sd3,fp4,123,30,3.5,0.45,R50_TF,/media/SSD_4TB/crispy_storage/comparative_images_img2img/00000_sd3_fp4_seed123_s30_g3.5_str0.45.png,real,0.4482,0.182
sd3_fp4_s30_g3.5_str0.45,00000,sd3,fp4,123,30,3.5,0.45,NPR,/media/SSD_4TB/crispy_storage/comparative_images_img2img/00000_sd3_fp4_seed123_s30_g3.5_str0.45.png,real,7.349082314109332e-15,0.0955657958984375
sd3_fp8_s30_g3.5_str0.3,00000,sd3,fp8,123,30,3.5,0.3,CLIP-D,/media/SSD_4TB/crispy_storage/comparative_images_img2img/00000_sd3_fp8_seed123_s30_g3.5_str0.3.png,fake,0.9143385291099548,0.061272382736206055
sd3_fp8_s30_g3.5_str0.3,00000,sd3,fp8,123,30,3.5,0.3,R50_TF,/media/SSD_4TB/crispy_storage/comparative_images_img2img/00000_sd3_fp8_seed123_s30_g3.5_str0.3.png,real,0.4364,0.175
sd3_fp8_s30_g3.5_str0.3,00000,sd3,fp8,123,30,3.5,0.3,NPR,/media/SSD_4TB/crispy_storage/comparative_images_img2img/00000_sd3_fp8_seed123_s30_g3.5_str0.3.png,real,2.92566000544803e-16,0.08860969543457031
sd15_fp8_s40_g3.5_str0.45,00001,sd15,fp8,124,40,3.5,0.45,CLIP-D,/media/SSD_4TB/crispy_storage/comparative_images_img2img/00001_sd15_fp8_seed124_s40_g3.5_str0.45.png,fake,0.9535130262374878,0.06232428550720215
sd15_fp8_s40_g3.5_str0.45,00001,sd15,fp8,124,40,3.5,0.45,R50_TF,/media/SSD_4TB/crispy_storage/comparative_images_img2img/00001_sd15_fp8_seed124_s40_g3.5_str0.45.png,real,0.3781,0.163
sd15_fp8_s40_g3.5_str0.45,00001,sd15,fp8,124,40,3.5,0.45,NPR,/media/SSD_4TB/crispy_storage/comparative_images_img2img/00001_sd15_fp8_seed124_s40_g3.5_str0.45.png,fake,0.998676598072052,0.09018278121948242
sd35_fp4_s30_g6.5_str0.6,00000,sd35,fp4,123,30,6.5,0.6,CLIP-D,/media/SSD_4TB/crispy_storage/comparative_images_img2img/00000_sd35_fp4_seed123_s30_g6.5_str0.6.png,fake,0.858789324760437,0.0609128475189209
sd35_fp4_s30_g6.5_str0.6,00000,sd35,fp4,123,30,6.5,0.6,R50_TF,/media/SSD_4TB/crispy_storage/comparative_images_img2img/00000_sd35_fp4_seed123_s30_g6.5_str0.6.png,real,0.4356,0.171
sd35_fp4_s30_g6.5_str0.6,00000,sd35,fp4,123,30,6.5,0.6,NPR,/media/SSD_4TB/crispy_storage/comparative_images_img2img/00000_sd35_fp4_seed123_s30_g6.5_str0.6.png,real,1.7800375702505672e-13,0.09842634201049805
sd15_fp4_s40_g5.0_str0.45,00001,sd15,fp4,124,40,5.0,0.45,CLIP-D,/media/SSD_4TB/crispy_storage/comparative_images_img2img/00001_sd15_fp4_seed124_s40_g5.0_str0.45.png,fake,0.961132287979126,0.06279301643371582
sd15_fp4_s40_g5.0_str0.45,00001,sd15,fp4,124,40,5.0,0.45,R50_TF,/media/SSD_4TB/crispy_storage/comparative_images_img2img/00001_sd15_fp4_seed124_s40_g5.0_str0.45.png,real,0.3702,0.17
sd15_fp4_s40_g5.0_str0.45,00001,sd15,fp4,124,40,5.0,0.45,NPR,/media/SSD_4TB/crispy_storage/comparative_images_img2img/00001_sd15_fp4_seed124_s40_g5.0_str0.45.png,fake,0.997017502784729,0.0984046459197998
sd3_fp8_s50_g3.5_str0.6,00000,sd3,fp8,123,50,3.5,0.6,CLIP-D,/media/SSD_4TB/crispy_storage/comparative_images_img2img/00000_sd3_fp8_seed123_s50_g3.5_str0.6.png,fake,0.9541378021240234,0.06124401092529297
sd3_fp8_s50_g3.5_str0.6,00000,sd3,fp8,123,50,3.5,0.6,R50_TF,/media/SSD_4TB/crispy_storage/comparative_images_img2img/00000_sd3_fp8_seed123_s50_g3.5_str0.6.png,real,0.4174,0.171
sd3_fp8_s50_g3.5_str0.6,00000,sd3,fp8,123,50,3.5,0.6,NPR,/media/SSD_4TB/crispy_storage/comparative_images_img2img/00000_sd3_fp8_seed123_s50_g3.5_str0.6.png,real,4.8126655438629484e-11,0.0909273624420166
sd35_fp8_s50_g3.5_str0.6,00000,sd35,fp8,123,50,3.5,0.6,CLIP-D,/media/SSD_4TB/crispy_storage/comparative_images_img2img/00000_sd35_fp8_seed123_s50_g3.5_str0.6.png,fake,0.9623563289642334,0.062090158462524414
sd35_fp8_s50_g3.5_str0.6,00000,sd35,fp8,123,50,3.5,0.6,R50_TF,/media/SSD_4TB/crispy_storage/comparative_images_img2img/00000_sd35_fp8_seed123_s50_g3.5_str0.6.png,real,0.441,0.175
sd35_fp8_s50_g3.5_str0.6,00000,sd35,fp8,123,50,3.5,0.6,NPR,/media/SSD_4TB/crispy_storage/comparative_images_img2img/00000_sd35_fp8_seed123_s50_g3.5_str0.6.png,real,3.225748912427662e-08,0.09047555923461914
sd35_fp8_s40_g6.5_str0.45,00000,sd35,fp8,123,40,6.5,0.45,CLIP-D,/media/SSD_4TB/crispy_storage/comparative_images_img2img/00000_sd35_fp8_seed123_s40_g6.5_str0.45.png,fake,0.7879630923271179,0.06289792060852051
sd35_fp8_s40_g6.5_str0.45,00000,sd35,fp8,123,40,6.5,0.45,R50_TF,/media/SSD_4TB/crispy_storage/comparative_images_img2img/00000_sd35_fp8_seed123_s40_g6.5_str0.45.png,real,0.432,0.177
sd35_fp8_s40_g6.5_str0.45,00000,sd35,fp8,123,40,6.5,0.45,NPR,/media/SSD_4TB/crispy_storage/comparative_images_img2img/00000_sd35_fp8_seed123_s40_g6.5_str0.45.png,real,3.193538166659966e-14,0.08975505828857422
sd3_fp8_s50_g6.5_str0.45,00000,sd3,fp8,123,50,6.5,0.45,CLIP-D,/media/SSD_4TB/crispy_storage/comparative_images_img2img/00000_sd3_fp8_seed123_s50_g6.5_str0.45.png,fake,0.6993920803070068,0.06139397621154785
sd3_fp8_s50_g6.5_str0.45,00000,sd3,fp8,123,50,6.5,0.45,R50_TF,/media/SSD_4TB/crispy_storage/comparative_images_img2img/00000_sd3_fp8_seed123_s50_g6.5_str0.45.png,real,0.4258,0.17
sd3_fp8_s50_g6.5_str0.45,00000,sd3,fp8,123,50,6.5,0.45,NPR,/media/SSD_4TB/crispy_storage/comparative_images_img2img/00000_sd3_fp8_seed123_s50_g6.5_str0.45.png,real,3.1200241771677656e-14,0.08640241622924805
sd35_fp4_s30_g6.5_str0.45,00001,sd35,fp4,124,30,6.5,0.45,CLIP-D,/media/SSD_4TB/crispy_storage/comparative_images_img2img/00001_sd35_fp4_seed124_s30_g6.5_str0.45.png,real,0.24382548034191132,0.06154036521911621
sd35_fp4_s30_g6.5_str0.45,00001,sd35,fp4,124,30,6.5,0.45,R50_TF,/media/SSD_4TB/crispy_storage/comparative_images_img2img/00001_sd35_fp4_seed124_s30_g6.5_str0.45.png,real,0.3813,0.169
sd35_fp4_s30_g6.5_str0.45,00001,sd35,fp4,124,30,6.5,0.45,NPR,/media/SSD_4TB/crispy_storage/comparative_images_img2img/00001_sd35_fp4_seed124_s30_g6.5_str0.45.png,fake,0.8261814117431641,0.09120464324951172
sd3_fp4_s30_g5.0_str0.45,00000,sd3,fp4,123,30,5.0,0.45,CLIP-D,/media/SSD_4TB/crispy_storage/comparative_images_img2img/00000_sd3_fp4_seed123_s30_g5.0_str0.45.png,fake,0.9563188552856445,0.06108236312866211
sd35_fp16_s50_g5.0_str0.3,00000,sd35,fp16,123,50,5.0,0.3,CLIP-D,/media/SSD_4TB/crispy_storage/comparative_images_img2img/00000_sd35_fp16_seed123_s50_g5.0_str0.3.png,fake,0.8130120635032654,0.06081032752990723
sd35_fp8_s30_g5.0_str0.6,00001,sd35,fp8,124,30,5.0,0.6,CLIP-D,/media/SSD_4TB/crispy_storage/comparative_images_img2img/00001_sd35_fp8_seed124_s30_g5.0_str0.6.png,fake,0.8071857690811157,0.061309099197387695
sd35_fp4_s30_g5.0_str0.6,00001,sd35,fp4,124,30,5.0,0.6,CLIP-D,/media/SSD_4TB/crispy_storage/comparative_images_img2img/00001_sd35_fp4_seed124_s30_g5.0_str0.6.png,fake,0.9360731244087219,0.06140613555908203
sd35_fp4_s30_g5.0_str0.6,00001,sd35,fp4,124,30,5.0,0.6,R50_TF,/media/SSD_4TB/crispy_storage/comparative_images_img2img/00001_sd35_fp4_seed124_s30_g5.0_str0.6.png,real,0.3928,0.166
sd35_fp16_s40_g5.0_str0.3,00001,sd35,fp16,124,40,5.0,0.3,NPR,/media/SSD_4TB/crispy_storage/comparative_images_img2img/00001_sd35_fp16_seed124_s40_g5.0_str0.3.png,fake,0.9999700784683228,0.09049153327941895
sd35_fp4_s50_g6.5_str0.45,00001,sd35,fp4,124,50,6.5,0.45,NPR,/media/SSD_4TB/crispy_storage/comparative_images_img2img/00001_sd35_fp4_seed124_s50_g6.5_str0.45.png,fake,0.5182333588600159,0.08961176872253418
sd3_fp4_s30_g6.5_str0.6,00001,sd3,fp4,124,30,6.5,0.6,CLIP-D,/media/SSD_4TB/crispy_storage/comparative_images_img2img/00001_sd3_fp4_seed124_s30_g6.5_str0.6.png,fake,0.9861300587654114,0.06214761734008789
sd35_fp8_s40_g6.5_str0.6,00000,sd35,fp8,123,40,6.5,0.6,CLIP-D,/media/SSD_4TB/crispy_storage/comparative_images_img2img/00000_sd35_fp8_seed123_s40_g6.5_str0.6.png,fake,0.9167945981025696,0.06250500679016113
sd35_fp16_s30_g3.5_str0.45,00000,sd35,fp16,123,30,3.5,0.45,CLIP-D,/media/SSD_4TB/crispy_storage/comparative_images_img2img/00000_sd35_fp16_seed123_s30_g3.5_str0.45.png,fake,0.9423378705978394,0.06312298774719238
sd3_fp16_s50_g5.0_str0.45,00001,sd3,fp16,124,50,5.0,0.45,R50_TF,/media/SSD_4TB/crispy_storage/comparative_images_img2img/00001_sd3_fp16_seed124_s50_g5.0_str0.45.png,real,0.3507,0.167
sd15_fp8_s30_g3.5_str0.3,00001,sd15,fp8,124,30,3.5,0.3,CLIP-D,/media/SSD_4TB/crispy_storage/comparative_images_img2img/00001_sd15_fp8_seed124_s30_g3.5_str0.3.png,fake,0.8955337405204773,0.06227540969848633
sd3_fp8_s30_g5.0_str0.3,00000,sd3,fp8,123,30,5.0,0.3,CLIP-D,/media/SSD_4TB/crispy_storage/comparative_images_img2img/00000_sd3_fp8_seed123_s30_g5.0_str0.3.png,fake,0.9381099343299866,0.06177854537963867
sd3_fp8_s30_g5.0_str0.3,00000,sd3,fp8,123,30,5.0,0.3,R50_TF,/media/SSD_4TB/crispy_storage/comparative_images_img2img/00000_sd3_fp8_seed123_s30_g5.0_str0.3.png,real,0.4402,0.167
sd35_fp4_s50_g3.5_str0.45,00001,sd35,fp4,124,50,3.5,0.45,CLIP-D,/media/SSD_4TB/crispy_storage/comparative_images_img2img/00001_sd35_fp4_seed124_s50_g3.5_str0.45.png,real,0.032504890114068985,0.06152057647705078
sd35_fp4_s50_g3.5_str0.45,00001,sd35,fp4,124,50,3.5,0.45,R50_TF,/media/SSD_4TB/crispy_storage/comparative_images_img2img/00001_sd35_fp4_seed124_s50_g3.5_str0.45.png,real,0.3697,0.172
sd3_fp8_s40_g6.5_str0.3,00000,sd3,fp8,123,40,6.5,0.3,CLIP-D,/media/SSD_4TB/crispy_storage/comparative_images_img2img/00000_sd3_fp8_seed123_s40_g6.5_str0.3.png,fake,0.7519500255584717,0.06117510795593262
sd3_fp8_s40_g6.5_str0.3,00000,sd3,fp8,123,40,6.5,0.3,R50_TF,/media/SSD_4TB/crispy_storage/comparative_images_img2img/00000_sd3_fp8_seed123_s40_g6.5_str0.3.png,real,0.4361,0.174
sd15_fp16_s30_g5.0_str0.3,00000,sd15,fp16,123,30,5.0,0.3,CLIP-D,/media/SSD_4TB/crispy_storage/comparative_images_img2img/00000_sd15_fp16_seed123_s30_g5.0_str0.3.png,real,0.19461467862129211,0.06388258934020996
sd15_fp16_s30_g5.0_str0.3,00000,sd15,fp16,123,30,5.0,0.3,R50_TF,/media/SSD_4TB/crispy_storage/comparative_images_img2img/00000_sd15_fp16_seed123_s30_g5.0_str0.3.png,fake,0.5943,0.173
sd3_fp16_s50_g3.5_str0.3,00000,sd3,fp16,123,50,3.5,0.3,CLIP-D,/media/SSD_4TB/crispy_storage/comparative_images_img2img/00000_sd3_fp16_seed123_s50_g3.5_str0.3.png,fake,0.8738459944725037,0.06162095069885254
sd35_fp8_s40_g3.5_str0.6,00001,sd35,fp8,124,40,3.5,0.6,CLIP-D,/media/SSD_4TB/crispy_storage/comparative_images_img2img/00001_sd35_fp8_seed124_s40_g3.5_str0.6.png,fake,0.5695747137069702,0.061018943786621094
sd3_fp8_s40_g6.5_str0.6,00001,sd3,fp8,124,40,6.5,0.6,CLIP-D,/media/SSD_4TB/crispy_storage/comparative_images_img2img/00001_sd3_fp8_seed124_s40_g6.5_str0.6.png,fake,0.5754237771034241,0.06186413764953613
sd35_fp16_s50_g3.5_str0.3,00000,sd35,fp16,123,50,3.5,0.3,NPR,/media/SSD_4TB/crispy_storage/comparative_images_img2img/00000_sd35_fp16_seed123_s50_g3.5_str0.3.png,real,1.6957900300727368e-15,0.08964705467224121
