batch_label,detector,detector_mode,image_path,prediction,confidence,elapsed_time
sd35_fp16,CLIP-D,default,/media/CrispyMcMarkInc/fake-images-img2img/00005_sd35_fp16_seed128_s30_g3.5_str0.3.png,fake,0.9993234872817993,0.09721612930297852
sd35_fp8,CLIP-D,default,/media/CrispyMcMarkInc/fake-images-img2img/00014_sd35_fp8_seed137_s30_g3.5_str0.3.png,fake,0.999024510383606,0.09520626068115234
sd35_fp4,CLIP-D,default,/media/CrispyMcMarkInc/fake-images-img2img/00002_sd35_fp4_seed125_s30_g3.5_str0.3.png,fake,0.9997286200523376,0.09644913673400879
sd35_fp8,CLIP-D,default,/media/CrispyMcMarkInc/fake-images-img2img/00086_sd35_fp8_seed209_s30_g3.5_str0.3.png,fake,0.9999592304229736,0.09757065773010254
sd35_fp4,CLIP-D,default,/media/CrispyMcMarkInc/fake-images-img2img/00068_sd35_fp4_seed191_s30_g3.5_str0.3.png,fake,0.9998631477355957,0.09465479850769043
sd35_fp16,CLIP-D,default,/media/CrispyMcMarkInc/fake-images-img2img/00018_sd35_fp16_seed141_s30_g3.5_str0.3.png,fake,0.9997205138206482,0.09253096580505371
sd35_fp4,CLIP-D,default,/media/CrispyMcMarkInc/fake-images-img2img/00024_sd35_fp4_seed147_s30_g3.5_str0.3.png,fake,0.9997856020927429,0.09758114814758301
sd35_fp8,CLIP-D,default,/media/CrispyMcMarkInc/fake-images-img2img/00021_sd35_fp8_seed144_s30_g3.5_str0.3.png,fake,0.9997853636741638,0.09172391891479492
sd3_fp4,CLIP-D,default,/media/CrispyMcMarkInc/fake-images-img2img/00055_sd3_fp4_seed178_s30_g3.5_str0.3.png,fake,0.9999749660491943,0.09135556221008301
sd3_fp4,CLIP-D,default,/media/CrispyMcMarkInc/fake-images-img2img/00085_sd3_fp4_seed208_s30_g3.5_str0.3.png,fake,0.9998613595962524,0.09276032447814941
sd15_fp4,CLIP-D,default,/media/CrispyMcMarkInc/fake-images-img2img/00092_sd15_fp4_seed215_s30_g3.5_str0.3.png,fake,0.9998219609260559,0.0917215347290039
sd35_fp16,CLIP-D,default,/media/CrispyMcMarkInc/fake-images-img2img/00036_sd35_fp16_seed159_s30_g3.5_str0.3.png,fake,0.9989859461784363,0.08948826789855957
sd35_fp4,CLIP-D,default,/media/CrispyMcMarkInc/fake-images-img2img/00058_sd35_fp4_seed181_s30_g3.5_str0.3.png,fake,0.9997138381004333,0.09103274345397949
sd3_fp4,CLIP-D,default,/media/CrispyMcMarkInc/fake-images-img2img/00087_sd3_fp4_seed210_s30_g3.5_str0.3.png,fake,0.9993187189102173,0.09143376350402832
sd3_fp8,CLIP-D,default,/media/CrispyMcMarkInc/fake-images-img2img/00051_sd3_fp8_seed174_s30_g3.5_str0.3.png,fake,0.9896348118782043,0.08950352668762207
sd15_fp8,CLIP-D,default,/media/CrispyMcMarkInc/fake-images-img2img/00088_sd15_fp8_seed211_s30_g3.5_str0.3.png,fake,0.99905925989151,0.09464764595031738
sd3_fp16,CLIP-D,default,/media/CrispyMcMarkInc/fake-images-img2img/00089_sd3_fp16_seed212_s30_g3.5_str0.3.png,fake,0.9978420734405518,0.09098386764526367
sd3_fp4,CLIP-D,default,/media/CrispyMcMarkInc/fake-images-img2img/00008_sd3_fp4_seed131_s30_g3.5_str0.3.png,fake,0.9997088313102722,0.09174299240112305
sd3_fp16,CLIP-D,default,/media/CrispyMcMarkInc/fake-images-img2img/00094_sd3_fp16_seed217_s30_g3.5_str0.3.png,fake,0.9892151951789856,0.08945488929748535
sd3_fp8,CLIP-D,default,/media/CrispyMcMarkInc/fake-images-img2img/00050_sd3_fp8_seed173_s30_g3.5_str0.3.png,fake,0.9975101947784424,0.08735799789428711
sd15_fp4,CLIP-D,default,/media/CrispyMcMarkInc/fake-images-img2img/00069_sd15_fp4_seed192_s30_g3.5_str0.3.png,fake,0.9996092915534973,0.0890355110168457
sd15_fp8,CLIP-D,default,/media/CrispyMcMarkInc/fake-images-img2img/00094_sd15_fp8_seed217_s30_g3.5_str0.3.png,fake,0.9993405938148499,0.09154844284057617
sd15_fp4,CLIP-D,default,/media/CrispyMcMarkInc/fake-images-img2img/00067_sd15_fp4_seed190_s30_g3.5_str0.3.png,fake,0.9997418522834778,0.09330272674560547
sd15_fp16,CLIP-D,default,/media/CrispyMcMarkInc/fake-images-img2img/00004_sd15_fp16_seed127_s30_g3.5_str0.3.png,fake,0.9993528723716736,0.08982467651367188
sd3_fp8,CLIP-D,default,/media/CrispyMcMarkInc/fake-images-img2img/00072_sd3_fp8_seed195_s30_g3.5_str0.3.png,fake,0.9998279809951782,0.09082341194152832
sd35_fp4,CLIP-D,default,/media/CrispyMcMarkInc/fake-images-img2img/00092_sd35_fp4_seed215_s30_g3.5_str0.3.png,fake,0.9987724423408508,0.08916211128234863
sd3_fp4,CLIP-D,default,/media/CrispyMcMarkInc/fake-images-img2img/00064_sd3_fp4_seed187_s30_g3.5_str0.3.png,fake,0.99978107213974,0.0882422924041748
sd3_fp4,CLIP-D,default,/media/CrispyMcMarkInc/fake-images-img2img/00032_sd3_fp4_seed155_s30_g3.5_str0.3.png,fake,0.9999376535415649,0.0891108512878418
sd35_fp8,CLIP-D,default,/media/CrispyMcMarkInc/fake-images-img2img/00040_sd35_fp8_seed163_s30_g3.5_str0.3.png,fake,0.9998717308044434,0.08623218536376953
sd3_fp4,CLIP-D,default,/media/CrispyMcMarkInc/fake-images-img2img/00081_sd3_fp4_seed204_s30_g3.5_str0.3.png,fake,0.9997864365577698,0.09128427505493164
sd3_fp4,CLIP-D,default,/media/CrispyMcMarkInc/fake-images-img2img/00018_sd3_fp4_seed141_s30_g3.5_str0.3.png,fake,0.9999468326568604,0.09159231185913086
sd15_fp16,CLIP-D,default,/media/CrispyMcMarkInc/fake-images-img2img/00083_sd15_fp16_seed206_s30_g3.5_str0.3.png,fake,0.9998370409011841,0.09160208702087402
sd3_fp16,CLIP-D,default,/media/CrispyMcMarkInc/fake-images-img2img/00030_sd3_fp16_seed153_s30_g3.5_str0.3.png,fake,0.9667294025421143,0.08816719055175781
sd3_fp8,CLIP-D,default,/media/CrispyMcMarkInc/fake-images-img2img/00090_sd3_fp8_seed213_s30_g3.5_str0.3.png,fake,0.9903938174247742,0.08995366096496582
sd35_fp8,CLIP-D,default,/media/CrispyMcMarkInc/fake-images-img2img/00017_sd35_fp8_seed140_s30_g3.5_str0.3.png,fake,0.9995173215866089,0.09243655204772949
sd15_fp16,CLIP-D,default,/media/CrispyMcMarkInc/fake-images-img2img/00092_sd15_fp16_seed215_s30_g3.5_str0.3.png,fake,0.9997809529304504,0.09209775924682617
sd15_fp16,CLIP-D,default,/media/CrispyMcMarkInc/fake-images-img2img/00078_sd15_fp16_seed201_s30_g3.5_str0.3.png,fake,0.9894691705703735,0.09215259552001953
sd15_fp4,CLIP-D,default,/media/CrispyMcMarkInc/fake-images-img2img/00042_sd15_fp4_seed165_s30_g3.5_str0.3.png,fake,0.9939607381820679,0.09060454368591309
sd3_fp4,CLIP-D,default,/media/CrispyMcMarkInc/fake-images-img2img/00037_sd3_fp4_seed160_s30_g3.5_str0.3.png,fake,0.9941483736038208,0.08992314338684082
sd15_fp8,CLIP-D,default,/media/CrispyMcMarkInc/fake-images-img2img/00091_sd15_fp8_seed214_s30_g3.5_str0.3.png,fake,0.9968908429145813,0.09229826927185059
sd3_fp8,CLIP-D,default,/media/CrispyMcMarkInc/fake-images-img2img/00024_sd3_fp8_seed147_s30_g3.5_str0.3.png,fake,0.9998100399971008,0.08944201469421387
sd35_fp8,CLIP-D,default,/media/CrispyMcMarkInc/fake-images-img2img/00081_sd35_fp8_seed204_s30_g3.5_str0.3.png,fake,0.9992848038673401,0.09006714820861816
sd3_fp4,CLIP-D,default,/media/CrispyMcMarkInc/fake-images-img2img/00077_sd3_fp4_seed200_s30_g3.5_str0.3.png,fake,0.9992890357971191,0.09058618545532227
sd15_fp4,CLIP-D,default,/media/CrispyMcMarkInc/fake-images-img2img/00041_sd15_fp4_seed164_s30_g3.5_str0.3.png,fake,0.9946387410163879,0.08908200263977051
sd3_fp16,CLIP-D,default,/media/CrispyMcMarkInc/fake-images-img2img/00091_sd3_fp16_seed214_s30_g3.5_str0.3.png,fake,0.999305009841919,0.09275221824645996
sd3_fp8,CLIP-D,default,/media/CrispyMcMarkInc/fake-images-img2img/00036_sd3_fp8_seed159_s30_g3.5_str0.3.png,fake,0.9990930557250977,0.08697700500488281
sd15_fp4,CLIP-D,default,/media/CrispyMcMarkInc/fake-images-img2img/00066_sd15_fp4_seed189_s30_g3.5_str0.3.png,fake,0.9985483288764954,0.09352302551269531
sd3_fp4,CLIP-D,default,/media/CrispyMcMarkInc/fake-images-img2img/00060_sd3_fp4_seed183_s30_g3.5_str0.3.png,fake,0.9997544884681702,0.08945298194885254
sd15_fp16,CLIP-D,default,/media/CrispyMcMarkInc/fake-images-img2img/00070_sd15_fp16_seed193_s30_g3.5_str0.3.png,fake,0.9976415634155273,0.09143471717834473
sd15_fp8,CLIP-D,default,/media/CrispyMcMarkInc/fake-images-img2img/00012_sd15_fp8_seed135_s30_g3.5_str0.3.png,fake,0.9997420907020569,0.09048581123352051
sd35_fp8,CLIP-D,default,/media/CrispyMcMarkInc/fake-images-img2img/00062_sd35_fp8_seed185_s30_g3.5_str0.3.png,fake,0.9997513890266418,0.09099006652832031
sd15_fp4,CLIP-D,default,/media/CrispyMcMarkInc/fake-images-img2img/00050_sd15_fp4_seed173_s30_g3.5_str0.3.png,fake,0.9970412850379944,0.08630061149597168
sd3_fp4,CLIP-D,default,/media/CrispyMcMarkInc/fake-images-img2img/00045_sd3_fp4_seed168_s30_g3.5_str0.3.png,fake,0.9999740123748779,0.09074592590332031
sd3_fp8,CLIP-D,default,/media/CrispyMcMarkInc/fake-images-img2img/00007_sd3_fp8_seed130_s30_g3.5_str0.3.png,fake,0.9993108510971069,0.08874368667602539
sd3_fp16,CLIP-D,default,/media/CrispyMcMarkInc/fake-images-img2img/00022_sd3_fp16_seed145_s30_g3.5_str0.3.png,fake,0.9986904263496399,0.09006547927856445
sd15_fp4,CLIP-D,default,/media/CrispyMcMarkInc/fake-images-img2img/00029_sd15_fp4_seed152_s30_g3.5_str0.3.png,fake,0.9998082518577576,0.09086251258850098
sd35_fp16,CLIP-D,default,/media/CrispyMcMarkInc/fake-images-img2img/00039_sd35_fp16_seed162_s30_g3.5_str0.3.png,fake,0.9974478483200073,0.08878898620605469
sd35_fp8,CLIP-D,default,/media/CrispyMcMarkInc/fake-images-img2img/00041_sd35_fp8_seed164_s30_g3.5_str0.3.png,fake,0.9998273253440857,0.09290480613708496
sd35_fp4,CLIP-D,default,/media/CrispyMcMarkInc/fake-images-img2img/00061_sd35_fp4_seed184_s30_g3.5_str0.3.png,fake,0.9998251795768738,0.09072661399841309
sd35_fp8,CLIP-D,default,/media/CrispyMcMarkInc/fake-images-img2img/00079_sd35_fp8_seed202_s30_g3.5_str0.3.png,fake,0.9997730851173401,0.0923008918762207
sd15_fp4,CLIP-D,default,/media/CrispyMcMarkInc/fake-images-img2img/00022_sd15_fp4_seed145_s30_g3.5_str0.3.png,fake,0.9984293580055237,0.09325718879699707
sd15_fp4,CLIP-D,default,/media/CrispyMcMarkInc/fake-images-img2img/00044_sd15_fp4_seed167_s30_g3.5_str0.3.png,fake,0.9990938901901245,0.09029817581176758
sd3_fp16,CLIP-D,default,/media/CrispyMcMarkInc/fake-images-img2img/00045_sd3_fp16_seed168_s30_g3.5_str0.3.png,fake,0.9999560117721558,0.08980941772460938
sd15_fp8,CLIP-D,default,/media/CrispyMcMarkInc/fake-images-img2img/00036_sd15_fp8_seed159_s30_g3.5_str0.3.png,fake,0.9986509680747986,0.09046673774719238
sd3_fp16,CLIP-D,default,/media/CrispyMcMarkInc/fake-images-img2img/00047_sd3_fp16_seed170_s30_g3.5_str0.3.png,fake,0.9985224604606628,0.08877396583557129
sd15_fp16,CLIP-D,default,/media/CrispyMcMarkInc/fake-images-img2img/00027_sd15_fp16_seed150_s30_g3.5_str0.3.png,fake,0.9974122643470764,0.09198379516601562
sd3_fp4,CLIP-D,default,/media/CrispyMcMarkInc/fake-images-img2img/00061_sd3_fp4_seed184_s30_g3.5_str0.3.png,fake,0.9998120665550232,0.09102964401245117
sd15_fp16,CLIP-D,default,/media/CrispyMcMarkInc/fake-images-img2img/00036_sd15_fp16_seed159_s30_g3.5_str0.3.png,fake,0.9989137649536133,0.08910703659057617
sd3_fp4,CLIP-D,default,/media/CrispyMcMarkInc/fake-images-img2img/00057_sd3_fp4_seed180_s30_g3.5_str0.3.png,fake,0.9994719624519348,0.09210467338562012
sd35_fp8,CLIP-D,default,/media/CrispyMcMarkInc/fake-images-img2img/00006_sd35_fp8_seed129_s30_g3.5_str0.3.png,fake,0.9954524636268616,0.09150338172912598
sd35_fp16,CLIP-D,default,/media/CrispyMcMarkInc/fake-images-img2img/00079_sd35_fp16_seed202_s30_g3.5_str0.3.png,fake,0.9997072815895081,0.09173250198364258
sd15_fp4,CLIP-D,default,/media/CrispyMcMarkInc/fake-images-img2img/00000_sd15_fp4_seed123_s30_g3.5_str0.3.png,fake,0.9973918199539185,0.09244942665100098
sd35_fp16,CLIP-D,default,/media/CrispyMcMarkInc/fake-images-img2img/00016_sd35_fp16_seed139_s30_g3.5_str0.3.png,fake,0.9851306080818176,0.09073281288146973
sd15_fp4,CLIP-D,default,/media/CrispyMcMarkInc/fake-images-img2img/00045_sd15_fp4_seed168_s30_g3.5_str0.3.png,fake,0.9999545812606812,0.09198784828186035
sd35_fp8,CLIP-D,default,/media/CrispyMcMarkInc/fake-images-img2img/00033_sd35_fp8_seed156_s30_g3.5_str0.3.png,fake,0.9997859597206116,0.08683323860168457
sd35_fp16,CLIP-D,default,/media/CrispyMcMarkInc/fake-images-img2img/00043_sd35_fp16_seed166_s30_g3.5_str0.3.png,fake,0.9999634027481079,0.08977651596069336
sd35_fp16,CLIP-D,default,/media/CrispyMcMarkInc/fake-images-img2img/00092_sd35_fp16_seed215_s30_g3.5_str0.3.png,fake,0.995818555355072,0.08840751647949219
sd3_fp16,CLIP-D,default,/media/CrispyMcMarkInc/fake-images-img2img/00076_sd3_fp16_seed199_s30_g3.5_str0.3.png,fake,0.9924457669258118,0.09128212928771973
sd15_fp8,CLIP-D,default,/media/CrispyMcMarkInc/fake-images-img2img/00006_sd15_fp8_seed129_s30_g3.5_str0.3.png,fake,0.99864262342453,0.09100985527038574
sd35_fp16,CLIP-D,default,/media/CrispyMcMarkInc/fake-images-img2img/00074_sd35_fp16_seed197_s30_g3.5_str0.3.png,fake,0.9998605251312256,0.08883929252624512
sd15_fp4,CLIP-D,default,/media/CrispyMcMarkInc/fake-images-img2img/00018_sd15_fp4_seed141_s30_g3.5_str0.3.png,fake,0.9999405145645142,0.09176754951477051
sd15_fp8,CLIP-D,default,/media/CrispyMcMarkInc/fake-images-img2img/00056_sd15_fp8_seed179_s30_g3.5_str0.3.png,fake,0.9998358488082886,0.09099936485290527
sd15_fp16,CLIP-D,default,/media/CrispyMcMarkInc/fake-images-img2img/00017_sd15_fp16_seed140_s30_g3.5_str0.3.png,fake,0.9995676875114441,0.09062051773071289
sd35_fp4,CLIP-D,default,/media/CrispyMcMarkInc/fake-images-img2img/00091_sd35_fp4_seed214_s30_g3.5_str0.3.png,fake,0.9996402263641357,0.08939242362976074
sd3_fp16,CLIP-D,default,/media/CrispyMcMarkInc/fake-images-img2img/00067_sd3_fp16_seed190_s30_g3.5_str0.3.png,fake,0.9998202919960022,0.08954787254333496
sd3_fp16,CLIP-D,default,/media/CrispyMcMarkInc/fake-images-img2img/00058_sd3_fp16_seed181_s30_g3.5_str0.3.png,fake,0.9996896982192993,0.09186005592346191
sd35_fp8,CLIP-D,default,/media/CrispyMcMarkInc/fake-images-img2img/00092_sd35_fp8_seed215_s30_g3.5_str0.3.png,fake,0.996660590171814,0.08963251113891602
sd3_fp8,CLIP-D,default,/media/CrispyMcMarkInc/fake-images-img2img/00065_sd3_fp8_seed188_s30_g3.5_str0.3.png,fake,0.9994847774505615,0.09221863746643066
sd35_fp16,CLIP-D,default,/media/CrispyMcMarkInc/fake-images-img2img/00088_sd35_fp16_seed211_s30_g3.5_str0.3.png,fake,0.9976822137832642,0.09127402305603027
sd15_fp16,CLIP-D,default,/media/CrispyMcMarkInc/fake-images-img2img/00011_sd15_fp16_seed134_s30_g3.5_str0.3.png,fake,0.9568331837654114,0.09245514869689941
sd35_fp4,CLIP-D,default,/media/CrispyMcMarkInc/fake-images-img2img/00046_sd35_fp4_seed169_s30_g3.5_str0.3.png,fake,0.9998766183853149,0.0951700210571289
sd35_fp8,CLIP-D,default,/media/CrispyMcMarkInc/fake-images-img2img/00031_sd35_fp8_seed154_s30_g3.5_str0.3.png,fake,0.990983247756958,0.0892934799194336
sd35_fp4,CLIP-D,default,/media/CrispyMcMarkInc/fake-images-img2img/00007_sd35_fp4_seed130_s30_g3.5_str0.3.png,fake,0.9988954067230225,0.0907278060913086
sd3_fp8,CLIP-D,default,/media/CrispyMcMarkInc/fake-images-img2img/00030_sd3_fp8_seed153_s30_g3.5_str0.3.png,fake,0.9943950176239014,0.0902409553527832
sd15_fp16,CLIP-D,default,/media/CrispyMcMarkInc/fake-images-img2img/00014_sd15_fp16_seed137_s30_g3.5_str0.3.png,fake,0.9994786381721497,0.08790421485900879
sd15_fp16,CLIP-D,default,/media/CrispyMcMarkInc/fake-images-img2img/00042_sd15_fp16_seed165_s30_g3.5_str0.3.png,fake,0.9945775270462036,0.09183669090270996
sd15_fp8,CLIP-D,default,/media/CrispyMcMarkInc/fake-images-img2img/00024_sd15_fp8_seed147_s30_g3.5_str0.3.png,fake,0.9998552799224854,0.09310746192932129
sd3_fp4,CLIP-D,default,/media/CrispyMcMarkInc/fake-images-img2img/00068_sd3_fp4_seed191_s30_g3.5_str0.3.png,fake,0.9999313354492188,0.08867883682250977
sd35_fp16,CLIP-D,default,/media/CrispyMcMarkInc/fake-images-img2img/00090_sd35_fp16_seed213_s30_g3.5_str0.3.png,fake,0.9902695417404175,0.0905606746673584
sd3_fp16,CLIP-D,default,/media/CrispyMcMarkInc/fake-images-img2img/00017_sd3_fp16_seed140_s30_g3.5_str0.3.png,fake,0.9998767375946045,0.08912277221679688
sd3_fp4,CLIP-D,default,/media/CrispyMcMarkInc/fake-images-img2img/00078_sd3_fp4_seed201_s30_g3.5_str0.3.png,fake,0.9997897744178772,0.09040093421936035
sd3_fp4,CLIP-D,default,/media/CrispyMcMarkInc/fake-images-img2img/00089_sd3_fp4_seed212_s30_g3.5_str0.3.png,fake,0.9995627999305725,0.09200239181518555
sd15_fp8,CLIP-D,default,/media/CrispyMcMarkInc/fake-images-img2img/00042_sd15_fp8_seed165_s30_g3.5_str0.3.png,fake,0.9961232542991638,0.09353423118591309
sd3_fp8,CLIP-D,default,/media/CrispyMcMarkInc/fake-images-img2img/00001_sd3_fp8_seed124_s30_g3.5_str0.3.png,fake,0.9989197254180908,0.0850369930267334
sd35_fp16,CLIP-D,default,/media/CrispyMcMarkInc/fake-images-img2img/00037_sd35_fp16_seed160_s30_g3.5_str0.3.png,fake,0.9937730431556702,0.09197402000427246
sd3_fp4,CLIP-D,default,/media/CrispyMcMarkInc/fake-images-img2img/00039_sd3_fp4_seed162_s30_g3.5_str0.3.png,fake,0.9996094107627869,0.09002518653869629
sd15_fp8,CLIP-D,default,/media/CrispyMcMarkInc/fake-images-img2img/00077_sd15_fp8_seed200_s30_g3.5_str0.3.png,fake,0.999782383441925,0.09223341941833496
sd15_fp4,CLIP-D,default,/media/CrispyMcMarkInc/fake-images-img2img/00032_sd15_fp4_seed155_s30_g3.5_str0.3.png,fake,0.9999488592147827,0.09210085868835449
sd3_fp4,CLIP-D,default,/media/CrispyMcMarkInc/fake-images-img2img/00069_sd3_fp4_seed192_s30_g3.5_str0.3.png,fake,0.9994908571243286,0.08807253837585449
sd3_fp16,CLIP-D,default,/media/CrispyMcMarkInc/fake-images-img2img/00024_sd3_fp16_seed147_s30_g3.5_str0.3.png,fake,0.999849796295166,0.09219694137573242
sd3_fp4,CLIP-D,default,/media/CrispyMcMarkInc/fake-images-img2img/00012_sd3_fp4_seed135_s30_g3.5_str0.3.png,fake,0.999808132648468,0.09065556526184082
sd35_fp16,CLIP-D,default,/media/CrispyMcMarkInc/fake-images-img2img/00066_sd35_fp16_seed189_s30_g3.5_str0.3.png,fake,0.9922845363616943,0.08873343467712402
sd15_fp16,CLIP-D,default,/media/CrispyMcMarkInc/fake-images-img2img/00023_sd15_fp16_seed146_s30_g3.5_str0.3.png,fake,0.901127815246582,0.09258747100830078
sd35_fp8,CLIP-D,default,/media/CrispyMcMarkInc/fake-images-img2img/00098_sd35_fp8_seed221_s30_g3.5_str0.3.png,fake,0.9979999661445618,0.09253168106079102
sd3_fp16,CLIP-D,default,/media/CrispyMcMarkInc/fake-images-img2img/00086_sd3_fp16_seed209_s30_g3.5_str0.3.png,fake,0.9999305009841919,0.08820748329162598
sd35_fp8,CLIP-D,default,/media/CrispyMcMarkInc/fake-images-img2img/00067_sd35_fp8_seed190_s30_g3.5_str0.3.png,fake,0.9999160766601562,0.09272456169128418
sd35_fp8,CLIP-D,default,/media/CrispyMcMarkInc/fake-images-img2img/00055_sd35_fp8_seed178_s30_g3.5_str0.3.png,fake,0.999943733215332,0.08967018127441406
sd15_fp8,CLIP-D,default,/media/CrispyMcMarkInc/fake-images-img2img/00001_sd15_fp8_seed124_s30_g3.5_str0.3.png,fake,0.9997676014900208,0.08997297286987305
sd35_fp4,CLIP-D,default,/media/CrispyMcMarkInc/fake-images-img2img/00071_sd35_fp4_seed194_s30_g3.5_str0.3.png,fake,0.9986140727996826,0.09042954444885254
sd3_fp8,CLIP-D,default,/media/CrispyMcMarkInc/fake-images-img2img/00070_sd3_fp8_seed193_s30_g3.5_str0.3.png,fake,0.9994574189186096,0.092193603515625
sd3_fp4,CLIP-D,default,/media/CrispyMcMarkInc/fake-images-img2img/00034_sd3_fp4_seed157_s30_g3.5_str0.3.png,fake,0.9970284104347229,0.0933525562286377
sd15_fp8,CLIP-D,default,/media/CrispyMcMarkInc/fake-images-img2img/00051_sd15_fp8_seed174_s30_g3.5_str0.3.png,fake,0.9998985528945923,0.08960413932800293
sd15_fp8,CLIP-D,default,/media/CrispyMcMarkInc/fake-images-img2img/00019_sd15_fp8_seed142_s30_g3.5_str0.3.png,fake,0.9995823502540588,0.09240388870239258
sd15_fp8,CLIP-D,default,/media/CrispyMcMarkInc/fake-images-img2img/00059_sd15_fp8_seed182_s30_g3.5_str0.3.png,fake,0.9139972925186157,0.09050536155700684
sd3_fp16,CLIP-D,default,/media/CrispyMcMarkInc/fake-images-img2img/00055_sd3_fp16_seed178_s30_g3.5_str0.3.png,fake,0.9999520778656006,0.09057855606079102
sd3_fp16,CLIP-D,default,/media/CrispyMcMarkInc/fake-images-img2img/00093_sd3_fp16_seed216_s30_g3.5_str0.3.png,fake,0.9996727705001831,0.09166169166564941
sd35_fp16,CLIP-D,default,/media/CrispyMcMarkInc/fake-images-img2img/00026_sd35_fp16_seed149_s30_g3.5_str0.3.png,fake,0.9977384805679321,0.08997392654418945
sd15_fp4,CLIP-D,default,/media/CrispyMcMarkInc/fake-images-img2img/00095_sd15_fp4_seed218_s30_g3.5_str0.3.png,fake,0.9999444484710693,0.09140157699584961
sd3_fp4,CLIP-D,default,/media/CrispyMcMarkInc/fake-images-img2img/00075_sd3_fp4_seed198_s30_g3.5_str0.3.png,fake,0.9995623230934143,0.08791351318359375
sd3_fp16,CLIP-D,default,/media/CrispyMcMarkInc/fake-images-img2img/00009_sd3_fp16_seed132_s30_g3.5_str0.3.png,fake,0.9995633959770203,0.09180045127868652
sd15_fp8,CLIP-D,default,/media/CrispyMcMarkInc/fake-images-img2img/00082_sd15_fp8_seed205_s30_g3.5_str0.3.png,fake,0.9998165965080261,0.09048843383789062
sd3_fp16,CLIP-D,default,/media/CrispyMcMarkInc/fake-images-img2img/00029_sd3_fp16_seed152_s30_g3.5_str0.3.png,fake,0.9993482232093811,0.09028029441833496
sd15_fp16,CLIP-D,default,/media/CrispyMcMarkInc/fake-images-img2img/00075_sd15_fp16_seed198_s30_g3.5_str0.3.png,fake,0.9994434714317322,0.08933663368225098
sd15_fp8,CLIP-D,default,/media/CrispyMcMarkInc/fake-images-img2img/00071_sd15_fp8_seed194_s30_g3.5_str0.3.png,fake,0.9996238946914673,0.0994720458984375
sd3_fp16,CLIP-D,default,/media/CrispyMcMarkInc/fake-images-img2img/00060_sd3_fp16_seed183_s30_g3.5_str0.3.png,fake,0.9986246824264526,0.08661031723022461
sd35_fp16,CLIP-D,default,/media/CrispyMcMarkInc/fake-images-img2img/00008_sd35_fp16_seed131_s30_g3.5_str0.3.png,fake,0.9988431930541992,0.08801913261413574
sd15_fp16,CLIP-D,default,/media/CrispyMcMarkInc/fake-images-img2img/00089_sd15_fp16_seed212_s30_g3.5_str0.3.png,fake,0.9996346235275269,0.08965754508972168
sd35_fp8,CLIP-D,default,/media/CrispyMcMarkInc/fake-images-img2img/00061_sd35_fp8_seed184_s30_g3.5_str0.3.png,fake,0.9997174143791199,0.08605027198791504
sd15_fp4,CLIP-D,default,/media/CrispyMcMarkInc/fake-images-img2img/00008_sd15_fp4_seed131_s30_g3.5_str0.3.png,fake,0.9993867874145508,0.08844256401062012
sd35_fp4,CLIP-D,default,/media/CrispyMcMarkInc/fake-images-img2img/00055_sd35_fp4_seed178_s30_g3.5_str0.3.png,fake,0.9999799728393555,0.08772444725036621
sd3_fp8,CLIP-D,default,/media/CrispyMcMarkInc/fake-images-img2img/00060_sd3_fp8_seed183_s30_g3.5_str0.3.png,fake,0.9975690245628357,0.08968615531921387
sd35_fp4,CLIP-D,default,/media/CrispyMcMarkInc/fake-images-img2img/00097_sd35_fp4_seed220_s30_g3.5_str0.3.png,fake,0.9998944997787476,0.08975458145141602
sd3_fp4,CLIP-D,default,/media/CrispyMcMarkInc/fake-images-img2img/00058_sd3_fp4_seed181_s30_g3.5_str0.3.png,fake,0.9999686479568481,0.08797192573547363
sd3_fp16,CLIP-D,default,/media/CrispyMcMarkInc/fake-images-img2img/00016_sd3_fp16_seed139_s30_g3.5_str0.3.png,fake,0.9109628796577454,0.0878136157989502
sd15_fp8,CLIP-D,default,/media/CrispyMcMarkInc/fake-images-img2img/00050_sd15_fp8_seed173_s30_g3.5_str0.3.png,fake,0.9877927899360657,0.07048821449279785
sd15_fp8,CLIP-D,default,/media/CrispyMcMarkInc/fake-images-img2img/00076_sd15_fp8_seed199_s30_g3.5_str0.3.png,fake,0.9777167439460754,0.09038209915161133
sd3_fp4,CLIP-D,default,/media/CrispyMcMarkInc/fake-images-img2img/00014_sd3_fp4_seed137_s30_g3.5_str0.3.png,fake,0.9995778203010559,0.08618783950805664
sd35_fp4,CLIP-D,default,/media/CrispyMcMarkInc/fake-images-img2img/00042_sd35_fp4_seed165_s30_g3.5_str0.3.png,fake,0.9976230263710022,0.08825874328613281
sd35_fp4,CLIP-D,default,/media/CrispyMcMarkInc/fake-images-img2img/00074_sd35_fp4_seed197_s30_g3.5_str0.3.png,fake,0.9999102354049683,0.08835005760192871
sd15_fp8,CLIP-D,default,/media/CrispyMcMarkInc/fake-images-img2img/00013_sd15_fp8_seed136_s30_g3.5_str0.3.png,fake,0.9998531341552734,0.08892822265625
sd35_fp8,CLIP-D,default,/media/CrispyMcMarkInc/fake-images-img2img/00026_sd35_fp8_seed149_s30_g3.5_str0.3.png,fake,0.9984188079833984,0.08803701400756836
sd35_fp16,CLIP-D,default,/media/CrispyMcMarkInc/fake-images-img2img/00002_sd35_fp16_seed125_s30_g3.5_str0.3.png,fake,0.998796820640564,0.0888822078704834
sd35_fp8,CLIP-D,default,/media/CrispyMcMarkInc/fake-images-img2img/00024_sd35_fp8_seed147_s30_g3.5_str0.3.png,fake,0.9997072815895081,0.08547258377075195
sd35_fp4,CLIP-D,default,/media/CrispyMcMarkInc/fake-images-img2img/00038_sd35_fp4_seed161_s30_g3.5_str0.3.png,fake,0.9996417760848999,0.08820915222167969
sd15_fp16,CLIP-D,default,/media/CrispyMcMarkInc/fake-images-img2img/00095_sd15_fp16_seed218_s30_g3.5_str0.3.png,fake,0.9999574422836304,0.08672714233398438
sd3_fp16,CLIP-D,default,/media/CrispyMcMarkInc/fake-images-img2img/00080_sd3_fp16_seed203_s30_g3.5_str0.3.png,fake,0.8900296092033386,0.08824038505554199
sd15_fp4,CLIP-D,default,/media/CrispyMcMarkInc/fake-images-img2img/00088_sd15_fp4_seed211_s30_g3.5_str0.3.png,fake,0.9985692501068115,0.0896005630493164
sd35_fp8,CLIP-D,default,/media/CrispyMcMarkInc/fake-images-img2img/00022_sd35_fp8_seed145_s30_g3.5_str0.3.png,fake,0.9971683621406555,0.08447098731994629
sd15_fp16,CLIP-D,default,/media/CrispyMcMarkInc/fake-images-img2img/00021_sd15_fp16_seed144_s30_g3.5_str0.3.png,fake,0.9997319579124451,0.08562707901000977
sd35_fp4,CLIP-D,default,/media/CrispyMcMarkInc/fake-images-img2img/00009_sd35_fp4_seed132_s30_g3.5_str0.3.png,fake,0.9997349381446838,0.08395600318908691
sd3_fp16,CLIP-D,default,/media/CrispyMcMarkInc/fake-images-img2img/00063_sd3_fp16_seed186_s30_g3.5_str0.3.png,fake,0.9994552731513977,0.08620119094848633
sd15_fp4,CLIP-D,default,/media/CrispyMcMarkInc/fake-images-img2img/00043_sd15_fp4_seed166_s30_g3.5_str0.3.png,fake,0.999815046787262,0.08626961708068848
sd35_fp16,CLIP-D,default,/media/CrispyMcMarkInc/fake-images-img2img/00038_sd35_fp16_seed161_s30_g3.5_str0.3.png,fake,0.9996625185012817,0.08686518669128418
sd15_fp8,CLIP-D,default,/media/CrispyMcMarkInc/fake-images-img2img/00010_sd15_fp8_seed133_s30_g3.5_str0.3.png,fake,0.9998296499252319,0.08484888076782227
sd3_fp8,CLIP-D,default,/media/CrispyMcMarkInc/fake-images-img2img/00083_sd3_fp8_seed206_s30_g3.5_str0.3.png,fake,0.9997881054878235,0.08491110801696777
sd35_fp4,CLIP-D,default,/media/CrispyMcMarkInc/fake-images-img2img/00011_sd35_fp4_seed134_s30_g3.5_str0.3.png,fake,0.9994685053825378,0.08495426177978516
sd3_fp8,CLIP-D,default,/media/CrispyMcMarkInc/fake-images-img2img/00099_sd3_fp8_seed222_s30_g3.5_str0.3.png,fake,0.9972143769264221,0.08595466613769531
sd3_fp8,CLIP-D,default,/media/CrispyMcMarkInc/fake-images-img2img/00088_sd3_fp8_seed211_s30_g3.5_str0.3.png,fake,0.9995396137237549,0.08547067642211914
sd35_fp8,CLIP-D,default,/media/CrispyMcMarkInc/fake-images-img2img/00096_sd35_fp8_seed219_s30_g3.5_str0.3.png,fake,0.9990277290344238,0.08279943466186523
sd15_fp8,CLIP-D,default,/media/CrispyMcMarkInc/fake-images-img2img/00037_sd15_fp8_seed160_s30_g3.5_str0.3.png,fake,0.9990242719650269,0.08632636070251465
sd3_fp16,CLIP-D,default,/media/CrispyMcMarkInc/fake-images-img2img/00023_sd3_fp16_seed146_s30_g3.5_str0.3.png,fake,0.9596676230430603,0.0852060317993164
sd35_fp8,CLIP-D,default,/media/CrispyMcMarkInc/fake-images-img2img/00023_sd35_fp8_seed146_s30_g3.5_str0.3.png,fake,0.9887624382972717,0.08650946617126465
sd35_fp16,CLIP-D,default,/media/CrispyMcMarkInc/fake-images-img2img/00035_sd35_fp16_seed158_s30_g3.5_str0.3.png,fake,0.9999507665634155,0.08487439155578613
sd3_fp8,CLIP-D,default,/media/CrispyMcMarkInc/fake-images-img2img/00056_sd3_fp8_seed179_s30_g3.5_str0.3.png,fake,0.999842643737793,0.08290290832519531
sd35_fp8,CLIP-D,default,/media/CrispyMcMarkInc/fake-images-img2img/00001_sd35_fp8_seed124_s30_g3.5_str0.3.png,fake,0.998281717300415,0.07994675636291504
sd15_fp16,CLIP-D,default,/media/CrispyMcMarkInc/fake-images-img2img/00077_sd15_fp16_seed200_s30_g3.5_str0.3.png,fake,0.9997739195823669,0.0848081111907959
sd3_fp16,CLIP-D,default,/media/CrispyMcMarkInc/fake-images-img2img/00040_sd3_fp16_seed163_s30_g3.5_str0.3.png,fake,0.9999648332595825,0.08212685585021973
sd35_fp16,CLIP-D,default,/media/CrispyMcMarkInc/fake-images-img2img/00042_sd35_fp16_seed165_s30_g3.5_str0.3.png,fake,0.9977229237556458,0.08535385131835938
sd15_fp16,CLIP-D,default,/media/CrispyMcMarkInc/fake-images-img2img/00071_sd15_fp16_seed194_s30_g3.5_str0.3.png,fake,0.9995704293251038,0.08683538436889648
sd3_fp4,CLIP-D,default,/media/CrispyMcMarkInc/fake-images-img2img/00013_sd3_fp4_seed136_s30_g3.5_str0.3.png,fake,0.9998763799667358,0.08420300483703613
sd35_fp4,CLIP-D,default,/media/CrispyMcMarkInc/fake-images-img2img/00017_sd35_fp4_seed140_s30_g3.5_str0.3.png,fake,0.999675989151001,0.08427071571350098
sd15_fp4,CLIP-D,default,/media/CrispyMcMarkInc/fake-images-img2img/00079_sd15_fp4_seed202_s30_g3.5_str0.3.png,fake,0.9997089505195618,0.08540153503417969
sd35_fp4,CLIP-D,default,/media/CrispyMcMarkInc/fake-images-img2img/00062_sd35_fp4_seed185_s30_g3.5_str0.3.png,fake,0.9998390674591064,0.08523321151733398
sd15_fp16,CLIP-D,default,/media/CrispyMcMarkInc/fake-images-img2img/00003_sd15_fp16_seed126_s30_g3.5_str0.3.png,fake,0.9995132684707642,0.08945441246032715
sd15_fp4,CLIP-D,default,/media/CrispyMcMarkInc/fake-images-img2img/00070_sd15_fp4_seed193_s30_g3.5_str0.3.png,fake,0.9981743097305298,0.08897590637207031
sd35_fp16,CLIP-D,default,/media/CrispyMcMarkInc/fake-images-img2img/00057_sd35_fp16_seed180_s30_g3.5_str0.3.png,fake,0.9756115674972534,0.08513879776000977
sd3_fp16,CLIP-D,default,/media/CrispyMcMarkInc/fake-images-img2img/00013_sd3_fp16_seed136_s30_g3.5_str0.3.png,fake,0.999964714050293,0.0862431526184082
sd15_fp8,CLIP-D,default,/media/CrispyMcMarkInc/fake-images-img2img/00099_sd15_fp8_seed222_s30_g3.5_str0.3.png,fake,0.982946515083313,0.08745360374450684
sd35_fp16,CLIP-D,default,/media/CrispyMcMarkInc/fake-images-img2img/00045_sd35_fp16_seed168_s30_g3.5_str0.3.png,fake,0.9999246597290039,0.0837101936340332
sd15_fp16,CLIP-D,default,/media/CrispyMcMarkInc/fake-images-img2img/00069_sd15_fp16_seed192_s30_g3.5_str0.3.png,fake,0.9995423555374146,0.08385086059570312
sd35_fp4,CLIP-D,default,/media/CrispyMcMarkInc/fake-images-img2img/00026_sd35_fp4_seed149_s30_g3.5_str0.3.png,fake,0.9995162487030029,0.08430027961730957
sd15_fp16,CLIP-D,default,/media/CrispyMcMarkInc/fake-images-img2img/00025_sd15_fp16_seed148_s30_g3.5_str0.3.png,fake,0.9999082088470459,0.08531665802001953
sd3_fp8,CLIP-D,default,/media/CrispyMcMarkInc/fake-images-img2img/00063_sd3_fp8_seed186_s30_g3.5_str0.3.png,fake,0.999605119228363,0.08259844779968262
sd35_fp16,CLIP-D,default,/media/CrispyMcMarkInc/fake-images-img2img/00098_sd35_fp16_seed221_s30_g3.5_str0.3.png,fake,0.998822033405304,0.0826563835144043
sd3_fp16,CLIP-D,default,/media/CrispyMcMarkInc/fake-images-img2img/00014_sd3_fp16_seed137_s30_g3.5_str0.3.png,fake,0.9983423948287964,0.08115601539611816
sd15_fp4,CLIP-D,default,/media/CrispyMcMarkInc/fake-images-img2img/00085_sd15_fp4_seed208_s30_g3.5_str0.3.png,fake,0.99965500831604,0.08400130271911621
sd3_fp16,CLIP-D,default,/media/CrispyMcMarkInc/fake-images-img2img/00051_sd3_fp16_seed174_s30_g3.5_str0.3.png,fake,0.9964736104011536,0.08376812934875488
sd35_fp16,CLIP-D,default,/media/CrispyMcMarkInc/fake-images-img2img/00051_sd35_fp16_seed174_s30_g3.5_str0.3.png,fake,0.9998726844787598,0.08462262153625488
sd35_fp8,CLIP-D,default,/media/CrispyMcMarkInc/fake-images-img2img/00010_sd35_fp8_seed133_s30_g3.5_str0.3.png,fake,0.9996786117553711,0.08652734756469727
sd35_fp8,CLIP-D,default,/media/CrispyMcMarkInc/fake-images-img2img/00075_sd35_fp8_seed198_s30_g3.5_str0.3.png,fake,0.9997630715370178,0.08390593528747559
sd15_fp4,CLIP-D,default,/media/CrispyMcMarkInc/fake-images-img2img/00026_sd15_fp4_seed149_s30_g3.5_str0.3.png,fake,0.9996247291564941,0.08872270584106445
sd15_fp8,CLIP-D,default,/media/CrispyMcMarkInc/fake-images-img2img/00075_sd15_fp8_seed198_s30_g3.5_str0.3.png,fake,0.9994851350784302,0.08526325225830078
sd3_fp4,CLIP-D,default,/media/CrispyMcMarkInc/fake-images-img2img/00063_sd3_fp4_seed186_s30_g3.5_str0.3.png,fake,0.999862790107727,0.08384251594543457
sd15_fp16,CLIP-D,default,/media/CrispyMcMarkInc/fake-images-img2img/00033_sd15_fp16_seed156_s30_g3.5_str0.3.png,fake,0.9998325109481812,0.08388471603393555
sd15_fp16,CLIP-D,default,/media/CrispyMcMarkInc/fake-images-img2img/00098_sd15_fp16_seed221_s30_g3.5_str0.3.png,fake,0.997707724571228,0.08743524551391602
sd15_fp16,CLIP-D,default,/media/CrispyMcMarkInc/fake-images-img2img/00052_sd15_fp16_seed175_s30_g3.5_str0.3.png,fake,0.9995680451393127,0.08568501472473145
sd3_fp8,CLIP-D,default,/media/CrispyMcMarkInc/fake-images-img2img/00086_sd3_fp8_seed209_s30_g3.5_str0.3.png,fake,0.9999325275421143,0.08708000183105469
sd35_fp8,CLIP-D,default,/media/CrispyMcMarkInc/fake-images-img2img/00008_sd35_fp8_seed131_s30_g3.5_str0.3.png,fake,0.999129593372345,0.08585643768310547
sd15_fp4,CLIP-D,default,/media/CrispyMcMarkInc/fake-images-img2img/00058_sd15_fp4_seed181_s30_g3.5_str0.3.png,fake,0.9791997075080872,0.08748555183410645
sd35_fp8,CLIP-D,default,/media/CrispyMcMarkInc/fake-images-img2img/00035_sd35_fp8_seed158_s30_g3.5_str0.3.png,fake,0.999907374382019,0.08599448204040527
sd15_fp8,CLIP-D,default,/media/CrispyMcMarkInc/fake-images-img2img/00017_sd15_fp8_seed140_s30_g3.5_str0.3.png,fake,0.9994862079620361,0.08660340309143066
sd15_fp8,CLIP-D,default,/media/CrispyMcMarkInc/fake-images-img2img/00041_sd15_fp8_seed164_s30_g3.5_str0.3.png,fake,0.9964374303817749,0.08701014518737793
sd35_fp4,CLIP-D,default,/media/CrispyMcMarkInc/fake-images-img2img/00032_sd35_fp4_seed155_s30_g3.5_str0.3.png,fake,0.9999730587005615,0.08722686767578125
sd35_fp16,CLIP-D,default,/media/CrispyMcMarkInc/fake-images-img2img/00061_sd35_fp16_seed184_s30_g3.5_str0.3.png,fake,0.9995157718658447,0.08865690231323242
sd3_fp16,CLIP-D,default,/media/CrispyMcMarkInc/fake-images-img2img/00070_sd3_fp16_seed193_s30_g3.5_str0.3.png,fake,0.9995273351669312,0.0867300033569336
sd15_fp16,CLIP-D,default,/media/CrispyMcMarkInc/fake-images-img2img/00013_sd15_fp16_seed136_s30_g3.5_str0.3.png,fake,0.9998158812522888,0.08780598640441895
sd35_fp4,CLIP-D,default,/media/CrispyMcMarkInc/fake-images-img2img/00014_sd35_fp4_seed137_s30_g3.5_str0.3.png,fake,0.9975795149803162,0.08179712295532227
sd3_fp4,CLIP-D,default,/media/CrispyMcMarkInc/fake-images-img2img/00067_sd3_fp4_seed190_s30_g3.5_str0.3.png,fake,0.9999027252197266,0.08494281768798828
sd35_fp16,CLIP-D,default,/media/CrispyMcMarkInc/fake-images-img2img/00073_sd35_fp16_seed196_s30_g3.5_str0.3.png,fake,0.9999078512191772,0.08232474327087402
sd35_fp8,CLIP-D,default,/media/CrispyMcMarkInc/fake-images-img2img/00007_sd35_fp8_seed130_s30_g3.5_str0.3.png,fake,0.9987027645111084,0.08336734771728516
sd15_fp8,CLIP-D,default,/media/CrispyMcMarkInc/fake-images-img2img/00038_sd15_fp8_seed161_s30_g3.5_str0.3.png,fake,0.999800980091095,0.08770608901977539
sd15_fp4,CLIP-D,default,/media/CrispyMcMarkInc/fake-images-img2img/00090_sd15_fp4_seed213_s30_g3.5_str0.3.png,fake,0.9983502626419067,0.08373045921325684
sd35_fp8,CLIP-D,default,/media/CrispyMcMarkInc/fake-images-img2img/00069_sd35_fp8_seed192_s30_g3.5_str0.3.png,fake,0.9997010231018066,0.08224058151245117
sd3_fp8,CLIP-D,default,/media/CrispyMcMarkInc/fake-images-img2img/00009_sd3_fp8_seed132_s30_g3.5_str0.3.png,fake,0.9995753169059753,0.08204126358032227
sd15_fp16,CLIP-D,default,/media/CrispyMcMarkInc/fake-images-img2img/00082_sd15_fp16_seed205_s30_g3.5_str0.3.png,fake,0.9998327493667603,0.0842905044555664
sd35_fp8,CLIP-D,default,/media/CrispyMcMarkInc/fake-images-img2img/00063_sd35_fp8_seed186_s30_g3.5_str0.3.png,fake,0.9998652935028076,0.08362627029418945
sd35_fp4,CLIP-D,default,/media/CrispyMcMarkInc/fake-images-img2img/00049_sd35_fp4_seed172_s30_g3.5_str0.3.png,fake,0.9998486042022705,0.08571648597717285
sd15_fp4,CLIP-D,default,/media/CrispyMcMarkInc/fake-images-img2img/00048_sd15_fp4_seed171_s30_g3.5_str0.3.png,fake,0.9988898634910583,0.08623671531677246
sd3_fp16,CLIP-D,default,/media/CrispyMcMarkInc/fake-images-img2img/00071_sd3_fp16_seed194_s30_g3.5_str0.3.png,fake,0.9976577758789062,0.0851125717163086
sd35_fp8,CLIP-D,default,/media/CrispyMcMarkInc/fake-images-img2img/00032_sd35_fp8_seed155_s30_g3.5_str0.3.png,fake,0.999962568283081,0.08391809463500977
sd35_fp4,CLIP-D,default,/media/CrispyMcMarkInc/fake-images-img2img/00022_sd35_fp4_seed145_s30_g3.5_str0.3.png,fake,0.9991838335990906,0.0836632251739502
sd35_fp16,CLIP-D,default,/media/CrispyMcMarkInc/fake-images-img2img/00001_sd35_fp16_seed124_s30_g3.5_str0.3.png,fake,0.9985802173614502,0.08051657676696777
sd15_fp4,CLIP-D,default,/media/CrispyMcMarkInc/fake-images-img2img/00086_sd15_fp4_seed209_s30_g3.5_str0.3.png,fake,0.9999654293060303,0.08485150337219238
sd15_fp8,CLIP-D,default,/media/CrispyMcMarkInc/fake-images-img2img/00062_sd15_fp8_seed185_s30_g3.5_str0.3.png,fake,0.9993832111358643,0.08542776107788086
sd3_fp4,CLIP-D,default,/media/CrispyMcMarkInc/fake-images-img2img/00004_sd3_fp4_seed127_s30_g3.5_str0.3.png,fake,0.9998297691345215,0.08684778213500977
sd15_fp4,CLIP-D,default,/media/CrispyMcMarkInc/fake-images-img2img/00077_sd15_fp4_seed200_s30_g3.5_str0.3.png,fake,0.9995900988578796,0.08685684204101562
sd15_fp16,CLIP-D,default,/media/CrispyMcMarkInc/fake-images-img2img/00019_sd15_fp16_seed142_s30_g3.5_str0.3.png,fake,0.999541163444519,0.08378934860229492
sd35_fp16,CLIP-D,default,/media/CrispyMcMarkInc/fake-images-img2img/00023_sd35_fp16_seed146_s30_g3.5_str0.3.png,fake,0.9920828342437744,0.08497738838195801
sd3_fp4,CLIP-D,default,/media/CrispyMcMarkInc/fake-images-img2img/00071_sd3_fp4_seed194_s30_g3.5_str0.3.png,fake,0.998635470867157,0.0863344669342041
sd35_fp16,CLIP-D,default,/media/CrispyMcMarkInc/fake-images-img2img/00007_sd35_fp16_seed130_s30_g3.5_str0.3.png,fake,0.9988038539886475,0.08554959297180176
sd35_fp16,CLIP-D,default,/media/CrispyMcMarkInc/fake-images-img2img/00047_sd35_fp16_seed170_s30_g3.5_str0.3.png,fake,0.9997420907020569,0.08159303665161133
sd3_fp4,CLIP-D,default,/media/CrispyMcMarkInc/fake-images-img2img/00094_sd3_fp4_seed217_s30_g3.5_str0.3.png,fake,0.999300479888916,0.08516311645507812
sd35_fp4,CLIP-D,default,/media/CrispyMcMarkInc/fake-images-img2img/00027_sd35_fp4_seed150_s30_g3.5_str0.3.png,fake,0.9992076754570007,0.08395886421203613
sd3_fp8,CLIP-D,default,/media/CrispyMcMarkInc/fake-images-img2img/00089_sd3_fp8_seed212_s30_g3.5_str0.3.png,fake,0.9984203577041626,0.08696317672729492
sd3_fp8,CLIP-D,default,/media/CrispyMcMarkInc/fake-images-img2img/00097_sd3_fp8_seed220_s30_g3.5_str0.3.png,fake,0.99968421459198,0.08705997467041016
sd35_fp16,CLIP-D,default,/media/CrispyMcMarkInc/fake-images-img2img/00069_sd35_fp16_seed192_s30_g3.5_str0.3.png,fake,0.9997316002845764,0.08580756187438965
sd3_fp16,CLIP-D,default,/media/CrispyMcMarkInc/fake-images-img2img/00097_sd3_fp16_seed220_s30_g3.5_str0.3.png,fake,0.9998182654380798,0.08458065986633301
sd15_fp8,CLIP-D,default,/media/CrispyMcMarkInc/fake-images-img2img/00095_sd15_fp8_seed218_s30_g3.5_str0.3.png,fake,0.9999496936798096,0.08517241477966309
sd3_fp8,CLIP-D,default,/media/CrispyMcMarkInc/fake-images-img2img/00015_sd3_fp8_seed138_s30_g3.5_str0.3.png,fake,0.9992094039916992,0.08583521842956543
sd3_fp16,CLIP-D,default,/media/CrispyMcMarkInc/fake-images-img2img/00064_sd3_fp16_seed187_s30_g3.5_str0.3.png,fake,0.9997603297233582,0.08322930335998535
sd35_fp16,CLIP-D,default,/media/CrispyMcMarkInc/fake-images-img2img/00097_sd35_fp16_seed220_s30_g3.5_str0.3.png,fake,0.9997609257698059,0.08470511436462402
sd15_fp16,CLIP-D,default,/media/CrispyMcMarkInc/fake-images-img2img/00031_sd15_fp16_seed154_s30_g3.5_str0.3.png,fake,0.9998679161071777,0.08332514762878418
sd15_fp16,CLIP-D,default,/media/CrispyMcMarkInc/fake-images-img2img/00049_sd15_fp16_seed172_s30_g3.5_str0.3.png,fake,0.9996157884597778,0.083740234375
sd3_fp8,CLIP-D,default,/media/CrispyMcMarkInc/fake-images-img2img/00026_sd3_fp8_seed149_s30_g3.5_str0.3.png,fake,0.9987596273422241,0.08291840553283691
sd35_fp16,CLIP-D,default,/media/CrispyMcMarkInc/fake-images-img2img/00021_sd35_fp16_seed144_s30_g3.5_str0.3.png,fake,0.9997300505638123,0.08604121208190918
sd3_fp16,CLIP-D,default,/media/CrispyMcMarkInc/fake-images-img2img/00002_sd3_fp16_seed125_s30_g3.5_str0.3.png,fake,0.9997889399528503,0.08862733840942383
sd15_fp8,CLIP-D,default,/media/CrispyMcMarkInc/fake-images-img2img/00083_sd15_fp8_seed206_s30_g3.5_str0.3.png,fake,0.999893307685852,0.08694911003112793
sd3_fp8,CLIP-D,default,/media/CrispyMcMarkInc/fake-images-img2img/00038_sd3_fp8_seed161_s30_g3.5_str0.3.png,fake,0.9988937973976135,0.08722758293151855
sd15_fp4,CLIP-D,default,/media/CrispyMcMarkInc/fake-images-img2img/00098_sd15_fp4_seed221_s30_g3.5_str0.3.png,fake,0.9981204867362976,0.08880448341369629
sd3_fp4,CLIP-D,default,/media/CrispyMcMarkInc/fake-images-img2img/00051_sd3_fp4_seed174_s30_g3.5_str0.3.png,fake,0.9999676942825317,0.08626031875610352
sd35_fp8,CLIP-D,default,/media/CrispyMcMarkInc/fake-images-img2img/00016_sd35_fp8_seed139_s30_g3.5_str0.3.png,fake,0.9902286529541016,0.08559060096740723
sd3_fp16,CLIP-D,default,/media/CrispyMcMarkInc/fake-images-img2img/00038_sd3_fp16_seed161_s30_g3.5_str0.3.png,fake,0.9992986917495728,0.08680844306945801
sd35_fp4,CLIP-D,default,/media/CrispyMcMarkInc/fake-images-img2img/00004_sd35_fp4_seed127_s30_g3.5_str0.3.png,fake,0.9995038509368896,0.08800530433654785
sd3_fp4,CLIP-D,default,/media/CrispyMcMarkInc/fake-images-img2img/00091_sd3_fp4_seed214_s30_g3.5_str0.3.png,fake,0.9996377229690552,0.0862736701965332
sd3_fp16,CLIP-D,default,/media/CrispyMcMarkInc/fake-images-img2img/00033_sd3_fp16_seed156_s30_g3.5_str0.3.png,fake,0.9996401071548462,0.08254337310791016
sd3_fp4,CLIP-D,default,/media/CrispyMcMarkInc/fake-images-img2img/00056_sd3_fp4_seed179_s30_g3.5_str0.3.png,fake,0.9998890161514282,0.08422279357910156
sd35_fp16,CLIP-D,default,/media/CrispyMcMarkInc/fake-images-img2img/00064_sd35_fp16_seed187_s30_g3.5_str0.3.png,fake,0.9995922446250916,0.08272695541381836
sd35_fp16,CLIP-D,default,/media/CrispyMcMarkInc/fake-images-img2img/00049_sd35_fp16_seed172_s30_g3.5_str0.3.png,fake,0.9995055198669434,0.08498573303222656
sd15_fp8,CLIP-D,default,/media/CrispyMcMarkInc/fake-images-img2img/00025_sd15_fp8_seed148_s30_g3.5_str0.3.png,fake,0.9999109506607056,0.0854191780090332
sd15_fp16,CLIP-D,default,/media/CrispyMcMarkInc/fake-images-img2img/00008_sd15_fp16_seed131_s30_g3.5_str0.3.png,fake,0.999270498752594,0.08513927459716797
sd15_fp4,CLIP-D,default,/media/CrispyMcMarkInc/fake-images-img2img/00091_sd15_fp4_seed214_s30_g3.5_str0.3.png,fake,0.995995044708252,0.08588767051696777
sd35_fp8,CLIP-D,default,/media/CrispyMcMarkInc/fake-images-img2img/00080_sd35_fp8_seed203_s30_g3.5_str0.3.png,fake,0.9857397675514221,0.0826714038848877
sd15_fp16,CLIP-D,default,/media/CrispyMcMarkInc/fake-images-img2img/00059_sd15_fp16_seed182_s30_g3.5_str0.3.png,fake,0.9713121056556702,0.0848088264465332
sd35_fp4,CLIP-D,default,/media/CrispyMcMarkInc/fake-images-img2img/00076_sd35_fp4_seed199_s30_g3.5_str0.3.png,fake,0.9974068999290466,0.08465337753295898
sd3_fp4,CLIP-D,default,/media/CrispyMcMarkInc/fake-images-img2img/00028_sd3_fp4_seed151_s30_g3.5_str0.3.png,fake,0.9992377758026123,0.08711957931518555
sd3_fp16,CLIP-D,default,/media/CrispyMcMarkInc/fake-images-img2img/00081_sd3_fp16_seed204_s30_g3.5_str0.3.png,fake,0.9990870952606201,0.08655428886413574
sd35_fp4,CLIP-D,default,/media/CrispyMcMarkInc/fake-images-img2img/00033_sd35_fp4_seed156_s30_g3.5_str0.3.png,fake,0.9998456239700317,0.08417344093322754
sd35_fp8,CLIP-D,default,/media/CrispyMcMarkInc/fake-images-img2img/00038_sd35_fp8_seed161_s30_g3.5_str0.3.png,fake,0.9996638298034668,0.08424997329711914
sd15_fp16,CLIP-D,default,/media/CrispyMcMarkInc/fake-images-img2img/00063_sd15_fp16_seed186_s30_g3.5_str0.3.png,fake,0.9993188381195068,0.08538937568664551
sd35_fp4,CLIP-D,default,/media/CrispyMcMarkInc/fake-images-img2img/00036_sd35_fp4_seed159_s30_g3.5_str0.3.png,fake,0.9986675977706909,0.08562827110290527
sd35_fp16,CLIP-D,default,/media/CrispyMcMarkInc/fake-images-img2img/00063_sd35_fp16_seed186_s30_g3.5_str0.3.png,fake,0.9998732805252075,0.08725643157958984
sd35_fp16,CLIP-D,default,/media/CrispyMcMarkInc/fake-images-img2img/00093_sd35_fp16_seed216_s30_g3.5_str0.3.png,fake,0.9999140501022339,0.08931398391723633
sd3_fp4,CLIP-D,default,/media/CrispyMcMarkInc/fake-images-img2img/00000_sd3_fp4_seed123_s30_g3.5_str0.3.png,fake,0.9997957348823547,0.08848714828491211
sd35_fp8,CLIP-D,default,/media/CrispyMcMarkInc/fake-images-img2img/00094_sd35_fp8_seed217_s30_g3.5_str0.3.png,fake,0.9944148063659668,0.08618903160095215
sd35_fp16,CLIP-D,default,/media/CrispyMcMarkInc/fake-images-img2img/00094_sd35_fp16_seed217_s30_g3.5_str0.3.png,fake,0.9917058944702148,0.08582282066345215
sd3_fp8,CLIP-D,default,/media/CrispyMcMarkInc/fake-images-img2img/00095_sd3_fp8_seed218_s30_g3.5_str0.3.png,fake,0.9999151229858398,0.08414578437805176
sd35_fp4,CLIP-D,default,/media/CrispyMcMarkInc/fake-images-img2img/00051_sd35_fp4_seed174_s30_g3.5_str0.3.png,fake,0.9999597072601318,0.0845482349395752
sd15_fp4,CLIP-D,default,/media/CrispyMcMarkInc/fake-images-img2img/00047_sd15_fp4_seed170_s30_g3.5_str0.3.png,fake,0.9999586343765259,0.08736038208007812
sd15_fp16,CLIP-D,default,/media/CrispyMcMarkInc/fake-images-img2img/00080_sd15_fp16_seed203_s30_g3.5_str0.3.png,fake,0.9452486038208008,0.08473062515258789
sd3_fp16,CLIP-D,default,/media/CrispyMcMarkInc/fake-images-img2img/00046_sd3_fp16_seed169_s30_g3.5_str0.3.png,fake,0.9999442100524902,0.08379888534545898
sd15_fp8,CLIP-D,default,/media/CrispyMcMarkInc/fake-images-img2img/00035_sd15_fp8_seed158_s30_g3.5_str0.3.png,fake,0.9990742206573486,0.08505606651306152
sd15_fp8,CLIP-D,default,/media/CrispyMcMarkInc/fake-images-img2img/00043_sd15_fp8_seed166_s30_g3.5_str0.3.png,fake,0.9998430013656616,0.08915281295776367
sd3_fp4,CLIP-D,default,/media/CrispyMcMarkInc/fake-images-img2img/00027_sd3_fp4_seed150_s30_g3.5_str0.3.png,fake,0.9991331696510315,0.08476090431213379
sd15_fp4,CLIP-D,default,/media/CrispyMcMarkInc/fake-images-img2img/00072_sd15_fp4_seed195_s30_g3.5_str0.3.png,fake,0.9977413415908813,0.08545589447021484
sd3_fp16,CLIP-D,default,/media/CrispyMcMarkInc/fake-images-img2img/00032_sd3_fp16_seed155_s30_g3.5_str0.3.png,fake,0.9998725652694702,0.08571434020996094
sd3_fp4,CLIP-D,default,/media/CrispyMcMarkInc/fake-images-img2img/00048_sd3_fp4_seed171_s30_g3.5_str0.3.png,fake,0.9993368983268738,0.08124780654907227
sd3_fp8,CLIP-D,default,/media/CrispyMcMarkInc/fake-images-img2img/00011_sd3_fp8_seed134_s30_g3.5_str0.3.png,fake,0.9989603757858276,0.08452033996582031
sd35_fp4,CLIP-D,default,/media/CrispyMcMarkInc/fake-images-img2img/00085_sd35_fp4_seed208_s30_g3.5_str0.3.png,fake,0.9998083710670471,0.08506584167480469
sd15_fp16,CLIP-D,default,/media/CrispyMcMarkInc/fake-images-img2img/00046_sd15_fp16_seed169_s30_g3.5_str0.3.png,fake,0.9999210834503174,0.08398008346557617
sd3_fp4,CLIP-D,default,/media/CrispyMcMarkInc/fake-images-img2img/00076_sd3_fp4_seed199_s30_g3.5_str0.3.png,fake,0.9993066787719727,0.08474206924438477
sd35_fp16,CLIP-D,default,/media/CrispyMcMarkInc/fake-images-img2img/00053_sd35_fp16_seed176_s30_g3.5_str0.3.png,fake,0.9911569356918335,0.08330321311950684
sd15_fp8,CLIP-D,default,/media/CrispyMcMarkInc/fake-images-img2img/00087_sd15_fp8_seed210_s30_g3.5_str0.3.png,fake,0.9989743232727051,0.08642816543579102
sd3_fp4,CLIP-D,default,/media/CrispyMcMarkInc/fake-images-img2img/00074_sd3_fp4_seed197_s30_g3.5_str0.3.png,fake,0.9999188184738159,0.08580160140991211
sd3_fp4,CLIP-D,default,/media/CrispyMcMarkInc/fake-images-img2img/00083_sd3_fp4_seed206_s30_g3.5_str0.3.png,fake,0.9998263716697693,0.0878608226776123
sd3_fp8,CLIP-D,default,/media/CrispyMcMarkInc/fake-images-img2img/00081_sd3_fp8_seed204_s30_g3.5_str0.3.png,fake,0.9987930059432983,0.08908247947692871
sd15_fp16,CLIP-D,default,/media/CrispyMcMarkInc/fake-images-img2img/00073_sd15_fp16_seed196_s30_g3.5_str0.3.png,fake,0.9999113082885742,0.0876321792602539
sd3_fp4,CLIP-D,default,/media/CrispyMcMarkInc/fake-images-img2img/00065_sd3_fp4_seed188_s30_g3.5_str0.3.png,fake,0.9989159107208252,0.08710193634033203
sd15_fp16,CLIP-D,default,/media/CrispyMcMarkInc/fake-images-img2img/00055_sd15_fp16_seed178_s30_g3.5_str0.3.png,fake,0.9999605417251587,0.08780503273010254
sd35_fp4,CLIP-D,default,/media/CrispyMcMarkInc/fake-images-img2img/00039_sd35_fp4_seed162_s30_g3.5_str0.3.png,fake,0.9995332956314087,0.0880587100982666
sd35_fp8,CLIP-D,default,/media/CrispyMcMarkInc/fake-images-img2img/00072_sd35_fp8_seed195_s30_g3.5_str0.3.png,fake,0.9997438788414001,0.08897519111633301
sd3_fp4,CLIP-D,default,/media/CrispyMcMarkInc/fake-images-img2img/00044_sd3_fp4_seed167_s30_g3.5_str0.3.png,fake,0.9996839761734009,0.0868539810180664
sd3_fp8,CLIP-D,default,/media/CrispyMcMarkInc/fake-images-img2img/00019_sd3_fp8_seed142_s30_g3.5_str0.3.png,fake,0.9996951818466187,0.09495806694030762
sd35_fp4,CLIP-D,default,/media/CrispyMcMarkInc/fake-images-img2img/00093_sd35_fp4_seed216_s30_g3.5_str0.3.png,fake,0.999907374382019,0.08607816696166992
sd15_fp4,CLIP-D,default,/media/CrispyMcMarkInc/fake-images-img2img/00053_sd15_fp4_seed176_s30_g3.5_str0.3.png,fake,0.9969943761825562,0.08650517463684082
sd35_fp4,CLIP-D,default,/media/CrispyMcMarkInc/fake-images-img2img/00005_sd35_fp4_seed128_s30_g3.5_str0.3.png,fake,0.999536395072937,0.08678865432739258
sd15_fp16,CLIP-D,default,/media/CrispyMcMarkInc/fake-images-img2img/00054_sd15_fp16_seed177_s30_g3.5_str0.3.png,fake,0.999544084072113,0.08655905723571777
sd15_fp8,CLIP-D,default,/media/CrispyMcMarkInc/fake-images-img2img/00098_sd15_fp8_seed221_s30_g3.5_str0.3.png,fake,0.9981776475906372,0.08482670783996582
sd15_fp4,CLIP-D,default,/media/CrispyMcMarkInc/fake-images-img2img/00036_sd15_fp4_seed159_s30_g3.5_str0.3.png,fake,0.9987581968307495,0.08363461494445801
sd15_fp4,CLIP-D,default,/media/CrispyMcMarkInc/fake-images-img2img/00060_sd15_fp4_seed183_s30_g3.5_str0.3.png,fake,0.9774666428565979,0.08552360534667969
sd35_fp8,CLIP-D,default,/media/CrispyMcMarkInc/fake-images-img2img/00049_sd35_fp8_seed172_s30_g3.5_str0.3.png,fake,0.9997796416282654,0.08546733856201172
sd3_fp8,CLIP-D,default,/media/CrispyMcMarkInc/fake-images-img2img/00084_sd3_fp8_seed207_s30_g3.5_str0.3.png,fake,0.9927850961685181,0.08354473114013672
sd15_fp4,CLIP-D,default,/media/CrispyMcMarkInc/fake-images-img2img/00068_sd15_fp4_seed191_s30_g3.5_str0.3.png,fake,0.9998992681503296,0.08557939529418945
sd35_fp4,CLIP-D,default,/media/CrispyMcMarkInc/fake-images-img2img/00037_sd35_fp4_seed160_s30_g3.5_str0.3.png,fake,0.996649444103241,0.08391261100769043
sd15_fp16,CLIP-D,default,/media/CrispyMcMarkInc/fake-images-img2img/00064_sd15_fp16_seed187_s30_g3.5_str0.3.png,fake,0.9993376135826111,0.08528375625610352
sd3_fp4,CLIP-D,default,/media/CrispyMcMarkInc/fake-images-img2img/00038_sd3_fp4_seed161_s30_g3.5_str0.3.png,fake,0.999879002571106,0.08427000045776367
sd15_fp8,CLIP-D,default,/media/CrispyMcMarkInc/fake-images-img2img/00022_sd15_fp8_seed145_s30_g3.5_str0.3.png,fake,0.9982872605323792,0.08551502227783203
sd35_fp16,CLIP-D,default,/media/CrispyMcMarkInc/fake-images-img2img/00034_sd35_fp16_seed157_s30_g3.5_str0.3.png,fake,0.9892395734786987,0.08528351783752441
sd35_fp16,CLIP-D,default,/media/CrispyMcMarkInc/fake-images-img2img/00075_sd35_fp16_seed198_s30_g3.5_str0.3.png,fake,0.999699592590332,0.0818183422088623
sd3_fp16,CLIP-D,default,/media/CrispyMcMarkInc/fake-images-img2img/00026_sd3_fp16_seed149_s30_g3.5_str0.3.png,fake,0.9971907734870911,0.08414101600646973
sd15_fp4,CLIP-D,default,/media/CrispyMcMarkInc/fake-images-img2img/00016_sd15_fp4_seed139_s30_g3.5_str0.3.png,fake,0.9985613226890564,0.08279800415039062
sd3_fp4,CLIP-D,default,/media/CrispyMcMarkInc/fake-images-img2img/00040_sd3_fp4_seed163_s30_g3.5_str0.3.png,fake,0.9999485015869141,0.08245325088500977
sd35_fp16,CLIP-D,default,/media/CrispyMcMarkInc/fake-images-img2img/00058_sd35_fp16_seed181_s30_g3.5_str0.3.png,fake,0.9998266100883484,0.08907079696655273
sd3_fp16,CLIP-D,default,/media/CrispyMcMarkInc/fake-images-img2img/00082_sd3_fp16_seed205_s30_g3.5_str0.3.png,fake,0.9998306035995483,0.0859532356262207
sd35_fp8,CLIP-D,default,/media/CrispyMcMarkInc/fake-images-img2img/00029_sd35_fp8_seed152_s30_g3.5_str0.3.png,fake,0.9998173117637634,0.0855104923248291
sd15_fp4,CLIP-D,default,/media/CrispyMcMarkInc/fake-images-img2img/00054_sd15_fp4_seed177_s30_g3.5_str0.3.png,fake,0.9993177652359009,0.08629298210144043
sd35_fp4,CLIP-D,default,/media/CrispyMcMarkInc/fake-images-img2img/00021_sd35_fp4_seed144_s30_g3.5_str0.3.png,fake,0.9997437596321106,0.08362984657287598
sd35_fp16,CLIP-D,default,/media/CrispyMcMarkInc/fake-images-img2img/00095_sd35_fp16_seed218_s30_g3.5_str0.3.png,fake,0.9999511241912842,0.08276486396789551
sd3_fp16,CLIP-D,default,/media/CrispyMcMarkInc/fake-images-img2img/00052_sd3_fp16_seed175_s30_g3.5_str0.3.png,fake,0.9978578686714172,0.08562183380126953
sd35_fp4,CLIP-D,default,/media/CrispyMcMarkInc/fake-images-img2img/00028_sd35_fp4_seed151_s30_g3.5_str0.3.png,fake,0.9986888766288757,0.08430099487304688
sd15_fp8,CLIP-D,default,/media/CrispyMcMarkInc/fake-images-img2img/00058_sd15_fp8_seed181_s30_g3.5_str0.3.png,fake,0.9962104558944702,0.08683586120605469
sd15_fp4,CLIP-D,default,/media/CrispyMcMarkInc/fake-images-img2img/00013_sd15_fp4_seed136_s30_g3.5_str0.3.png,fake,0.9998421669006348,0.08609724044799805
sd35_fp4,CLIP-D,default,/media/CrispyMcMarkInc/fake-images-img2img/00031_sd35_fp4_seed154_s30_g3.5_str0.3.png,fake,0.9994544386863708,0.0827181339263916
sd15_fp16,CLIP-D,default,/media/CrispyMcMarkInc/fake-images-img2img/00048_sd15_fp16_seed171_s30_g3.5_str0.3.png,fake,0.9978253841400146,0.08525609970092773
sd3_fp16,CLIP-D,default,/media/CrispyMcMarkInc/fake-images-img2img/00021_sd3_fp16_seed144_s30_g3.5_str0.3.png,fake,0.9999219179153442,0.08618354797363281
sd3_fp8,CLIP-D,default,/media/CrispyMcMarkInc/fake-images-img2img/00012_sd3_fp8_seed135_s30_g3.5_str0.3.png,fake,0.9984865188598633,0.08525228500366211
sd15_fp16,CLIP-D,default,/media/CrispyMcMarkInc/fake-images-img2img/00062_sd15_fp16_seed185_s30_g3.5_str0.3.png,fake,0.9991911053657532,0.08733415603637695
sd3_fp4,CLIP-D,default,/media/CrispyMcMarkInc/fake-images-img2img/00005_sd3_fp4_seed128_s30_g3.5_str0.3.png,fake,0.9995275735855103,0.08515787124633789
sd35_fp16,CLIP-D,default,/media/CrispyMcMarkInc/fake-images-img2img/00062_sd35_fp16_seed185_s30_g3.5_str0.3.png,fake,0.9996200799942017,0.0861048698425293
sd35_fp4,CLIP-D,default,/media/CrispyMcMarkInc/fake-images-img2img/00066_sd35_fp4_seed189_s30_g3.5_str0.3.png,fake,0.9921332597732544,0.08461666107177734
sd15_fp8,CLIP-D,default,/media/CrispyMcMarkInc/fake-images-img2img/00085_sd15_fp8_seed208_s30_g3.5_str0.3.png,fake,0.9996191263198853,0.08573102951049805
sd15_fp4,CLIP-D,default,/media/CrispyMcMarkInc/fake-images-img2img/00074_sd15_fp4_seed197_s30_g3.5_str0.3.png,fake,0.9998036026954651,0.08475184440612793
sd15_fp4,CLIP-D,default,/media/CrispyMcMarkInc/fake-images-img2img/00023_sd15_fp4_seed146_s30_g3.5_str0.3.png,fake,0.8828791975975037,0.08716750144958496
sd35_fp4,CLIP-D,default,/media/CrispyMcMarkInc/fake-images-img2img/00077_sd35_fp4_seed200_s30_g3.5_str0.3.png,fake,0.9999003410339355,0.08637189865112305
sd35_fp4,CLIP-D,default,/media/CrispyMcMarkInc/fake-images-img2img/00096_sd35_fp4_seed219_s30_g3.5_str0.3.png,fake,0.999396562576294,0.0849003791809082
sd15_fp4,CLIP-D,default,/media/CrispyMcMarkInc/fake-images-img2img/00096_sd15_fp4_seed219_s30_g3.5_str0.3.png,fake,0.9993934631347656,0.08491635322570801
sd35_fp4,CLIP-D,default,/media/CrispyMcMarkInc/fake-images-img2img/00025_sd35_fp4_seed148_s30_g3.5_str0.3.png,fake,0.9999642372131348,0.08536911010742188
sd15_fp8,CLIP-D,default,/media/CrispyMcMarkInc/fake-images-img2img/00069_sd15_fp8_seed192_s30_g3.5_str0.3.png,fake,0.9996317625045776,0.08467650413513184
sd35_fp8,CLIP-D,default,/media/CrispyMcMarkInc/fake-images-img2img/00025_sd35_fp8_seed148_s30_g3.5_str0.3.png,fake,0.999981164932251,0.08588790893554688
sd3_fp8,CLIP-D,default,/media/CrispyMcMarkInc/fake-images-img2img/00098_sd3_fp8_seed221_s30_g3.5_str0.3.png,fake,0.9987698197364807,0.0880894660949707
sd3_fp8,CLIP-D,default,/media/CrispyMcMarkInc/fake-images-img2img/00064_sd3_fp8_seed187_s30_g3.5_str0.3.png,fake,0.9997195601463318,0.08791065216064453
sd3_fp4,CLIP-D,default,/media/CrispyMcMarkInc/fake-images-img2img/00036_sd3_fp4_seed159_s30_g3.5_str0.3.png,fake,0.9990629553794861,0.0871424674987793
sd15_fp16,CLIP-D,default,/media/CrispyMcMarkInc/fake-images-img2img/00060_sd15_fp16_seed183_s30_g3.5_str0.3.png,fake,0.9684896469116211,0.0870048999786377
sd3_fp8,CLIP-D,default,/media/CrispyMcMarkInc/fake-images-img2img/00003_sd3_fp8_seed126_s30_g3.5_str0.3.png,fake,0.9980286955833435,0.0842735767364502
sd3_fp16,CLIP-D,default,/media/CrispyMcMarkInc/fake-images-img2img/00043_sd3_fp16_seed166_s30_g3.5_str0.3.png,fake,0.999911904335022,0.08468222618103027
sd35_fp8,CLIP-D,default,/media/CrispyMcMarkInc/fake-images-img2img/00030_sd35_fp8_seed153_s30_g3.5_str0.3.png,fake,0.9990602135658264,0.0855252742767334
sd15_fp8,CLIP-D,default,/media/CrispyMcMarkInc/fake-images-img2img/00045_sd15_fp8_seed168_s30_g3.5_str0.3.png,fake,0.9999576807022095,0.08526062965393066
sd15_fp4,CLIP-D,default,/media/CrispyMcMarkInc/fake-images-img2img/00046_sd15_fp4_seed169_s30_g3.5_str0.3.png,fake,0.9999182224273682,0.08435893058776855
sd35_fp4,CLIP-D,default,/media/CrispyMcMarkInc/fake-images-img2img/00056_sd35_fp4_seed179_s30_g3.5_str0.3.png,fake,0.9998069405555725,0.08304595947265625
sd35_fp16,CLIP-D,default,/media/CrispyMcMarkInc/fake-images-img2img/00091_sd35_fp16_seed214_s30_g3.5_str0.3.png,fake,0.9994248151779175,0.08419942855834961
sd15_fp16,CLIP-D,default,/media/CrispyMcMarkInc/fake-images-img2img/00040_sd15_fp16_seed163_s30_g3.5_str0.3.png,fake,0.9998893737792969,0.08841681480407715
sd35_fp16,CLIP-D,default,/media/CrispyMcMarkInc/fake-images-img2img/00071_sd35_fp16_seed194_s30_g3.5_str0.3.png,fake,0.998262345790863,0.08542966842651367
sd3_fp16,CLIP-D,default,/media/CrispyMcMarkInc/fake-images-img2img/00048_sd3_fp16_seed171_s30_g3.5_str0.3.png,fake,0.9961523413658142,0.08339309692382812
sd35_fp8,CLIP-D,default,/media/CrispyMcMarkInc/fake-images-img2img/00044_sd35_fp8_seed167_s30_g3.5_str0.3.png,fake,0.9978848099708557,0.08792901039123535
sd3_fp4,CLIP-D,default,/media/CrispyMcMarkInc/fake-images-img2img/00016_sd3_fp4_seed139_s30_g3.5_str0.3.png,fake,0.9986639022827148,0.09130454063415527
sd35_fp4,CLIP-D,default,/media/CrispyMcMarkInc/fake-images-img2img/00048_sd35_fp4_seed171_s30_g3.5_str0.3.png,fake,0.9972475171089172,0.08241081237792969
sd35_fp16,CLIP-D,default,/media/CrispyMcMarkInc/fake-images-img2img/00096_sd35_fp16_seed219_s30_g3.5_str0.3.png,fake,0.998713493347168,0.08433771133422852
sd35_fp16,CLIP-D,default,/media/CrispyMcMarkInc/fake-images-img2img/00060_sd35_fp16_seed183_s30_g3.5_str0.3.png,fake,0.9935909509658813,0.08574843406677246
sd35_fp8,CLIP-D,default,/media/CrispyMcMarkInc/fake-images-img2img/00045_sd35_fp8_seed168_s30_g3.5_str0.3.png,fake,0.9999723434448242,0.08454060554504395
sd35_fp4,CLIP-D,default,/media/CrispyMcMarkInc/fake-images-img2img/00023_sd35_fp4_seed146_s30_g3.5_str0.3.png,fake,0.9893922805786133,0.08637046813964844
sd35_fp16,CLIP-D,default,/media/CrispyMcMarkInc/fake-images-img2img/00077_sd35_fp16_seed200_s30_g3.5_str0.3.png,fake,0.999923586845398,0.08597087860107422
sd3_fp16,CLIP-D,default,/media/CrispyMcMarkInc/fake-images-img2img/00034_sd3_fp16_seed157_s30_g3.5_str0.3.png,fake,0.9984768033027649,0.08467864990234375
sd35_fp16,CLIP-D,default,/media/CrispyMcMarkInc/fake-images-img2img/00084_sd35_fp16_seed207_s30_g3.5_str0.3.png,fake,0.9977253079414368,0.08338332176208496
sd35_fp16,CLIP-D,default,/media/CrispyMcMarkInc/fake-images-img2img/00003_sd35_fp16_seed126_s30_g3.5_str0.3.png,fake,0.9998898506164551,0.08260560035705566
sd3_fp16,CLIP-D,default,/media/CrispyMcMarkInc/fake-images-img2img/00056_sd3_fp16_seed179_s30_g3.5_str0.3.png,fake,0.9997922778129578,0.08391165733337402
sd3_fp8,CLIP-D,default,/media/CrispyMcMarkInc/fake-images-img2img/00082_sd3_fp8_seed205_s30_g3.5_str0.3.png,fake,0.9997327923774719,0.0837850570678711
sd3_fp16,CLIP-D,default,/media/CrispyMcMarkInc/fake-images-img2img/00085_sd3_fp16_seed208_s30_g3.5_str0.3.png,fake,0.9999020099639893,0.08206772804260254
sd3_fp16,CLIP-D,default,/media/CrispyMcMarkInc/fake-images-img2img/00019_sd3_fp16_seed142_s30_g3.5_str0.3.png,fake,0.9995661377906799,0.08205556869506836
sd15_fp8,CLIP-D,default,/media/CrispyMcMarkInc/fake-images-img2img/00000_sd15_fp8_seed123_s30_g3.5_str0.3.png,fake,0.9972244501113892,0.08617448806762695
sd3_fp8,CLIP-D,default,/media/CrispyMcMarkInc/fake-images-img2img/00047_sd3_fp8_seed170_s30_g3.5_str0.3.png,fake,0.9994065761566162,0.08159995079040527
sd15_fp4,CLIP-D,default,/media/CrispyMcMarkInc/fake-images-img2img/00080_sd15_fp4_seed203_s30_g3.5_str0.3.png,fake,0.991523027420044,0.08404874801635742
sd3_fp8,CLIP-D,default,/media/CrispyMcMarkInc/fake-images-img2img/00039_sd3_fp8_seed162_s30_g3.5_str0.3.png,fake,0.9991293549537659,0.08331704139709473
sd15_fp16,CLIP-D,default,/media/CrispyMcMarkInc/fake-images-img2img/00028_sd15_fp16_seed151_s30_g3.5_str0.3.png,fake,0.9991833567619324,0.08771991729736328
sd3_fp16,CLIP-D,default,/media/CrispyMcMarkInc/fake-images-img2img/00036_sd3_fp16_seed159_s30_g3.5_str0.3.png,fake,0.9994151592254639,0.08339595794677734
sd15_fp8,CLIP-D,default,/media/CrispyMcMarkInc/fake-images-img2img/00014_sd15_fp8_seed137_s30_g3.5_str0.3.png,fake,0.9994422793388367,0.0813298225402832
sd35_fp16,CLIP-D,default,/media/CrispyMcMarkInc/fake-images-img2img/00031_sd35_fp16_seed154_s30_g3.5_str0.3.png,fake,0.9783331751823425,0.09154295921325684
sd35_fp16,CLIP-D,default,/media/CrispyMcMarkInc/fake-images-img2img/00048_sd35_fp16_seed171_s30_g3.5_str0.3.png,fake,0.9916650652885437,0.08881735801696777
sd15_fp8,CLIP-D,default,/media/CrispyMcMarkInc/fake-images-img2img/00007_sd15_fp8_seed130_s30_g3.5_str0.3.png,fake,0.9995355606079102,0.09383797645568848
sd35_fp16,CLIP-D,default,/media/CrispyMcMarkInc/fake-images-img2img/00065_sd35_fp16_seed188_s30_g3.5_str0.3.png,fake,0.9991938471794128,0.09343385696411133
sd3_fp8,CLIP-D,default,/media/CrispyMcMarkInc/fake-images-img2img/00054_sd3_fp8_seed177_s30_g3.5_str0.3.png,fake,0.9998679161071777,0.09433460235595703
sd3_fp16,CLIP-D,default,/media/CrispyMcMarkInc/fake-images-img2img/00077_sd3_fp16_seed200_s30_g3.5_str0.3.png,fake,0.9997904896736145,0.09708309173583984
sd3_fp8,CLIP-D,default,/media/CrispyMcMarkInc/fake-images-img2img/00076_sd3_fp8_seed199_s30_g3.5_str0.3.png,fake,0.9963213205337524,0.09722137451171875
sd35_fp16,CLIP-D,default,/media/CrispyMcMarkInc/fake-images-img2img/00004_sd35_fp16_seed127_s30_g3.5_str0.3.png,fake,0.9971023201942444,0.09467959403991699
sd35_fp8,CLIP-D,default,/media/CrispyMcMarkInc/fake-images-img2img/00018_sd35_fp8_seed141_s30_g3.5_str0.3.png,fake,0.9998506307601929,0.09514570236206055
sd3_fp8,CLIP-D,default,/media/CrispyMcMarkInc/fake-images-img2img/00020_sd3_fp8_seed143_s30_g3.5_str0.3.png,fake,0.9982935786247253,0.0950632095336914
sd3_fp4,CLIP-D,default,/media/CrispyMcMarkInc/fake-images-img2img/00007_sd3_fp4_seed130_s30_g3.5_str0.3.png,fake,0.9994065761566162,0.09612584114074707
sd35_fp16,CLIP-D,default,/media/CrispyMcMarkInc/fake-images-img2img/00080_sd35_fp16_seed203_s30_g3.5_str0.3.png,fake,0.8535550832748413,0.09304571151733398
sd3_fp4,CLIP-D,default,/media/CrispyMcMarkInc/fake-images-img2img/00011_sd3_fp4_seed134_s30_g3.5_str0.3.png,fake,0.9995126724243164,0.09474444389343262
sd35_fp4,CLIP-D,default,/media/CrispyMcMarkInc/fake-images-img2img/00080_sd35_fp4_seed203_s30_g3.5_str0.3.png,fake,0.9931540489196777,0.09536290168762207
sd15_fp8,CLIP-D,default,/media/CrispyMcMarkInc/fake-images-img2img/00093_sd15_fp8_seed216_s30_g3.5_str0.3.png,fake,0.999910831451416,0.0952904224395752
sd35_fp16,CLIP-D,default,/media/CrispyMcMarkInc/fake-images-img2img/00022_sd35_fp16_seed145_s30_g3.5_str0.3.png,fake,0.9947018027305603,0.09567499160766602
sd15_fp4,CLIP-D,default,/media/CrispyMcMarkInc/fake-images-img2img/00081_sd15_fp4_seed204_s30_g3.5_str0.3.png,fake,0.9996933937072754,0.09484124183654785
sd15_fp16,CLIP-D,default,/media/CrispyMcMarkInc/fake-images-img2img/00029_sd15_fp16_seed152_s30_g3.5_str0.3.png,fake,0.9997592568397522,0.09263491630554199
sd15_fp16,CLIP-D,default,/media/CrispyMcMarkInc/fake-images-img2img/00094_sd15_fp16_seed217_s30_g3.5_str0.3.png,fake,0.9991651773452759,0.09442424774169922
sd15_fp8,CLIP-D,default,/media/CrispyMcMarkInc/fake-images-img2img/00016_sd15_fp8_seed139_s30_g3.5_str0.3.png,fake,0.9990180730819702,0.09402918815612793
sd35_fp8,CLIP-D,default,/media/CrispyMcMarkInc/fake-images-img2img/00058_sd35_fp8_seed181_s30_g3.5_str0.3.png,fake,0.9997642636299133,0.09038305282592773
sd3_fp4,CLIP-D,default,/media/CrispyMcMarkInc/fake-images-img2img/00079_sd3_fp4_seed202_s30_g3.5_str0.3.png,fake,0.9998805522918701,0.08999371528625488
sd35_fp8,CLIP-D,default,/media/CrispyMcMarkInc/fake-images-img2img/00078_sd35_fp8_seed201_s30_g3.5_str0.3.png,fake,0.9961498975753784,0.09571266174316406
sd35_fp16,CLIP-D,default,/media/CrispyMcMarkInc/fake-images-img2img/00033_sd35_fp16_seed156_s30_g3.5_str0.3.png,fake,0.9998154044151306,0.09147357940673828
sd3_fp4,CLIP-D,default,/media/CrispyMcMarkInc/fake-images-img2img/00042_sd3_fp4_seed165_s30_g3.5_str0.3.png,fake,0.9960302710533142,0.09295511245727539
sd3_fp4,CLIP-D,default,/media/CrispyMcMarkInc/fake-images-img2img/00006_sd3_fp4_seed129_s30_g3.5_str0.3.png,fake,0.9989870190620422,0.09406137466430664
sd35_fp4,CLIP-D,default,/media/CrispyMcMarkInc/fake-images-img2img/00078_sd35_fp4_seed201_s30_g3.5_str0.3.png,fake,0.990132212638855,0.09473466873168945
sd15_fp16,CLIP-D,default,/media/CrispyMcMarkInc/fake-images-img2img/00001_sd15_fp16_seed124_s30_g3.5_str0.3.png,fake,0.9996933937072754,0.09460282325744629
sd3_fp8,CLIP-D,default,/media/CrispyMcMarkInc/fake-images-img2img/00071_sd3_fp8_seed194_s30_g3.5_str0.3.png,fake,0.9968252182006836,0.09550094604492188
sd3_fp8,CLIP-D,default,/media/CrispyMcMarkInc/fake-images-img2img/00023_sd3_fp8_seed146_s30_g3.5_str0.3.png,fake,0.9886763095855713,0.09241437911987305
sd15_fp4,CLIP-D,default,/media/CrispyMcMarkInc/fake-images-img2img/00078_sd15_fp4_seed201_s30_g3.5_str0.3.png,fake,0.9927456974983215,0.08884739875793457
sd3_fp4,CLIP-D,default,/media/CrispyMcMarkInc/fake-images-img2img/00041_sd3_fp4_seed164_s30_g3.5_str0.3.png,fake,0.9995619654655457,0.09341549873352051
sd35_fp4,CLIP-D,default,/media/CrispyMcMarkInc/fake-images-img2img/00094_sd35_fp4_seed217_s30_g3.5_str0.3.png,fake,0.9992089867591858,0.09453129768371582
sd3_fp8,CLIP-D,default,/media/CrispyMcMarkInc/fake-images-img2img/00087_sd3_fp8_seed210_s30_g3.5_str0.3.png,fake,0.9962168335914612,0.09285283088684082
sd3_fp4,CLIP-D,default,/media/CrispyMcMarkInc/fake-images-img2img/00097_sd3_fp4_seed220_s30_g3.5_str0.3.png,fake,0.9999392032623291,0.09439969062805176
sd3_fp8,CLIP-D,default,/media/CrispyMcMarkInc/fake-images-img2img/00049_sd3_fp8_seed172_s30_g3.5_str0.3.png,fake,0.999283492565155,0.09552145004272461
sd15_fp16,CLIP-D,default,/media/CrispyMcMarkInc/fake-images-img2img/00061_sd15_fp16_seed184_s30_g3.5_str0.3.png,fake,0.9992133378982544,0.09632635116577148
sd3_fp4,CLIP-D,default,/media/CrispyMcMarkInc/fake-images-img2img/00052_sd3_fp4_seed175_s30_g3.5_str0.3.png,fake,0.9992246627807617,0.09476065635681152
sd15_fp4,CLIP-D,default,/media/CrispyMcMarkInc/fake-images-img2img/00019_sd15_fp4_seed142_s30_g3.5_str0.3.png,fake,0.9995312690734863,0.09354496002197266
sd3_fp4,CLIP-D,default,/media/CrispyMcMarkInc/fake-images-img2img/00047_sd3_fp4_seed170_s30_g3.5_str0.3.png,fake,0.9998725652694702,0.09137368202209473
sd35_fp8,CLIP-D,default,/media/CrispyMcMarkInc/fake-images-img2img/00064_sd35_fp8_seed187_s30_g3.5_str0.3.png,fake,0.9997639060020447,0.09380865097045898
sd3_fp8,CLIP-D,default,/media/CrispyMcMarkInc/fake-images-img2img/00000_sd3_fp8_seed123_s30_g3.5_str0.3.png,fake,0.9993195533752441,0.09734249114990234
sd15_fp4,CLIP-D,default,/media/CrispyMcMarkInc/fake-images-img2img/00049_sd15_fp4_seed172_s30_g3.5_str0.3.png,fake,0.9994992017745972,0.09450626373291016
sd15_fp4,CLIP-D,default,/media/CrispyMcMarkInc/fake-images-img2img/00009_sd15_fp4_seed132_s30_g3.5_str0.3.png,fake,0.999666690826416,0.09461283683776855
sd15_fp16,CLIP-D,default,/media/CrispyMcMarkInc/fake-images-img2img/00050_sd15_fp16_seed173_s30_g3.5_str0.3.png,fake,0.9877927899360657,0.0698707103729248
sd35_fp16,CLIP-D,default,/media/CrispyMcMarkInc/fake-images-img2img/00059_sd35_fp16_seed182_s30_g3.5_str0.3.png,fake,0.9950856566429138,0.09395933151245117
sd3_fp4,CLIP-D,default,/media/CrispyMcMarkInc/fake-images-img2img/00017_sd3_fp4_seed140_s30_g3.5_str0.3.png,fake,0.999884843826294,0.09467291831970215
sd15_fp16,CLIP-D,default,/media/CrispyMcMarkInc/fake-images-img2img/00037_sd15_fp16_seed160_s30_g3.5_str0.3.png,fake,0.9988981485366821,0.09523510932922363
sd35_fp8,CLIP-D,default,/media/CrispyMcMarkInc/fake-images-img2img/00037_sd35_fp8_seed160_s30_g3.5_str0.3.png,fake,0.9961127638816833,0.09566450119018555
sd15_fp4,CLIP-D,default,/media/CrispyMcMarkInc/fake-images-img2img/00089_sd15_fp4_seed212_s30_g3.5_str0.3.png,fake,0.9996583461761475,0.08904314041137695
sd35_fp16,CLIP-D,default,/media/CrispyMcMarkInc/fake-images-img2img/00056_sd35_fp16_seed179_s30_g3.5_str0.3.png,fake,0.9998114705085754,0.09239768981933594
sd3_fp8,CLIP-D,default,/media/CrispyMcMarkInc/fake-images-img2img/00091_sd3_fp8_seed214_s30_g3.5_str0.3.png,fake,0.9992840886116028,0.09421133995056152
sd35_fp8,CLIP-D,default,/media/CrispyMcMarkInc/fake-images-img2img/00020_sd35_fp8_seed143_s30_g3.5_str0.3.png,fake,0.9990203380584717,0.09542679786682129
sd35_fp8,CLIP-D,default,/media/CrispyMcMarkInc/fake-images-img2img/00070_sd35_fp8_seed193_s30_g3.5_str0.3.png,fake,0.999670147895813,0.08808493614196777
sd3_fp8,CLIP-D,default,/media/CrispyMcMarkInc/fake-images-img2img/00068_sd3_fp8_seed191_s30_g3.5_str0.3.png,fake,0.9999550580978394,0.09414196014404297
sd35_fp8,CLIP-D,default,/media/CrispyMcMarkInc/fake-images-img2img/00002_sd35_fp8_seed125_s30_g3.5_str0.3.png,fake,0.9995033740997314,0.09578347206115723
sd15_fp16,CLIP-D,default,/media/CrispyMcMarkInc/fake-images-img2img/00067_sd15_fp16_seed190_s30_g3.5_str0.3.png,fake,0.9997573494911194,0.09648942947387695
sd3_fp16,CLIP-D,default,/media/CrispyMcMarkInc/fake-images-img2img/00074_sd3_fp16_seed197_s30_g3.5_str0.3.png,fake,0.9999122619628906,0.09460330009460449
sd35_fp8,CLIP-D,default,/media/CrispyMcMarkInc/fake-images-img2img/00057_sd35_fp8_seed180_s30_g3.5_str0.3.png,fake,0.9936099648475647,0.09541559219360352
sd3_fp8,CLIP-D,default,/media/CrispyMcMarkInc/fake-images-img2img/00032_sd3_fp8_seed155_s30_g3.5_str0.3.png,fake,0.9998615980148315,0.09503006935119629
sd15_fp4,CLIP-D,default,/media/CrispyMcMarkInc/fake-images-img2img/00087_sd15_fp4_seed210_s30_g3.5_str0.3.png,fake,0.9990648627281189,0.09630131721496582
sd3_fp8,CLIP-D,default,/media/CrispyMcMarkInc/fake-images-img2img/00078_sd3_fp8_seed201_s30_g3.5_str0.3.png,fake,0.9966734647750854,0.09584283828735352
sd3_fp16,CLIP-D,default,/media/CrispyMcMarkInc/fake-images-img2img/00007_sd3_fp16_seed130_s30_g3.5_str0.3.png,fake,0.9993333220481873,0.09551215171813965
sd35_fp16,CLIP-D,default,/media/CrispyMcMarkInc/fake-images-img2img/00055_sd35_fp16_seed178_s30_g3.5_str0.3.png,fake,0.9999712705612183,0.09335064888000488
sd15_fp16,CLIP-D,default,/media/CrispyMcMarkInc/fake-images-img2img/00085_sd15_fp16_seed208_s30_g3.5_str0.3.png,fake,0.999607264995575,0.08925938606262207
sd15_fp4,CLIP-D,default,/media/CrispyMcMarkInc/fake-images-img2img/00012_sd15_fp4_seed135_s30_g3.5_str0.3.png,fake,0.9998795986175537,0.09823107719421387
sd35_fp8,CLIP-D,default,/media/CrispyMcMarkInc/fake-images-img2img/00071_sd35_fp8_seed194_s30_g3.5_str0.3.png,fake,0.998140811920166,0.0967569351196289
sd3_fp16,CLIP-D,default,/media/CrispyMcMarkInc/fake-images-img2img/00054_sd3_fp16_seed177_s30_g3.5_str0.3.png,fake,0.999862551689148,0.09457039833068848
sd3_fp8,CLIP-D,default,/media/CrispyMcMarkInc/fake-images-img2img/00002_sd3_fp8_seed125_s30_g3.5_str0.3.png,fake,0.9996893405914307,0.09746623039245605
sd15_fp16,CLIP-D,default,/media/CrispyMcMarkInc/fake-images-img2img/00009_sd15_fp16_seed132_s30_g3.5_str0.3.png,fake,0.9996223449707031,0.09401917457580566
sd15_fp16,CLIP-D,default,/media/CrispyMcMarkInc/fake-images-img2img/00016_sd15_fp16_seed139_s30_g3.5_str0.3.png,fake,0.9985798597335815,0.09341001510620117
sd3_fp16,CLIP-D,default,/media/CrispyMcMarkInc/fake-images-img2img/00087_sd3_fp16_seed210_s30_g3.5_str0.3.png,fake,0.9992635846138,0.09353971481323242
sd15_fp4,CLIP-D,default,/media/CrispyMcMarkInc/fake-images-img2img/00002_sd15_fp4_seed125_s30_g3.5_str0.3.png,fake,0.9996849298477173,0.09607052803039551
sd3_fp16,CLIP-D,default,/media/CrispyMcMarkInc/fake-images-img2img/00025_sd3_fp16_seed148_s30_g3.5_str0.3.png,fake,0.9999220371246338,0.09360694885253906
sd35_fp16,CLIP-D,default,/media/CrispyMcMarkInc/fake-images-img2img/00099_sd35_fp16_seed222_s30_g3.5_str0.3.png,fake,0.9981287121772766,0.09537482261657715
sd35_fp4,CLIP-D,default,/media/CrispyMcMarkInc/fake-images-img2img/00000_sd35_fp4_seed123_s30_g3.5_str0.3.png,fake,0.9992989301681519,0.09797191619873047
sd15_fp16,CLIP-D,default,/media/CrispyMcMarkInc/fake-images-img2img/00066_sd15_fp16_seed189_s30_g3.5_str0.3.png,fake,0.9981879591941833,0.09701919555664062
sd35_fp8,CLIP-D,default,/media/CrispyMcMarkInc/fake-images-img2img/00099_sd35_fp8_seed222_s30_g3.5_str0.3.png,fake,0.9988337159156799,0.09434199333190918
sd15_fp16,CLIP-D,default,/media/CrispyMcMarkInc/fake-images-img2img/00002_sd15_fp16_seed125_s30_g3.5_str0.3.png,fake,0.9997765421867371,0.09563279151916504
sd15_fp8,CLIP-D,default,/media/CrispyMcMarkInc/fake-images-img2img/00060_sd15_fp8_seed183_s30_g3.5_str0.3.png,fake,0.9626919627189636,0.09702301025390625
sd35_fp4,CLIP-D,default,/media/CrispyMcMarkInc/fake-images-img2img/00044_sd35_fp4_seed167_s30_g3.5_str0.3.png,fake,0.9971076846122742,0.09809565544128418
sd15_fp16,CLIP-D,default,/media/CrispyMcMarkInc/fake-images-img2img/00057_sd15_fp16_seed180_s30_g3.5_str0.3.png,fake,0.9737136363983154,0.09714174270629883
sd3_fp8,CLIP-D,default,/media/CrispyMcMarkInc/fake-images-img2img/00040_sd3_fp8_seed163_s30_g3.5_str0.3.png,fake,0.9999254941940308,0.08798384666442871
sd15_fp4,CLIP-D,default,/media/CrispyMcMarkInc/fake-images-img2img/00063_sd15_fp4_seed186_s30_g3.5_str0.3.png,fake,0.9993650317192078,0.09695291519165039
sd35_fp4,CLIP-D,default,/media/CrispyMcMarkInc/fake-images-img2img/00065_sd35_fp4_seed188_s30_g3.5_str0.3.png,fake,0.9993233680725098,0.09649062156677246
sd35_fp16,CLIP-D,default,/media/CrispyMcMarkInc/fake-images-img2img/00044_sd35_fp16_seed167_s30_g3.5_str0.3.png,fake,0.9972078204154968,0.09668564796447754
sd35_fp8,CLIP-D,default,/media/CrispyMcMarkInc/fake-images-img2img/00074_sd35_fp8_seed197_s30_g3.5_str0.3.png,fake,0.9998873472213745,0.09515810012817383
sd15_fp4,CLIP-D,default,/media/CrispyMcMarkInc/fake-images-img2img/00052_sd15_fp4_seed175_s30_g3.5_str0.3.png,fake,0.999484658241272,0.09531188011169434
sd3_fp16,CLIP-D,default,/media/CrispyMcMarkInc/fake-images-img2img/00084_sd3_fp16_seed207_s30_g3.5_str0.3.png,fake,0.9952620267868042,0.09373664855957031
sd15_fp4,CLIP-D,default,/media/CrispyMcMarkInc/fake-images-img2img/00004_sd15_fp4_seed127_s30_g3.5_str0.3.png,fake,0.9993091821670532,0.09822249412536621
sd3_fp4,CLIP-D,default,/media/CrispyMcMarkInc/fake-images-img2img/00046_sd3_fp4_seed169_s30_g3.5_str0.3.png,fake,0.999969482421875,0.09676265716552734
sd15_fp4,CLIP-D,default,/media/CrispyMcMarkInc/fake-images-img2img/00084_sd15_fp4_seed207_s30_g3.5_str0.3.png,fake,0.995230495929718,0.09591913223266602
sd35_fp16,CLIP-D,default,/media/CrispyMcMarkInc/fake-images-img2img/00070_sd35_fp16_seed193_s30_g3.5_str0.3.png,fake,0.9998164772987366,0.09552311897277832
sd3_fp8,CLIP-D,default,/media/CrispyMcMarkInc/fake-images-img2img/00010_sd3_fp8_seed133_s30_g3.5_str0.3.png,fake,0.9996941089630127,0.09545445442199707
sd35_fp8,CLIP-D,default,/media/CrispyMcMarkInc/fake-images-img2img/00082_sd35_fp8_seed205_s30_g3.5_str0.3.png,fake,0.9998571872711182,0.08844518661499023
sd3_fp8,CLIP-D,default,/media/CrispyMcMarkInc/fake-images-img2img/00059_sd3_fp8_seed182_s30_g3.5_str0.3.png,fake,0.977208137512207,0.09510111808776855
sd3_fp8,CLIP-D,default,/media/CrispyMcMarkInc/fake-images-img2img/00067_sd3_fp8_seed190_s30_g3.5_str0.3.png,fake,0.9997896552085876,0.10177063941955566
sd3_fp8,CLIP-D,default,/media/CrispyMcMarkInc/fake-images-img2img/00045_sd3_fp8_seed168_s30_g3.5_str0.3.png,fake,0.9999557733535767,0.10580682754516602
sd15_fp4,CLIP-D,default,/media/CrispyMcMarkInc/fake-images-img2img/00001_sd15_fp4_seed124_s30_g3.5_str0.3.png,fake,0.9996699094772339,0.10308194160461426
sd3_fp8,CLIP-D,default,/media/CrispyMcMarkInc/fake-images-img2img/00074_sd3_fp8_seed197_s30_g3.5_str0.3.png,fake,0.9999109506607056,0.10384225845336914
sd35_fp4,CLIP-D,default,/media/CrispyMcMarkInc/fake-images-img2img/00089_sd35_fp4_seed212_s30_g3.5_str0.3.png,fake,0.9990932941436768,0.09795641899108887
sd15_fp4,CLIP-D,default,/media/CrispyMcMarkInc/fake-images-img2img/00033_sd15_fp4_seed156_s30_g3.5_str0.3.png,fake,0.9998142123222351,0.09591126441955566
sd35_fp16,CLIP-D,default,/media/CrispyMcMarkInc/fake-images-img2img/00013_sd35_fp16_seed136_s30_g3.5_str0.3.png,fake,0.9999469518661499,0.09324049949645996
sd3_fp8,CLIP-D,default,/media/CrispyMcMarkInc/fake-images-img2img/00043_sd3_fp8_seed166_s30_g3.5_str0.3.png,fake,0.9999494552612305,0.09508895874023438
sd3_fp8,CLIP-D,default,/media/CrispyMcMarkInc/fake-images-img2img/00080_sd3_fp8_seed203_s30_g3.5_str0.3.png,fake,0.9903658628463745,0.08849835395812988
sd3_fp4,CLIP-D,default,/media/CrispyMcMarkInc/fake-images-img2img/00026_sd3_fp4_seed149_s30_g3.5_str0.3.png,fake,0.9995884299278259,0.09503769874572754
sd35_fp8,CLIP-D,default,/media/CrispyMcMarkInc/fake-images-img2img/00027_sd35_fp8_seed150_s30_g3.5_str0.3.png,fake,0.9985717535018921,0.09505558013916016
sd35_fp4,CLIP-D,default,/media/CrispyMcMarkInc/fake-images-img2img/00081_sd35_fp4_seed204_s30_g3.5_str0.3.png,fake,0.9992884397506714,0.09580707550048828
sd15_fp16,CLIP-D,default,/media/CrispyMcMarkInc/fake-images-img2img/00087_sd15_fp16_seed210_s30_g3.5_str0.3.png,fake,0.9990594983100891,0.09514141082763672
sd15_fp16,CLIP-D,default,/media/CrispyMcMarkInc/fake-images-img2img/00020_sd15_fp16_seed143_s30_g3.5_str0.3.png,fake,0.998406708240509,0.0937962532043457
sd35_fp4,CLIP-D,default,/media/CrispyMcMarkInc/fake-images-img2img/00095_sd35_fp4_seed218_s30_g3.5_str0.3.png,fake,0.9999263286590576,0.09588789939880371
sd15_fp8,CLIP-D,default,/media/CrispyMcMarkInc/fake-images-img2img/00065_sd15_fp8_seed188_s30_g3.5_str0.3.png,fake,0.9979154467582703,0.09700798988342285
sd35_fp16,CLIP-D,default,/media/CrispyMcMarkInc/fake-images-img2img/00068_sd35_fp16_seed191_s30_g3.5_str0.3.png,fake,0.9999188184738159,0.08781313896179199
sd35_fp16,CLIP-D,default,/media/CrispyMcMarkInc/fake-images-img2img/00028_sd35_fp16_seed151_s30_g3.5_str0.3.png,fake,0.99733966588974,0.09574151039123535
sd15_fp16,CLIP-D,default,/media/CrispyMcMarkInc/fake-images-img2img/00081_sd15_fp16_seed204_s30_g3.5_str0.3.png,fake,0.9995020627975464,0.09432077407836914
sd35_fp4,CLIP-D,default,/media/CrispyMcMarkInc/fake-images-img2img/00035_sd35_fp4_seed158_s30_g3.5_str0.3.png,fake,0.9999368190765381,0.09514784812927246
sd3_fp4,CLIP-D,default,/media/CrispyMcMarkInc/fake-images-img2img/00003_sd3_fp4_seed126_s30_g3.5_str0.3.png,fake,0.9996317625045776,0.09290170669555664
sd35_fp8,CLIP-D,default,/media/CrispyMcMarkInc/fake-images-img2img/00085_sd35_fp8_seed208_s30_g3.5_str0.3.png,fake,0.999721348285675,0.09000182151794434
sd35_fp16,CLIP-D,default,/media/CrispyMcMarkInc/fake-images-img2img/00006_sd35_fp16_seed129_s30_g3.5_str0.3.png,fake,0.9953742623329163,0.0978701114654541
sd3_fp8,CLIP-D,default,/media/CrispyMcMarkInc/fake-images-img2img/00004_sd3_fp8_seed127_s30_g3.5_str0.3.png,fake,0.9988070726394653,0.09803199768066406
sd15_fp8,CLIP-D,default,/media/CrispyMcMarkInc/fake-images-img2img/00027_sd15_fp8_seed150_s30_g3.5_str0.3.png,fake,0.9972071051597595,0.09690976142883301
sd3_fp4,CLIP-D,default,/media/CrispyMcMarkInc/fake-images-img2img/00029_sd3_fp4_seed152_s30_g3.5_str0.3.png,fake,0.9997459053993225,0.09536051750183105
sd3_fp4,CLIP-D,default,/media/CrispyMcMarkInc/fake-images-img2img/00092_sd3_fp4_seed215_s30_g3.5_str0.3.png,fake,0.9987441301345825,0.09614753723144531
sd3_fp16,CLIP-D,default,/media/CrispyMcMarkInc/fake-images-img2img/00075_sd3_fp16_seed198_s30_g3.5_str0.3.png,fake,0.999810516834259,0.09267854690551758
sd15_fp8,CLIP-D,default,/media/CrispyMcMarkInc/fake-images-img2img/00032_sd15_fp8_seed155_s30_g3.5_str0.3.png,fake,0.999957799911499,0.0973513126373291
sd15_fp8,CLIP-D,default,/media/CrispyMcMarkInc/fake-images-img2img/00066_sd15_fp8_seed189_s30_g3.5_str0.3.png,fake,0.9976328611373901,0.09746265411376953
sd15_fp8,CLIP-D,default,/media/CrispyMcMarkInc/fake-images-img2img/00030_sd15_fp8_seed153_s30_g3.5_str0.3.png,fake,0.9963635802268982,0.09661579132080078
sd15_fp16,CLIP-D,default,/media/CrispyMcMarkInc/fake-images-img2img/00007_sd15_fp16_seed130_s30_g3.5_str0.3.png,fake,0.9995352029800415,0.08949422836303711
sd35_fp16,CLIP-D,default,/media/CrispyMcMarkInc/fake-images-img2img/00029_sd35_fp16_seed152_s30_g3.5_str0.3.png,fake,0.9997984766960144,0.0951700210571289
sd15_fp16,CLIP-D,default,/media/CrispyMcMarkInc/fake-images-img2img/00039_sd15_fp16_seed162_s30_g3.5_str0.3.png,fake,0.9984105825424194,0.09661698341369629
sd3_fp16,CLIP-D,default,/media/CrispyMcMarkInc/fake-images-img2img/00066_sd3_fp16_seed189_s30_g3.5_str0.3.png,fake,0.9954861998558044,0.09735584259033203
sd3_fp16,CLIP-D,default,/media/CrispyMcMarkInc/fake-images-img2img/00065_sd3_fp16_seed188_s30_g3.5_str0.3.png,fake,0.9987082481384277,0.09623360633850098
sd15_fp4,CLIP-D,default,/media/CrispyMcMarkInc/fake-images-img2img/00006_sd15_fp4_seed129_s30_g3.5_str0.3.png,fake,0.9985010623931885,0.08881902694702148
sd3_fp8,CLIP-D,default,/media/CrispyMcMarkInc/fake-images-img2img/00027_sd3_fp8_seed150_s30_g3.5_str0.3.png,fake,0.9975892305374146,0.09677863121032715
sd3_fp16,CLIP-D,default,/media/CrispyMcMarkInc/fake-images-img2img/00020_sd3_fp16_seed143_s30_g3.5_str0.3.png,fake,0.9983920454978943,0.09542250633239746
sd35_fp16,CLIP-D,default,/media/CrispyMcMarkInc/fake-images-img2img/00082_sd35_fp16_seed205_s30_g3.5_str0.3.png,fake,0.9998615980148315,0.09492993354797363
sd35_fp8,CLIP-D,default,/media/CrispyMcMarkInc/fake-images-img2img/00019_sd35_fp8_seed142_s30_g3.5_str0.3.png,fake,0.9995620846748352,0.09319782257080078
sd35_fp4,CLIP-D,default,/media/CrispyMcMarkInc/fake-images-img2img/00088_sd35_fp4_seed211_s30_g3.5_str0.3.png,fake,0.999106228351593,0.09725189208984375
sd3_fp4,CLIP-D,default,/media/CrispyMcMarkInc/fake-images-img2img/00095_sd3_fp4_seed218_s30_g3.5_str0.3.png,fake,0.9999039173126221,0.09472870826721191
sd15_fp16,CLIP-D,default,/media/CrispyMcMarkInc/fake-images-img2img/00074_sd15_fp16_seed197_s30_g3.5_str0.3.png,fake,0.9997445940971375,0.0962526798248291
sd15_fp8,CLIP-D,default,/media/CrispyMcMarkInc/fake-images-img2img/00079_sd15_fp8_seed202_s30_g3.5_str0.3.png,fake,0.9996267557144165,0.09343266487121582
sd15_fp16,CLIP-D,default,/media/CrispyMcMarkInc/fake-images-img2img/00035_sd15_fp16_seed158_s30_g3.5_str0.3.png,fake,0.9990981817245483,0.09470725059509277
sd3_fp4,CLIP-D,default,/media/CrispyMcMarkInc/fake-images-img2img/00035_sd3_fp4_seed158_s30_g3.5_str0.3.png,fake,0.9999271631240845,0.09146571159362793
sd15_fp4,CLIP-D,default,/media/CrispyMcMarkInc/fake-images-img2img/00010_sd15_fp4_seed133_s30_g3.5_str0.3.png,fake,0.9997807145118713,0.09342455863952637
sd3_fp4,CLIP-D,default,/media/CrispyMcMarkInc/fake-images-img2img/00099_sd3_fp4_seed222_s30_g3.5_str0.3.png,fake,0.9993320107460022,0.09403800964355469
sd3_fp8,CLIP-D,default,/media/CrispyMcMarkInc/fake-images-img2img/00058_sd3_fp8_seed181_s30_g3.5_str0.3.png,fake,0.9996609687805176,0.09177923202514648
sd35_fp16,CLIP-D,default,/media/CrispyMcMarkInc/fake-images-img2img/00041_sd35_fp16_seed164_s30_g3.5_str0.3.png,fake,0.9997068047523499,0.09205985069274902
sd3_fp16,CLIP-D,default,/media/CrispyMcMarkInc/fake-images-img2img/00042_sd3_fp16_seed165_s30_g3.5_str0.3.png,fake,0.9975988268852234,0.09319758415222168
sd15_fp8,CLIP-D,default,/media/CrispyMcMarkInc/fake-images-img2img/00080_sd15_fp8_seed203_s30_g3.5_str0.3.png,fake,0.9463127255439758,0.09774160385131836
sd35_fp16,CLIP-D,default,/media/CrispyMcMarkInc/fake-images-img2img/00046_sd35_fp16_seed169_s30_g3.5_str0.3.png,fake,0.9999210834503174,0.09097123146057129
sd35_fp4,CLIP-D,default,/media/CrispyMcMarkInc/fake-images-img2img/00019_sd35_fp4_seed142_s30_g3.5_str0.3.png,fake,0.9997785687446594,0.09262394905090332
sd3_fp4,CLIP-D,default,/media/CrispyMcMarkInc/fake-images-img2img/00073_sd3_fp4_seed196_s30_g3.5_str0.3.png,fake,0.9999547004699707,0.09375762939453125
sd3_fp16,CLIP-D,default,/media/CrispyMcMarkInc/fake-images-img2img/00015_sd3_fp16_seed138_s30_g3.5_str0.3.png,fake,0.9994093179702759,0.09624981880187988
sd3_fp4,CLIP-D,default,/media/CrispyMcMarkInc/fake-images-img2img/00025_sd3_fp4_seed148_s30_g3.5_str0.3.png,fake,0.9999725818634033,0.09599852561950684
sd3_fp8,CLIP-D,default,/media/CrispyMcMarkInc/fake-images-img2img/00057_sd3_fp8_seed180_s30_g3.5_str0.3.png,fake,0.9979378581047058,0.0937662124633789
sd15_fp8,CLIP-D,default,/media/CrispyMcMarkInc/fake-images-img2img/00092_sd15_fp8_seed215_s30_g3.5_str0.3.png,fake,0.9998239874839783,0.0949859619140625
sd3_fp16,CLIP-D,default,/media/CrispyMcMarkInc/fake-images-img2img/00000_sd3_fp16_seed123_s30_g3.5_str0.3.png,fake,0.9995597004890442,0.0963754653930664
sd35_fp4,CLIP-D,default,/media/CrispyMcMarkInc/fake-images-img2img/00029_sd35_fp4_seed152_s30_g3.5_str0.3.png,fake,0.9998294115066528,0.09238243103027344
sd3_fp8,CLIP-D,default,/media/CrispyMcMarkInc/fake-images-img2img/00016_sd3_fp8_seed139_s30_g3.5_str0.3.png,fake,0.9540194272994995,0.09183621406555176
sd3_fp8,CLIP-D,default,/media/CrispyMcMarkInc/fake-images-img2img/00006_sd3_fp8_seed129_s30_g3.5_str0.3.png,fake,0.99669349193573,0.1053154468536377
sd35_fp8,CLIP-D,default,/media/CrispyMcMarkInc/fake-images-img2img/00090_sd35_fp8_seed213_s30_g3.5_str0.3.png,fake,0.9874563813209534,0.09223771095275879
sd35_fp8,CLIP-D,default,/media/CrispyMcMarkInc/fake-images-img2img/00059_sd35_fp8_seed182_s30_g3.5_str0.3.png,fake,0.9981228709220886,0.09512901306152344
sd3_fp16,CLIP-D,default,/media/CrispyMcMarkInc/fake-images-img2img/00092_sd3_fp16_seed215_s30_g3.5_str0.3.png,fake,0.9875203371047974,0.09295105934143066
sd15_fp16,CLIP-D,default,/media/CrispyMcMarkInc/fake-images-img2img/00072_sd15_fp16_seed195_s30_g3.5_str0.3.png,fake,0.9969919919967651,0.0952298641204834
sd35_fp4,CLIP-D,default,/media/CrispyMcMarkInc/fake-images-img2img/00072_sd35_fp4_seed195_s30_g3.5_str0.3.png,fake,0.9998007416725159,0.08655571937561035
sd15_fp16,CLIP-D,default,/media/CrispyMcMarkInc/fake-images-img2img/00005_sd15_fp16_seed128_s30_g3.5_str0.3.png,fake,0.9990776777267456,0.0874629020690918
sd35_fp4,CLIP-D,default,/media/CrispyMcMarkInc/fake-images-img2img/00070_sd35_fp4_seed193_s30_g3.5_str0.3.png,fake,0.9997658133506775,0.09304332733154297
sd3_fp16,CLIP-D,default,/media/CrispyMcMarkInc/fake-images-img2img/00003_sd3_fp16_seed126_s30_g3.5_str0.3.png,fake,0.9971820116043091,0.09233641624450684
sd35_fp16,CLIP-D,default,/media/CrispyMcMarkInc/fake-images-img2img/00067_sd35_fp16_seed190_s30_g3.5_str0.3.png,fake,0.9998323917388916,0.09178924560546875
sd35_fp8,CLIP-D,default,/media/CrispyMcMarkInc/fake-images-img2img/00053_sd35_fp8_seed176_s30_g3.5_str0.3.png,fake,0.986160397529602,0.09118199348449707
sd15_fp16,CLIP-D,default,/media/CrispyMcMarkInc/fake-images-img2img/00076_sd15_fp16_seed199_s30_g3.5_str0.3.png,fake,0.9772447943687439,0.09212875366210938
sd3_fp4,CLIP-D,default,/media/CrispyMcMarkInc/fake-images-img2img/00001_sd3_fp4_seed124_s30_g3.5_str0.3.png,fake,0.9994727969169617,0.09156012535095215
sd15_fp16,CLIP-D,default,/media/CrispyMcMarkInc/fake-images-img2img/00090_sd15_fp16_seed213_s30_g3.5_str0.3.png,fake,0.9982194304466248,0.09527420997619629
sd35_fp4,CLIP-D,default,/media/CrispyMcMarkInc/fake-images-img2img/00084_sd35_fp4_seed207_s30_g3.5_str0.3.png,fake,0.9982465505599976,0.08425760269165039
sd35_fp4,CLIP-D,default,/media/CrispyMcMarkInc/fake-images-img2img/00052_sd35_fp4_seed175_s30_g3.5_str0.3.png,fake,0.9979304075241089,0.09506845474243164
sd35_fp8,CLIP-D,default,/media/CrispyMcMarkInc/fake-images-img2img/00042_sd35_fp8_seed165_s30_g3.5_str0.3.png,fake,0.9976626634597778,0.093841552734375
sd15_fp16,CLIP-D,default,/media/CrispyMcMarkInc/fake-images-img2img/00047_sd15_fp16_seed170_s30_g3.5_str0.3.png,fake,0.9999566078186035,0.09660124778747559
sd35_fp8,CLIP-D,default,/media/CrispyMcMarkInc/fake-images-img2img/00068_sd35_fp8_seed191_s30_g3.5_str0.3.png,fake,0.9998961687088013,0.09314250946044922
sd3_fp16,CLIP-D,default,/media/CrispyMcMarkInc/fake-images-img2img/00090_sd3_fp16_seed213_s30_g3.5_str0.3.png,fake,0.9891589283943176,0.0956423282623291
sd15_fp16,CLIP-D,default,/media/CrispyMcMarkInc/fake-images-img2img/00012_sd15_fp16_seed135_s30_g3.5_str0.3.png,fake,0.9996352195739746,0.09757041931152344
sd35_fp4,CLIP-D,default,/media/CrispyMcMarkInc/fake-images-img2img/00045_sd35_fp4_seed168_s30_g3.5_str0.3.png,fake,0.9999678134918213,0.09379363059997559
sd15_fp4,CLIP-D,default,/media/CrispyMcMarkInc/fake-images-img2img/00021_sd15_fp4_seed144_s30_g3.5_str0.3.png,fake,0.999782383441925,0.09543871879577637
sd3_fp16,CLIP-D,default,/media/CrispyMcMarkInc/fake-images-img2img/00005_sd3_fp16_seed128_s30_g3.5_str0.3.png,fake,0.999442994594574,0.09531474113464355
sd35_fp4,CLIP-D,default,/media/CrispyMcMarkInc/fake-images-img2img/00082_sd35_fp4_seed205_s30_g3.5_str0.3.png,fake,0.9998900890350342,0.09394979476928711
sd15_fp8,CLIP-D,default,/media/CrispyMcMarkInc/fake-images-img2img/00002_sd15_fp8_seed125_s30_g3.5_str0.3.png,fake,0.9997716546058655,0.0963444709777832
sd3_fp8,CLIP-D,default,/media/CrispyMcMarkInc/fake-images-img2img/00044_sd3_fp8_seed167_s30_g3.5_str0.3.png,fake,0.9983047246932983,0.0924222469329834
sd35_fp4,CLIP-D,default,/media/CrispyMcMarkInc/fake-images-img2img/00099_sd35_fp4_seed222_s30_g3.5_str0.3.png,fake,0.9989784955978394,0.09526991844177246
sd15_fp16,CLIP-D,default,/media/CrispyMcMarkInc/fake-images-img2img/00065_sd15_fp16_seed188_s30_g3.5_str0.3.png,fake,0.9977614879608154,0.09607625007629395
sd35_fp16,CLIP-D,default,/media/CrispyMcMarkInc/fake-images-img2img/00000_sd35_fp16_seed123_s30_g3.5_str0.3.png,fake,0.9994298815727234,0.09293770790100098
sd35_fp4,CLIP-D,default,/media/CrispyMcMarkInc/fake-images-img2img/00015_sd35_fp4_seed138_s30_g3.5_str0.3.png,fake,0.9990336894989014,0.09546709060668945
sd15_fp4,CLIP-D,default,/media/CrispyMcMarkInc/fake-images-img2img/00017_sd15_fp4_seed140_s30_g3.5_str0.3.png,fake,0.9995157718658447,0.09032917022705078
sd35_fp8,CLIP-D,default,/media/CrispyMcMarkInc/fake-images-img2img/00054_sd35_fp8_seed177_s30_g3.5_str0.3.png,fake,0.9996334314346313,0.08480715751647949
sd15_fp8,CLIP-D,default,/media/CrispyMcMarkInc/fake-images-img2img/00052_sd15_fp8_seed175_s30_g3.5_str0.3.png,fake,0.999467670917511,0.08697342872619629
sd35_fp8,CLIP-D,default,/media/CrispyMcMarkInc/fake-images-img2img/00095_sd35_fp8_seed218_s30_g3.5_str0.3.png,fake,0.9999454021453857,0.0927741527557373
sd15_fp8,CLIP-D,default,/media/CrispyMcMarkInc/fake-images-img2img/00057_sd15_fp8_seed180_s30_g3.5_str0.3.png,fake,0.9651937484741211,0.0921022891998291
sd3_fp8,CLIP-D,default,/media/CrispyMcMarkInc/fake-images-img2img/00073_sd3_fp8_seed196_s30_g3.5_str0.3.png,fake,0.9999213218688965,0.09049201011657715
sd35_fp8,CLIP-D,default,/media/CrispyMcMarkInc/fake-images-img2img/00050_sd35_fp8_seed173_s30_g3.5_str0.3.png,fake,0.9994020462036133,0.08982157707214355
sd3_fp4,CLIP-D,default,/media/CrispyMcMarkInc/fake-images-img2img/00049_sd3_fp4_seed172_s30_g3.5_str0.3.png,fake,0.9995442032814026,0.08678269386291504
sd15_fp8,CLIP-D,default,/media/CrispyMcMarkInc/fake-images-img2img/00026_sd15_fp8_seed149_s30_g3.5_str0.3.png,fake,0.9997197985649109,0.08646082878112793
sd35_fp8,CLIP-D,default,/media/CrispyMcMarkInc/fake-images-img2img/00097_sd35_fp8_seed220_s30_g3.5_str0.3.png,fake,0.9998083710670471,0.08646035194396973
sd15_fp16,CLIP-D,default,/media/CrispyMcMarkInc/fake-images-img2img/00051_sd15_fp16_seed174_s30_g3.5_str0.3.png,fake,0.999915361404419,0.0959920883178711
sd15_fp8,CLIP-D,default,/media/CrispyMcMarkInc/fake-images-img2img/00054_sd15_fp8_seed177_s30_g3.5_str0.3.png,fake,0.9995601773262024,0.09143519401550293
sd3_fp4,CLIP-D,default,/media/CrispyMcMarkInc/fake-images-img2img/00093_sd3_fp4_seed216_s30_g3.5_str0.3.png,fake,0.9998806715011597,0.09458589553833008
sd3_fp16,CLIP-D,default,/media/CrispyMcMarkInc/fake-images-img2img/00096_sd3_fp16_seed219_s30_g3.5_str0.3.png,fake,0.9986629486083984,0.09502983093261719
sd35_fp4,CLIP-D,default,/media/CrispyMcMarkInc/fake-images-img2img/00064_sd35_fp4_seed187_s30_g3.5_str0.3.png,fake,0.9997507929801941,0.09292173385620117
sd35_fp4,CLIP-D,default,/media/CrispyMcMarkInc/fake-images-img2img/00060_sd35_fp4_seed183_s30_g3.5_str0.3.png,fake,0.9967535138130188,0.09480690956115723
sd35_fp16,CLIP-D,default,/media/CrispyMcMarkInc/fake-images-img2img/00089_sd35_fp16_seed212_s30_g3.5_str0.3.png,fake,0.9980261921882629,0.09187769889831543
sd35_fp16,CLIP-D,default,/media/CrispyMcMarkInc/fake-images-img2img/00086_sd35_fp16_seed209_s30_g3.5_str0.3.png,fake,0.9999649524688721,0.09434103965759277
sd3_fp4,CLIP-D,default,/media/CrispyMcMarkInc/fake-images-img2img/00062_sd3_fp4_seed185_s30_g3.5_str0.3.png,fake,0.9998379945755005,0.09465599060058594
sd15_fp16,CLIP-D,default,/media/CrispyMcMarkInc/fake-images-img2img/00026_sd15_fp16_seed149_s30_g3.5_str0.3.png,fake,0.9996840953826904,0.09283137321472168
sd3_fp4,CLIP-D,default,/media/CrispyMcMarkInc/fake-images-img2img/00059_sd3_fp4_seed182_s30_g3.5_str0.3.png,fake,0.9972130656242371,0.09734320640563965
sd15_fp8,CLIP-D,default,/media/CrispyMcMarkInc/fake-images-img2img/00070_sd15_fp8_seed193_s30_g3.5_str0.3.png,fake,0.9982465505599976,0.09429621696472168
sd35_fp4,CLIP-D,default,/media/CrispyMcMarkInc/fake-images-img2img/00006_sd35_fp4_seed129_s30_g3.5_str0.3.png,fake,0.9962921142578125,0.09374022483825684
sd35_fp16,CLIP-D,default,/media/CrispyMcMarkInc/fake-images-img2img/00015_sd35_fp16_seed138_s30_g3.5_str0.3.png,fake,0.999238133430481,0.09416651725769043
sd3_fp8,CLIP-D,default,/media/CrispyMcMarkInc/fake-images-img2img/00075_sd3_fp8_seed198_s30_g3.5_str0.3.png,fake,0.9997934699058533,0.08904242515563965
sd3_fp8,CLIP-D,default,/media/CrispyMcMarkInc/fake-images-img2img/00025_sd3_fp8_seed148_s30_g3.5_str0.3.png,fake,0.9999746084213257,0.0901787281036377
sd15_fp8,CLIP-D,default,/media/CrispyMcMarkInc/fake-images-img2img/00089_sd15_fp8_seed212_s30_g3.5_str0.3.png,fake,0.9996505975723267,0.09402656555175781
sd15_fp16,CLIP-D,default,/media/CrispyMcMarkInc/fake-images-img2img/00045_sd15_fp16_seed168_s30_g3.5_str0.3.png,fake,0.9999617338180542,0.09324336051940918
sd15_fp16,CLIP-D,default,/media/CrispyMcMarkInc/fake-images-img2img/00099_sd15_fp16_seed222_s30_g3.5_str0.3.png,fake,0.9766353368759155,0.09103035926818848
sd35_fp4,CLIP-D,default,/media/CrispyMcMarkInc/fake-images-img2img/00020_sd35_fp4_seed143_s30_g3.5_str0.3.png,fake,0.9992632269859314,0.09459352493286133
sd15_fp8,CLIP-D,default,/media/CrispyMcMarkInc/fake-images-img2img/00009_sd15_fp8_seed132_s30_g3.5_str0.3.png,fake,0.9995149374008179,0.09184885025024414
sd35_fp16,CLIP-D,default,/media/CrispyMcMarkInc/fake-images-img2img/00087_sd35_fp16_seed210_s30_g3.5_str0.3.png,fake,0.9995700716972351,0.09229683876037598
sd3_fp4,CLIP-D,default,/media/CrispyMcMarkInc/fake-images-img2img/00009_sd3_fp4_seed132_s30_g3.5_str0.3.png,fake,0.9994718432426453,0.09161138534545898
sd35_fp16,CLIP-D,default,/media/CrispyMcMarkInc/fake-images-img2img/00030_sd35_fp16_seed153_s30_g3.5_str0.3.png,fake,0.9992409944534302,0.08743000030517578
sd35_fp8,CLIP-D,default,/media/CrispyMcMarkInc/fake-images-img2img/00047_sd35_fp8_seed170_s30_g3.5_str0.3.png,fake,0.9998970031738281,0.09284758567810059
sd3_fp4,CLIP-D,default,/media/CrispyMcMarkInc/fake-images-img2img/00054_sd3_fp4_seed177_s30_g3.5_str0.3.png,fake,0.9999352693557739,0.09532809257507324
sd35_fp8,CLIP-D,default,/media/CrispyMcMarkInc/fake-images-img2img/00028_sd35_fp8_seed151_s30_g3.5_str0.3.png,fake,0.99595707654953,0.09331274032592773
sd35_fp16,CLIP-D,default,/media/CrispyMcMarkInc/fake-images-img2img/00010_sd35_fp16_seed133_s30_g3.5_str0.3.png,fake,0.9997345805168152,0.0951998233795166
sd15_fp8,CLIP-D,default,/media/CrispyMcMarkInc/fake-images-img2img/00047_sd15_fp8_seed170_s30_g3.5_str0.3.png,fake,0.9999561309814453,0.09625482559204102
sd15_fp4,CLIP-D,default,/media/CrispyMcMarkInc/fake-images-img2img/00082_sd15_fp4_seed205_s30_g3.5_str0.3.png,fake,0.9997736811637878,0.09717011451721191
sd3_fp8,CLIP-D,default,/media/CrispyMcMarkInc/fake-images-img2img/00008_sd3_fp8_seed131_s30_g3.5_str0.3.png,fake,0.9991746544837952,0.0950779914855957
sd15_fp4,CLIP-D,default,/media/CrispyMcMarkInc/fake-images-img2img/00051_sd15_fp4_seed174_s30_g3.5_str0.3.png,fake,0.9998735189437866,0.09496521949768066
sd15_fp16,CLIP-D,default,/media/CrispyMcMarkInc/fake-images-img2img/00018_sd15_fp16_seed141_s30_g3.5_str0.3.png,fake,0.999925971031189,0.09160971641540527
sd3_fp4,CLIP-D,default,/media/CrispyMcMarkInc/fake-images-img2img/00002_sd3_fp4_seed125_s30_g3.5_str0.3.png,fake,0.9999423027038574,0.09112930297851562
sd15_fp4,CLIP-D,default,/media/CrispyMcMarkInc/fake-images-img2img/00005_sd15_fp4_seed128_s30_g3.5_str0.3.png,fake,0.999402642250061,0.09133243560791016
sd35_fp4,CLIP-D,default,/media/CrispyMcMarkInc/fake-images-img2img/00040_sd35_fp4_seed163_s30_g3.5_str0.3.png,fake,0.9999585151672363,0.0883488655090332
sd3_fp8,CLIP-D,default,/media/CrispyMcMarkInc/fake-images-img2img/00034_sd3_fp8_seed157_s30_g3.5_str0.3.png,fake,0.9977854490280151,0.09279227256774902
sd3_fp8,CLIP-D,default,/media/CrispyMcMarkInc/fake-images-img2img/00077_sd3_fp8_seed200_s30_g3.5_str0.3.png,fake,0.999834418296814,0.09372735023498535
sd3_fp4,CLIP-D,default,/media/CrispyMcMarkInc/fake-images-img2img/00084_sd3_fp4_seed207_s30_g3.5_str0.3.png,fake,0.9989093542098999,0.09273791313171387
sd15_fp8,CLIP-D,default,/media/CrispyMcMarkInc/fake-images-img2img/00011_sd15_fp8_seed134_s30_g3.5_str0.3.png,fake,0.937016487121582,0.08561444282531738
sd15_fp4,CLIP-D,default,/media/CrispyMcMarkInc/fake-images-img2img/00028_sd15_fp4_seed151_s30_g3.5_str0.3.png,fake,0.9995205402374268,0.09449291229248047
sd35_fp4,CLIP-D,default,/media/CrispyMcMarkInc/fake-images-img2img/00047_sd35_fp4_seed170_s30_g3.5_str0.3.png,fake,0.9998328685760498,0.09288978576660156
sd3_fp8,CLIP-D,default,/media/CrispyMcMarkInc/fake-images-img2img/00092_sd3_fp8_seed215_s30_g3.5_str0.3.png,fake,0.977042019367218,0.09321069717407227
sd35_fp8,CLIP-D,default,/media/CrispyMcMarkInc/fake-images-img2img/00076_sd35_fp8_seed199_s30_g3.5_str0.3.png,fake,0.9929621815681458,0.09494256973266602
sd3_fp8,CLIP-D,default,/media/CrispyMcMarkInc/fake-images-img2img/00066_sd3_fp8_seed189_s30_g3.5_str0.3.png,fake,0.9949885010719299,0.09409213066101074
sd35_fp8,CLIP-D,default,/media/CrispyMcMarkInc/fake-images-img2img/00011_sd35_fp8_seed134_s30_g3.5_str0.3.png,fake,0.999703586101532,0.09468650817871094
sd15_fp8,CLIP-D,default,/media/CrispyMcMarkInc/fake-images-img2img/00020_sd15_fp8_seed143_s30_g3.5_str0.3.png,fake,0.9986396431922913,0.09689116477966309
sd15_fp4,CLIP-D,default,/media/CrispyMcMarkInc/fake-images-img2img/00075_sd15_fp4_seed198_s30_g3.5_str0.3.png,fake,0.999723494052887,0.09459614753723145
sd35_fp4,CLIP-D,default,/media/CrispyMcMarkInc/fake-images-img2img/00079_sd35_fp4_seed202_s30_g3.5_str0.3.png,fake,0.9992662072181702,0.09288716316223145
sd3_fp16,CLIP-D,default,/media/CrispyMcMarkInc/fake-images-img2img/00095_sd3_fp16_seed218_s30_g3.5_str0.3.png,fake,0.9999586343765259,0.09566617012023926
sd15_fp8,CLIP-D,default,/media/CrispyMcMarkInc/fake-images-img2img/00029_sd15_fp8_seed152_s30_g3.5_str0.3.png,fake,0.9997604489326477,0.08679366111755371
sd3_fp4,CLIP-D,default,/media/CrispyMcMarkInc/fake-images-img2img/00043_sd3_fp4_seed166_s30_g3.5_str0.3.png,fake,0.9999589920043945,0.08682823181152344
sd15_fp16,CLIP-D,default,/media/CrispyMcMarkInc/fake-images-img2img/00053_sd15_fp16_seed176_s30_g3.5_str0.3.png,fake,0.9981297850608826,0.09508275985717773
sd15_fp8,CLIP-D,default,/media/CrispyMcMarkInc/fake-images-img2img/00003_sd15_fp8_seed126_s30_g3.5_str0.3.png,fake,0.9995438456535339,0.08914971351623535
sd15_fp8,CLIP-D,default,/media/CrispyMcMarkInc/fake-images-img2img/00021_sd15_fp8_seed144_s30_g3.5_str0.3.png,fake,0.999769389629364,0.0891730785369873
sd15_fp16,CLIP-D,default,/media/CrispyMcMarkInc/fake-images-img2img/00058_sd15_fp16_seed181_s30_g3.5_str0.3.png,fake,0.9932143688201904,0.09754657745361328
sd35_fp4,CLIP-D,default,/media/CrispyMcMarkInc/fake-images-img2img/00043_sd35_fp4_seed166_s30_g3.5_str0.3.png,fake,0.9997918009757996,0.09663152694702148
sd3_fp4,CLIP-D,default,/media/CrispyMcMarkInc/fake-images-img2img/00088_sd3_fp4_seed211_s30_g3.5_str0.3.png,fake,0.9998067021369934,0.0964517593383789
sd3_fp4,CLIP-D,default,/media/CrispyMcMarkInc/fake-images-img2img/00030_sd3_fp4_seed153_s30_g3.5_str0.3.png,fake,0.999808132648468,0.0870978832244873
sd35_fp8,CLIP-D,default,/media/CrispyMcMarkInc/fake-images-img2img/00039_sd35_fp8_seed162_s30_g3.5_str0.3.png,fake,0.9987653493881226,0.0872800350189209
sd15_fp8,CLIP-D,default,/media/CrispyMcMarkInc/fake-images-img2img/00072_sd15_fp8_seed195_s30_g3.5_str0.3.png,fake,0.9970635771751404,0.0984656810760498
sd3_fp8,CLIP-D,default,/media/CrispyMcMarkInc/fake-images-img2img/00042_sd3_fp8_seed165_s30_g3.5_str0.3.png,fake,0.9978601336479187,0.09491324424743652
sd35_fp4,CLIP-D,default,/media/CrispyMcMarkInc/fake-images-img2img/00087_sd35_fp4_seed210_s30_g3.5_str0.3.png,fake,0.9996455907821655,0.09402179718017578
sd3_fp16,CLIP-D,default,/media/CrispyMcMarkInc/fake-images-img2img/00079_sd3_fp16_seed202_s30_g3.5_str0.3.png,fake,0.9995352029800415,0.09436750411987305
sd35_fp16,CLIP-D,default,/media/CrispyMcMarkInc/fake-images-img2img/00081_sd35_fp16_seed204_s30_g3.5_str0.3.png,fake,0.9994884729385376,0.09223484992980957
sd35_fp8,CLIP-D,default,/media/CrispyMcMarkInc/fake-images-img2img/00052_sd35_fp8_seed175_s30_g3.5_str0.3.png,fake,0.9979923963546753,0.09324121475219727
sd35_fp16,CLIP-D,default,/media/CrispyMcMarkInc/fake-images-img2img/00020_sd35_fp16_seed143_s30_g3.5_str0.3.png,fake,0.998808741569519,0.08743643760681152
sd15_fp4,CLIP-D,default,/media/CrispyMcMarkInc/fake-images-img2img/00064_sd15_fp4_seed187_s30_g3.5_str0.3.png,fake,0.9995496869087219,0.09526586532592773
sd15_fp4,CLIP-D,default,/media/CrispyMcMarkInc/fake-images-img2img/00025_sd15_fp4_seed148_s30_g3.5_str0.3.png,fake,0.9999148845672607,0.09601306915283203
sd3_fp16,CLIP-D,default,/media/CrispyMcMarkInc/fake-images-img2img/00037_sd3_fp16_seed160_s30_g3.5_str0.3.png,fake,0.990006685256958,0.09711170196533203
sd3_fp16,CLIP-D,default,/media/CrispyMcMarkInc/fake-images-img2img/00050_sd3_fp16_seed173_s30_g3.5_str0.3.png,fake,0.9988362193107605,0.09084105491638184
sd15_fp16,CLIP-D,default,/media/CrispyMcMarkInc/fake-images-img2img/00093_sd15_fp16_seed216_s30_g3.5_str0.3.png,fake,0.9999181032180786,0.09666848182678223
sd3_fp16,CLIP-D,default,/media/CrispyMcMarkInc/fake-images-img2img/00061_sd3_fp16_seed184_s30_g3.5_str0.3.png,fake,0.9998393058776855,0.09534120559692383
sd15_fp16,CLIP-D,default,/media/CrispyMcMarkInc/fake-images-img2img/00006_sd15_fp16_seed129_s30_g3.5_str0.3.png,fake,0.9983386993408203,0.09757804870605469
sd35_fp8,CLIP-D,default,/media/CrispyMcMarkInc/fake-images-img2img/00036_sd35_fp8_seed159_s30_g3.5_str0.3.png,fake,0.9970269799232483,0.09296011924743652
sd15_fp8,CLIP-D,default,/media/CrispyMcMarkInc/fake-images-img2img/00078_sd15_fp8_seed201_s30_g3.5_str0.3.png,fake,0.9889954328536987,0.09238052368164062
sd15_fp16,CLIP-D,default,/media/CrispyMcMarkInc/fake-images-img2img/00041_sd15_fp16_seed164_s30_g3.5_str0.3.png,fake,0.9942867159843445,0.09204220771789551
sd15_fp4,CLIP-D,default,/media/CrispyMcMarkInc/fake-images-img2img/00055_sd15_fp4_seed178_s30_g3.5_str0.3.png,fake,0.9999490976333618,0.09524679183959961
sd35_fp16,CLIP-D,default,/media/CrispyMcMarkInc/fake-images-img2img/00083_sd35_fp16_seed206_s30_g3.5_str0.3.png,fake,0.999832034111023,0.09396696090698242
sd35_fp8,CLIP-D,default,/media/CrispyMcMarkInc/fake-images-img2img/00048_sd35_fp8_seed171_s30_g3.5_str0.3.png,fake,0.9950637221336365,0.09093999862670898
sd35_fp4,CLIP-D,default,/media/CrispyMcMarkInc/fake-images-img2img/00030_sd35_fp4_seed153_s30_g3.5_str0.3.png,fake,0.9999271631240845,0.08543586730957031
sd3_fp8,CLIP-D,default,/media/CrispyMcMarkInc/fake-images-img2img/00046_sd3_fp8_seed169_s30_g3.5_str0.3.png,fake,0.9999748468399048,0.09130430221557617
sd15_fp4,CLIP-D,default,/media/CrispyMcMarkInc/fake-images-img2img/00071_sd15_fp4_seed194_s30_g3.5_str0.3.png,fake,0.9995942711830139,0.095977783203125
sd3_fp8,CLIP-D,default,/media/CrispyMcMarkInc/fake-images-img2img/00061_sd3_fp8_seed184_s30_g3.5_str0.3.png,fake,0.9998206496238708,0.09272503852844238
sd35_fp16,CLIP-D,default,/media/CrispyMcMarkInc/fake-images-img2img/00027_sd35_fp16_seed150_s30_g3.5_str0.3.png,fake,0.9986857771873474,0.08369708061218262
sd35_fp8,CLIP-D,default,/media/CrispyMcMarkInc/fake-images-img2img/00065_sd35_fp8_seed188_s30_g3.5_str0.3.png,fake,0.9990870952606201,0.09651041030883789
sd35_fp16,CLIP-D,default,/media/CrispyMcMarkInc/fake-images-img2img/00009_sd35_fp16_seed132_s30_g3.5_str0.3.png,fake,0.9990500807762146,0.09155011177062988
sd3_fp16,CLIP-D,default,/media/CrispyMcMarkInc/fake-images-img2img/00004_sd3_fp16_seed127_s30_g3.5_str0.3.png,fake,0.9986851811408997,0.09230828285217285
sd3_fp16,CLIP-D,default,/media/CrispyMcMarkInc/fake-images-img2img/00049_sd3_fp16_seed172_s30_g3.5_str0.3.png,fake,0.999417781829834,0.09247326850891113
sd35_fp16,CLIP-D,default,/media/CrispyMcMarkInc/fake-images-img2img/00052_sd35_fp16_seed175_s30_g3.5_str0.3.png,fake,0.9975295662879944,0.08829188346862793
sd15_fp16,CLIP-D,default,/media/CrispyMcMarkInc/fake-images-img2img/00034_sd15_fp16_seed157_s30_g3.5_str0.3.png,fake,0.9877927899360657,0.07513904571533203
sd15_fp8,CLIP-D,default,/media/CrispyMcMarkInc/fake-images-img2img/00086_sd15_fp8_seed209_s30_g3.5_str0.3.png,fake,0.9999691247940063,0.09621477127075195
sd3_fp16,CLIP-D,default,/media/CrispyMcMarkInc/fake-images-img2img/00028_sd3_fp16_seed151_s30_g3.5_str0.3.png,fake,0.9983229041099548,0.09848642349243164
sd3_fp8,CLIP-D,default,/media/CrispyMcMarkInc/fake-images-img2img/00022_sd3_fp8_seed145_s30_g3.5_str0.3.png,fake,0.9991806149482727,0.08469462394714355
sd35_fp16,CLIP-D,default,/media/CrispyMcMarkInc/fake-images-img2img/00024_sd35_fp16_seed147_s30_g3.5_str0.3.png,fake,0.9998427629470825,0.09341645240783691
sd15_fp8,CLIP-D,default,/media/CrispyMcMarkInc/fake-images-img2img/00084_sd15_fp8_seed207_s30_g3.5_str0.3.png,fake,0.9951642751693726,0.09045052528381348
sd15_fp4,CLIP-D,default,/media/CrispyMcMarkInc/fake-images-img2img/00057_sd15_fp4_seed180_s30_g3.5_str0.3.png,fake,0.9824496507644653,0.09206080436706543
sd3_fp16,CLIP-D,default,/media/CrispyMcMarkInc/fake-images-img2img/00006_sd3_fp16_seed129_s30_g3.5_str0.3.png,fake,0.9968019723892212,0.09559297561645508
sd3_fp8,CLIP-D,default,/media/CrispyMcMarkInc/fake-images-img2img/00029_sd3_fp8_seed152_s30_g3.5_str0.3.png,fake,0.9989983439445496,0.09168887138366699
sd35_fp16,CLIP-D,default,/media/CrispyMcMarkInc/fake-images-img2img/00032_sd35_fp16_seed155_s30_g3.5_str0.3.png,fake,0.9999523162841797,0.09564948081970215
sd3_fp16,CLIP-D,default,/media/CrispyMcMarkInc/fake-images-img2img/00069_sd3_fp16_seed192_s30_g3.5_str0.3.png,fake,0.9998428821563721,0.09331870079040527
sd3_fp16,CLIP-D,default,/media/CrispyMcMarkInc/fake-images-img2img/00083_sd3_fp16_seed206_s30_g3.5_str0.3.png,fake,0.999848484992981,0.09386229515075684
sd15_fp8,CLIP-D,default,/media/CrispyMcMarkInc/fake-images-img2img/00008_sd15_fp8_seed131_s30_g3.5_str0.3.png,fake,0.9993851184844971,0.08924412727355957
sd15_fp8,CLIP-D,default,/media/CrispyMcMarkInc/fake-images-img2img/00064_sd15_fp8_seed187_s30_g3.5_str0.3.png,fake,0.999450147151947,0.09196710586547852
sd3_fp4,CLIP-D,default,/media/CrispyMcMarkInc/fake-images-img2img/00031_sd3_fp4_seed154_s30_g3.5_str0.3.png,fake,0.9998148083686829,0.09302377700805664
sd35_fp4,CLIP-D,default,/media/CrispyMcMarkInc/fake-images-img2img/00041_sd35_fp4_seed164_s30_g3.5_str0.3.png,fake,0.9996887445449829,0.0870361328125
sd15_fp16,CLIP-D,default,/media/CrispyMcMarkInc/fake-images-img2img/00068_sd15_fp16_seed191_s30_g3.5_str0.3.png,fake,0.9998886585235596,0.09500503540039062
sd15_fp8,CLIP-D,default,/media/CrispyMcMarkInc/fake-images-img2img/00055_sd15_fp8_seed178_s30_g3.5_str0.3.png,fake,0.9999614953994751,0.09510922431945801
sd15_fp16,CLIP-D,default,/media/CrispyMcMarkInc/fake-images-img2img/00044_sd15_fp16_seed167_s30_g3.5_str0.3.png,fake,0.99883633852005,0.09481644630432129
sd15_fp8,CLIP-D,default,/media/CrispyMcMarkInc/fake-images-img2img/00004_sd15_fp8_seed127_s30_g3.5_str0.3.png,fake,0.999303936958313,0.09302139282226562
sd15_fp8,CLIP-D,default,/media/CrispyMcMarkInc/fake-images-img2img/00053_sd15_fp8_seed176_s30_g3.5_str0.3.png,fake,0.9980344176292419,0.09670567512512207
sd3_fp4,CLIP-D,default,/media/CrispyMcMarkInc/fake-images-img2img/00024_sd3_fp4_seed147_s30_g3.5_str0.3.png,fake,0.9998824596405029,0.09390711784362793
sd35_fp16,CLIP-D,default,/media/CrispyMcMarkInc/fake-images-img2img/00050_sd35_fp16_seed173_s30_g3.5_str0.3.png,fake,0.9994762539863586,0.08874940872192383
sd3_fp16,CLIP-D,default,/media/CrispyMcMarkInc/fake-images-img2img/00088_sd3_fp16_seed211_s30_g3.5_str0.3.png,fake,0.999270498752594,0.09581279754638672
sd35_fp8,CLIP-D,default,/media/CrispyMcMarkInc/fake-images-img2img/00056_sd35_fp8_seed179_s30_g3.5_str0.3.png,fake,0.9997455477714539,0.0928194522857666
sd15_fp4,CLIP-D,default,/media/CrispyMcMarkInc/fake-images-img2img/00003_sd15_fp4_seed126_s30_g3.5_str0.3.png,fake,0.9994182586669922,0.0940406322479248
sd3_fp16,CLIP-D,default,/media/CrispyMcMarkInc/fake-images-img2img/00011_sd3_fp16_seed134_s30_g3.5_str0.3.png,fake,0.9992751479148865,0.08923721313476562
sd3_fp4,CLIP-D,default,/media/CrispyMcMarkInc/fake-images-img2img/00090_sd3_fp4_seed213_s30_g3.5_str0.3.png,fake,0.9982249140739441,0.09534049034118652
sd15_fp8,CLIP-D,default,/media/CrispyMcMarkInc/fake-images-img2img/00061_sd15_fp8_seed184_s30_g3.5_str0.3.png,fake,0.9989827275276184,0.09292292594909668
sd3_fp8,CLIP-D,default,/media/CrispyMcMarkInc/fake-images-img2img/00028_sd3_fp8_seed151_s30_g3.5_str0.3.png,fake,0.9986445307731628,0.09305953979492188
sd15_fp4,CLIP-D,default,/media/CrispyMcMarkInc/fake-images-img2img/00014_sd15_fp4_seed137_s30_g3.5_str0.3.png,fake,0.9992499947547913,0.09502482414245605
sd15_fp4,CLIP-D,default,/media/CrispyMcMarkInc/fake-images-img2img/00040_sd15_fp4_seed163_s30_g3.5_str0.3.png,fake,0.999902606010437,0.09386467933654785
sd35_fp4,CLIP-D,default,/media/CrispyMcMarkInc/fake-images-img2img/00034_sd35_fp4_seed157_s30_g3.5_str0.3.png,fake,0.9883720278739929,0.0958707332611084
sd15_fp4,CLIP-D,default,/media/CrispyMcMarkInc/fake-images-img2img/00020_sd15_fp4_seed143_s30_g3.5_str0.3.png,fake,0.9983623623847961,0.09416055679321289
sd35_fp8,CLIP-D,default,/media/CrispyMcMarkInc/fake-images-img2img/00093_sd35_fp8_seed216_s30_g3.5_str0.3.png,fake,0.9998695850372314,0.0948481559753418
sd15_fp8,CLIP-D,default,/media/CrispyMcMarkInc/fake-images-img2img/00090_sd15_fp8_seed213_s30_g3.5_str0.3.png,fake,0.9986977577209473,0.09071826934814453
sd35_fp8,CLIP-D,default,/media/CrispyMcMarkInc/fake-images-img2img/00088_sd35_fp8_seed211_s30_g3.5_str0.3.png,fake,0.9983988404273987,0.0972754955291748
sd3_fp4,CLIP-D,default,/media/CrispyMcMarkInc/fake-images-img2img/00015_sd3_fp4_seed138_s30_g3.5_str0.3.png,fake,0.9995797276496887,0.0851583480834961
sd15_fp16,CLIP-D,default,/media/CrispyMcMarkInc/fake-images-img2img/00024_sd15_fp16_seed147_s30_g3.5_str0.3.png,fake,0.9998558759689331,0.0952460765838623
sd35_fp16,CLIP-D,default,/media/CrispyMcMarkInc/fake-images-img2img/00019_sd35_fp16_seed142_s30_g3.5_str0.3.png,fake,0.9990876913070679,0.09326696395874023
sd35_fp4,CLIP-D,default,/media/CrispyMcMarkInc/fake-images-img2img/00067_sd35_fp4_seed190_s30_g3.5_str0.3.png,fake,0.9999462366104126,0.09615516662597656
sd3_fp8,CLIP-D,default,/media/CrispyMcMarkInc/fake-images-img2img/00017_sd3_fp8_seed140_s30_g3.5_str0.3.png,fake,0.9997921586036682,0.09595179557800293
sd15_fp16,CLIP-D,default,/media/CrispyMcMarkInc/fake-images-img2img/00010_sd15_fp16_seed133_s30_g3.5_str0.3.png,fake,0.9998416900634766,0.0928347110748291
sd15_fp4,CLIP-D,default,/media/CrispyMcMarkInc/fake-images-img2img/00015_sd15_fp4_seed138_s30_g3.5_str0.3.png,fake,0.9980804920196533,0.09306097030639648
sd35_fp4,CLIP-D,default,/media/CrispyMcMarkInc/fake-images-img2img/00075_sd35_fp4_seed198_s30_g3.5_str0.3.png,fake,0.9996815919876099,0.08533215522766113
sd3_fp16,CLIP-D,default,/media/CrispyMcMarkInc/fake-images-img2img/00008_sd3_fp16_seed131_s30_g3.5_str0.3.png,fake,0.99891197681427,0.09318304061889648
sd3_fp4,CLIP-D,default,/media/CrispyMcMarkInc/fake-images-img2img/00086_sd3_fp4_seed209_s30_g3.5_str0.3.png,fake,0.9999765157699585,0.09288716316223145
sd3_fp8,CLIP-D,default,/media/CrispyMcMarkInc/fake-images-img2img/00079_sd3_fp8_seed202_s30_g3.5_str0.3.png,fake,0.9995672106742859,0.09323358535766602
sd35_fp8,CLIP-D,default,/media/CrispyMcMarkInc/fake-images-img2img/00003_sd35_fp8_seed126_s30_g3.5_str0.3.png,fake,0.9997885823249817,0.09261512756347656
sd35_fp4,CLIP-D,default,/media/CrispyMcMarkInc/fake-images-img2img/00050_sd35_fp4_seed173_s30_g3.5_str0.3.png,fake,0.9993075132369995,0.0842435359954834
sd35_fp8,CLIP-D,default,/media/CrispyMcMarkInc/fake-images-img2img/00051_sd35_fp8_seed174_s30_g3.5_str0.3.png,fake,0.9998832941055298,0.09552669525146484
sd15_fp4,CLIP-D,default,/media/CrispyMcMarkInc/fake-images-img2img/00038_sd15_fp4_seed161_s30_g3.5_str0.3.png,fake,0.9998249411582947,0.09295034408569336
sd3_fp8,CLIP-D,default,/media/CrispyMcMarkInc/fake-images-img2img/00094_sd3_fp8_seed217_s30_g3.5_str0.3.png,fake,0.9573267102241516,0.09590554237365723
sd15_fp4,CLIP-D,default,/media/CrispyMcMarkInc/fake-images-img2img/00097_sd15_fp4_seed220_s30_g3.5_str0.3.png,fake,0.9992697834968567,0.09597253799438477
sd3_fp4,CLIP-D,default,/media/CrispyMcMarkInc/fake-images-img2img/00020_sd3_fp4_seed143_s30_g3.5_str0.3.png,fake,0.9995691180229187,0.09670472145080566
sd35_fp8,CLIP-D,default,/media/CrispyMcMarkInc/fake-images-img2img/00089_sd35_fp8_seed212_s30_g3.5_str0.3.png,fake,0.999245285987854,0.09369540214538574
sd35_fp8,CLIP-D,default,/media/CrispyMcMarkInc/fake-images-img2img/00091_sd35_fp8_seed214_s30_g3.5_str0.3.png,fake,0.9994070529937744,0.09543514251708984
sd35_fp4,CLIP-D,default,/media/CrispyMcMarkInc/fake-images-img2img/00003_sd35_fp4_seed126_s30_g3.5_str0.3.png,fake,0.9986080527305603,0.08962893486022949
sd3_fp16,CLIP-D,default,/media/CrispyMcMarkInc/fake-images-img2img/00012_sd3_fp16_seed135_s30_g3.5_str0.3.png,fake,0.9978678226470947,0.09732604026794434
sd35_fp8,CLIP-D,default,/media/CrispyMcMarkInc/fake-images-img2img/00034_sd35_fp8_seed157_s30_g3.5_str0.3.png,fake,0.9902827739715576,0.0933232307434082
sd35_fp8,CLIP-D,default,/media/CrispyMcMarkInc/fake-images-img2img/00009_sd35_fp8_seed132_s30_g3.5_str0.3.png,fake,0.9989588260650635,0.09418749809265137
sd15_fp8,CLIP-D,default,/media/CrispyMcMarkInc/fake-images-img2img/00005_sd15_fp8_seed128_s30_g3.5_str0.3.png,fake,0.999038577079773,0.09243321418762207
sd15_fp4,CLIP-D,default,/media/CrispyMcMarkInc/fake-images-img2img/00056_sd15_fp4_seed179_s30_g3.5_str0.3.png,fake,0.9998167157173157,0.09402704238891602
sd3_fp16,CLIP-D,default,/media/CrispyMcMarkInc/fake-images-img2img/00098_sd3_fp16_seed221_s30_g3.5_str0.3.png,fake,0.9986677169799805,0.09379863739013672
sd3_fp4,CLIP-D,default,/media/CrispyMcMarkInc/fake-images-img2img/00033_sd3_fp4_seed156_s30_g3.5_str0.3.png,fake,0.9998407363891602,0.09307026863098145
sd35_fp16,CLIP-D,default,/media/CrispyMcMarkInc/fake-images-img2img/00025_sd35_fp16_seed148_s30_g3.5_str0.3.png,fake,0.9999808073043823,0.09474396705627441
sd35_fp4,CLIP-D,default,/media/CrispyMcMarkInc/fake-images-img2img/00090_sd35_fp4_seed213_s30_g3.5_str0.3.png,fake,0.9952664375305176,0.0925440788269043
sd15_fp16,CLIP-D,default,/media/CrispyMcMarkInc/fake-images-img2img/00043_sd15_fp16_seed166_s30_g3.5_str0.3.png,fake,0.9998514652252197,0.09389400482177734
sd35_fp4,CLIP-D,default,/media/CrispyMcMarkInc/fake-images-img2img/00086_sd35_fp4_seed209_s30_g3.5_str0.3.png,fake,0.9999591112136841,0.09630870819091797
sd35_fp8,CLIP-D,default,/media/CrispyMcMarkInc/fake-images-img2img/00073_sd35_fp8_seed196_s30_g3.5_str0.3.png,fake,0.9999287128448486,0.09380125999450684
sd35_fp4,CLIP-D,default,/media/CrispyMcMarkInc/fake-images-img2img/00018_sd35_fp4_seed141_s30_g3.5_str0.3.png,fake,0.9998499155044556,0.09366893768310547
sd15_fp4,CLIP-D,default,/media/CrispyMcMarkInc/fake-images-img2img/00030_sd15_fp4_seed153_s30_g3.5_str0.3.png,fake,0.9992039799690247,0.09509682655334473
sd3_fp4,CLIP-D,default,/media/CrispyMcMarkInc/fake-images-img2img/00082_sd3_fp4_seed205_s30_g3.5_str0.3.png,fake,0.9996737241744995,0.09592795372009277
sd15_fp4,CLIP-D,default,/media/CrispyMcMarkInc/fake-images-img2img/00093_sd15_fp4_seed216_s30_g3.5_str0.3.png,fake,0.9999074935913086,0.09670710563659668
sd3_fp16,CLIP-D,default,/media/CrispyMcMarkInc/fake-images-img2img/00072_sd3_fp16_seed195_s30_g3.5_str0.3.png,fake,0.9996862411499023,0.09564876556396484
sd3_fp16,CLIP-D,default,/media/CrispyMcMarkInc/fake-images-img2img/00062_sd3_fp16_seed185_s30_g3.5_str0.3.png,fake,0.9988555908203125,0.09235262870788574
sd15_fp4,CLIP-D,default,/media/CrispyMcMarkInc/fake-images-img2img/00007_sd15_fp4_seed130_s30_g3.5_str0.3.png,fake,0.9996587038040161,0.09355568885803223
sd3_fp16,CLIP-D,default,/media/CrispyMcMarkInc/fake-images-img2img/00053_sd3_fp16_seed176_s30_g3.5_str0.3.png,fake,0.9870348572731018,0.09328627586364746
sd15_fp4,CLIP-D,default,/media/CrispyMcMarkInc/fake-images-img2img/00039_sd15_fp4_seed162_s30_g3.5_str0.3.png,fake,0.9978038668632507,0.09471607208251953
sd3_fp8,CLIP-D,default,/media/CrispyMcMarkInc/fake-images-img2img/00052_sd3_fp8_seed175_s30_g3.5_str0.3.png,fake,0.9972412586212158,0.0942983627319336
sd3_fp8,CLIP-D,default,/media/CrispyMcMarkInc/fake-images-img2img/00021_sd3_fp8_seed144_s30_g3.5_str0.3.png,fake,0.9998636245727539,0.09260678291320801
sd35_fp16,CLIP-D,default,/media/CrispyMcMarkInc/fake-images-img2img/00054_sd35_fp16_seed177_s30_g3.5_str0.3.png,fake,0.9980177879333496,0.09099197387695312
sd15_fp16,CLIP-D,default,/media/CrispyMcMarkInc/fake-images-img2img/00096_sd15_fp16_seed219_s30_g3.5_str0.3.png,fake,0.9992115497589111,0.09346580505371094
sd15_fp16,CLIP-D,default,/media/CrispyMcMarkInc/fake-images-img2img/00079_sd15_fp16_seed202_s30_g3.5_str0.3.png,fake,0.9997238516807556,0.09573078155517578
sd3_fp16,CLIP-D,default,/media/CrispyMcMarkInc/fake-images-img2img/00010_sd3_fp16_seed133_s30_g3.5_str0.3.png,fake,0.9997373223304749,0.09546637535095215
sd15_fp8,CLIP-D,default,/media/CrispyMcMarkInc/fake-images-img2img/00096_sd15_fp8_seed219_s30_g3.5_str0.3.png,fake,0.9992073178291321,0.08873414993286133
sd3_fp4,CLIP-D,default,/media/CrispyMcMarkInc/fake-images-img2img/00022_sd3_fp4_seed145_s30_g3.5_str0.3.png,fake,0.9994763731956482,0.09746932983398438
sd15_fp8,CLIP-D,default,/media/CrispyMcMarkInc/fake-images-img2img/00039_sd15_fp8_seed162_s30_g3.5_str0.3.png,fake,0.9977098703384399,0.0961153507232666
sd15_fp16,CLIP-D,default,/media/CrispyMcMarkInc/fake-images-img2img/00091_sd15_fp16_seed214_s30_g3.5_str0.3.png,fake,0.9966756105422974,0.0917668342590332
sd3_fp8,CLIP-D,default,/media/CrispyMcMarkInc/fake-images-img2img/00031_sd3_fp8_seed154_s30_g3.5_str0.3.png,fake,0.9926429390907288,0.09069585800170898
sd3_fp8,CLIP-D,default,/media/CrispyMcMarkInc/fake-images-img2img/00037_sd3_fp8_seed160_s30_g3.5_str0.3.png,fake,0.9896962642669678,0.09219121932983398
sd15_fp16,CLIP-D,default,/media/CrispyMcMarkInc/fake-images-img2img/00030_sd15_fp16_seed153_s30_g3.5_str0.3.png,fake,0.9981934428215027,0.09025979042053223
sd35_fp4,CLIP-D,default,/media/CrispyMcMarkInc/fake-images-img2img/00001_sd35_fp4_seed124_s30_g3.5_str0.3.png,fake,0.9990625977516174,0.08823585510253906
sd15_fp8,CLIP-D,default,/media/CrispyMcMarkInc/fake-images-img2img/00073_sd15_fp8_seed196_s30_g3.5_str0.3.png,fake,0.9999079704284668,0.08981943130493164
sd3_fp4,CLIP-D,default,/media/CrispyMcMarkInc/fake-images-img2img/00053_sd3_fp4_seed176_s30_g3.5_str0.3.png,fake,0.995776891708374,0.09364056587219238
sd15_fp4,CLIP-D,default,/media/CrispyMcMarkInc/fake-images-img2img/00083_sd15_fp4_seed206_s30_g3.5_str0.3.png,fake,0.9998700618743896,0.09443163871765137
sd15_fp8,CLIP-D,default,/media/CrispyMcMarkInc/fake-images-img2img/00063_sd15_fp8_seed186_s30_g3.5_str0.3.png,fake,0.9993973970413208,0.09345245361328125
sd3_fp4,CLIP-D,default,/media/CrispyMcMarkInc/fake-images-img2img/00070_sd3_fp4_seed193_s30_g3.5_str0.3.png,fake,0.9994205236434937,0.0927131175994873
sd15_fp16,CLIP-D,default,/media/CrispyMcMarkInc/fake-images-img2img/00032_sd15_fp16_seed155_s30_g3.5_str0.3.png,fake,0.9999555349349976,0.09558582305908203
sd3_fp4,CLIP-D,default,/media/CrispyMcMarkInc/fake-images-img2img/00021_sd3_fp4_seed144_s30_g3.5_str0.3.png,fake,0.9999306201934814,0.09356999397277832
sd15_fp4,CLIP-D,default,/media/CrispyMcMarkInc/fake-images-img2img/00065_sd15_fp4_seed188_s30_g3.5_str0.3.png,fake,0.9982638955116272,0.09552764892578125
sd3_fp4,CLIP-D,default,/media/CrispyMcMarkInc/fake-images-img2img/00019_sd3_fp4_seed142_s30_g3.5_str0.3.png,fake,0.9999247789382935,0.09201264381408691
sd3_fp8,CLIP-D,default,/media/CrispyMcMarkInc/fake-images-img2img/00018_sd3_fp8_seed141_s30_g3.5_str0.3.png,fake,0.9999682903289795,0.0938408374786377
sd3_fp8,CLIP-D,default,/media/CrispyMcMarkInc/fake-images-img2img/00041_sd3_fp8_seed164_s30_g3.5_str0.3.png,fake,0.9994876384735107,0.09290337562561035
sd15_fp16,CLIP-D,default,/media/CrispyMcMarkInc/fake-images-img2img/00088_sd15_fp16_seed211_s30_g3.5_str0.3.png,fake,0.9994412064552307,0.09534430503845215
sd15_fp4,CLIP-D,default,/media/CrispyMcMarkInc/fake-images-img2img/00099_sd15_fp4_seed222_s30_g3.5_str0.3.png,fake,0.992159366607666,0.09523558616638184
sd35_fp16,CLIP-D,default,/media/CrispyMcMarkInc/fake-images-img2img/00072_sd35_fp16_seed195_s30_g3.5_str0.3.png,fake,0.9996017813682556,0.09627985954284668
sd15_fp16,CLIP-D,default,/media/CrispyMcMarkInc/fake-images-img2img/00086_sd15_fp16_seed209_s30_g3.5_str0.3.png,fake,0.9999717473983765,0.0967862606048584
sd15_fp4,CLIP-D,default,/media/CrispyMcMarkInc/fake-images-img2img/00094_sd15_fp4_seed217_s30_g3.5_str0.3.png,fake,0.9996888637542725,0.09465646743774414
sd35_fp8,CLIP-D,default,/media/CrispyMcMarkInc/fake-images-img2img/00004_sd35_fp8_seed127_s30_g3.5_str0.3.png,fake,0.9988430738449097,0.09461069107055664
sd3_fp4,CLIP-D,default,/media/CrispyMcMarkInc/fake-images-img2img/00072_sd3_fp4_seed195_s30_g3.5_str0.3.png,fake,0.9996166229248047,0.0923011302947998
sd15_fp4,CLIP-D,default,/media/CrispyMcMarkInc/fake-images-img2img/00024_sd15_fp4_seed147_s30_g3.5_str0.3.png,fake,0.9998037219047546,0.09349608421325684
sd35_fp8,CLIP-D,default,/media/CrispyMcMarkInc/fake-images-img2img/00005_sd35_fp8_seed128_s30_g3.5_str0.3.png,fake,0.9991812109947205,0.09069609642028809
sd15_fp4,CLIP-D,default,/media/CrispyMcMarkInc/fake-images-img2img/00062_sd15_fp4_seed185_s30_g3.5_str0.3.png,fake,0.9992662072181702,0.09409618377685547
sd35_fp4,CLIP-D,default,/media/CrispyMcMarkInc/fake-images-img2img/00069_sd35_fp4_seed192_s30_g3.5_str0.3.png,fake,0.999836802482605,0.09268021583557129
sd15_fp4,CLIP-D,default,/media/CrispyMcMarkInc/fake-images-img2img/00061_sd15_fp4_seed184_s30_g3.5_str0.3.png,fake,0.9990289211273193,0.09775447845458984
sd3_fp4,CLIP-D,default,/media/CrispyMcMarkInc/fake-images-img2img/00098_sd3_fp4_seed221_s30_g3.5_str0.3.png,fake,0.9994445443153381,0.08646059036254883
sd15_fp8,CLIP-D,default,/media/CrispyMcMarkInc/fake-images-img2img/00081_sd15_fp8_seed204_s30_g3.5_str0.3.png,fake,0.9996281862258911,0.09039020538330078
sd35_fp8,CLIP-D,default,/media/CrispyMcMarkInc/fake-images-img2img/00066_sd35_fp8_seed189_s30_g3.5_str0.3.png,fake,0.9914969801902771,0.09300613403320312
sd3_fp4,CLIP-D,default,/media/CrispyMcMarkInc/fake-images-img2img/00080_sd3_fp4_seed203_s30_g3.5_str0.3.png,fake,0.9896009564399719,0.09838557243347168
sd15_fp8,CLIP-D,default,/media/CrispyMcMarkInc/fake-images-img2img/00097_sd15_fp8_seed220_s30_g3.5_str0.3.png,fake,0.9996670484542847,0.09655475616455078
sd15_fp8,CLIP-D,default,/media/CrispyMcMarkInc/fake-images-img2img/00028_sd15_fp8_seed151_s30_g3.5_str0.3.png,fake,0.9992707371711731,0.09534931182861328
sd15_fp4,CLIP-D,default,/media/CrispyMcMarkInc/fake-images-img2img/00011_sd15_fp4_seed134_s30_g3.5_str0.3.png,fake,0.9828080534934998,0.09704899787902832
sd15_fp8,CLIP-D,default,/media/CrispyMcMarkInc/fake-images-img2img/00023_sd15_fp8_seed146_s30_g3.5_str0.3.png,fake,0.9263495206832886,0.09712696075439453
sd15_fp4,CLIP-D,default,/media/CrispyMcMarkInc/fake-images-img2img/00031_sd15_fp4_seed154_s30_g3.5_str0.3.png,fake,0.9998661279678345,0.09582066535949707
sd35_fp16,CLIP-D,default,/media/CrispyMcMarkInc/fake-images-img2img/00078_sd35_fp16_seed201_s30_g3.5_str0.3.png,fake,0.9975989460945129,0.09670138359069824
sd3_fp8,CLIP-D,default,/media/CrispyMcMarkInc/fake-images-img2img/00069_sd3_fp8_seed192_s30_g3.5_str0.3.png,fake,0.9997506737709045,0.0944061279296875
sd35_fp16,CLIP-D,default,/media/CrispyMcMarkInc/fake-images-img2img/00012_sd35_fp16_seed135_s30_g3.5_str0.3.png,fake,0.9999619722366333,0.09393119812011719
sd35_fp8,CLIP-D,default,/media/CrispyMcMarkInc/fake-images-img2img/00000_sd35_fp8_seed123_s30_g3.5_str0.3.png,fake,0.9994891881942749,0.09245133399963379
sd35_fp4,CLIP-D,default,/media/CrispyMcMarkInc/fake-images-img2img/00012_sd35_fp4_seed135_s30_g3.5_str0.3.png,fake,0.9997100234031677,0.09515380859375
sd3_fp16,CLIP-D,default,/media/CrispyMcMarkInc/fake-images-img2img/00044_sd3_fp16_seed167_s30_g3.5_str0.3.png,fake,0.998433530330658,0.08768677711486816
sd3_fp16,CLIP-D,default,/media/CrispyMcMarkInc/fake-images-img2img/00073_sd3_fp16_seed196_s30_g3.5_str0.3.png,fake,0.9998860359191895,0.09230303764343262
sd35_fp8,CLIP-D,default,/media/CrispyMcMarkInc/fake-images-img2img/00043_sd35_fp8_seed166_s30_g3.5_str0.3.png,fake,0.999915361404419,0.09326004981994629
sd35_fp16,CLIP-D,default,/media/CrispyMcMarkInc/fake-images-img2img/00076_sd35_fp16_seed199_s30_g3.5_str0.3.png,fake,0.9948939085006714,0.0969533920288086
sd15_fp4,CLIP-D,default,/media/CrispyMcMarkInc/fake-images-img2img/00076_sd15_fp4_seed199_s30_g3.5_str0.3.png,fake,0.984898030757904,0.09701347351074219
sd3_fp4,CLIP-D,default,/media/CrispyMcMarkInc/fake-images-img2img/00096_sd3_fp4_seed219_s30_g3.5_str0.3.png,fake,0.9996090531349182,0.0951681137084961
sd3_fp16,CLIP-D,default,/media/CrispyMcMarkInc/fake-images-img2img/00068_sd3_fp16_seed191_s30_g3.5_str0.3.png,fake,0.9999656677246094,0.0948035717010498
sd15_fp4,CLIP-D,default,/media/CrispyMcMarkInc/fake-images-img2img/00035_sd15_fp4_seed158_s30_g3.5_str0.3.png,fake,0.9993945360183716,0.09734058380126953
sd3_fp8,CLIP-D,default,/media/CrispyMcMarkInc/fake-images-img2img/00035_sd3_fp8_seed158_s30_g3.5_str0.3.png,fake,0.9996390342712402,0.0956428050994873
sd15_fp8,CLIP-D,default,/media/CrispyMcMarkInc/fake-images-img2img/00018_sd15_fp8_seed141_s30_g3.5_str0.3.png,fake,0.9999380111694336,0.09501242637634277
sd15_fp16,CLIP-D,default,/media/CrispyMcMarkInc/fake-images-img2img/00022_sd15_fp16_seed145_s30_g3.5_str0.3.png,fake,0.9984155893325806,0.09594321250915527
sd35_fp4,CLIP-D,default,/media/CrispyMcMarkInc/fake-images-img2img/00083_sd35_fp4_seed206_s30_g3.5_str0.3.png,fake,0.9997974038124084,0.09438157081604004
sd15_fp16,CLIP-D,default,/media/CrispyMcMarkInc/fake-images-img2img/00015_sd15_fp16_seed138_s30_g3.5_str0.3.png,fake,0.9970628619194031,0.09382200241088867
sd15_fp16,CLIP-D,default,/media/CrispyMcMarkInc/fake-images-img2img/00038_sd15_fp16_seed161_s30_g3.5_str0.3.png,fake,0.9997908473014832,0.09505248069763184
sd35_fp4,CLIP-D,default,/media/CrispyMcMarkInc/fake-images-img2img/00008_sd35_fp4_seed131_s30_g3.5_str0.3.png,fake,0.9993921518325806,0.09455537796020508
sd3_fp8,CLIP-D,default,/media/CrispyMcMarkInc/fake-images-img2img/00062_sd3_fp8_seed185_s30_g3.5_str0.3.png,fake,0.9992129802703857,0.08976340293884277
sd35_fp4,CLIP-D,default,/media/CrispyMcMarkInc/fake-images-img2img/00059_sd35_fp4_seed182_s30_g3.5_str0.3.png,fake,0.9986586570739746,0.09805059432983398
sd3_fp4,CLIP-D,default,/media/CrispyMcMarkInc/fake-images-img2img/00010_sd3_fp4_seed133_s30_g3.5_str0.3.png,fake,0.9997100234031677,0.12836861610412598
sd35_fp16,CLIP-D,default,/media/CrispyMcMarkInc/fake-images-img2img/00011_sd35_fp16_seed134_s30_g3.5_str0.3.png,fake,0.9994404911994934,0.1820077896118164
sd35_fp8,CLIP-D,default,/media/CrispyMcMarkInc/fake-images-img2img/00015_sd35_fp8_seed138_s30_g3.5_str0.3.png,fake,0.9988914132118225,0.1729750633239746
sd3_fp16,CLIP-D,default,/media/CrispyMcMarkInc/fake-images-img2img/00078_sd3_fp16_seed201_s30_g3.5_str0.3.png,fake,0.9978812336921692,0.13112187385559082
sd35_fp16,CLIP-D,default,/media/CrispyMcMarkInc/fake-images-img2img/00014_sd35_fp16_seed137_s30_g3.5_str0.3.png,fake,0.9980827569961548,0.17728447914123535
sd3_fp16,CLIP-D,default,/media/CrispyMcMarkInc/fake-images-img2img/00039_sd3_fp16_seed162_s30_g3.5_str0.3.png,fake,0.9992570281028748,0.13094091415405273
sd15_fp4,CLIP-D,default,/media/CrispyMcMarkInc/fake-images-img2img/00027_sd15_fp4_seed150_s30_g3.5_str0.3.png,fake,0.9978448152542114,0.18603825569152832
sd3_fp8,CLIP-D,default,/media/CrispyMcMarkInc/fake-images-img2img/00093_sd3_fp8_seed216_s30_g3.5_str0.3.png,fake,0.999530553817749,0.17597055435180664
sd15_fp8,CLIP-D,default,/media/CrispyMcMarkInc/fake-images-img2img/00074_sd15_fp8_seed197_s30_g3.5_str0.3.png,fake,0.99973064661026,0.18058204650878906
sd35_fp8,CLIP-D,default,/media/CrispyMcMarkInc/fake-images-img2img/00013_sd35_fp8_seed136_s30_g3.5_str0.3.png,fake,0.9998666048049927,0.1469736099243164
sd3_fp8,CLIP-D,default,/media/CrispyMcMarkInc/fake-images-img2img/00055_sd3_fp8_seed178_s30_g3.5_str0.3.png,fake,0.9999526739120483,0.15823984146118164
sd35_fp4,CLIP-D,default,/media/CrispyMcMarkInc/fake-images-img2img/00053_sd35_fp4_seed176_s30_g3.5_str0.3.png,fake,0.995951771736145,0.1523904800415039
sd3_fp16,CLIP-D,default,/media/CrispyMcMarkInc/fake-images-img2img/00001_sd3_fp16_seed124_s30_g3.5_str0.3.png,fake,0.9990098476409912,0.1730213165283203
sd15_fp8,CLIP-D,default,/media/CrispyMcMarkInc/fake-images-img2img/00049_sd15_fp8_seed172_s30_g3.5_str0.3.png,fake,0.9996048808097839,0.1862781047821045
sd3_fp8,CLIP-D,default,/media/CrispyMcMarkInc/fake-images-img2img/00033_sd3_fp8_seed156_s30_g3.5_str0.3.png,fake,0.9997186064720154,0.1829085350036621
sd15_fp4,CLIP-D,default,/media/CrispyMcMarkInc/fake-images-img2img/00037_sd15_fp4_seed160_s30_g3.5_str0.3.png,fake,0.9993545413017273,0.18166804313659668
sd15_fp8,CLIP-D,default,/media/CrispyMcMarkInc/fake-images-img2img/00046_sd15_fp8_seed169_s30_g3.5_str0.3.png,fake,0.9999085664749146,0.18394804000854492
sd3_fp8,CLIP-D,default,/media/CrispyMcMarkInc/fake-images-img2img/00005_sd3_fp8_seed128_s30_g3.5_str0.3.png,fake,0.9995974898338318,0.18356680870056152
sd15_fp8,CLIP-D,default,/media/CrispyMcMarkInc/fake-images-img2img/00031_sd15_fp8_seed154_s30_g3.5_str0.3.png,fake,0.9998346567153931,0.16709685325622559
sd35_fp8,CLIP-D,default,/media/CrispyMcMarkInc/fake-images-img2img/00084_sd35_fp8_seed207_s30_g3.5_str0.3.png,fake,0.9968620538711548,0.1667640209197998
sd35_fp4,CLIP-D,default,/media/CrispyMcMarkInc/fake-images-img2img/00073_sd35_fp4_seed196_s30_g3.5_str0.3.png,fake,0.9999619722366333,0.17565464973449707
sd15_fp16,CLIP-D,default,/media/CrispyMcMarkInc/fake-images-img2img/00056_sd15_fp16_seed179_s30_g3.5_str0.3.png,fake,0.9998549222946167,0.18421459197998047
sd15_fp8,CLIP-D,default,/media/CrispyMcMarkInc/fake-images-img2img/00034_sd15_fp8_seed157_s30_g3.5_str0.3.png,fake,0.9877927899360657,0.16290974617004395
sd3_fp4,CLIP-D,default,/media/CrispyMcMarkInc/fake-images-img2img/00050_sd3_fp4_seed173_s30_g3.5_str0.3.png,fake,0.999724805355072,0.14261841773986816
sd35_fp8,CLIP-D,default,/media/CrispyMcMarkInc/fake-images-img2img/00046_sd35_fp8_seed169_s30_g3.5_str0.3.png,fake,0.999923825263977,0.1783583164215088
sd15_fp8,CLIP-D,default,/media/CrispyMcMarkInc/fake-images-img2img/00040_sd15_fp8_seed163_s30_g3.5_str0.3.png,fake,0.9999172687530518,0.18629765510559082
sd3_fp8,CLIP-D,default,/media/CrispyMcMarkInc/fake-images-img2img/00013_sd3_fp8_seed136_s30_g3.5_str0.3.png,fake,0.9999637603759766,0.17797112464904785
sd3_fp16,CLIP-D,default,/media/CrispyMcMarkInc/fake-images-img2img/00035_sd3_fp16_seed158_s30_g3.5_str0.3.png,fake,0.9998441934585571,0.14742565155029297
sd3_fp4,CLIP-D,default,/media/CrispyMcMarkInc/fake-images-img2img/00066_sd3_fp4_seed189_s30_g3.5_str0.3.png,fake,0.9935387969017029,0.1365966796875
sd3_fp16,CLIP-D,default,/media/CrispyMcMarkInc/fake-images-img2img/00018_sd3_fp16_seed141_s30_g3.5_str0.3.png,fake,0.999962329864502,0.16886568069458008
sd3_fp4,CLIP-D,default,/media/CrispyMcMarkInc/fake-images-img2img/00023_sd3_fp4_seed146_s30_g3.5_str0.3.png,fake,0.9194062948226929,0.15445828437805176
sd15_fp8,CLIP-D,default,/media/CrispyMcMarkInc/fake-images-img2img/00067_sd15_fp8_seed190_s30_g3.5_str0.3.png,fake,0.9997336268424988,0.16522836685180664
sd15_fp8,CLIP-D,default,/media/CrispyMcMarkInc/fake-images-img2img/00048_sd15_fp8_seed171_s30_g3.5_str0.3.png,fake,0.9984424710273743,0.15842175483703613
sd15_fp8,CLIP-D,default,/media/CrispyMcMarkInc/fake-images-img2img/00044_sd15_fp8_seed167_s30_g3.5_str0.3.png,fake,0.9990422129631042,0.17832469940185547
sd3_fp16,CLIP-D,default,/media/CrispyMcMarkInc/fake-images-img2img/00099_sd3_fp16_seed222_s30_g3.5_str0.3.png,fake,0.997569739818573,0.17409396171569824
sd35_fp4,CLIP-D,default,/media/CrispyMcMarkInc/fake-images-img2img/00013_sd35_fp4_seed136_s30_g3.5_str0.3.png,fake,0.9997748732566833,0.1772911548614502
sd35_fp16,CLIP-D,default,/media/CrispyMcMarkInc/fake-images-img2img/00085_sd35_fp16_seed208_s30_g3.5_str0.3.png,fake,0.9997548460960388,0.18537282943725586
sd15_fp16,CLIP-D,default,/media/CrispyMcMarkInc/fake-images-img2img/00097_sd15_fp16_seed220_s30_g3.5_str0.3.png,fake,0.9996602535247803,0.18047070503234863
sd15_fp16,CLIP-D,default,/media/CrispyMcMarkInc/fake-images-img2img/00000_sd15_fp16_seed123_s30_g3.5_str0.3.png,fake,0.9976789355278015,0.18024706840515137
sd35_fp16,CLIP-D,default,/media/CrispyMcMarkInc/fake-images-img2img/00017_sd35_fp16_seed140_s30_g3.5_str0.3.png,fake,0.9995707869529724,0.1799614429473877
sd35_fp4,CLIP-D,default,/media/CrispyMcMarkInc/fake-images-img2img/00057_sd35_fp4_seed180_s30_g3.5_str0.3.png,real,0.0,0.46659350395202637
sd3_fp8,CLIP-D,default,/media/CrispyMcMarkInc/fake-images-img2img/00014_sd3_fp8_seed137_s30_g3.5_str0.3.png,real,0.0,0.46441197395324707
sd35_fp4,CLIP-D,default,/media/CrispyMcMarkInc/fake-images-img2img/00016_sd35_fp4_seed139_s30_g3.5_str0.3.png,real,0.0,0.46530818939208984
sd15_fp4,CLIP-D,default,/media/CrispyMcMarkInc/fake-images-img2img/00034_sd15_fp4_seed157_s30_g3.5_str0.3.png,fake,1.0,0.18284153938293457
sd3_fp16,CLIP-D,default,/media/CrispyMcMarkInc/fake-images-img2img/00041_sd3_fp16_seed164_s30_g3.5_str0.3.png,real,0.0,0.46225976943969727
sd3_fp8,CLIP-D,default,/media/CrispyMcMarkInc/fake-images-img2img/00048_sd3_fp8_seed171_s30_g3.5_str0.3.png,real,0.0,0.46425795555114746
sd3_fp8,CLIP-D,default,/media/CrispyMcMarkInc/fake-images-img2img/00085_sd3_fp8_seed208_s30_g3.5_str0.3.png,fake,1.0,0.46507811546325684
sd35_fp8,CLIP-D,default,/media/CrispyMcMarkInc/fake-images-img2img/00087_sd35_fp8_seed210_s30_g3.5_str0.3.png,fake,1.0,0.46784210205078125
sd35_fp8,CLIP-D,default,/media/CrispyMcMarkInc/fake-images-img2img/00060_sd35_fp8_seed183_s30_g3.5_str0.3.png,real,0.0,0.4713773727416992
sd35_fp4,CLIP-D,default,/media/CrispyMcMarkInc/fake-images-img2img/00063_sd35_fp4_seed186_s30_g3.5_str0.3.png,fake,1.0,0.4649503231048584
sd35_fp8,CLIP-D,default,/media/CrispyMcMarkInc/fake-images-img2img/00012_sd35_fp8_seed135_s30_g3.5_str0.3.png,fake,1.0,0.4656860828399658
sd35_fp16,CLIP-D,default,/media/CrispyMcMarkInc/fake-images-img2img/00040_sd35_fp16_seed163_s30_g3.5_str0.3.png,real,0.0,0.464052677154541
sd15_fp4,CLIP-D,default,/media/CrispyMcMarkInc/fake-images-img2img/00059_sd15_fp4_seed182_s30_g3.5_str0.3.png,real,0.0,0.4626345634460449
sd3_fp16,CLIP-D,default,/media/CrispyMcMarkInc/fake-images-img2img/00031_sd3_fp16_seed154_s30_g3.5_str0.3.png,real,0.0,0.4666483402252197
sd35_fp4,CLIP-D,default,/media/CrispyMcMarkInc/fake-images-img2img/00054_sd35_fp4_seed177_s30_g3.5_str0.3.png,real,0.0,0.4628138542175293
sd15_fp8,CLIP-D,default,/media/CrispyMcMarkInc/fake-images-img2img/00033_sd15_fp8_seed156_s30_g3.5_str0.3.png,fake,1.0,0.4682881832122803
sd3_fp8,CLIP-D,default,/media/CrispyMcMarkInc/fake-images-img2img/00053_sd3_fp8_seed176_s30_g3.5_str0.3.png,real,0.0,0.4659078121185303
sd15_fp16,CLIP-D,default,/media/CrispyMcMarkInc/fake-images-img2img/00084_sd15_fp16_seed207_s30_g3.5_str0.3.png,fake,1.0,0.4635312557220459
sd3_fp16,CLIP-D,default,/media/CrispyMcMarkInc/fake-images-img2img/00027_sd3_fp16_seed150_s30_g3.5_str0.3.png,real,0.0,0.38732290267944336
sd35_fp8,CLIP-D,default,/media/CrispyMcMarkInc/fake-images-img2img/00083_sd35_fp8_seed206_s30_g3.5_str0.3.png,real,0.0,0.4625675678253174
sd35_fp4,CLIP-D,default,/media/CrispyMcMarkInc/fake-images-img2img/00010_sd35_fp4_seed133_s30_g3.5_str0.3.png,real,0.0,0.4654560089111328
sd15_fp8,CLIP-D,default,/media/CrispyMcMarkInc/fake-images-img2img/00015_sd15_fp8_seed138_s30_g3.5_str0.3.png,real,0.0,0.46700096130371094
sd15_fp8,CLIP-D,default,/media/CrispyMcMarkInc/fake-images-img2img/00068_sd15_fp8_seed191_s30_g3.5_str0.3.png,real,0.0,0.4637439250946045
sd3_fp16,CLIP-D,default,/media/CrispyMcMarkInc/fake-images-img2img/00059_sd3_fp16_seed182_s30_g3.5_str0.3.png,real,0.0,0.4681100845336914
sd3_fp8,CLIP-D,default,/media/CrispyMcMarkInc/fake-images-img2img/00096_sd3_fp8_seed219_s30_g3.5_str0.3.png,real,0.0,0.1964094638824463
sd15_fp4,CLIP-D,default,/media/CrispyMcMarkInc/fake-images-img2img/00073_sd15_fp4_seed196_s30_g3.5_str0.3.png,fake,1.0,0.19835901260375977
sd3_fp16,CLIP-D,default,/media/CrispyMcMarkInc/fake-images-img2img/00057_sd3_fp16_seed180_s30_g3.5_str0.3.png,real,0.0,0.4671001434326172
