batch_label,detector,detector_mode,image_path,prediction,confidence,elapsed_time
sd35_fp16,CLIP-D,grid_max,/media/CrispyMcMarkInc/fake-images-img2img/00048_sd35_fp16_seed171_s30_g3.5_str0.3.png,fake,0.9961485862731934,0.22309398651123047
sd35_fp16,CLIP-D,grid_majority,/media/CrispyMcMarkInc/fake-images-img2img/00018_sd35_fp16_seed141_s30_g3.5_str0.3.png,real,0.0,0.20333051681518555
sd3_fp16,CLIP-D,patch_max,/media/CrispyMcMarkInc/fake-images-img2img/00067_sd3_fp16_seed190_s30_g3.5_str0.3.png,fake,0.9919480681419373,0.47162652015686035
sd35_fp16,CLIP-D,patch_majority,/media/CrispyMcMarkInc/fake-images-img2img/00005_sd35_fp16_seed128_s30_g3.5_str0.3.png,real,0.0,0.5364298820495605
sd15_fp8,CLIP-D,grid_max,/media/CrispyMcMarkInc/fake-images-img2img/00007_sd15_fp8_seed130_s30_g3.5_str0.3.png,fake,0.977119505405426,0.28675079345703125
sd35_fp4,CLIP-D,grid_majority,/media/CrispyMcMarkInc/fake-images-img2img/00024_sd35_fp4_seed147_s30_g3.5_str0.3.png,fake,1.0,0.20346283912658691
sd3_fp16,CLIP-D,patch_max,/media/CrispyMcMarkInc/fake-images-img2img/00058_sd3_fp16_seed181_s30_g3.5_str0.3.png,fake,0.952285647392273,0.4723048210144043
sd35_fp8,CLIP-D,patch_majority,/media/CrispyMcMarkInc/fake-images-img2img/00014_sd35_fp8_seed137_s30_g3.5_str0.3.png,fake,1.0,0.5417385101318359
sd35_fp4,CLIP-D,grid_max,/media/CrispyMcMarkInc/fake-images-img2img/00098_sd35_fp4_seed221_s30_g3.5_str0.3.png,fake,0.9085560441017151,0.263430118560791
sd35_fp8,CLIP-D,grid_majority,/media/CrispyMcMarkInc/fake-images-img2img/00021_sd35_fp8_seed144_s30_g3.5_str0.3.png,real,0.0,0.20587491989135742
sd35_fp8,CLIP-D,patch_max,/media/CrispyMcMarkInc/fake-images-img2img/00092_sd35_fp8_seed215_s30_g3.5_str0.3.png,fake,0.7954637408256531,0.4733619689941406
sd35_fp4,CLIP-D,patch_majority,/media/CrispyMcMarkInc/fake-images-img2img/00002_sd35_fp4_seed125_s30_g3.5_str0.3.png,real,0.0,0.5402083396911621
sd35_fp16,CLIP-D,grid_max,/media/CrispyMcMarkInc/fake-images-img2img/00065_sd35_fp16_seed188_s30_g3.5_str0.3.png,fake,0.814006507396698,0.22756147384643555
sd3_fp4,CLIP-D,grid_majority,/media/CrispyMcMarkInc/fake-images-img2img/00055_sd3_fp4_seed178_s30_g3.5_str0.3.png,fake,1.0,0.2041172981262207
sd3_fp8,CLIP-D,patch_max,/media/CrispyMcMarkInc/fake-images-img2img/00065_sd3_fp8_seed188_s30_g3.5_str0.3.png,fake,0.9658627510070801,0.469618558883667
sd35_fp8,CLIP-D,patch_majority,/media/CrispyMcMarkInc/fake-images-img2img/00086_sd35_fp8_seed209_s30_g3.5_str0.3.png,real,0.0,0.6511225700378418
sd3_fp8,CLIP-D,grid_max,/media/CrispyMcMarkInc/fake-images-img2img/00054_sd3_fp8_seed177_s30_g3.5_str0.3.png,fake,0.8198813796043396,0.39646458625793457
sd3_fp4,CLIP-D,grid_majority,/media/CrispyMcMarkInc/fake-images-img2img/00085_sd3_fp4_seed208_s30_g3.5_str0.3.png,fake,1.0,0.2028038501739502
sd35_fp16,CLIP-D,patch_max,/media/CrispyMcMarkInc/fake-images-img2img/00088_sd35_fp16_seed211_s30_g3.5_str0.3.png,fake,0.9293394088745117,0.47421789169311523
sd3_fp16,CLIP-D,grid_max,/media/CrispyMcMarkInc/fake-images-img2img/00077_sd3_fp16_seed200_s30_g3.5_str0.3.png,fake,0.9839022755622864,0.362825870513916
sd15_fp4,CLIP-D,grid_majority,/media/CrispyMcMarkInc/fake-images-img2img/00092_sd15_fp4_seed215_s30_g3.5_str0.3.png,real,0.0,0.45634984970092773
sd35_fp4,CLIP-D,patch_majority,/media/CrispyMcMarkInc/fake-images-img2img/00068_sd35_fp4_seed191_s30_g3.5_str0.3.png,real,0.0,0.7388036251068115
sd15_fp16,CLIP-D,patch_max,/media/CrispyMcMarkInc/fake-images-img2img/00011_sd15_fp16_seed134_s30_g3.5_str0.3.png,fake,0.919108510017395,0.4731905460357666
sd3_fp8,CLIP-D,grid_max,/media/CrispyMcMarkInc/fake-images-img2img/00076_sd3_fp8_seed199_s30_g3.5_str0.3.png,fake,0.7887747287750244,0.22573471069335938
sd35_fp16,CLIP-D,grid_majority,/media/CrispyMcMarkInc/fake-images-img2img/00036_sd35_fp16_seed159_s30_g3.5_str0.3.png,fake,1.0,0.218796968460083
sd35_fp16,CLIP-D,patch_majority,/media/CrispyMcMarkInc/fake-images-img2img/00018_sd35_fp16_seed141_s30_g3.5_str0.3.png,real,0.0,0.481579065322876
sd35_fp4,CLIP-D,patch_max,/media/CrispyMcMarkInc/fake-images-img2img/00046_sd35_fp4_seed169_s30_g3.5_str0.3.png,fake,0.7996291518211365,0.4749472141265869
sd35_fp16,CLIP-D,grid_max,/media/CrispyMcMarkInc/fake-images-img2img/00004_sd35_fp16_seed127_s30_g3.5_str0.3.png,real,0.45818355679512024,0.22322988510131836
sd35_fp4,CLIP-D,grid_majority,/media/CrispyMcMarkInc/fake-images-img2img/00058_sd35_fp4_seed181_s30_g3.5_str0.3.png,fake,1.0,0.20573091506958008
sd35_fp4,CLIP-D,patch_majority,/media/CrispyMcMarkInc/fake-images-img2img/00024_sd35_fp4_seed147_s30_g3.5_str0.3.png,real,0.0,0.5063872337341309
sd35_fp8,CLIP-D,patch_max,/media/CrispyMcMarkInc/fake-images-img2img/00031_sd35_fp8_seed154_s30_g3.5_str0.3.png,fake,0.9610360860824585,0.49924445152282715
sd35_fp8,CLIP-D,grid_max,/media/CrispyMcMarkInc/fake-images-img2img/00018_sd35_fp8_seed141_s30_g3.5_str0.3.png,fake,0.8695477247238159,0.21770882606506348
sd3_fp4,CLIP-D,grid_majority,/media/CrispyMcMarkInc/fake-images-img2img/00087_sd3_fp4_seed210_s30_g3.5_str0.3.png,fake,1.0,0.20360350608825684
sd35_fp8,CLIP-D,patch_majority,/media/CrispyMcMarkInc/fake-images-img2img/00021_sd35_fp8_seed144_s30_g3.5_str0.3.png,real,0.0,0.4877614974975586
sd35_fp4,CLIP-D,patch_max,/media/CrispyMcMarkInc/fake-images-img2img/00007_sd35_fp4_seed130_s30_g3.5_str0.3.png,fake,0.9488869905471802,0.4855620861053467
sd3_fp8,CLIP-D,grid_max,/media/CrispyMcMarkInc/fake-images-img2img/00020_sd3_fp8_seed143_s30_g3.5_str0.3.png,real,0.4518325924873352,0.21654105186462402
sd3_fp8,CLIP-D,grid_majority,/media/CrispyMcMarkInc/fake-images-img2img/00051_sd3_fp8_seed174_s30_g3.5_str0.3.png,fake,1.0,0.2060258388519287
sd3_fp4,CLIP-D,patch_majority,/media/CrispyMcMarkInc/fake-images-img2img/00055_sd3_fp4_seed178_s30_g3.5_str0.3.png,fake,1.0,0.4799015522003174
sd3_fp8,CLIP-D,patch_max,/media/CrispyMcMarkInc/fake-images-img2img/00030_sd3_fp8_seed153_s30_g3.5_str0.3.png,fake,0.9920099973678589,0.4855461120605469
sd3_fp4,CLIP-D,grid_max,/media/CrispyMcMarkInc/fake-images-img2img/00007_sd3_fp4_seed130_s30_g3.5_str0.3.png,fake,0.9397609829902649,0.22565078735351562
sd15_fp8,CLIP-D,grid_majority,/media/CrispyMcMarkInc/fake-images-img2img/00088_sd15_fp8_seed211_s30_g3.5_str0.3.png,fake,1.0,0.20434927940368652
sd3_fp4,CLIP-D,patch_majority,/media/CrispyMcMarkInc/fake-images-img2img/00085_sd3_fp4_seed208_s30_g3.5_str0.3.png,fake,1.0,0.48066020011901855
sd15_fp16,CLIP-D,patch_max,/media/CrispyMcMarkInc/fake-images-img2img/00014_sd15_fp16_seed137_s30_g3.5_str0.3.png,fake,0.8177478313446045,0.4764270782470703
sd35_fp16,CLIP-D,grid_max,/media/CrispyMcMarkInc/fake-images-img2img/00080_sd35_fp16_seed203_s30_g3.5_str0.3.png,fake,0.9881395101547241,0.2294762134552002
sd3_fp16,CLIP-D,grid_majority,/media/CrispyMcMarkInc/fake-images-img2img/00089_sd3_fp16_seed212_s30_g3.5_str0.3.png,real,0.0,0.20514512062072754
sd15_fp4,CLIP-D,patch_majority,/media/CrispyMcMarkInc/fake-images-img2img/00092_sd15_fp4_seed215_s30_g3.5_str0.3.png,real,0.0,0.5032846927642822
sd15_fp16,CLIP-D,patch_max,/media/CrispyMcMarkInc/fake-images-img2img/00042_sd15_fp16_seed165_s30_g3.5_str0.3.png,fake,0.9308860301971436,0.47485876083374023
sd3_fp4,CLIP-D,grid_max,/media/CrispyMcMarkInc/fake-images-img2img/00011_sd3_fp4_seed134_s30_g3.5_str0.3.png,fake,0.9402903914451599,0.22144412994384766
sd3_fp4,CLIP-D,grid_majority,/media/CrispyMcMarkInc/fake-images-img2img/00008_sd3_fp4_seed131_s30_g3.5_str0.3.png,real,0.0,0.20203518867492676
sd35_fp16,CLIP-D,patch_majority,/media/CrispyMcMarkInc/fake-images-img2img/00036_sd35_fp16_seed159_s30_g3.5_str0.3.png,fake,1.0,0.48198938369750977
sd15_fp8,CLIP-D,patch_max,/media/CrispyMcMarkInc/fake-images-img2img/00024_sd15_fp8_seed147_s30_g3.5_str0.3.png,fake,0.9297050833702087,0.4760744571685791
sd35_fp4,CLIP-D,grid_max,/media/CrispyMcMarkInc/fake-images-img2img/00080_sd35_fp4_seed203_s30_g3.5_str0.3.png,fake,0.9957703948020935,0.2099933624267578
sd3_fp16,CLIP-D,grid_majority,/media/CrispyMcMarkInc/fake-images-img2img/00094_sd3_fp16_seed217_s30_g3.5_str0.3.png,fake,1.0,0.20121264457702637
sd35_fp4,CLIP-D,patch_majority,/media/CrispyMcMarkInc/fake-images-img2img/00058_sd35_fp4_seed181_s30_g3.5_str0.3.png,fake,1.0,0.4986729621887207
sd3_fp4,CLIP-D,patch_max,/media/CrispyMcMarkInc/fake-images-img2img/00068_sd3_fp4_seed191_s30_g3.5_str0.3.png,fake,0.986291229724884,0.47512292861938477
sd15_fp8,CLIP-D,grid_max,/media/CrispyMcMarkInc/fake-images-img2img/00093_sd15_fp8_seed216_s30_g3.5_str0.3.png,fake,0.8485002517700195,0.21262621879577637
sd3_fp8,CLIP-D,grid_majority,/media/CrispyMcMarkInc/fake-images-img2img/00050_sd3_fp8_seed173_s30_g3.5_str0.3.png,real,0.0,0.19916224479675293
sd3_fp4,CLIP-D,patch_majority,/media/CrispyMcMarkInc/fake-images-img2img/00087_sd3_fp4_seed210_s30_g3.5_str0.3.png,fake,1.0,0.4734792709350586
sd35_fp16,CLIP-D,patch_max,/media/CrispyMcMarkInc/fake-images-img2img/00090_sd35_fp16_seed213_s30_g3.5_str0.3.png,fake,0.7632802128791809,0.47846174240112305
sd35_fp16,CLIP-D,grid_max,/media/CrispyMcMarkInc/fake-images-img2img/00022_sd35_fp16_seed145_s30_g3.5_str0.3.png,fake,0.5621353983879089,0.24576139450073242
sd15_fp4,CLIP-D,grid_majority,/media/CrispyMcMarkInc/fake-images-img2img/00069_sd15_fp4_seed192_s30_g3.5_str0.3.png,fake,1.0,0.19933533668518066
sd3_fp8,CLIP-D,patch_majority,/media/CrispyMcMarkInc/fake-images-img2img/00051_sd3_fp8_seed174_s30_g3.5_str0.3.png,fake,1.0,0.47429537773132324
sd3_fp16,CLIP-D,patch_max,/media/CrispyMcMarkInc/fake-images-img2img/00017_sd3_fp16_seed140_s30_g3.5_str0.3.png,fake,0.9953008890151978,0.47655439376831055
sd15_fp4,CLIP-D,grid_max,/media/CrispyMcMarkInc/fake-images-img2img/00081_sd15_fp4_seed204_s30_g3.5_str0.3.png,fake,0.9680818319320679,0.22388124465942383
sd15_fp8,CLIP-D,grid_majority,/media/CrispyMcMarkInc/fake-images-img2img/00094_sd15_fp8_seed217_s30_g3.5_str0.3.png,fake,1.0,0.2331254482269287
sd15_fp8,CLIP-D,patch_majority,/media/CrispyMcMarkInc/fake-images-img2img/00088_sd15_fp8_seed211_s30_g3.5_str0.3.png,fake,1.0,0.4751143455505371
sd3_fp4,CLIP-D,patch_max,/media/CrispyMcMarkInc/fake-images-img2img/00078_sd3_fp4_seed201_s30_g3.5_str0.3.png,fake,0.990652322769165,0.47669291496276855
sd15_fp16,CLIP-D,grid_max,/media/CrispyMcMarkInc/fake-images-img2img/00029_sd15_fp16_seed152_s30_g3.5_str0.3.png,fake,0.9606326222419739,0.22013306617736816
sd15_fp4,CLIP-D,grid_majority,/media/CrispyMcMarkInc/fake-images-img2img/00067_sd15_fp4_seed190_s30_g3.5_str0.3.png,fake,1.0,0.20325112342834473
sd3_fp16,CLIP-D,patch_majority,/media/CrispyMcMarkInc/fake-images-img2img/00089_sd3_fp16_seed212_s30_g3.5_str0.3.png,real,0.0,0.47368836402893066
sd3_fp4,CLIP-D,patch_max,/media/CrispyMcMarkInc/fake-images-img2img/00089_sd3_fp4_seed212_s30_g3.5_str0.3.png,fake,0.9569182991981506,0.48348116874694824
sd15_fp16,CLIP-D,grid_max,/media/CrispyMcMarkInc/fake-images-img2img/00094_sd15_fp16_seed217_s30_g3.5_str0.3.png,fake,0.9861884713172913,0.22729921340942383
sd15_fp16,CLIP-D,grid_majority,/media/CrispyMcMarkInc/fake-images-img2img/00004_sd15_fp16_seed127_s30_g3.5_str0.3.png,real,0.0,0.20490622520446777
sd3_fp4,CLIP-D,patch_majority,/media/CrispyMcMarkInc/fake-images-img2img/00008_sd3_fp4_seed131_s30_g3.5_str0.3.png,real,0.0,0.475170373916626
sd15_fp8,CLIP-D,patch_max,/media/CrispyMcMarkInc/fake-images-img2img/00042_sd15_fp8_seed165_s30_g3.5_str0.3.png,fake,0.9437018036842346,0.4804720878601074
sd15_fp8,CLIP-D,grid_max,/media/CrispyMcMarkInc/fake-images-img2img/00016_sd15_fp8_seed139_s30_g3.5_str0.3.png,fake,0.7484373450279236,0.22376227378845215
sd3_fp8,CLIP-D,grid_majority,/media/CrispyMcMarkInc/fake-images-img2img/00072_sd3_fp8_seed195_s30_g3.5_str0.3.png,fake,1.0,0.22584271430969238
sd3_fp16,CLIP-D,patch_majority,/media/CrispyMcMarkInc/fake-images-img2img/00094_sd3_fp16_seed217_s30_g3.5_str0.3.png,fake,1.0,0.4770209789276123
sd3_fp8,CLIP-D,patch_max,/media/CrispyMcMarkInc/fake-images-img2img/00001_sd3_fp8_seed124_s30_g3.5_str0.3.png,fake,0.971152126789093,0.508903980255127
sd35_fp8,CLIP-D,grid_max,/media/CrispyMcMarkInc/fake-images-img2img/00058_sd35_fp8_seed181_s30_g3.5_str0.3.png,fake,0.948591411113739,0.23208379745483398
sd35_fp4,CLIP-D,grid_majority,/media/CrispyMcMarkInc/fake-images-img2img/00092_sd35_fp4_seed215_s30_g3.5_str0.3.png,real,0.0,0.20336389541625977
sd3_fp8,CLIP-D,patch_majority,/media/CrispyMcMarkInc/fake-images-img2img/00050_sd3_fp8_seed173_s30_g3.5_str0.3.png,real,0.0,0.47120046615600586
sd35_fp16,CLIP-D,patch_max,/media/CrispyMcMarkInc/fake-images-img2img/00037_sd35_fp16_seed160_s30_g3.5_str0.3.png,fake,0.8699688911437988,0.5306487083435059
sd3_fp4,CLIP-D,grid_max,/media/CrispyMcMarkInc/fake-images-img2img/00079_sd3_fp4_seed202_s30_g3.5_str0.3.png,fake,0.9879071116447449,0.2567746639251709
sd3_fp4,CLIP-D,grid_majority,/media/CrispyMcMarkInc/fake-images-img2img/00064_sd3_fp4_seed187_s30_g3.5_str0.3.png,real,0.0,0.293412446975708
sd15_fp4,CLIP-D,patch_majority,/media/CrispyMcMarkInc/fake-images-img2img/00069_sd15_fp4_seed192_s30_g3.5_str0.3.png,real,0.0,0.47422194480895996
sd3_fp4,CLIP-D,patch_max,/media/CrispyMcMarkInc/fake-images-img2img/00039_sd3_fp4_seed162_s30_g3.5_str0.3.png,fake,0.9670543074607849,0.5241758823394775
sd35_fp8,CLIP-D,grid_max,/media/CrispyMcMarkInc/fake-images-img2img/00078_sd35_fp8_seed201_s30_g3.5_str0.3.png,fake,0.997536301612854,0.2542459964752197
sd3_fp4,CLIP-D,grid_majority,/media/CrispyMcMarkInc/fake-images-img2img/00032_sd3_fp4_seed155_s30_g3.5_str0.3.png,fake,1.0,0.29892873764038086
sd15_fp8,CLIP-D,patch_majority,/media/CrispyMcMarkInc/fake-images-img2img/00094_sd15_fp8_seed217_s30_g3.5_str0.3.png,fake,1.0,0.4746222496032715
sd15_fp8,CLIP-D,patch_max,/media/CrispyMcMarkInc/fake-images-img2img/00077_sd15_fp8_seed200_s30_g3.5_str0.3.png,fake,0.982397735118866,0.504072904586792
sd35_fp16,CLIP-D,grid_max,/media/CrispyMcMarkInc/fake-images-img2img/00033_sd35_fp16_seed156_s30_g3.5_str0.3.png,fake,0.9918884634971619,0.3285055160522461
sd35_fp8,CLIP-D,grid_majority,/media/CrispyMcMarkInc/fake-images-img2img/00040_sd35_fp8_seed163_s30_g3.5_str0.3.png,fake,1.0,0.3244614601135254
sd15_fp4,CLIP-D,patch_majority,/media/CrispyMcMarkInc/fake-images-img2img/00067_sd15_fp4_seed190_s30_g3.5_str0.3.png,fake,1.0,0.48168396949768066
sd15_fp4,CLIP-D,patch_max,/media/CrispyMcMarkInc/fake-images-img2img/00032_sd15_fp4_seed155_s30_g3.5_str0.3.png,fake,0.990875244140625,0.49808263778686523
sd3_fp4,CLIP-D,grid_majority,/media/CrispyMcMarkInc/fake-images-img2img/00081_sd3_fp4_seed204_s30_g3.5_str0.3.png,real,0.0,0.32778120040893555
sd3_fp4,CLIP-D,grid_max,/media/CrispyMcMarkInc/fake-images-img2img/00042_sd3_fp4_seed165_s30_g3.5_str0.3.png,fake,0.8994343876838684,0.35025978088378906
sd15_fp16,CLIP-D,patch_majority,/media/CrispyMcMarkInc/fake-images-img2img/00004_sd15_fp16_seed127_s30_g3.5_str0.3.png,real,0.0,0.4761536121368408
sd3_fp4,CLIP-D,patch_max,/media/CrispyMcMarkInc/fake-images-img2img/00069_sd3_fp4_seed192_s30_g3.5_str0.3.png,fake,0.9919238686561584,0.48134493827819824
sd3_fp4,CLIP-D,grid_majority,/media/CrispyMcMarkInc/fake-images-img2img/00018_sd3_fp4_seed141_s30_g3.5_str0.3.png,real,0.0,0.3084983825683594
sd3_fp4,CLIP-D,grid_max,/media/CrispyMcMarkInc/fake-images-img2img/00006_sd3_fp4_seed129_s30_g3.5_str0.3.png,fake,0.8147691488265991,0.3380417823791504
sd3_fp8,CLIP-D,patch_majority,/media/CrispyMcMarkInc/fake-images-img2img/00072_sd3_fp8_seed195_s30_g3.5_str0.3.png,fake,1.0,0.4732077121734619
sd3_fp16,CLIP-D,patch_max,/media/CrispyMcMarkInc/fake-images-img2img/00024_sd3_fp16_seed147_s30_g3.5_str0.3.png,fake,0.9914258718490601,0.4810035228729248
sd15_fp16,CLIP-D,grid_majority,/media/CrispyMcMarkInc/fake-images-img2img/00083_sd15_fp16_seed206_s30_g3.5_str0.3.png,fake,1.0,0.2324824333190918
sd35_fp4,CLIP-D,grid_max,/media/CrispyMcMarkInc/fake-images-img2img/00078_sd35_fp4_seed201_s30_g3.5_str0.3.png,fake,0.9968210458755493,0.30872583389282227
sd35_fp4,CLIP-D,patch_majority,/media/CrispyMcMarkInc/fake-images-img2img/00092_sd35_fp4_seed215_s30_g3.5_str0.3.png,real,0.0,0.4777860641479492
sd3_fp4,CLIP-D,patch_max,/media/CrispyMcMarkInc/fake-images-img2img/00012_sd3_fp4_seed135_s30_g3.5_str0.3.png,fake,0.963850200176239,0.4966881275177002
sd3_fp16,CLIP-D,grid_majority,/media/CrispyMcMarkInc/fake-images-img2img/00030_sd3_fp16_seed153_s30_g3.5_str0.3.png,fake,1.0,0.235382080078125
sd15_fp16,CLIP-D,grid_max,/media/CrispyMcMarkInc/fake-images-img2img/00001_sd15_fp16_seed124_s30_g3.5_str0.3.png,fake,0.9756154417991638,0.3192262649536133
sd3_fp4,CLIP-D,patch_majority,/media/CrispyMcMarkInc/fake-images-img2img/00064_sd3_fp4_seed187_s30_g3.5_str0.3.png,real,0.0,0.47768092155456543
sd35_fp16,CLIP-D,patch_max,/media/CrispyMcMarkInc/fake-images-img2img/00066_sd35_fp16_seed189_s30_g3.5_str0.3.png,fake,0.7099305987358093,0.5066001415252686
sd3_fp8,CLIP-D,grid_majority,/media/CrispyMcMarkInc/fake-images-img2img/00090_sd3_fp8_seed213_s30_g3.5_str0.3.png,real,0.0,0.2331540584564209
sd3_fp8,CLIP-D,grid_max,/media/CrispyMcMarkInc/fake-images-img2img/00071_sd3_fp8_seed194_s30_g3.5_str0.3.png,fake,0.8347119688987732,0.29284048080444336
sd3_fp4,CLIP-D,patch_majority,/media/CrispyMcMarkInc/fake-images-img2img/00032_sd3_fp4_seed155_s30_g3.5_str0.3.png,real,0.0,0.4746074676513672
sd15_fp16,CLIP-D,patch_max,/media/CrispyMcMarkInc/fake-images-img2img/00023_sd15_fp16_seed146_s30_g3.5_str0.3.png,fake,0.8861119151115417,0.5142440795898438
sd35_fp8,CLIP-D,grid_majority,/media/CrispyMcMarkInc/fake-images-img2img/00017_sd35_fp8_seed140_s30_g3.5_str0.3.png,real,0.0,0.24640893936157227
sd3_fp8,CLIP-D,grid_max,/media/CrispyMcMarkInc/fake-images-img2img/00023_sd3_fp8_seed146_s30_g3.5_str0.3.png,fake,0.8730822205543518,0.30551934242248535
sd35_fp8,CLIP-D,patch_majority,/media/CrispyMcMarkInc/fake-images-img2img/00040_sd35_fp8_seed163_s30_g3.5_str0.3.png,fake,1.0,0.47148561477661133
sd35_fp8,CLIP-D,patch_max,/media/CrispyMcMarkInc/fake-images-img2img/00098_sd35_fp8_seed221_s30_g3.5_str0.3.png,fake,0.8177456259727478,0.5056824684143066
sd15_fp16,CLIP-D,grid_majority,/media/CrispyMcMarkInc/fake-images-img2img/00092_sd15_fp16_seed215_s30_g3.5_str0.3.png,real,0.0,0.23180651664733887
sd15_fp4,CLIP-D,grid_max,/media/CrispyMcMarkInc/fake-images-img2img/00078_sd15_fp4_seed201_s30_g3.5_str0.3.png,fake,0.9826205372810364,0.2970011234283447
sd3_fp4,CLIP-D,patch_majority,/media/CrispyMcMarkInc/fake-images-img2img/00081_sd3_fp4_seed204_s30_g3.5_str0.3.png,real,0.0,0.47455644607543945
sd3_fp16,CLIP-D,patch_max,/media/CrispyMcMarkInc/fake-images-img2img/00086_sd3_fp16_seed209_s30_g3.5_str0.3.png,fake,0.8264560103416443,0.5146849155426025
sd15_fp16,CLIP-D,grid_majority,/media/CrispyMcMarkInc/fake-images-img2img/00078_sd15_fp16_seed201_s30_g3.5_str0.3.png,fake,1.0,0.23222804069519043
sd3_fp4,CLIP-D,grid_max,/media/CrispyMcMarkInc/fake-images-img2img/00041_sd3_fp4_seed164_s30_g3.5_str0.3.png,fake,0.9467254877090454,0.287919282913208
sd3_fp4,CLIP-D,patch_majority,/media/CrispyMcMarkInc/fake-images-img2img/00018_sd3_fp4_seed141_s30_g3.5_str0.3.png,real,0.0,0.4769742488861084
sd35_fp8,CLIP-D,patch_max,/media/CrispyMcMarkInc/fake-images-img2img/00067_sd35_fp8_seed190_s30_g3.5_str0.3.png,fake,0.9798389673233032,0.5246021747589111
sd15_fp4,CLIP-D,grid_majority,/media/CrispyMcMarkInc/fake-images-img2img/00042_sd15_fp4_seed165_s30_g3.5_str0.3.png,real,0.0,0.2345261573791504
sd35_fp4,CLIP-D,grid_max,/media/CrispyMcMarkInc/fake-images-img2img/00094_sd35_fp4_seed217_s30_g3.5_str0.3.png,fake,0.9962183833122253,0.29111695289611816
sd15_fp16,CLIP-D,patch_majority,/media/CrispyMcMarkInc/fake-images-img2img/00083_sd15_fp16_seed206_s30_g3.5_str0.3.png,real,0.0,0.4753875732421875
sd35_fp8,CLIP-D,patch_max,/media/CrispyMcMarkInc/fake-images-img2img/00055_sd35_fp8_seed178_s30_g3.5_str0.3.png,fake,0.8689538836479187,0.5025012493133545
sd3_fp4,CLIP-D,grid_majority,/media/CrispyMcMarkInc/fake-images-img2img/00037_sd3_fp4_seed160_s30_g3.5_str0.3.png,fake,1.0,0.24066472053527832
sd3_fp8,CLIP-D,grid_max,/media/CrispyMcMarkInc/fake-images-img2img/00087_sd3_fp8_seed210_s30_g3.5_str0.3.png,fake,0.9926740527153015,0.3045330047607422
sd3_fp16,CLIP-D,patch_majority,/media/CrispyMcMarkInc/fake-images-img2img/00030_sd3_fp16_seed153_s30_g3.5_str0.3.png,fake,1.0,0.4847748279571533
sd15_fp8,CLIP-D,patch_max,/media/CrispyMcMarkInc/fake-images-img2img/00001_sd15_fp8_seed124_s30_g3.5_str0.3.png,fake,0.9809629917144775,0.5001564025878906
sd15_fp8,CLIP-D,grid_majority,/media/CrispyMcMarkInc/fake-images-img2img/00091_sd15_fp8_seed214_s30_g3.5_str0.3.png,fake,1.0,0.2601771354675293
sd3_fp4,CLIP-D,grid_max,/media/CrispyMcMarkInc/fake-images-img2img/00097_sd3_fp4_seed220_s30_g3.5_str0.3.png,fake,0.9967929720878601,0.3188307285308838
sd3_fp8,CLIP-D,patch_majority,/media/CrispyMcMarkInc/fake-images-img2img/00090_sd3_fp8_seed213_s30_g3.5_str0.3.png,real,0.0,0.4752771854400635
sd35_fp4,CLIP-D,patch_max,/media/CrispyMcMarkInc/fake-images-img2img/00071_sd35_fp4_seed194_s30_g3.5_str0.3.png,fake,0.948737621307373,0.49137163162231445
sd3_fp8,CLIP-D,grid_majority,/media/CrispyMcMarkInc/fake-images-img2img/00024_sd3_fp8_seed147_s30_g3.5_str0.3.png,real,0.0,0.31998491287231445
sd3_fp8,CLIP-D,grid_max,/media/CrispyMcMarkInc/fake-images-img2img/00049_sd3_fp8_seed172_s30_g3.5_str0.3.png,fake,0.991309404373169,0.3437795639038086
sd35_fp8,CLIP-D,patch_majority,/media/CrispyMcMarkInc/fake-images-img2img/00017_sd35_fp8_seed140_s30_g3.5_str0.3.png,real,0.0,0.475069522857666
sd3_fp8,CLIP-D,patch_max,/media/CrispyMcMarkInc/fake-images-img2img/00070_sd3_fp8_seed193_s30_g3.5_str0.3.png,fake,0.8785519599914551,0.4915037155151367
sd35_fp8,CLIP-D,grid_majority,/media/CrispyMcMarkInc/fake-images-img2img/00081_sd35_fp8_seed204_s30_g3.5_str0.3.png,real,0.0,0.24121880531311035
sd15_fp16,CLIP-D,grid_max,/media/CrispyMcMarkInc/fake-images-img2img/00061_sd15_fp16_seed184_s30_g3.5_str0.3.png,fake,0.9408925771713257,0.3124699592590332
sd15_fp16,CLIP-D,patch_majority,/media/CrispyMcMarkInc/fake-images-img2img/00092_sd15_fp16_seed215_s30_g3.5_str0.3.png,real,0.0,0.4762279987335205
sd3_fp4,CLIP-D,patch_max,/media/CrispyMcMarkInc/fake-images-img2img/00034_sd3_fp4_seed157_s30_g3.5_str0.3.png,fake,0.9658992290496826,0.5025284290313721
sd3_fp4,CLIP-D,grid_majority,/media/CrispyMcMarkInc/fake-images-img2img/00077_sd3_fp4_seed200_s30_g3.5_str0.3.png,fake,1.0,0.24425005912780762
sd3_fp4,CLIP-D,grid_max,/media/CrispyMcMarkInc/fake-images-img2img/00052_sd3_fp4_seed175_s30_g3.5_str0.3.png,fake,0.9462180137634277,0.3097820281982422
sd15_fp16,CLIP-D,patch_majority,/media/CrispyMcMarkInc/fake-images-img2img/00078_sd15_fp16_seed201_s30_g3.5_str0.3.png,fake,1.0,0.4764993190765381
sd15_fp8,CLIP-D,patch_max,/media/CrispyMcMarkInc/fake-images-img2img/00051_sd15_fp8_seed174_s30_g3.5_str0.3.png,fake,0.9472098350524902,0.5057272911071777
sd15_fp4,CLIP-D,grid_majority,/media/CrispyMcMarkInc/fake-images-img2img/00041_sd15_fp4_seed164_s30_g3.5_str0.3.png,real,0.0,0.23149514198303223
sd15_fp4,CLIP-D,grid_max,/media/CrispyMcMarkInc/fake-images-img2img/00019_sd15_fp4_seed142_s30_g3.5_str0.3.png,fake,0.875153124332428,0.29125308990478516
sd15_fp4,CLIP-D,patch_majority,/media/CrispyMcMarkInc/fake-images-img2img/00042_sd15_fp4_seed165_s30_g3.5_str0.3.png,fake,1.0,0.4794175624847412
sd15_fp8,CLIP-D,patch_max,/media/CrispyMcMarkInc/fake-images-img2img/00019_sd15_fp8_seed142_s30_g3.5_str0.3.png,fake,0.8758891820907593,0.5051610469818115
sd3_fp16,CLIP-D,grid_majority,/media/CrispyMcMarkInc/fake-images-img2img/00091_sd3_fp16_seed214_s30_g3.5_str0.3.png,fake,1.0,0.245619535446167
sd3_fp4,CLIP-D,grid_max,/media/CrispyMcMarkInc/fake-images-img2img/00047_sd3_fp4_seed170_s30_g3.5_str0.3.png,fake,0.9982289671897888,0.3039820194244385
sd3_fp4,CLIP-D,patch_majority,/media/CrispyMcMarkInc/fake-images-img2img/00037_sd3_fp4_seed160_s30_g3.5_str0.3.png,fake,1.0,0.47472238540649414
sd15_fp8,CLIP-D,patch_max,/media/CrispyMcMarkInc/fake-images-img2img/00059_sd15_fp8_seed182_s30_g3.5_str0.3.png,fake,0.7330983877182007,0.5061898231506348
sd3_fp8,CLIP-D,grid_majority,/media/CrispyMcMarkInc/fake-images-img2img/00036_sd3_fp8_seed159_s30_g3.5_str0.3.png,real,0.0,0.25083279609680176
sd35_fp8,CLIP-D,grid_max,/media/CrispyMcMarkInc/fake-images-img2img/00064_sd35_fp8_seed187_s30_g3.5_str0.3.png,fake,0.6233633160591125,0.31011366844177246
sd15_fp8,CLIP-D,patch_majority,/media/CrispyMcMarkInc/fake-images-img2img/00091_sd15_fp8_seed214_s30_g3.5_str0.3.png,fake,1.0,0.4898035526275635
sd3_fp16,CLIP-D,patch_max,/media/CrispyMcMarkInc/fake-images-img2img/00055_sd3_fp16_seed178_s30_g3.5_str0.3.png,fake,0.8913753032684326,0.49503397941589355
sd15_fp4,CLIP-D,grid_majority,/media/CrispyMcMarkInc/fake-images-img2img/00066_sd15_fp4_seed189_s30_g3.5_str0.3.png,fake,1.0,0.31290745735168457
sd3_fp8,CLIP-D,grid_max,/media/CrispyMcMarkInc/fake-images-img2img/00000_sd3_fp8_seed123_s30_g3.5_str0.3.png,fake,0.9755810499191284,0.3303351402282715
sd3_fp8,CLIP-D,patch_majority,/media/CrispyMcMarkInc/fake-images-img2img/00024_sd3_fp8_seed147_s30_g3.5_str0.3.png,real,0.0,0.47343921661376953
sd3_fp16,CLIP-D,patch_max,/media/CrispyMcMarkInc/fake-images-img2img/00093_sd3_fp16_seed216_s30_g3.5_str0.3.png,fake,0.9615901708602905,0.490903377532959
sd3_fp4,CLIP-D,grid_majority,/media/CrispyMcMarkInc/fake-images-img2img/00060_sd3_fp4_seed183_s30_g3.5_str0.3.png,real,0.0,0.2588062286376953
sd15_fp4,CLIP-D,grid_max,/media/CrispyMcMarkInc/fake-images-img2img/00049_sd15_fp4_seed172_s30_g3.5_str0.3.png,fake,0.9768348336219788,0.331073522567749
sd35_fp8,CLIP-D,patch_majority,/media/CrispyMcMarkInc/fake-images-img2img/00081_sd35_fp8_seed204_s30_g3.5_str0.3.png,real,0.0,0.475879430770874
sd35_fp16,CLIP-D,patch_max,/media/CrispyMcMarkInc/fake-images-img2img/00026_sd35_fp16_seed149_s30_g3.5_str0.3.png,real,0.07234429568052292,0.49111104011535645
sd15_fp16,CLIP-D,grid_majority,/media/CrispyMcMarkInc/fake-images-img2img/00070_sd15_fp16_seed193_s30_g3.5_str0.3.png,real,0.0,0.26128339767456055
sd15_fp4,CLIP-D,grid_max,/media/CrispyMcMarkInc/fake-images-img2img/00009_sd15_fp4_seed132_s30_g3.5_str0.3.png,fake,0.7151445746421814,0.3294715881347656
sd3_fp4,CLIP-D,patch_majority,/media/CrispyMcMarkInc/fake-images-img2img/00077_sd3_fp4_seed200_s30_g3.5_str0.3.png,fake,1.0,0.4759035110473633
sd15_fp4,CLIP-D,patch_max,/media/CrispyMcMarkInc/fake-images-img2img/00095_sd15_fp4_seed218_s30_g3.5_str0.3.png,fake,0.9184108972549438,0.5011990070343018
sd15_fp8,CLIP-D,grid_majority,/media/CrispyMcMarkInc/fake-images-img2img/00012_sd15_fp8_seed135_s30_g3.5_str0.3.png,fake,1.0,0.2636847496032715
sd15_fp16,CLIP-D,grid_max,/media/CrispyMcMarkInc/fake-images-img2img/00050_sd15_fp16_seed173_s30_g3.5_str0.3.png,fake,0.9088396430015564,0.3007192611694336
sd15_fp4,CLIP-D,patch_majority,/media/CrispyMcMarkInc/fake-images-img2img/00041_sd15_fp4_seed164_s30_g3.5_str0.3.png,real,0.0,0.4729897975921631
sd3_fp4,CLIP-D,patch_max,/media/CrispyMcMarkInc/fake-images-img2img/00075_sd3_fp4_seed198_s30_g3.5_str0.3.png,fake,0.9553267955780029,0.5045907497406006
sd35_fp8,CLIP-D,grid_majority,/media/CrispyMcMarkInc/fake-images-img2img/00062_sd35_fp8_seed185_s30_g3.5_str0.3.png,fake,1.0,0.24036860466003418
sd35_fp16,CLIP-D,grid_max,/media/CrispyMcMarkInc/fake-images-img2img/00059_sd35_fp16_seed182_s30_g3.5_str0.3.png,fake,0.5283938050270081,0.2999403476715088
sd3_fp16,CLIP-D,patch_majority,/media/CrispyMcMarkInc/fake-images-img2img/00091_sd3_fp16_seed214_s30_g3.5_str0.3.png,fake,1.0,0.47597432136535645
sd3_fp16,CLIP-D,patch_max,/media/CrispyMcMarkInc/fake-images-img2img/00009_sd3_fp16_seed132_s30_g3.5_str0.3.png,fake,0.7376934885978699,0.5109803676605225
sd15_fp4,CLIP-D,grid_majority,/media/CrispyMcMarkInc/fake-images-img2img/00050_sd15_fp4_seed173_s30_g3.5_str0.3.png,real,0.0,0.2304222583770752
sd3_fp4,CLIP-D,grid_max,/media/CrispyMcMarkInc/fake-images-img2img/00017_sd3_fp4_seed140_s30_g3.5_str0.3.png,fake,0.9901707768440247,0.2898108959197998
sd3_fp8,CLIP-D,patch_majority,/media/CrispyMcMarkInc/fake-images-img2img/00036_sd3_fp8_seed159_s30_g3.5_str0.3.png,real,0.0,0.4763514995574951
sd15_fp8,CLIP-D,patch_max,/media/CrispyMcMarkInc/fake-images-img2img/00082_sd15_fp8_seed205_s30_g3.5_str0.3.png,fake,0.9765855073928833,0.5239107608795166
sd3_fp4,CLIP-D,grid_majority,/media/CrispyMcMarkInc/fake-images-img2img/00045_sd3_fp4_seed168_s30_g3.5_str0.3.png,real,0.0,0.2332170009613037
sd15_fp16,CLIP-D,grid_max,/media/CrispyMcMarkInc/fake-images-img2img/00037_sd15_fp16_seed160_s30_g3.5_str0.3.png,fake,0.9758439064025879,0.29329681396484375
sd15_fp4,CLIP-D,patch_majority,/media/CrispyMcMarkInc/fake-images-img2img/00066_sd15_fp4_seed189_s30_g3.5_str0.3.png,fake,1.0,0.48041772842407227
sd3_fp16,CLIP-D,patch_max,/media/CrispyMcMarkInc/fake-images-img2img/00029_sd3_fp16_seed152_s30_g3.5_str0.3.png,fake,0.9980792999267578,0.5339727401733398
sd3_fp8,CLIP-D,grid_majority,/media/CrispyMcMarkInc/fake-images-img2img/00007_sd3_fp8_seed130_s30_g3.5_str0.3.png,real,0.0,0.2329576015472412
sd35_fp8,CLIP-D,grid_max,/media/CrispyMcMarkInc/fake-images-img2img/00037_sd35_fp8_seed160_s30_g3.5_str0.3.png,fake,0.7808480858802795,0.2918665409088135
sd3_fp4,CLIP-D,patch_majority,/media/CrispyMcMarkInc/fake-images-img2img/00060_sd3_fp4_seed183_s30_g3.5_str0.3.png,real,0.0,0.47330188751220703
sd15_fp16,CLIP-D,patch_max,/media/CrispyMcMarkInc/fake-images-img2img/00075_sd15_fp16_seed198_s30_g3.5_str0.3.png,fake,0.8885214328765869,0.5055618286132812
sd3_fp16,CLIP-D,grid_majority,/media/CrispyMcMarkInc/fake-images-img2img/00022_sd3_fp16_seed145_s30_g3.5_str0.3.png,real,0.0,0.24631929397583008
sd15_fp4,CLIP-D,grid_max,/media/CrispyMcMarkInc/fake-images-img2img/00089_sd15_fp4_seed212_s30_g3.5_str0.3.png,fake,0.8688384294509888,0.3118896484375
sd15_fp16,CLIP-D,patch_majority,/media/CrispyMcMarkInc/fake-images-img2img/00070_sd15_fp16_seed193_s30_g3.5_str0.3.png,real,0.0,0.47708582878112793
sd15_fp8,CLIP-D,patch_max,/media/CrispyMcMarkInc/fake-images-img2img/00071_sd15_fp8_seed194_s30_g3.5_str0.3.png,fake,0.936336100101471,0.510765552520752
sd15_fp4,CLIP-D,grid_majority,/media/CrispyMcMarkInc/fake-images-img2img/00029_sd15_fp4_seed152_s30_g3.5_str0.3.png,fake,1.0,0.31313490867614746
sd35_fp16,CLIP-D,grid_max,/media/CrispyMcMarkInc/fake-images-img2img/00056_sd35_fp16_seed179_s30_g3.5_str0.3.png,fake,0.9572383761405945,0.3243098258972168
sd15_fp8,CLIP-D,patch_majority,/media/CrispyMcMarkInc/fake-images-img2img/00012_sd15_fp8_seed135_s30_g3.5_str0.3.png,fake,1.0,0.4788353443145752
sd3_fp16,CLIP-D,patch_max,/media/CrispyMcMarkInc/fake-images-img2img/00060_sd3_fp16_seed183_s30_g3.5_str0.3.png,fake,0.9723601341247559,0.4973893165588379
sd35_fp16,CLIP-D,grid_majority,/media/CrispyMcMarkInc/fake-images-img2img/00039_sd35_fp16_seed162_s30_g3.5_str0.3.png,real,0.0,0.2519364356994629
sd3_fp8,CLIP-D,grid_max,/media/CrispyMcMarkInc/fake-images-img2img/00091_sd3_fp8_seed214_s30_g3.5_str0.3.png,fake,0.9817059636116028,0.31299638748168945
sd35_fp8,CLIP-D,patch_majority,/media/CrispyMcMarkInc/fake-images-img2img/00062_sd35_fp8_seed185_s30_g3.5_str0.3.png,fake,1.0,0.4740774631500244
sd35_fp16,CLIP-D,patch_max,/media/CrispyMcMarkInc/fake-images-img2img/00008_sd35_fp16_seed131_s30_g3.5_str0.3.png,real,0.29488757252693176,0.502204418182373
sd35_fp8,CLIP-D,grid_majority,/media/CrispyMcMarkInc/fake-images-img2img/00041_sd35_fp8_seed164_s30_g3.5_str0.3.png,real,0.0,0.24251198768615723
sd35_fp8,CLIP-D,grid_max,/media/CrispyMcMarkInc/fake-images-img2img/00020_sd35_fp8_seed143_s30_g3.5_str0.3.png,fake,0.6483200788497925,0.30753421783447266
sd15_fp4,CLIP-D,patch_majority,/media/CrispyMcMarkInc/fake-images-img2img/00050_sd15_fp4_seed173_s30_g3.5_str0.3.png,real,0.0,0.47363901138305664
sd15_fp16,CLIP-D,patch_max,/media/CrispyMcMarkInc/fake-images-img2img/00089_sd15_fp16_seed212_s30_g3.5_str0.3.png,fake,0.8873612880706787,0.5115737915039062
sd35_fp4,CLIP-D,grid_majority,/media/CrispyMcMarkInc/fake-images-img2img/00061_sd35_fp4_seed184_s30_g3.5_str0.3.png,real,0.0,0.25014328956604004
sd35_fp8,CLIP-D,grid_max,/media/CrispyMcMarkInc/fake-images-img2img/00070_sd35_fp8_seed193_s30_g3.5_str0.3.png,fake,0.9445934891700745,0.3111281394958496
sd3_fp4,CLIP-D,patch_majority,/media/CrispyMcMarkInc/fake-images-img2img/00045_sd3_fp4_seed168_s30_g3.5_str0.3.png,real,0.0,0.4736940860748291
sd35_fp8,CLIP-D,patch_max,/media/CrispyMcMarkInc/fake-images-img2img/00061_sd35_fp8_seed184_s30_g3.5_str0.3.png,fake,0.7890526652336121,0.5013782978057861
sd35_fp8,CLIP-D,grid_majority,/media/CrispyMcMarkInc/fake-images-img2img/00079_sd35_fp8_seed202_s30_g3.5_str0.3.png,real,0.0,0.23891663551330566
sd3_fp8,CLIP-D,grid_max,/media/CrispyMcMarkInc/fake-images-img2img/00068_sd3_fp8_seed191_s30_g3.5_str0.3.png,fake,0.9653252363204956,0.2994835376739502
sd3_fp8,CLIP-D,patch_majority,/media/CrispyMcMarkInc/fake-images-img2img/00007_sd3_fp8_seed130_s30_g3.5_str0.3.png,real,0.0,0.47846055030822754
sd15_fp4,CLIP-D,patch_max,/media/CrispyMcMarkInc/fake-images-img2img/00008_sd15_fp4_seed131_s30_g3.5_str0.3.png,fake,0.8753558993339539,0.5006041526794434
sd15_fp4,CLIP-D,grid_majority,/media/CrispyMcMarkInc/fake-images-img2img/00022_sd15_fp4_seed145_s30_g3.5_str0.3.png,real,0.0,0.25069236755371094
sd35_fp8,CLIP-D,grid_max,/media/CrispyMcMarkInc/fake-images-img2img/00002_sd35_fp8_seed125_s30_g3.5_str0.3.png,fake,0.9157401323318481,0.311769962310791
sd3_fp16,CLIP-D,patch_majority,/media/CrispyMcMarkInc/fake-images-img2img/00022_sd3_fp16_seed145_s30_g3.5_str0.3.png,real,0.0,0.4715449810028076
sd35_fp4,CLIP-D,patch_max,/media/CrispyMcMarkInc/fake-images-img2img/00055_sd35_fp4_seed178_s30_g3.5_str0.3.png,fake,0.924903154373169,0.5018727779388428
sd15_fp4,CLIP-D,grid_majority,/media/CrispyMcMarkInc/fake-images-img2img/00044_sd15_fp4_seed167_s30_g3.5_str0.3.png,fake,1.0,0.25261354446411133
sd15_fp16,CLIP-D,grid_max,/media/CrispyMcMarkInc/fake-images-img2img/00067_sd15_fp16_seed190_s30_g3.5_str0.3.png,fake,0.9718108177185059,0.31588077545166016
sd15_fp4,CLIP-D,patch_majority,/media/CrispyMcMarkInc/fake-images-img2img/00029_sd15_fp4_seed152_s30_g3.5_str0.3.png,fake,1.0,0.4745652675628662
sd3_fp8,CLIP-D,patch_max,/media/CrispyMcMarkInc/fake-images-img2img/00060_sd3_fp8_seed183_s30_g3.5_str0.3.png,fake,0.9730332493782043,0.5025327205657959
sd3_fp16,CLIP-D,grid_majority,/media/CrispyMcMarkInc/fake-images-img2img/00045_sd3_fp16_seed168_s30_g3.5_str0.3.png,real,0.0,0.24134063720703125
sd3_fp16,CLIP-D,grid_max,/media/CrispyMcMarkInc/fake-images-img2img/00074_sd3_fp16_seed197_s30_g3.5_str0.3.png,fake,0.8349907994270325,0.2997913360595703
sd35_fp16,CLIP-D,patch_majority,/media/CrispyMcMarkInc/fake-images-img2img/00039_sd35_fp16_seed162_s30_g3.5_str0.3.png,real,0.0,0.47498631477355957
sd35_fp4,CLIP-D,patch_max,/media/CrispyMcMarkInc/fake-images-img2img/00097_sd35_fp4_seed220_s30_g3.5_str0.3.png,fake,0.9904143214225769,0.5043277740478516
sd15_fp8,CLIP-D,grid_majority,/media/CrispyMcMarkInc/fake-images-img2img/00036_sd15_fp8_seed159_s30_g3.5_str0.3.png,fake,1.0,0.23184823989868164
sd35_fp8,CLIP-D,grid_max,/media/CrispyMcMarkInc/fake-images-img2img/00057_sd35_fp8_seed180_s30_g3.5_str0.3.png,fake,0.6385636329650879,0.2946035861968994
sd35_fp8,CLIP-D,patch_majority,/media/CrispyMcMarkInc/fake-images-img2img/00041_sd35_fp8_seed164_s30_g3.5_str0.3.png,real,0.0,0.4754641056060791
sd3_fp4,CLIP-D,patch_max,/media/CrispyMcMarkInc/fake-images-img2img/00058_sd3_fp4_seed181_s30_g3.5_str0.3.png,fake,0.983391523361206,0.5124669075012207
sd3_fp16,CLIP-D,grid_majority,/media/CrispyMcMarkInc/fake-images-img2img/00047_sd3_fp16_seed170_s30_g3.5_str0.3.png,fake,1.0,0.22690367698669434
sd3_fp8,CLIP-D,grid_max,/media/CrispyMcMarkInc/fake-images-img2img/00032_sd3_fp8_seed155_s30_g3.5_str0.3.png,fake,0.9607724547386169,0.2862730026245117
sd35_fp4,CLIP-D,patch_majority,/media/CrispyMcMarkInc/fake-images-img2img/00061_sd35_fp4_seed184_s30_g3.5_str0.3.png,real,0.0,0.477536678314209
sd3_fp16,CLIP-D,patch_max,/media/CrispyMcMarkInc/fake-images-img2img/00016_sd3_fp16_seed139_s30_g3.5_str0.3.png,fake,0.791451632976532,0.514970064163208
sd15_fp16,CLIP-D,grid_majority,/media/CrispyMcMarkInc/fake-images-img2img/00027_sd15_fp16_seed150_s30_g3.5_str0.3.png,fake,1.0,0.23195266723632812
sd15_fp4,CLIP-D,grid_max,/media/CrispyMcMarkInc/fake-images-img2img/00087_sd15_fp4_seed210_s30_g3.5_str0.3.png,fake,0.9689114093780518,0.2946946620941162
sd35_fp8,CLIP-D,patch_majority,/media/CrispyMcMarkInc/fake-images-img2img/00079_sd35_fp8_seed202_s30_g3.5_str0.3.png,real,0.0,0.47637104988098145
sd15_fp8,CLIP-D,patch_max,/media/CrispyMcMarkInc/fake-images-img2img/00050_sd15_fp8_seed173_s30_g3.5_str0.3.png,fake,0.9088396430015564,0.5001983642578125
sd3_fp4,CLIP-D,grid_majority,/media/CrispyMcMarkInc/fake-images-img2img/00061_sd3_fp4_seed184_s30_g3.5_str0.3.png,real,0.0,0.23398709297180176
sd3_fp8,CLIP-D,grid_max,/media/CrispyMcMarkInc/fake-images-img2img/00078_sd3_fp8_seed201_s30_g3.5_str0.3.png,fake,0.9884915351867676,0.29248666763305664
sd15_fp4,CLIP-D,patch_majority,/media/CrispyMcMarkInc/fake-images-img2img/00022_sd15_fp4_seed145_s30_g3.5_str0.3.png,real,0.0,0.47354793548583984
sd15_fp8,CLIP-D,patch_max,/media/CrispyMcMarkInc/fake-images-img2img/00076_sd15_fp8_seed199_s30_g3.5_str0.3.png,fake,0.766738772392273,0.5231587886810303
sd15_fp16,CLIP-D,grid_majority,/media/CrispyMcMarkInc/fake-images-img2img/00036_sd15_fp16_seed159_s30_g3.5_str0.3.png,fake,1.0,0.23649215698242188
sd3_fp16,CLIP-D,grid_max,/media/CrispyMcMarkInc/fake-images-img2img/00007_sd3_fp16_seed130_s30_g3.5_str0.3.png,fake,0.8127489686012268,0.29284238815307617
sd15_fp4,CLIP-D,patch_majority,/media/CrispyMcMarkInc/fake-images-img2img/00044_sd15_fp4_seed167_s30_g3.5_str0.3.png,fake,1.0,0.4789154529571533
sd3_fp4,CLIP-D,patch_max,/media/CrispyMcMarkInc/fake-images-img2img/00014_sd3_fp4_seed137_s30_g3.5_str0.3.png,fake,0.8712154626846313,0.5035011768341064
sd3_fp4,CLIP-D,grid_majority,/media/CrispyMcMarkInc/fake-images-img2img/00057_sd3_fp4_seed180_s30_g3.5_str0.3.png,real,0.0,0.31918907165527344
sd35_fp16,CLIP-D,grid_max,/media/CrispyMcMarkInc/fake-images-img2img/00055_sd35_fp16_seed178_s30_g3.5_str0.3.png,fake,0.9394540786743164,0.32831549644470215
sd3_fp16,CLIP-D,patch_majority,/media/CrispyMcMarkInc/fake-images-img2img/00045_sd3_fp16_seed168_s30_g3.5_str0.3.png,real,0.0,0.47710490226745605
sd35_fp4,CLIP-D,patch_max,/media/CrispyMcMarkInc/fake-images-img2img/00042_sd35_fp4_seed165_s30_g3.5_str0.3.png,fake,0.8864259719848633,0.48757195472717285
sd35_fp8,CLIP-D,grid_majority,/media/CrispyMcMarkInc/fake-images-img2img/00006_sd35_fp8_seed129_s30_g3.5_str0.3.png,real,0.0,0.2343142032623291
sd15_fp16,CLIP-D,grid_max,/media/CrispyMcMarkInc/fake-images-img2img/00085_sd15_fp16_seed208_s30_g3.5_str0.3.png,fake,0.7696672081947327,0.317507266998291
sd15_fp8,CLIP-D,patch_majority,/media/CrispyMcMarkInc/fake-images-img2img/00036_sd15_fp8_seed159_s30_g3.5_str0.3.png,fake,1.0,0.473388671875
sd35_fp4,CLIP-D,patch_max,/media/CrispyMcMarkInc/fake-images-img2img/00074_sd35_fp4_seed197_s30_g3.5_str0.3.png,fake,0.9761354327201843,0.5085206031799316
sd35_fp16,CLIP-D,grid_majority,/media/CrispyMcMarkInc/fake-images-img2img/00079_sd35_fp16_seed202_s30_g3.5_str0.3.png,real,0.0,0.22306203842163086
sd15_fp4,CLIP-D,grid_max,/media/CrispyMcMarkInc/fake-images-img2img/00012_sd15_fp4_seed135_s30_g3.5_str0.3.png,fake,0.9630416631698608,0.2738523483276367
sd3_fp16,CLIP-D,patch_majority,/media/CrispyMcMarkInc/fake-images-img2img/00047_sd3_fp16_seed170_s30_g3.5_str0.3.png,fake,1.0,0.4733748435974121
sd15_fp8,CLIP-D,patch_max,/media/CrispyMcMarkInc/fake-images-img2img/00013_sd15_fp8_seed136_s30_g3.5_str0.3.png,fake,0.8999187350273132,0.5121195316314697
sd15_fp4,CLIP-D,grid_majority,/media/CrispyMcMarkInc/fake-images-img2img/00000_sd15_fp4_seed123_s30_g3.5_str0.3.png,fake,1.0,0.25285935401916504
sd35_fp8,CLIP-D,grid_max,/media/CrispyMcMarkInc/fake-images-img2img/00071_sd35_fp8_seed194_s30_g3.5_str0.3.png,fake,0.75654536485672,0.31276965141296387
sd15_fp16,CLIP-D,patch_majority,/media/CrispyMcMarkInc/fake-images-img2img/00027_sd15_fp16_seed150_s30_g3.5_str0.3.png,fake,1.0,0.47878050804138184
sd35_fp8,CLIP-D,patch_max,/media/CrispyMcMarkInc/fake-images-img2img/00026_sd35_fp8_seed149_s30_g3.5_str0.3.png,real,0.12735648453235626,0.5180056095123291
sd35_fp16,CLIP-D,grid_majority,/media/CrispyMcMarkInc/fake-images-img2img/00016_sd35_fp16_seed139_s30_g3.5_str0.3.png,real,0.0,0.2427680492401123
sd3_fp16,CLIP-D,grid_max,/media/CrispyMcMarkInc/fake-images-img2img/00054_sd3_fp16_seed177_s30_g3.5_str0.3.png,fake,0.8829342126846313,0.30233073234558105
sd3_fp4,CLIP-D,patch_majority,/media/CrispyMcMarkInc/fake-images-img2img/00061_sd3_fp4_seed184_s30_g3.5_str0.3.png,real,0.0,0.47661805152893066
sd35_fp16,CLIP-D,patch_max,/media/CrispyMcMarkInc/fake-images-img2img/00002_sd35_fp16_seed125_s30_g3.5_str0.3.png,fake,0.9405564069747925,0.5278191566467285
sd15_fp4,CLIP-D,grid_majority,/media/CrispyMcMarkInc/fake-images-img2img/00045_sd15_fp4_seed168_s30_g3.5_str0.3.png,real,0.0,0.24076294898986816
sd3_fp8,CLIP-D,grid_max,/media/CrispyMcMarkInc/fake-images-img2img/00002_sd3_fp8_seed125_s30_g3.5_str0.3.png,fake,0.8650318384170532,0.2984023094177246
sd15_fp16,CLIP-D,patch_majority,/media/CrispyMcMarkInc/fake-images-img2img/00036_sd15_fp16_seed159_s30_g3.5_str0.3.png,fake,1.0,0.4747445583343506
sd35_fp8,CLIP-D,patch_max,/media/CrispyMcMarkInc/fake-images-img2img/00024_sd35_fp8_seed147_s30_g3.5_str0.3.png,fake,0.9956786036491394,0.5211060047149658
sd35_fp8,CLIP-D,grid_majority,/media/CrispyMcMarkInc/fake-images-img2img/00033_sd35_fp8_seed156_s30_g3.5_str0.3.png,fake,1.0,0.23419642448425293
sd15_fp16,CLIP-D,grid_max,/media/CrispyMcMarkInc/fake-images-img2img/00009_sd15_fp16_seed132_s30_g3.5_str0.3.png,fake,0.7306768298149109,0.2958230972290039
sd3_fp4,CLIP-D,patch_majority,/media/CrispyMcMarkInc/fake-images-img2img/00057_sd3_fp4_seed180_s30_g3.5_str0.3.png,real,0.0,0.47826528549194336
sd35_fp4,CLIP-D,patch_max,/media/CrispyMcMarkInc/fake-images-img2img/00038_sd35_fp4_seed161_s30_g3.5_str0.3.png,fake,0.9824531078338623,0.5164027214050293
sd35_fp16,CLIP-D,grid_majority,/media/CrispyMcMarkInc/fake-images-img2img/00043_sd35_fp16_seed166_s30_g3.5_str0.3.png,fake,1.0,0.24938750267028809
sd15_fp16,CLIP-D,grid_max,/media/CrispyMcMarkInc/fake-images-img2img/00016_sd15_fp16_seed139_s30_g3.5_str0.3.png,fake,0.7668386697769165,0.3088657855987549
sd35_fp8,CLIP-D,patch_majority,/media/CrispyMcMarkInc/fake-images-img2img/00006_sd35_fp8_seed129_s30_g3.5_str0.3.png,real,0.0,0.4787766933441162
sd15_fp16,CLIP-D,patch_max,/media/CrispyMcMarkInc/fake-images-img2img/00095_sd15_fp16_seed218_s30_g3.5_str0.3.png,fake,0.9138318300247192,0.5175638198852539
sd35_fp16,CLIP-D,grid_majority,/media/CrispyMcMarkInc/fake-images-img2img/00092_sd35_fp16_seed215_s30_g3.5_str0.3.png,real,0.0,0.2410118579864502
sd3_fp16,CLIP-D,grid_max,/media/CrispyMcMarkInc/fake-images-img2img/00087_sd3_fp16_seed210_s30_g3.5_str0.3.png,fake,0.9885329008102417,0.2996189594268799
sd35_fp16,CLIP-D,patch_majority,/media/CrispyMcMarkInc/fake-images-img2img/00079_sd35_fp16_seed202_s30_g3.5_str0.3.png,real,0.0,0.4741332530975342
sd3_fp16,CLIP-D,patch_max,/media/CrispyMcMarkInc/fake-images-img2img/00080_sd3_fp16_seed203_s30_g3.5_str0.3.png,fake,0.995205819606781,0.5014171600341797
sd3_fp16,CLIP-D,grid_majority,/media/CrispyMcMarkInc/fake-images-img2img/00076_sd3_fp16_seed199_s30_g3.5_str0.3.png,real,0.0,0.3130972385406494
sd15_fp4,CLIP-D,grid_max,/media/CrispyMcMarkInc/fake-images-img2img/00002_sd15_fp4_seed125_s30_g3.5_str0.3.png,fake,0.806318998336792,0.3276329040527344
sd15_fp4,CLIP-D,patch_majority,/media/CrispyMcMarkInc/fake-images-img2img/00000_sd15_fp4_seed123_s30_g3.5_str0.3.png,fake,1.0,0.47829461097717285
sd15_fp4,CLIP-D,patch_max,/media/CrispyMcMarkInc/fake-images-img2img/00088_sd15_fp4_seed211_s30_g3.5_str0.3.png,fake,0.9476413130760193,0.4949488639831543
sd15_fp8,CLIP-D,grid_majority,/media/CrispyMcMarkInc/fake-images-img2img/00006_sd15_fp8_seed129_s30_g3.5_str0.3.png,real,0.0,0.2451162338256836
sd3_fp16,CLIP-D,grid_max,/media/CrispyMcMarkInc/fake-images-img2img/00025_sd3_fp16_seed148_s30_g3.5_str0.3.png,fake,0.6873546838760376,0.3059988021850586
sd35_fp16,CLIP-D,patch_majority,/media/CrispyMcMarkInc/fake-images-img2img/00016_sd35_fp16_seed139_s30_g3.5_str0.3.png,real,0.0,0.4764726161956787
sd35_fp8,CLIP-D,patch_max,/media/CrispyMcMarkInc/fake-images-img2img/00022_sd35_fp8_seed145_s30_g3.5_str0.3.png,fake,0.7077531218528748,0.5008175373077393
sd35_fp16,CLIP-D,grid_majority,/media/CrispyMcMarkInc/fake-images-img2img/00074_sd35_fp16_seed197_s30_g3.5_str0.3.png,fake,1.0,0.2369985580444336
sd35_fp16,CLIP-D,grid_max,/media/CrispyMcMarkInc/fake-images-img2img/00099_sd35_fp16_seed222_s30_g3.5_str0.3.png,fake,0.9203795790672302,0.2985401153564453
sd15_fp4,CLIP-D,patch_majority,/media/CrispyMcMarkInc/fake-images-img2img/00045_sd15_fp4_seed168_s30_g3.5_str0.3.png,real,0.0,0.4759078025817871
sd15_fp16,CLIP-D,patch_max,/media/CrispyMcMarkInc/fake-images-img2img/00021_sd15_fp16_seed144_s30_g3.5_str0.3.png,fake,0.9449074864387512,0.5147335529327393
sd15_fp4,CLIP-D,grid_majority,/media/CrispyMcMarkInc/fake-images-img2img/00018_sd15_fp4_seed141_s30_g3.5_str0.3.png,real,0.0,0.23167681694030762
sd35_fp4,CLIP-D,grid_max,/media/CrispyMcMarkInc/fake-images-img2img/00000_sd35_fp4_seed123_s30_g3.5_str0.3.png,fake,0.9900552034378052,0.2846500873565674
sd35_fp8,CLIP-D,patch_majority,/media/CrispyMcMarkInc/fake-images-img2img/00033_sd35_fp8_seed156_s30_g3.5_str0.3.png,fake,1.0,0.4721071720123291
sd35_fp4,CLIP-D,patch_max,/media/CrispyMcMarkInc/fake-images-img2img/00009_sd35_fp4_seed132_s30_g3.5_str0.3.png,fake,0.63715660572052,0.5156664848327637
sd15_fp8,CLIP-D,grid_majority,/media/CrispyMcMarkInc/fake-images-img2img/00056_sd15_fp8_seed179_s30_g3.5_str0.3.png,fake,1.0,0.22718596458435059
sd15_fp16,CLIP-D,grid_max,/media/CrispyMcMarkInc/fake-images-img2img/00066_sd15_fp16_seed189_s30_g3.5_str0.3.png,fake,0.9831566214561462,0.2765471935272217
sd35_fp16,CLIP-D,patch_majority,/media/CrispyMcMarkInc/fake-images-img2img/00043_sd35_fp16_seed166_s30_g3.5_str0.3.png,fake,1.0,0.4706270694732666
sd3_fp16,CLIP-D,patch_max,/media/CrispyMcMarkInc/fake-images-img2img/00063_sd3_fp16_seed186_s30_g3.5_str0.3.png,fake,0.989346981048584,0.5201983451843262
sd15_fp16,CLIP-D,grid_majority,/media/CrispyMcMarkInc/fake-images-img2img/00017_sd15_fp16_seed140_s30_g3.5_str0.3.png,real,0.0,0.25514841079711914
sd35_fp8,CLIP-D,grid_max,/media/CrispyMcMarkInc/fake-images-img2img/00099_sd35_fp8_seed222_s30_g3.5_str0.3.png,fake,0.9495081305503845,0.30951905250549316
sd35_fp16,CLIP-D,patch_majority,/media/CrispyMcMarkInc/fake-images-img2img/00092_sd35_fp16_seed215_s30_g3.5_str0.3.png,real,0.0,0.4754140377044678
sd15_fp4,CLIP-D,patch_max,/media/CrispyMcMarkInc/fake-images-img2img/00043_sd15_fp4_seed166_s30_g3.5_str0.3.png,fake,0.9934836030006409,0.5061233043670654
sd35_fp4,CLIP-D,grid_majority,/media/CrispyMcMarkInc/fake-images-img2img/00091_sd35_fp4_seed214_s30_g3.5_str0.3.png,fake,1.0,0.24409770965576172
sd15_fp16,CLIP-D,grid_max,/media/CrispyMcMarkInc/fake-images-img2img/00002_sd15_fp16_seed125_s30_g3.5_str0.3.png,fake,0.7776983976364136,0.30703186988830566
sd3_fp16,CLIP-D,patch_majority,/media/CrispyMcMarkInc/fake-images-img2img/00076_sd3_fp16_seed199_s30_g3.5_str0.3.png,real,0.0,0.47432780265808105
sd35_fp16,CLIP-D,patch_max,/media/CrispyMcMarkInc/fake-images-img2img/00038_sd35_fp16_seed161_s30_g3.5_str0.3.png,fake,0.9531061053276062,0.49813079833984375
sd3_fp16,CLIP-D,grid_majority,/media/CrispyMcMarkInc/fake-images-img2img/00067_sd3_fp16_seed190_s30_g3.5_str0.3.png,real,0.0,0.25168800354003906
sd15_fp8,CLIP-D,grid_max,/media/CrispyMcMarkInc/fake-images-img2img/00060_sd15_fp8_seed183_s30_g3.5_str0.3.png,fake,0.9171485304832458,0.3114781379699707
sd15_fp8,CLIP-D,patch_majority,/media/CrispyMcMarkInc/fake-images-img2img/00006_sd15_fp8_seed129_s30_g3.5_str0.3.png,real,0.0,0.4769749641418457
sd15_fp8,CLIP-D,patch_max,/media/CrispyMcMarkInc/fake-images-img2img/00010_sd15_fp8_seed133_s30_g3.5_str0.3.png,fake,0.9682692885398865,0.5143871307373047
sd3_fp16,CLIP-D,grid_majority,/media/CrispyMcMarkInc/fake-images-img2img/00058_sd3_fp16_seed181_s30_g3.5_str0.3.png,fake,1.0,0.2448561191558838
sd35_fp4,CLIP-D,grid_max,/media/CrispyMcMarkInc/fake-images-img2img/00044_sd35_fp4_seed167_s30_g3.5_str0.3.png,fake,0.8345998525619507,0.3005044460296631
sd35_fp16,CLIP-D,patch_majority,/media/CrispyMcMarkInc/fake-images-img2img/00074_sd35_fp16_seed197_s30_g3.5_str0.3.png,real,0.0,0.47193002700805664
sd3_fp8,CLIP-D,patch_max,/media/CrispyMcMarkInc/fake-images-img2img/00083_sd3_fp8_seed206_s30_g3.5_str0.3.png,fake,0.9941210150718689,0.5086512565612793
sd35_fp8,CLIP-D,grid_majority,/media/CrispyMcMarkInc/fake-images-img2img/00092_sd35_fp8_seed215_s30_g3.5_str0.3.png,real,0.0,0.2895681858062744
sd15_fp16,CLIP-D,grid_max,/media/CrispyMcMarkInc/fake-images-img2img/00057_sd15_fp16_seed180_s30_g3.5_str0.3.png,fake,0.6536909341812134,0.3188138008117676
sd15_fp4,CLIP-D,patch_majority,/media/CrispyMcMarkInc/fake-images-img2img/00018_sd15_fp4_seed141_s30_g3.5_str0.3.png,real,0.0,0.4740486145019531
sd35_fp4,CLIP-D,patch_max,/media/CrispyMcMarkInc/fake-images-img2img/00011_sd35_fp4_seed134_s30_g3.5_str0.3.png,fake,0.9010555148124695,0.49677062034606934
sd3_fp8,CLIP-D,grid_majority,/media/CrispyMcMarkInc/fake-images-img2img/00065_sd3_fp8_seed188_s30_g3.5_str0.3.png,real,0.0,0.32944512367248535
sd3_fp8,CLIP-D,grid_max,/media/CrispyMcMarkInc/fake-images-img2img/00040_sd3_fp8_seed163_s30_g3.5_str0.3.png,fake,0.9435932040214539,0.35924458503723145
sd15_fp8,CLIP-D,patch_majority,/media/CrispyMcMarkInc/fake-images-img2img/00056_sd15_fp8_seed179_s30_g3.5_str0.3.png,fake,1.0,0.4746420383453369
sd3_fp8,CLIP-D,patch_max,/media/CrispyMcMarkInc/fake-images-img2img/00099_sd3_fp8_seed222_s30_g3.5_str0.3.png,fake,0.9798243045806885,0.487713098526001
sd35_fp16,CLIP-D,grid_majority,/media/CrispyMcMarkInc/fake-images-img2img/00088_sd35_fp16_seed211_s30_g3.5_str0.3.png,real,0.0,0.21937775611877441
sd15_fp4,CLIP-D,grid_max,/media/CrispyMcMarkInc/fake-images-img2img/00063_sd15_fp4_seed186_s30_g3.5_str0.3.png,fake,0.8987881541252136,0.2623617649078369
sd15_fp16,CLIP-D,patch_majority,/media/CrispyMcMarkInc/fake-images-img2img/00017_sd15_fp16_seed140_s30_g3.5_str0.3.png,real,0.0,0.4802134037017822
sd3_fp8,CLIP-D,patch_max,/media/CrispyMcMarkInc/fake-images-img2img/00088_sd3_fp8_seed211_s30_g3.5_str0.3.png,fake,0.9240352511405945,0.5182254314422607
sd15_fp16,CLIP-D,grid_majority,/media/CrispyMcMarkInc/fake-images-img2img/00011_sd15_fp16_seed134_s30_g3.5_str0.3.png,real,0.0,0.23099684715270996
sd35_fp4,CLIP-D,grid_max,/media/CrispyMcMarkInc/fake-images-img2img/00065_sd35_fp4_seed188_s30_g3.5_str0.3.png,fake,0.9838248491287231,0.2874741554260254
sd35_fp4,CLIP-D,patch_majority,/media/CrispyMcMarkInc/fake-images-img2img/00091_sd35_fp4_seed214_s30_g3.5_str0.3.png,fake,1.0,0.4743978977203369
sd35_fp8,CLIP-D,patch_max,/media/CrispyMcMarkInc/fake-images-img2img/00096_sd35_fp8_seed219_s30_g3.5_str0.3.png,fake,0.8939432501792908,0.5094358921051025
sd35_fp4,CLIP-D,grid_majority,/media/CrispyMcMarkInc/fake-images-img2img/00046_sd35_fp4_seed169_s30_g3.5_str0.3.png,real,0.0,0.24210667610168457
sd35_fp16,CLIP-D,grid_max,/media/CrispyMcMarkInc/fake-images-img2img/00044_sd35_fp16_seed167_s30_g3.5_str0.3.png,fake,0.8692139387130737,0.3041231632232666
sd3_fp16,CLIP-D,patch_majority,/media/CrispyMcMarkInc/fake-images-img2img/00067_sd3_fp16_seed190_s30_g3.5_str0.3.png,real,0.0,0.47565770149230957
sd15_fp8,CLIP-D,patch_max,/media/CrispyMcMarkInc/fake-images-img2img/00037_sd15_fp8_seed160_s30_g3.5_str0.3.png,fake,0.97923344373703,0.5443708896636963
sd35_fp8,CLIP-D,grid_majority,/media/CrispyMcMarkInc/fake-images-img2img/00031_sd35_fp8_seed154_s30_g3.5_str0.3.png,fake,1.0,0.2423856258392334
sd35_fp8,CLIP-D,grid_max,/media/CrispyMcMarkInc/fake-images-img2img/00074_sd35_fp8_seed197_s30_g3.5_str0.3.png,fake,0.956904411315918,0.30138611793518066
sd3_fp16,CLIP-D,patch_majority,/media/CrispyMcMarkInc/fake-images-img2img/00058_sd3_fp16_seed181_s30_g3.5_str0.3.png,fake,1.0,0.4762868881225586
sd3_fp16,CLIP-D,patch_max,/media/CrispyMcMarkInc/fake-images-img2img/00023_sd3_fp16_seed146_s30_g3.5_str0.3.png,fake,0.9186864495277405,0.5304913520812988
sd35_fp4,CLIP-D,grid_majority,/media/CrispyMcMarkInc/fake-images-img2img/00007_sd35_fp4_seed130_s30_g3.5_str0.3.png,real,0.0,0.23291850090026855
sd15_fp4,CLIP-D,grid_max,/media/CrispyMcMarkInc/fake-images-img2img/00052_sd15_fp4_seed175_s30_g3.5_str0.3.png,fake,0.8982449173927307,0.3167455196380615
sd35_fp8,CLIP-D,patch_majority,/media/CrispyMcMarkInc/fake-images-img2img/00092_sd35_fp8_seed215_s30_g3.5_str0.3.png,real,0.0,0.47109174728393555
sd35_fp8,CLIP-D,patch_max,/media/CrispyMcMarkInc/fake-images-img2img/00023_sd35_fp8_seed146_s30_g3.5_str0.3.png,fake,0.8321947455406189,0.5117883682250977
sd3_fp8,CLIP-D,grid_majority,/media/CrispyMcMarkInc/fake-images-img2img/00030_sd3_fp8_seed153_s30_g3.5_str0.3.png,fake,1.0,0.22932648658752441
sd3_fp16,CLIP-D,grid_max,/media/CrispyMcMarkInc/fake-images-img2img/00084_sd3_fp16_seed207_s30_g3.5_str0.3.png,fake,0.6088600158691406,0.29010581970214844
sd3_fp8,CLIP-D,patch_majority,/media/CrispyMcMarkInc/fake-images-img2img/00065_sd3_fp8_seed188_s30_g3.5_str0.3.png,real,0.0,0.47832703590393066
sd35_fp16,CLIP-D,patch_max,/media/CrispyMcMarkInc/fake-images-img2img/00035_sd35_fp16_seed158_s30_g3.5_str0.3.png,fake,0.9430567026138306,0.5176386833190918
sd15_fp16,CLIP-D,grid_majority,/media/CrispyMcMarkInc/fake-images-img2img/00014_sd15_fp16_seed137_s30_g3.5_str0.3.png,fake,1.0,0.2245197296142578
sd15_fp4,CLIP-D,grid_max,/media/CrispyMcMarkInc/fake-images-img2img/00004_sd15_fp4_seed127_s30_g3.5_str0.3.png,fake,0.918328046798706,0.2821500301361084
sd35_fp16,CLIP-D,patch_majority,/media/CrispyMcMarkInc/fake-images-img2img/00088_sd35_fp16_seed211_s30_g3.5_str0.3.png,real,0.0,0.4813542366027832
sd3_fp8,CLIP-D,patch_max,/media/CrispyMcMarkInc/fake-images-img2img/00056_sd3_fp8_seed179_s30_g3.5_str0.3.png,fake,0.9324058890342712,0.5072669982910156
sd15_fp16,CLIP-D,grid_majority,/media/CrispyMcMarkInc/fake-images-img2img/00042_sd15_fp16_seed165_s30_g3.5_str0.3.png,real,0.0,0.251950740814209
sd3_fp4,CLIP-D,grid_max,/media/CrispyMcMarkInc/fake-images-img2img/00046_sd3_fp4_seed169_s30_g3.5_str0.3.png,fake,0.9126349091529846,0.30574464797973633
sd15_fp16,CLIP-D,patch_majority,/media/CrispyMcMarkInc/fake-images-img2img/00011_sd15_fp16_seed134_s30_g3.5_str0.3.png,real,0.0,0.47668981552124023
sd35_fp8,CLIP-D,patch_max,/media/CrispyMcMarkInc/fake-images-img2img/00001_sd35_fp8_seed124_s30_g3.5_str0.3.png,fake,0.9813084006309509,0.4985158443450928
sd15_fp8,CLIP-D,grid_majority,/media/CrispyMcMarkInc/fake-images-img2img/00024_sd15_fp8_seed147_s30_g3.5_str0.3.png,real,0.0,0.30966758728027344
sd15_fp4,CLIP-D,grid_max,/media/CrispyMcMarkInc/fake-images-img2img/00084_sd15_fp4_seed207_s30_g3.5_str0.3.png,fake,0.9330785870552063,0.33827996253967285
sd35_fp4,CLIP-D,patch_majority,/media/CrispyMcMarkInc/fake-images-img2img/00046_sd35_fp4_seed169_s30_g3.5_str0.3.png,real,0.0,0.481032133102417
sd15_fp16,CLIP-D,patch_max,/media/CrispyMcMarkInc/fake-images-img2img/00077_sd15_fp16_seed200_s30_g3.5_str0.3.png,fake,0.9853028059005737,0.4902362823486328
sd3_fp4,CLIP-D,grid_majority,/media/CrispyMcMarkInc/fake-images-img2img/00068_sd3_fp4_seed191_s30_g3.5_str0.3.png,fake,1.0,0.23979783058166504
sd35_fp16,CLIP-D,grid_max,/media/CrispyMcMarkInc/fake-images-img2img/00070_sd35_fp16_seed193_s30_g3.5_str0.3.png,fake,0.9237304925918579,0.32545948028564453
sd35_fp8,CLIP-D,patch_majority,/media/CrispyMcMarkInc/fake-images-img2img/00031_sd35_fp8_seed154_s30_g3.5_str0.3.png,real,0.0,0.4782702922821045
sd3_fp16,CLIP-D,patch_max,/media/CrispyMcMarkInc/fake-images-img2img/00040_sd3_fp16_seed163_s30_g3.5_str0.3.png,fake,0.9508180022239685,0.4950399398803711
sd35_fp16,CLIP-D,grid_majority,/media/CrispyMcMarkInc/fake-images-img2img/00090_sd35_fp16_seed213_s30_g3.5_str0.3.png,real,0.0,0.24025964736938477
sd3_fp8,CLIP-D,grid_max,/media/CrispyMcMarkInc/fake-images-img2img/00010_sd3_fp8_seed133_s30_g3.5_str0.3.png,fake,0.8283921480178833,0.3011488914489746
sd35_fp4,CLIP-D,patch_majority,/media/CrispyMcMarkInc/fake-images-img2img/00007_sd35_fp4_seed130_s30_g3.5_str0.3.png,real,0.0,0.4747626781463623
sd35_fp16,CLIP-D,patch_max,/media/CrispyMcMarkInc/fake-images-img2img/00042_sd35_fp16_seed165_s30_g3.5_str0.3.png,fake,0.8195028305053711,0.4950230121612549
sd3_fp16,CLIP-D,grid_majority,/media/CrispyMcMarkInc/fake-images-img2img/00017_sd3_fp16_seed140_s30_g3.5_str0.3.png,real,0.0,0.24434947967529297
sd35_fp8,CLIP-D,grid_max,/media/CrispyMcMarkInc/fake-images-img2img/00082_sd35_fp8_seed205_s30_g3.5_str0.3.png,fake,0.9339987635612488,0.30156421661376953
sd3_fp8,CLIP-D,patch_majority,/media/CrispyMcMarkInc/fake-images-img2img/00030_sd3_fp8_seed153_s30_g3.5_str0.3.png,fake,1.0,0.470095157623291
sd15_fp16,CLIP-D,patch_max,/media/CrispyMcMarkInc/fake-images-img2img/00071_sd15_fp16_seed194_s30_g3.5_str0.3.png,fake,0.9406613111495972,0.5086796283721924
sd3_fp4,CLIP-D,grid_majority,/media/CrispyMcMarkInc/fake-images-img2img/00078_sd3_fp4_seed201_s30_g3.5_str0.3.png,fake,1.0,0.25237107276916504
sd3_fp8,CLIP-D,grid_max,/media/CrispyMcMarkInc/fake-images-img2img/00059_sd3_fp8_seed182_s30_g3.5_str0.3.png,fake,0.6870598793029785,0.30113935470581055
sd15_fp16,CLIP-D,patch_majority,/media/CrispyMcMarkInc/fake-images-img2img/00014_sd15_fp16_seed137_s30_g3.5_str0.3.png,fake,1.0,0.4714851379394531
sd3_fp4,CLIP-D,patch_max,/media/CrispyMcMarkInc/fake-images-img2img/00013_sd3_fp4_seed136_s30_g3.5_str0.3.png,fake,0.9772509932518005,0.5025014877319336
sd3_fp4,CLIP-D,grid_majority,/media/CrispyMcMarkInc/fake-images-img2img/00089_sd3_fp4_seed212_s30_g3.5_str0.3.png,real,0.0,0.23497915267944336
sd3_fp8,CLIP-D,grid_max,/media/CrispyMcMarkInc/fake-images-img2img/00067_sd3_fp8_seed190_s30_g3.5_str0.3.png,fake,0.9824485182762146,0.29255104064941406
sd15_fp16,CLIP-D,patch_majority,/media/CrispyMcMarkInc/fake-images-img2img/00042_sd15_fp16_seed165_s30_g3.5_str0.3.png,real,0.0,0.4812438488006592
sd35_fp4,CLIP-D,patch_max,/media/CrispyMcMarkInc/fake-images-img2img/00017_sd35_fp4_seed140_s30_g3.5_str0.3.png,fake,0.9922548532485962,0.5131633281707764
sd15_fp8,CLIP-D,grid_majority,/media/CrispyMcMarkInc/fake-images-img2img/00042_sd15_fp8_seed165_s30_g3.5_str0.3.png,real,0.0,0.3214547634124756
sd3_fp8,CLIP-D,grid_max,/media/CrispyMcMarkInc/fake-images-img2img/00045_sd3_fp8_seed168_s30_g3.5_str0.3.png,fake,0.5041537284851074,0.3304719924926758
sd15_fp8,CLIP-D,patch_majority,/media/CrispyMcMarkInc/fake-images-img2img/00024_sd15_fp8_seed147_s30_g3.5_str0.3.png,real,0.0,0.47359490394592285
sd15_fp4,CLIP-D,patch_max,/media/CrispyMcMarkInc/fake-images-img2img/00079_sd15_fp4_seed202_s30_g3.5_str0.3.png,fake,0.8999407887458801,0.49399733543395996
sd3_fp8,CLIP-D,grid_majority,/media/CrispyMcMarkInc/fake-images-img2img/00001_sd3_fp8_seed124_s30_g3.5_str0.3.png,fake,1.0,0.24401402473449707
sd15_fp4,CLIP-D,grid_max,/media/CrispyMcMarkInc/fake-images-img2img/00001_sd15_fp4_seed124_s30_g3.5_str0.3.png,fake,0.9840657114982605,0.32830357551574707
sd3_fp4,CLIP-D,patch_majority,/media/CrispyMcMarkInc/fake-images-img2img/00068_sd3_fp4_seed191_s30_g3.5_str0.3.png,fake,1.0,0.4755213260650635
sd35_fp4,CLIP-D,patch_max,/media/CrispyMcMarkInc/fake-images-img2img/00062_sd35_fp4_seed185_s30_g3.5_str0.3.png,fake,0.9908763766288757,0.5094094276428223
sd35_fp16,CLIP-D,grid_majority,/media/CrispyMcMarkInc/fake-images-img2img/00037_sd35_fp16_seed160_s30_g3.5_str0.3.png,real,0.0,0.2501800060272217
sd3_fp8,CLIP-D,grid_max,/media/CrispyMcMarkInc/fake-images-img2img/00074_sd3_fp8_seed197_s30_g3.5_str0.3.png,fake,0.8454073667526245,0.30741000175476074
sd35_fp16,CLIP-D,patch_majority,/media/CrispyMcMarkInc/fake-images-img2img/00090_sd35_fp16_seed213_s30_g3.5_str0.3.png,real,0.0,0.4764564037322998
sd15_fp16,CLIP-D,patch_max,/media/CrispyMcMarkInc/fake-images-img2img/00003_sd15_fp16_seed126_s30_g3.5_str0.3.png,fake,0.9765540361404419,0.5027468204498291
sd3_fp4,CLIP-D,grid_majority,/media/CrispyMcMarkInc/fake-images-img2img/00039_sd3_fp4_seed162_s30_g3.5_str0.3.png,fake,1.0,0.2417302131652832
sd35_fp4,CLIP-D,grid_max,/media/CrispyMcMarkInc/fake-images-img2img/00089_sd35_fp4_seed212_s30_g3.5_str0.3.png,fake,0.836573600769043,0.30565547943115234
sd3_fp16,CLIP-D,patch_majority,/media/CrispyMcMarkInc/fake-images-img2img/00017_sd3_fp16_seed140_s30_g3.5_str0.3.png,real,0.0,0.4799034595489502
sd15_fp4,CLIP-D,patch_max,/media/CrispyMcMarkInc/fake-images-img2img/00070_sd15_fp4_seed193_s30_g3.5_str0.3.png,fake,0.9426142573356628,0.5177721977233887
sd15_fp8,CLIP-D,grid_majority,/media/CrispyMcMarkInc/fake-images-img2img/00077_sd15_fp8_seed200_s30_g3.5_str0.3.png,fake,1.0,0.24224162101745605
sd15_fp4,CLIP-D,grid_max,/media/CrispyMcMarkInc/fake-images-img2img/00033_sd15_fp4_seed156_s30_g3.5_str0.3.png,fake,0.9397452473640442,0.29846954345703125
sd3_fp4,CLIP-D,patch_majority,/media/CrispyMcMarkInc/fake-images-img2img/00078_sd3_fp4_seed201_s30_g3.5_str0.3.png,fake,1.0,0.4799923896789551
sd35_fp16,CLIP-D,patch_max,/media/CrispyMcMarkInc/fake-images-img2img/00057_sd35_fp16_seed180_s30_g3.5_str0.3.png,fake,0.6391465663909912,0.5251510143280029
sd15_fp4,CLIP-D,grid_majority,/media/CrispyMcMarkInc/fake-images-img2img/00032_sd15_fp4_seed155_s30_g3.5_str0.3.png,fake,1.0,0.24050211906433105
sd35_fp16,CLIP-D,grid_max,/media/CrispyMcMarkInc/fake-images-img2img/00013_sd35_fp16_seed136_s30_g3.5_str0.3.png,fake,0.8791955709457397,0.2938354015350342
sd3_fp4,CLIP-D,patch_majority,/media/CrispyMcMarkInc/fake-images-img2img/00089_sd3_fp4_seed212_s30_g3.5_str0.3.png,real,0.0,0.4716145992279053
sd3_fp16,CLIP-D,patch_max,/media/CrispyMcMarkInc/fake-images-img2img/00013_sd3_fp16_seed136_s30_g3.5_str0.3.png,fake,0.857024073600769,0.508326530456543
sd3_fp4,CLIP-D,grid_majority,/media/CrispyMcMarkInc/fake-images-img2img/00069_sd3_fp4_seed192_s30_g3.5_str0.3.png,fake,1.0,0.2535693645477295
sd3_fp8,CLIP-D,grid_max,/media/CrispyMcMarkInc/fake-images-img2img/00043_sd3_fp8_seed166_s30_g3.5_str0.3.png,fake,0.9957771301269531,0.3106706142425537
sd15_fp8,CLIP-D,patch_majority,/media/CrispyMcMarkInc/fake-images-img2img/00042_sd15_fp8_seed165_s30_g3.5_str0.3.png,real,0.0,0.4820568561553955
sd15_fp8,CLIP-D,patch_max,/media/CrispyMcMarkInc/fake-images-img2img/00099_sd15_fp8_seed222_s30_g3.5_str0.3.png,fake,0.8567700982093811,0.49924135208129883
sd3_fp16,CLIP-D,grid_majority,/media/CrispyMcMarkInc/fake-images-img2img/00024_sd3_fp16_seed147_s30_g3.5_str0.3.png,real,0.0,0.25515222549438477
sd3_fp8,CLIP-D,grid_max,/media/CrispyMcMarkInc/fake-images-img2img/00080_sd3_fp8_seed203_s30_g3.5_str0.3.png,fake,0.9946586489677429,0.31758713722229004
sd3_fp8,CLIP-D,patch_majority,/media/CrispyMcMarkInc/fake-images-img2img/00001_sd3_fp8_seed124_s30_g3.5_str0.3.png,real,0.0,0.4718163013458252
sd35_fp16,CLIP-D,patch_max,/media/CrispyMcMarkInc/fake-images-img2img/00045_sd35_fp16_seed168_s30_g3.5_str0.3.png,fake,0.5591957569122314,0.5052006244659424
sd3_fp4,CLIP-D,grid_majority,/media/CrispyMcMarkInc/fake-images-img2img/00012_sd3_fp4_seed135_s30_g3.5_str0.3.png,real,0.0,0.2553548812866211
sd3_fp4,CLIP-D,grid_max,/media/CrispyMcMarkInc/fake-images-img2img/00026_sd3_fp4_seed149_s30_g3.5_str0.3.png,fake,0.5587125420570374,0.3134274482727051
sd35_fp16,CLIP-D,patch_majority,/media/CrispyMcMarkInc/fake-images-img2img/00037_sd35_fp16_seed160_s30_g3.5_str0.3.png,real,0.0,0.48369622230529785
sd15_fp16,CLIP-D,patch_max,/media/CrispyMcMarkInc/fake-images-img2img/00069_sd15_fp16_seed192_s30_g3.5_str0.3.png,fake,0.9340094923973083,0.5110805034637451
sd35_fp16,CLIP-D,grid_majority,/media/CrispyMcMarkInc/fake-images-img2img/00066_sd35_fp16_seed189_s30_g3.5_str0.3.png,real,0.0,0.22778034210205078
sd35_fp8,CLIP-D,grid_max,/media/CrispyMcMarkInc/fake-images-img2img/00027_sd35_fp8_seed150_s30_g3.5_str0.3.png,fake,0.974601686000824,0.29106712341308594
sd3_fp4,CLIP-D,patch_majority,/media/CrispyMcMarkInc/fake-images-img2img/00039_sd3_fp4_seed162_s30_g3.5_str0.3.png,fake,1.0,0.47636985778808594
sd35_fp4,CLIP-D,patch_max,/media/CrispyMcMarkInc/fake-images-img2img/00026_sd35_fp4_seed149_s30_g3.5_str0.3.png,fake,0.5463296175003052,0.5040860176086426
sd15_fp16,CLIP-D,grid_majority,/media/CrispyMcMarkInc/fake-images-img2img/00023_sd15_fp16_seed146_s30_g3.5_str0.3.png,fake,1.0,0.2511460781097412
sd35_fp4,CLIP-D,grid_max,/media/CrispyMcMarkInc/fake-images-img2img/00081_sd35_fp4_seed204_s30_g3.5_str0.3.png,real,0.3672681748867035,0.310760498046875
sd15_fp8,CLIP-D,patch_majority,/media/CrispyMcMarkInc/fake-images-img2img/00077_sd15_fp8_seed200_s30_g3.5_str0.3.png,fake,1.0,0.47551655769348145
sd15_fp16,CLIP-D,patch_max,/media/CrispyMcMarkInc/fake-images-img2img/00025_sd15_fp16_seed148_s30_g3.5_str0.3.png,fake,0.9657732844352722,0.5219302177429199
sd35_fp8,CLIP-D,grid_majority,/media/CrispyMcMarkInc/fake-images-img2img/00098_sd35_fp8_seed221_s30_g3.5_str0.3.png,real,0.0,0.24066424369812012
sd15_fp16,CLIP-D,grid_max,/media/CrispyMcMarkInc/fake-images-img2img/00087_sd15_fp16_seed210_s30_g3.5_str0.3.png,fake,0.9641899466514587,0.29955601692199707
sd15_fp4,CLIP-D,patch_majority,/media/CrispyMcMarkInc/fake-images-img2img/00032_sd15_fp4_seed155_s30_g3.5_str0.3.png,fake,1.0,0.4762918949127197
sd3_fp8,CLIP-D,patch_max,/media/CrispyMcMarkInc/fake-images-img2img/00063_sd3_fp8_seed186_s30_g3.5_str0.3.png,fake,0.9908207058906555,0.5104291439056396
sd3_fp16,CLIP-D,grid_majority,/media/CrispyMcMarkInc/fake-images-img2img/00086_sd3_fp16_seed209_s30_g3.5_str0.3.png,fake,1.0,0.26431941986083984
sd15_fp16,CLIP-D,grid_max,/media/CrispyMcMarkInc/fake-images-img2img/00020_sd15_fp16_seed143_s30_g3.5_str0.3.png,fake,0.7345976233482361,0.32042527198791504
sd3_fp4,CLIP-D,patch_majority,/media/CrispyMcMarkInc/fake-images-img2img/00069_sd3_fp4_seed192_s30_g3.5_str0.3.png,fake,1.0,0.4711611270904541
sd35_fp16,CLIP-D,patch_max,/media/CrispyMcMarkInc/fake-images-img2img/00098_sd35_fp16_seed221_s30_g3.5_str0.3.png,fake,0.8385525345802307,0.5000267028808594
sd35_fp8,CLIP-D,grid_majority,/media/CrispyMcMarkInc/fake-images-img2img/00067_sd35_fp8_seed190_s30_g3.5_str0.3.png,real,0.0,0.22939634323120117
sd35_fp4,CLIP-D,grid_max,/media/CrispyMcMarkInc/fake-images-img2img/00095_sd35_fp4_seed218_s30_g3.5_str0.3.png,fake,0.9741256237030029,0.29291868209838867
sd3_fp16,CLIP-D,patch_majority,/media/CrispyMcMarkInc/fake-images-img2img/00024_sd3_fp16_seed147_s30_g3.5_str0.3.png,real,0.0,0.47307443618774414
sd3_fp16,CLIP-D,patch_max,/media/CrispyMcMarkInc/fake-images-img2img/00014_sd3_fp16_seed137_s30_g3.5_str0.3.png,fake,0.8639402985572815,0.5205798149108887
sd35_fp8,CLIP-D,grid_majority,/media/CrispyMcMarkInc/fake-images-img2img/00055_sd35_fp8_seed178_s30_g3.5_str0.3.png,fake,1.0,0.2477402687072754
sd15_fp8,CLIP-D,grid_max,/media/CrispyMcMarkInc/fake-images-img2img/00065_sd15_fp8_seed188_s30_g3.5_str0.3.png,fake,0.984250545501709,0.30800819396972656
sd3_fp4,CLIP-D,patch_majority,/media/CrispyMcMarkInc/fake-images-img2img/00012_sd3_fp4_seed135_s30_g3.5_str0.3.png,real,0.0,0.4759101867675781
sd15_fp4,CLIP-D,patch_max,/media/CrispyMcMarkInc/fake-images-img2img/00085_sd15_fp4_seed208_s30_g3.5_str0.3.png,fake,0.8882685303688049,0.5146050453186035
sd15_fp8,CLIP-D,grid_majority,/media/CrispyMcMarkInc/fake-images-img2img/00001_sd15_fp8_seed124_s30_g3.5_str0.3.png,fake,1.0,0.2426896095275879
sd35_fp16,CLIP-D,grid_max,/media/CrispyMcMarkInc/fake-images-img2img/00068_sd35_fp16_seed191_s30_g3.5_str0.3.png,fake,0.9332993030548096,0.3003671169281006
sd35_fp16,CLIP-D,patch_majority,/media/CrispyMcMarkInc/fake-images-img2img/00066_sd35_fp16_seed189_s30_g3.5_str0.3.png,real,0.0,0.4751126766204834
sd3_fp16,CLIP-D,patch_max,/media/CrispyMcMarkInc/fake-images-img2img/00051_sd3_fp16_seed174_s30_g3.5_str0.3.png,fake,0.9869001507759094,0.5047614574432373
sd35_fp4,CLIP-D,grid_majority,/media/CrispyMcMarkInc/fake-images-img2img/00071_sd35_fp4_seed194_s30_g3.5_str0.3.png,real,0.0,0.2676198482513428
sd35_fp16,CLIP-D,grid_max,/media/CrispyMcMarkInc/fake-images-img2img/00028_sd35_fp16_seed151_s30_g3.5_str0.3.png,fake,0.992972731590271,0.311415433883667
sd15_fp16,CLIP-D,patch_majority,/media/CrispyMcMarkInc/fake-images-img2img/00023_sd15_fp16_seed146_s30_g3.5_str0.3.png,fake,1.0,0.47256040573120117
sd35_fp16,CLIP-D,patch_max,/media/CrispyMcMarkInc/fake-images-img2img/00051_sd35_fp16_seed174_s30_g3.5_str0.3.png,fake,0.9856504797935486,0.5157508850097656
sd3_fp8,CLIP-D,grid_majority,/media/CrispyMcMarkInc/fake-images-img2img/00070_sd3_fp8_seed193_s30_g3.5_str0.3.png,real,0.0,0.23843979835510254
sd15_fp16,CLIP-D,grid_max,/media/CrispyMcMarkInc/fake-images-img2img/00081_sd15_fp16_seed204_s30_g3.5_str0.3.png,fake,0.9642710089683533,0.29558372497558594
sd35_fp8,CLIP-D,patch_majority,/media/CrispyMcMarkInc/fake-images-img2img/00098_sd35_fp8_seed221_s30_g3.5_str0.3.png,real,0.0,0.47678637504577637
sd35_fp8,CLIP-D,patch_max,/media/CrispyMcMarkInc/fake-images-img2img/00010_sd35_fp8_seed133_s30_g3.5_str0.3.png,fake,0.9585580825805664,0.5125734806060791
sd3_fp4,CLIP-D,grid_majority,/media/CrispyMcMarkInc/fake-images-img2img/00034_sd3_fp4_seed157_s30_g3.5_str0.3.png,fake,1.0,0.25919318199157715
sd35_fp4,CLIP-D,grid_max,/media/CrispyMcMarkInc/fake-images-img2img/00035_sd35_fp4_seed158_s30_g3.5_str0.3.png,fake,0.9059966802597046,0.3156423568725586
sd3_fp16,CLIP-D,patch_majority,/media/CrispyMcMarkInc/fake-images-img2img/00086_sd3_fp16_seed209_s30_g3.5_str0.3.png,fake,1.0,0.47266507148742676
sd35_fp8,CLIP-D,patch_max,/media/CrispyMcMarkInc/fake-images-img2img/00075_sd35_fp8_seed198_s30_g3.5_str0.3.png,fake,0.9778255820274353,0.5077104568481445
sd15_fp8,CLIP-D,grid_majority,/media/CrispyMcMarkInc/fake-images-img2img/00051_sd15_fp8_seed174_s30_g3.5_str0.3.png,real,0.0,0.2539541721343994
sd3_fp4,CLIP-D,grid_max,/media/CrispyMcMarkInc/fake-images-img2img/00003_sd3_fp4_seed126_s30_g3.5_str0.3.png,fake,0.9947746396064758,0.3100733757019043
sd35_fp8,CLIP-D,patch_majority,/media/CrispyMcMarkInc/fake-images-img2img/00067_sd35_fp8_seed190_s30_g3.5_str0.3.png,real,0.0,0.5106871128082275
sd15_fp4,CLIP-D,patch_max,/media/CrispyMcMarkInc/fake-images-img2img/00026_sd15_fp4_seed149_s30_g3.5_str0.3.png,fake,0.9458730816841125,0.5039989948272705
sd15_fp8,CLIP-D,grid_majority,/media/CrispyMcMarkInc/fake-images-img2img/00019_sd15_fp8_seed142_s30_g3.5_str0.3.png,fake,1.0,0.2547008991241455
sd35_fp8,CLIP-D,grid_max,/media/CrispyMcMarkInc/fake-images-img2img/00085_sd35_fp8_seed208_s30_g3.5_str0.3.png,fake,0.942478597164154,0.3122258186340332
sd35_fp8,CLIP-D,patch_majority,/media/CrispyMcMarkInc/fake-images-img2img/00055_sd35_fp8_seed178_s30_g3.5_str0.3.png,real,0.0,0.4728555679321289
sd15_fp8,CLIP-D,patch_max,/media/CrispyMcMarkInc/fake-images-img2img/00075_sd15_fp8_seed198_s30_g3.5_str0.3.png,fake,0.872408926486969,0.5032937526702881
sd15_fp8,CLIP-D,grid_majority,/media/CrispyMcMarkInc/fake-images-img2img/00059_sd15_fp8_seed182_s30_g3.5_str0.3.png,real,0.0,0.25638556480407715
sd35_fp16,CLIP-D,grid_max,/media/CrispyMcMarkInc/fake-images-img2img/00006_sd35_fp16_seed129_s30_g3.5_str0.3.png,fake,0.9551411271095276,0.3133120536804199
sd15_fp8,CLIP-D,patch_majority,/media/CrispyMcMarkInc/fake-images-img2img/00001_sd15_fp8_seed124_s30_g3.5_str0.3.png,fake,1.0,0.4749026298522949
sd3_fp4,CLIP-D,patch_max,/media/CrispyMcMarkInc/fake-images-img2img/00063_sd3_fp4_seed186_s30_g3.5_str0.3.png,fake,0.9935459494590759,0.5218122005462646
sd3_fp16,CLIP-D,grid_majority,/media/CrispyMcMarkInc/fake-images-img2img/00055_sd3_fp16_seed178_s30_g3.5_str0.3.png,real,0.0,0.23862481117248535
sd3_fp8,CLIP-D,grid_max,/media/CrispyMcMarkInc/fake-images-img2img/00004_sd3_fp8_seed127_s30_g3.5_str0.3.png,fake,0.7419542074203491,0.3044872283935547
sd35_fp4,CLIP-D,patch_majority,/media/CrispyMcMarkInc/fake-images-img2img/00071_sd35_fp4_seed194_s30_g3.5_str0.3.png,real,0.0,0.4753425121307373
sd15_fp16,CLIP-D,patch_max,/media/CrispyMcMarkInc/fake-images-img2img/00033_sd15_fp16_seed156_s30_g3.5_str0.3.png,fake,0.9470342993736267,0.5154922008514404
sd3_fp16,CLIP-D,grid_majority,/media/CrispyMcMarkInc/fake-images-img2img/00093_sd3_fp16_seed216_s30_g3.5_str0.3.png,fake,1.0,0.24426722526550293
sd15_fp8,CLIP-D,grid_max,/media/CrispyMcMarkInc/fake-images-img2img/00027_sd15_fp8_seed150_s30_g3.5_str0.3.png,fake,0.9768040776252747,0.3061800003051758
sd3_fp8,CLIP-D,patch_majority,/media/CrispyMcMarkInc/fake-images-img2img/00070_sd3_fp8_seed193_s30_g3.5_str0.3.png,real,0.0,0.4729030132293701
sd15_fp16,CLIP-D,patch_max,/media/CrispyMcMarkInc/fake-images-img2img/00098_sd15_fp16_seed221_s30_g3.5_str0.3.png,fake,0.8918906450271606,0.5136148929595947
sd35_fp16,CLIP-D,grid_majority,/media/CrispyMcMarkInc/fake-images-img2img/00026_sd35_fp16_seed149_s30_g3.5_str0.3.png,real,0.0,0.255504846572876
sd3_fp4,CLIP-D,grid_max,/media/CrispyMcMarkInc/fake-images-img2img/00029_sd3_fp4_seed152_s30_g3.5_str0.3.png,fake,0.9965840578079224,0.31448984146118164
sd3_fp4,CLIP-D,patch_majority,/media/CrispyMcMarkInc/fake-images-img2img/00034_sd3_fp4_seed157_s30_g3.5_str0.3.png,real,0.0,0.4781475067138672
sd15_fp16,CLIP-D,patch_max,/media/CrispyMcMarkInc/fake-images-img2img/00052_sd15_fp16_seed175_s30_g3.5_str0.3.png,fake,0.8438212871551514,0.5052008628845215
sd15_fp4,CLIP-D,grid_majority,/media/CrispyMcMarkInc/fake-images-img2img/00095_sd15_fp4_seed218_s30_g3.5_str0.3.png,fake,1.0,0.24080681800842285
sd3_fp4,CLIP-D,grid_max,/media/CrispyMcMarkInc/fake-images-img2img/00092_sd3_fp4_seed215_s30_g3.5_str0.3.png,fake,0.9431944489479065,0.3022756576538086
sd15_fp8,CLIP-D,patch_majority,/media/CrispyMcMarkInc/fake-images-img2img/00051_sd15_fp8_seed174_s30_g3.5_str0.3.png,real,0.0,0.4765133857727051
sd3_fp8,CLIP-D,patch_max,/media/CrispyMcMarkInc/fake-images-img2img/00086_sd3_fp8_seed209_s30_g3.5_str0.3.png,fake,0.9342607855796814,0.5227746963500977
sd3_fp4,CLIP-D,grid_majority,/media/CrispyMcMarkInc/fake-images-img2img/00075_sd3_fp4_seed198_s30_g3.5_str0.3.png,fake,1.0,0.24268031120300293
sd3_fp16,CLIP-D,grid_max,/media/CrispyMcMarkInc/fake-images-img2img/00075_sd3_fp16_seed198_s30_g3.5_str0.3.png,fake,0.960870087146759,0.30190396308898926
sd15_fp8,CLIP-D,patch_majority,/media/CrispyMcMarkInc/fake-images-img2img/00019_sd15_fp8_seed142_s30_g3.5_str0.3.png,fake,1.0,0.4787442684173584
sd35_fp8,CLIP-D,patch_max,/media/CrispyMcMarkInc/fake-images-img2img/00008_sd35_fp8_seed131_s30_g3.5_str0.3.png,fake,0.6677765846252441,0.49896788597106934
sd3_fp16,CLIP-D,grid_majority,/media/CrispyMcMarkInc/fake-images-img2img/00009_sd3_fp16_seed132_s30_g3.5_str0.3.png,real,0.0,0.2516465187072754
sd15_fp8,CLIP-D,grid_max,/media/CrispyMcMarkInc/fake-images-img2img/00032_sd15_fp8_seed155_s30_g3.5_str0.3.png,fake,0.9831710457801819,0.3074920177459717
sd15_fp8,CLIP-D,patch_majority,/media/CrispyMcMarkInc/fake-images-img2img/00059_sd15_fp8_seed182_s30_g3.5_str0.3.png,real,0.0,0.47704410552978516
sd15_fp4,CLIP-D,patch_max,/media/CrispyMcMarkInc/fake-images-img2img/00058_sd15_fp4_seed181_s30_g3.5_str0.3.png,fake,0.9630146622657776,0.5427231788635254
sd15_fp8,CLIP-D,grid_majority,/media/CrispyMcMarkInc/fake-images-img2img/00082_sd15_fp8_seed205_s30_g3.5_str0.3.png,fake,1.0,0.23024415969848633
sd15_fp8,CLIP-D,grid_max,/media/CrispyMcMarkInc/fake-images-img2img/00066_sd15_fp8_seed189_s30_g3.5_str0.3.png,fake,0.9814863801002502,0.28737354278564453
sd3_fp16,CLIP-D,patch_majority,/media/CrispyMcMarkInc/fake-images-img2img/00055_sd3_fp16_seed178_s30_g3.5_str0.3.png,real,0.0,0.47579360008239746
sd35_fp8,CLIP-D,patch_max,/media/CrispyMcMarkInc/fake-images-img2img/00035_sd35_fp8_seed158_s30_g3.5_str0.3.png,fake,0.9443383812904358,0.5293481349945068
sd3_fp16,CLIP-D,grid_majority,/media/CrispyMcMarkInc/fake-images-img2img/00029_sd3_fp16_seed152_s30_g3.5_str0.3.png,fake,1.0,0.2447671890258789
sd15_fp8,CLIP-D,grid_max,/media/CrispyMcMarkInc/fake-images-img2img/00030_sd15_fp8_seed153_s30_g3.5_str0.3.png,fake,0.9765535593032837,0.30417847633361816
sd3_fp16,CLIP-D,patch_majority,/media/CrispyMcMarkInc/fake-images-img2img/00093_sd3_fp16_seed216_s30_g3.5_str0.3.png,fake,1.0,0.4776318073272705
sd15_fp8,CLIP-D,patch_max,/media/CrispyMcMarkInc/fake-images-img2img/00017_sd15_fp8_seed140_s30_g3.5_str0.3.png,fake,0.9005025625228882,0.5139622688293457
sd15_fp16,CLIP-D,grid_majority,/media/CrispyMcMarkInc/fake-images-img2img/00075_sd15_fp16_seed198_s30_g3.5_str0.3.png,real,0.0,0.2473902702331543
sd15_fp16,CLIP-D,grid_max,/media/CrispyMcMarkInc/fake-images-img2img/00007_sd15_fp16_seed130_s30_g3.5_str0.3.png,fake,0.9772336483001709,0.3076918125152588
sd35_fp16,CLIP-D,patch_majority,/media/CrispyMcMarkInc/fake-images-img2img/00026_sd35_fp16_seed149_s30_g3.5_str0.3.png,real,0.0,0.4736020565032959
sd15_fp8,CLIP-D,patch_max,/media/CrispyMcMarkInc/fake-images-img2img/00041_sd15_fp8_seed164_s30_g3.5_str0.3.png,fake,0.8449802994728088,0.5122230052947998
sd15_fp8,CLIP-D,grid_majority,/media/CrispyMcMarkInc/fake-images-img2img/00071_sd15_fp8_seed194_s30_g3.5_str0.3.png,fake,1.0,0.25346875190734863
sd35_fp16,CLIP-D,grid_max,/media/CrispyMcMarkInc/fake-images-img2img/00029_sd35_fp16_seed152_s30_g3.5_str0.3.png,fake,0.9940524697303772,0.311643123626709
sd15_fp4,CLIP-D,patch_majority,/media/CrispyMcMarkInc/fake-images-img2img/00095_sd15_fp4_seed218_s30_g3.5_str0.3.png,fake,1.0,0.4760448932647705
sd35_fp4,CLIP-D,patch_max,/media/CrispyMcMarkInc/fake-images-img2img/00032_sd35_fp4_seed155_s30_g3.5_str0.3.png,fake,0.9596728682518005,0.5128538608551025
sd3_fp16,CLIP-D,grid_majority,/media/CrispyMcMarkInc/fake-images-img2img/00060_sd3_fp16_seed183_s30_g3.5_str0.3.png,real,0.0,0.31316423416137695
sd15_fp16,CLIP-D,grid_max,/media/CrispyMcMarkInc/fake-images-img2img/00039_sd15_fp16_seed162_s30_g3.5_str0.3.png,fake,0.7193253040313721,0.32448840141296387
sd3_fp4,CLIP-D,patch_majority,/media/CrispyMcMarkInc/fake-images-img2img/00075_sd3_fp4_seed198_s30_g3.5_str0.3.png,fake,1.0,0.47370171546936035
sd35_fp16,CLIP-D,patch_max,/media/CrispyMcMarkInc/fake-images-img2img/00061_sd35_fp16_seed184_s30_g3.5_str0.3.png,fake,0.880057692527771,0.4979844093322754
sd35_fp16,CLIP-D,grid_majority,/media/CrispyMcMarkInc/fake-images-img2img/00008_sd35_fp16_seed131_s30_g3.5_str0.3.png,real,0.0,0.33240437507629395
sd3_fp16,CLIP-D,grid_max,/media/CrispyMcMarkInc/fake-images-img2img/00066_sd3_fp16_seed189_s30_g3.5_str0.3.png,fake,0.8781590461730957,0.3601217269897461
sd3_fp16,CLIP-D,patch_majority,/media/CrispyMcMarkInc/fake-images-img2img/00009_sd3_fp16_seed132_s30_g3.5_str0.3.png,real,0.0,0.47261786460876465
sd3_fp16,CLIP-D,patch_max,/media/CrispyMcMarkInc/fake-images-img2img/00070_sd3_fp16_seed193_s30_g3.5_str0.3.png,fake,0.8923410177230835,0.5029151439666748
sd15_fp16,CLIP-D,grid_majority,/media/CrispyMcMarkInc/fake-images-img2img/00089_sd15_fp16_seed212_s30_g3.5_str0.3.png,real,0.0,0.25255370140075684
sd3_fp16,CLIP-D,grid_max,/media/CrispyMcMarkInc/fake-images-img2img/00065_sd3_fp16_seed188_s30_g3.5_str0.3.png,fake,0.8508118987083435,0.31232404708862305
sd15_fp8,CLIP-D,patch_majority,/media/CrispyMcMarkInc/fake-images-img2img/00082_sd15_fp8_seed205_s30_g3.5_str0.3.png,fake,1.0,0.4730546474456787
sd15_fp16,CLIP-D,patch_max,/media/CrispyMcMarkInc/fake-images-img2img/00013_sd15_fp16_seed136_s30_g3.5_str0.3.png,fake,0.8760631084442139,0.5050656795501709
sd35_fp8,CLIP-D,grid_majority,/media/CrispyMcMarkInc/fake-images-img2img/00061_sd35_fp8_seed184_s30_g3.5_str0.3.png,real,0.0,0.32407188415527344
sd15_fp4,CLIP-D,grid_max,/media/CrispyMcMarkInc/fake-images-img2img/00006_sd15_fp4_seed129_s30_g3.5_str0.3.png,fake,0.8113986849784851,0.33506155014038086
sd3_fp16,CLIP-D,patch_majority,/media/CrispyMcMarkInc/fake-images-img2img/00029_sd3_fp16_seed152_s30_g3.5_str0.3.png,fake,1.0,0.4746870994567871
sd35_fp4,CLIP-D,patch_max,/media/CrispyMcMarkInc/fake-images-img2img/00014_sd35_fp4_seed137_s30_g3.5_str0.3.png,fake,0.9050657153129578,0.48440051078796387
sd3_fp8,CLIP-D,grid_max,/media/CrispyMcMarkInc/fake-images-img2img/00027_sd3_fp8_seed150_s30_g3.5_str0.3.png,fake,0.9538846015930176,0.34153103828430176
sd15_fp4,CLIP-D,grid_majority,/media/CrispyMcMarkInc/fake-images-img2img/00008_sd15_fp4_seed131_s30_g3.5_str0.3.png,real,0.0,0.345292329788208
sd15_fp16,CLIP-D,patch_majority,/media/CrispyMcMarkInc/fake-images-img2img/00075_sd15_fp16_seed198_s30_g3.5_str0.3.png,real,0.0,0.47254467010498047
sd3_fp4,CLIP-D,patch_max,/media/CrispyMcMarkInc/fake-images-img2img/00067_sd3_fp4_seed190_s30_g3.5_str0.3.png,fake,0.9969724416732788,0.4835531711578369
sd3_fp16,CLIP-D,grid_max,/media/CrispyMcMarkInc/fake-images-img2img/00020_sd3_fp16_seed143_s30_g3.5_str0.3.png,real,0.39203953742980957,0.25776052474975586
sd35_fp4,CLIP-D,grid_majority,/media/CrispyMcMarkInc/fake-images-img2img/00055_sd35_fp4_seed178_s30_g3.5_str0.3.png,fake,1.0,0.3184361457824707
sd15_fp8,CLIP-D,patch_majority,/media/CrispyMcMarkInc/fake-images-img2img/00071_sd15_fp8_seed194_s30_g3.5_str0.3.png,fake,1.0,0.4768986701965332
sd35_fp16,CLIP-D,patch_max,/media/CrispyMcMarkInc/fake-images-img2img/00073_sd35_fp16_seed196_s30_g3.5_str0.3.png,fake,0.894121527671814,0.5084822177886963
sd35_fp16,CLIP-D,grid_max,/media/CrispyMcMarkInc/fake-images-img2img/00082_sd35_fp16_seed205_s30_g3.5_str0.3.png,fake,0.9164613485336304,0.320636510848999
sd3_fp8,CLIP-D,grid_majority,/media/CrispyMcMarkInc/fake-images-img2img/00060_sd3_fp8_seed183_s30_g3.5_str0.3.png,real,0.0,0.3188443183898926
sd3_fp16,CLIP-D,patch_majority,/media/CrispyMcMarkInc/fake-images-img2img/00060_sd3_fp16_seed183_s30_g3.5_str0.3.png,real,0.0,0.4754045009613037
sd35_fp8,CLIP-D,patch_max,/media/CrispyMcMarkInc/fake-images-img2img/00007_sd35_fp8_seed130_s30_g3.5_str0.3.png,fake,0.8445636034011841,0.4859936237335205
sd35_fp4,CLIP-D,grid_majority,/media/CrispyMcMarkInc/fake-images-img2img/00097_sd35_fp4_seed220_s30_g3.5_str0.3.png,fake,1.0,0.3432462215423584
sd35_fp8,CLIP-D,grid_max,/media/CrispyMcMarkInc/fake-images-img2img/00019_sd35_fp8_seed142_s30_g3.5_str0.3.png,fake,0.8954790830612183,0.3472912311553955
sd35_fp16,CLIP-D,patch_majority,/media/CrispyMcMarkInc/fake-images-img2img/00008_sd35_fp16_seed131_s30_g3.5_str0.3.png,real,0.0,0.47687768936157227
sd15_fp8,CLIP-D,patch_max,/media/CrispyMcMarkInc/fake-images-img2img/00038_sd15_fp8_seed161_s30_g3.5_str0.3.png,fake,0.9825050830841064,0.4816765785217285
sd3_fp4,CLIP-D,grid_majority,/media/CrispyMcMarkInc/fake-images-img2img/00058_sd3_fp4_seed181_s30_g3.5_str0.3.png,fake,1.0,0.23267459869384766
sd35_fp4,CLIP-D,grid_max,/media/CrispyMcMarkInc/fake-images-img2img/00088_sd35_fp4_seed211_s30_g3.5_str0.3.png,fake,0.9642929434776306,0.30809783935546875
sd15_fp16,CLIP-D,patch_majority,/media/CrispyMcMarkInc/fake-images-img2img/00089_sd15_fp16_seed212_s30_g3.5_str0.3.png,real,0.0,0.4757411479949951
sd15_fp4,CLIP-D,patch_max,/media/CrispyMcMarkInc/fake-images-img2img/00090_sd15_fp4_seed213_s30_g3.5_str0.3.png,fake,0.8745789527893066,0.49681520462036133
sd3_fp16,CLIP-D,grid_majority,/media/CrispyMcMarkInc/fake-images-img2img/00016_sd3_fp16_seed139_s30_g3.5_str0.3.png,real,0.0,0.24338245391845703
sd3_fp4,CLIP-D,grid_max,/media/CrispyMcMarkInc/fake-images-img2img/00095_sd3_fp4_seed218_s30_g3.5_str0.3.png,fake,0.9873530864715576,0.3057668209075928
sd35_fp8,CLIP-D,patch_majority,/media/CrispyMcMarkInc/fake-images-img2img/00061_sd35_fp8_seed184_s30_g3.5_str0.3.png,real,0.0,0.47335338592529297
sd35_fp8,CLIP-D,patch_max,/media/CrispyMcMarkInc/fake-images-img2img/00069_sd35_fp8_seed192_s30_g3.5_str0.3.png,fake,0.9831438660621643,0.5000724792480469
sd15_fp8,CLIP-D,grid_majority,/media/CrispyMcMarkInc/fake-images-img2img/00050_sd15_fp8_seed173_s30_g3.5_str0.3.png,fake,1.0,0.2082364559173584
sd15_fp16,CLIP-D,grid_max,/media/CrispyMcMarkInc/fake-images-img2img/00074_sd15_fp16_seed197_s30_g3.5_str0.3.png,fake,0.9020753502845764,0.277787446975708
sd15_fp4,CLIP-D,patch_majority,/media/CrispyMcMarkInc/fake-images-img2img/00008_sd15_fp4_seed131_s30_g3.5_str0.3.png,real,0.0,0.47757935523986816
sd3_fp8,CLIP-D,patch_max,/media/CrispyMcMarkInc/fake-images-img2img/00009_sd3_fp8_seed132_s30_g3.5_str0.3.png,fake,0.7649229764938354,0.5243644714355469
sd15_fp8,CLIP-D,grid_majority,/media/CrispyMcMarkInc/fake-images-img2img/00076_sd15_fp8_seed199_s30_g3.5_str0.3.png,real,0.0,0.2326948642730713
sd15_fp8,CLIP-D,grid_max,/media/CrispyMcMarkInc/fake-images-img2img/00079_sd15_fp8_seed202_s30_g3.5_str0.3.png,fake,0.8807268738746643,0.2951929569244385
sd35_fp4,CLIP-D,patch_majority,/media/CrispyMcMarkInc/fake-images-img2img/00055_sd35_fp4_seed178_s30_g3.5_str0.3.png,real,0.0,0.47495269775390625
sd15_fp16,CLIP-D,patch_max,/media/CrispyMcMarkInc/fake-images-img2img/00082_sd15_fp16_seed205_s30_g3.5_str0.3.png,fake,0.9772502779960632,0.5111124515533447
sd3_fp4,CLIP-D,grid_majority,/media/CrispyMcMarkInc/fake-images-img2img/00014_sd3_fp4_seed137_s30_g3.5_str0.3.png,real,0.0,0.2270374298095703
sd15_fp16,CLIP-D,grid_max,/media/CrispyMcMarkInc/fake-images-img2img/00035_sd15_fp16_seed158_s30_g3.5_str0.3.png,fake,0.9636186957359314,0.28835296630859375
sd3_fp8,CLIP-D,patch_majority,/media/CrispyMcMarkInc/fake-images-img2img/00060_sd3_fp8_seed183_s30_g3.5_str0.3.png,real,0.0,0.4774453639984131
sd35_fp8,CLIP-D,patch_max,/media/CrispyMcMarkInc/fake-images-img2img/00063_sd35_fp8_seed186_s30_g3.5_str0.3.png,fake,0.9967560172080994,0.5055088996887207
sd35_fp4,CLIP-D,grid_majority,/media/CrispyMcMarkInc/fake-images-img2img/00042_sd35_fp4_seed165_s30_g3.5_str0.3.png,real,0.0,0.2499713897705078
sd3_fp4,CLIP-D,grid_max,/media/CrispyMcMarkInc/fake-images-img2img/00035_sd3_fp4_seed158_s30_g3.5_str0.3.png,fake,0.9611364006996155,0.3085017204284668
sd35_fp4,CLIP-D,patch_majority,/media/CrispyMcMarkInc/fake-images-img2img/00097_sd35_fp4_seed220_s30_g3.5_str0.3.png,fake,1.0,0.47190093994140625
sd35_fp4,CLIP-D,patch_max,/media/CrispyMcMarkInc/fake-images-img2img/00049_sd35_fp4_seed172_s30_g3.5_str0.3.png,fake,0.9905728697776794,0.5103051662445068
sd35_fp4,CLIP-D,grid_majority,/media/CrispyMcMarkInc/fake-images-img2img/00074_sd35_fp4_seed197_s30_g3.5_str0.3.png,real,0.0,0.23781561851501465
sd15_fp4,CLIP-D,grid_max,/media/CrispyMcMarkInc/fake-images-img2img/00010_sd15_fp4_seed133_s30_g3.5_str0.3.png,fake,0.9596354365348816,0.297121524810791
sd3_fp4,CLIP-D,patch_majority,/media/CrispyMcMarkInc/fake-images-img2img/00058_sd3_fp4_seed181_s30_g3.5_str0.3.png,fake,1.0,0.47548985481262207
sd15_fp4,CLIP-D,patch_max,/media/CrispyMcMarkInc/fake-images-img2img/00048_sd15_fp4_seed171_s30_g3.5_str0.3.png,fake,0.9854316115379333,0.5062668323516846
sd15_fp8,CLIP-D,grid_majority,/media/CrispyMcMarkInc/fake-images-img2img/00013_sd15_fp8_seed136_s30_g3.5_str0.3.png,real,0.0,0.24085545539855957
sd3_fp4,CLIP-D,grid_max,/media/CrispyMcMarkInc/fake-images-img2img/00099_sd3_fp4_seed222_s30_g3.5_str0.3.png,fake,0.9781872630119324,0.3015458583831787
sd3_fp16,CLIP-D,patch_majority,/media/CrispyMcMarkInc/fake-images-img2img/00016_sd3_fp16_seed139_s30_g3.5_str0.3.png,real,0.0,0.4771156311035156
sd3_fp16,CLIP-D,patch_max,/media/CrispyMcMarkInc/fake-images-img2img/00071_sd3_fp16_seed194_s30_g3.5_str0.3.png,fake,0.8806338310241699,0.5045084953308105
sd35_fp8,CLIP-D,grid_majority,/media/CrispyMcMarkInc/fake-images-img2img/00026_sd35_fp8_seed149_s30_g3.5_str0.3.png,real,0.0,0.2527463436126709
sd3_fp8,CLIP-D,grid_max,/media/CrispyMcMarkInc/fake-images-img2img/00058_sd3_fp8_seed181_s30_g3.5_str0.3.png,fake,0.9517465233802795,0.3150029182434082
sd15_fp8,CLIP-D,patch_majority,/media/CrispyMcMarkInc/fake-images-img2img/00050_sd15_fp8_seed173_s30_g3.5_str0.3.png,fake,1.0,0.45835018157958984
sd35_fp8,CLIP-D,patch_max,/media/CrispyMcMarkInc/fake-images-img2img/00032_sd35_fp8_seed155_s30_g3.5_str0.3.png,fake,0.9818605184555054,0.5009098052978516
sd35_fp16,CLIP-D,grid_majority,/media/CrispyMcMarkInc/fake-images-img2img/00002_sd35_fp16_seed125_s30_g3.5_str0.3.png,real,0.0,0.2539985179901123
sd35_fp16,CLIP-D,grid_max,/media/CrispyMcMarkInc/fake-images-img2img/00041_sd35_fp16_seed164_s30_g3.5_str0.3.png,fake,0.9600127935409546,0.3148965835571289
sd15_fp8,CLIP-D,patch_majority,/media/CrispyMcMarkInc/fake-images-img2img/00076_sd15_fp8_seed199_s30_g3.5_str0.3.png,real,0.0,0.4765326976776123
sd35_fp4,CLIP-D,patch_max,/media/CrispyMcMarkInc/fake-images-img2img/00022_sd35_fp4_seed145_s30_g3.5_str0.3.png,fake,0.8828631639480591,0.5124156475067139
sd35_fp8,CLIP-D,grid_majority,/media/CrispyMcMarkInc/fake-images-img2img/00024_sd35_fp8_seed147_s30_g3.5_str0.3.png,fake,1.0,0.2526814937591553
sd3_fp16,CLIP-D,grid_max,/media/CrispyMcMarkInc/fake-images-img2img/00042_sd3_fp16_seed165_s30_g3.5_str0.3.png,fake,0.8117950558662415,0.3106496334075928
sd3_fp4,CLIP-D,patch_majority,/media/CrispyMcMarkInc/fake-images-img2img/00014_sd3_fp4_seed137_s30_g3.5_str0.3.png,real,0.0,0.4723353385925293
sd35_fp16,CLIP-D,patch_max,/media/CrispyMcMarkInc/fake-images-img2img/00001_sd35_fp16_seed124_s30_g3.5_str0.3.png,fake,0.9737387895584106,0.5093023777008057
sd35_fp4,CLIP-D,grid_majority,/media/CrispyMcMarkInc/fake-images-img2img/00038_sd35_fp4_seed161_s30_g3.5_str0.3.png,real,0.0,0.24045586585998535
sd15_fp8,CLIP-D,grid_max,/media/CrispyMcMarkInc/fake-images-img2img/00080_sd15_fp8_seed203_s30_g3.5_str0.3.png,fake,0.984522819519043,0.2992746829986572
sd35_fp4,CLIP-D,patch_majority,/media/CrispyMcMarkInc/fake-images-img2img/00042_sd35_fp4_seed165_s30_g3.5_str0.3.png,real,0.0,0.47776222229003906
sd15_fp4,CLIP-D,patch_max,/media/CrispyMcMarkInc/fake-images-img2img/00086_sd15_fp4_seed209_s30_g3.5_str0.3.png,fake,0.907802402973175,0.5322682857513428
sd15_fp16,CLIP-D,grid_majority,/media/CrispyMcMarkInc/fake-images-img2img/00095_sd15_fp16_seed218_s30_g3.5_str0.3.png,fake,1.0,0.23070740699768066
sd35_fp16,CLIP-D,grid_max,/media/CrispyMcMarkInc/fake-images-img2img/00046_sd35_fp16_seed169_s30_g3.5_str0.3.png,fake,0.9404468536376953,0.2927708625793457
sd35_fp4,CLIP-D,patch_majority,/media/CrispyMcMarkInc/fake-images-img2img/00074_sd35_fp4_seed197_s30_g3.5_str0.3.png,real,0.0,0.47658252716064453
sd15_fp8,CLIP-D,patch_max,/media/CrispyMcMarkInc/fake-images-img2img/00062_sd15_fp8_seed185_s30_g3.5_str0.3.png,fake,0.9570221304893494,0.5306885242462158
sd3_fp16,CLIP-D,grid_majority,/media/CrispyMcMarkInc/fake-images-img2img/00080_sd3_fp16_seed203_s30_g3.5_str0.3.png,real,0.0,0.24779796600341797
sd35_fp4,CLIP-D,grid_max,/media/CrispyMcMarkInc/fake-images-img2img/00019_sd35_fp4_seed142_s30_g3.5_str0.3.png,fake,0.9321556091308594,0.3085503578186035
sd15_fp8,CLIP-D,patch_majority,/media/CrispyMcMarkInc/fake-images-img2img/00013_sd15_fp8_seed136_s30_g3.5_str0.3.png,real,0.0,0.4771738052368164
sd3_fp4,CLIP-D,patch_max,/media/CrispyMcMarkInc/fake-images-img2img/00004_sd3_fp4_seed127_s30_g3.5_str0.3.png,fake,0.9706088304519653,0.5064115524291992
sd15_fp4,CLIP-D,grid_majority,/media/CrispyMcMarkInc/fake-images-img2img/00088_sd15_fp4_seed211_s30_g3.5_str0.3.png,fake,1.0,0.2591574192047119
sd3_fp4,CLIP-D,grid_max,/media/CrispyMcMarkInc/fake-images-img2img/00073_sd3_fp4_seed196_s30_g3.5_str0.3.png,fake,0.9795538187026978,0.31472277641296387
sd35_fp8,CLIP-D,patch_majority,/media/CrispyMcMarkInc/fake-images-img2img/00026_sd35_fp8_seed149_s30_g3.5_str0.3.png,real,0.0,0.47596049308776855
sd15_fp4,CLIP-D,patch_max,/media/CrispyMcMarkInc/fake-images-img2img/00077_sd15_fp4_seed200_s30_g3.5_str0.3.png,fake,0.9808167815208435,0.5036964416503906
sd35_fp8,CLIP-D,grid_majority,/media/CrispyMcMarkInc/fake-images-img2img/00022_sd35_fp8_seed145_s30_g3.5_str0.3.png,real,0.0,0.24046659469604492
sd3_fp16,CLIP-D,grid_max,/media/CrispyMcMarkInc/fake-images-img2img/00015_sd3_fp16_seed138_s30_g3.5_str0.3.png,fake,0.7436963319778442,0.3022589683532715
sd35_fp16,CLIP-D,patch_majority,/media/CrispyMcMarkInc/fake-images-img2img/00002_sd35_fp16_seed125_s30_g3.5_str0.3.png,real,0.0,0.4784672260284424
sd15_fp16,CLIP-D,patch_max,/media/CrispyMcMarkInc/fake-images-img2img/00019_sd15_fp16_seed142_s30_g3.5_str0.3.png,fake,0.890803337097168,0.5111846923828125
sd15_fp16,CLIP-D,grid_majority,/media/CrispyMcMarkInc/fake-images-img2img/00021_sd15_fp16_seed144_s30_g3.5_str0.3.png,real,0.0,0.23949933052062988
sd3_fp4,CLIP-D,grid_max,/media/CrispyMcMarkInc/fake-images-img2img/00025_sd3_fp4_seed148_s30_g3.5_str0.3.png,fake,0.9454163908958435,0.29723048210144043
sd35_fp8,CLIP-D,patch_majority,/media/CrispyMcMarkInc/fake-images-img2img/00024_sd35_fp8_seed147_s30_g3.5_str0.3.png,real,0.0,0.508873701095581
sd35_fp16,CLIP-D,patch_max,/media/CrispyMcMarkInc/fake-images-img2img/00023_sd35_fp16_seed146_s30_g3.5_str0.3.png,fake,0.8660905361175537,0.5103883743286133
sd35_fp4,CLIP-D,grid_majority,/media/CrispyMcMarkInc/fake-images-img2img/00009_sd35_fp4_seed132_s30_g3.5_str0.3.png,real,0.0,0.24905872344970703
sd3_fp8,CLIP-D,grid_max,/media/CrispyMcMarkInc/fake-images-img2img/00057_sd3_fp8_seed180_s30_g3.5_str0.3.png,fake,0.8897021412849426,0.3101496696472168
sd35_fp4,CLIP-D,patch_majority,/media/CrispyMcMarkInc/fake-images-img2img/00038_sd35_fp4_seed161_s30_g3.5_str0.3.png,real,0.0,0.4728724956512451
sd3_fp4,CLIP-D,patch_max,/media/CrispyMcMarkInc/fake-images-img2img/00071_sd3_fp4_seed194_s30_g3.5_str0.3.png,fake,0.9877694249153137,0.5096638202667236
sd3_fp16,CLIP-D,grid_majority,/media/CrispyMcMarkInc/fake-images-img2img/00063_sd3_fp16_seed186_s30_g3.5_str0.3.png,fake,1.0,0.31420350074768066
sd15_fp8,CLIP-D,grid_max,/media/CrispyMcMarkInc/fake-images-img2img/00092_sd15_fp8_seed215_s30_g3.5_str0.3.png,fake,0.9196305871009827,0.3283214569091797
sd15_fp16,CLIP-D,patch_majority,/media/CrispyMcMarkInc/fake-images-img2img/00095_sd15_fp16_seed218_s30_g3.5_str0.3.png,fake,1.0,0.4723055362701416
sd35_fp16,CLIP-D,patch_max,/media/CrispyMcMarkInc/fake-images-img2img/00007_sd35_fp16_seed130_s30_g3.5_str0.3.png,fake,0.8109101057052612,0.4962434768676758
sd15_fp4,CLIP-D,grid_majority,/media/CrispyMcMarkInc/fake-images-img2img/00043_sd15_fp4_seed166_s30_g3.5_str0.3.png,fake,1.0,0.22201013565063477
sd3_fp16,CLIP-D,grid_max,/media/CrispyMcMarkInc/fake-images-img2img/00000_sd3_fp16_seed123_s30_g3.5_str0.3.png,fake,0.9864740967750549,0.276231050491333
sd3_fp16,CLIP-D,patch_majority,/media/CrispyMcMarkInc/fake-images-img2img/00080_sd3_fp16_seed203_s30_g3.5_str0.3.png,real,0.0,0.474639892578125
sd35_fp16,CLIP-D,patch_max,/media/CrispyMcMarkInc/fake-images-img2img/00047_sd35_fp16_seed170_s30_g3.5_str0.3.png,fake,0.9979938268661499,0.509549617767334
sd35_fp16,CLIP-D,grid_majority,/media/CrispyMcMarkInc/fake-images-img2img/00038_sd35_fp16_seed161_s30_g3.5_str0.3.png,real,0.0,0.24212145805358887
sd35_fp4,CLIP-D,grid_max,/media/CrispyMcMarkInc/fake-images-img2img/00029_sd35_fp4_seed152_s30_g3.5_str0.3.png,fake,0.9928882718086243,0.30389404296875
sd15_fp4,CLIP-D,patch_majority,/media/CrispyMcMarkInc/fake-images-img2img/00088_sd15_fp4_seed211_s30_g3.5_str0.3.png,fake,1.0,0.47577357292175293
sd3_fp4,CLIP-D,patch_max,/media/CrispyMcMarkInc/fake-images-img2img/00094_sd3_fp4_seed217_s30_g3.5_str0.3.png,fake,0.9943852424621582,0.5023033618927002
sd15_fp8,CLIP-D,grid_majority,/media/CrispyMcMarkInc/fake-images-img2img/00010_sd15_fp8_seed133_s30_g3.5_str0.3.png,fake,1.0,0.2546417713165283
sd3_fp8,CLIP-D,grid_max,/media/CrispyMcMarkInc/fake-images-img2img/00016_sd3_fp8_seed139_s30_g3.5_str0.3.png,fake,0.8688896298408508,0.3145592212677002
sd35_fp8,CLIP-D,patch_majority,/media/CrispyMcMarkInc/fake-images-img2img/00022_sd35_fp8_seed145_s30_g3.5_str0.3.png,real,0.0,0.4752485752105713
sd35_fp4,CLIP-D,patch_max,/media/CrispyMcMarkInc/fake-images-img2img/00027_sd35_fp4_seed150_s30_g3.5_str0.3.png,fake,0.9723214507102966,0.5092189311981201
sd3_fp8,CLIP-D,grid_majority,/media/CrispyMcMarkInc/fake-images-img2img/00083_sd3_fp8_seed206_s30_g3.5_str0.3.png,fake,1.0,0.2450425624847412
sd3_fp8,CLIP-D,grid_max,/media/CrispyMcMarkInc/fake-images-img2img/00006_sd3_fp8_seed129_s30_g3.5_str0.3.png,fake,0.8680943846702576,0.3045344352722168
sd15_fp16,CLIP-D,patch_majority,/media/CrispyMcMarkInc/fake-images-img2img/00021_sd15_fp16_seed144_s30_g3.5_str0.3.png,real,0.0,0.4745948314666748
sd3_fp8,CLIP-D,patch_max,/media/CrispyMcMarkInc/fake-images-img2img/00089_sd3_fp8_seed212_s30_g3.5_str0.3.png,fake,0.8410189151763916,0.5016889572143555
sd35_fp4,CLIP-D,grid_majority,/media/CrispyMcMarkInc/fake-images-img2img/00011_sd35_fp4_seed134_s30_g3.5_str0.3.png,real,0.0,0.22963929176330566
sd35_fp8,CLIP-D,grid_max,/media/CrispyMcMarkInc/fake-images-img2img/00090_sd35_fp8_seed213_s30_g3.5_str0.3.png,fake,0.694140613079071,0.2901334762573242
sd35_fp4,CLIP-D,patch_majority,/media/CrispyMcMarkInc/fake-images-img2img/00009_sd35_fp4_seed132_s30_g3.5_str0.3.png,real,0.0,0.4735989570617676
sd3_fp8,CLIP-D,patch_max,/media/CrispyMcMarkInc/fake-images-img2img/00097_sd3_fp8_seed220_s30_g3.5_str0.3.png,fake,0.9937511086463928,0.51181960105896
sd3_fp8,CLIP-D,grid_majority,/media/CrispyMcMarkInc/fake-images-img2img/00099_sd3_fp8_seed222_s30_g3.5_str0.3.png,real,0.0,0.2275698184967041
sd35_fp8,CLIP-D,grid_max,/media/CrispyMcMarkInc/fake-images-img2img/00059_sd35_fp8_seed182_s30_g3.5_str0.3.png,fake,0.5876567363739014,0.3064749240875244
sd3_fp16,CLIP-D,patch_majority,/media/CrispyMcMarkInc/fake-images-img2img/00063_sd3_fp16_seed186_s30_g3.5_str0.3.png,fake,1.0,0.4759805202484131
sd35_fp16,CLIP-D,patch_max,/media/CrispyMcMarkInc/fake-images-img2img/00069_sd35_fp16_seed192_s30_g3.5_str0.3.png,fake,0.9799791574478149,0.5139451026916504
sd3_fp8,CLIP-D,grid_majority,/media/CrispyMcMarkInc/fake-images-img2img/00088_sd3_fp8_seed211_s30_g3.5_str0.3.png,real,0.0,0.23191547393798828
sd3_fp16,CLIP-D,grid_max,/media/CrispyMcMarkInc/fake-images-img2img/00092_sd3_fp16_seed215_s30_g3.5_str0.3.png,fake,0.8926968574523926,0.2849869728088379
sd15_fp4,CLIP-D,patch_majority,/media/CrispyMcMarkInc/fake-images-img2img/00043_sd15_fp4_seed166_s30_g3.5_str0.3.png,fake,1.0,0.5003945827484131
sd3_fp16,CLIP-D,patch_max,/media/CrispyMcMarkInc/fake-images-img2img/00097_sd3_fp16_seed220_s30_g3.5_str0.3.png,fake,0.9823319315910339,0.5119740962982178
sd35_fp8,CLIP-D,grid_majority,/media/CrispyMcMarkInc/fake-images-img2img/00096_sd35_fp8_seed219_s30_g3.5_str0.3.png,real,0.0,0.2379446029663086
sd15_fp16,CLIP-D,grid_max,/media/CrispyMcMarkInc/fake-images-img2img/00072_sd15_fp16_seed195_s30_g3.5_str0.3.png,fake,0.9970689415931702,0.30271387100219727
sd35_fp16,CLIP-D,patch_majority,/media/CrispyMcMarkInc/fake-images-img2img/00038_sd35_fp16_seed161_s30_g3.5_str0.3.png,real,0.0,0.4759221076965332
sd15_fp8,CLIP-D,patch_max,/media/CrispyMcMarkInc/fake-images-img2img/00095_sd15_fp8_seed218_s30_g3.5_str0.3.png,fake,0.9230585098266602,0.5173900127410889
sd15_fp8,CLIP-D,grid_majority,/media/CrispyMcMarkInc/fake-images-img2img/00037_sd15_fp8_seed160_s30_g3.5_str0.3.png,fake,1.0,0.23186588287353516
sd35_fp4,CLIP-D,grid_max,/media/CrispyMcMarkInc/fake-images-img2img/00072_sd35_fp4_seed195_s30_g3.5_str0.3.png,fake,0.9900270104408264,0.28638482093811035
sd15_fp8,CLIP-D,patch_majority,/media/CrispyMcMarkInc/fake-images-img2img/00010_sd15_fp8_seed133_s30_g3.5_str0.3.png,fake,1.0,0.48021721839904785
sd3_fp8,CLIP-D,patch_max,/media/CrispyMcMarkInc/fake-images-img2img/00015_sd3_fp8_seed138_s30_g3.5_str0.3.png,fake,0.7893524765968323,0.5228354930877686
sd3_fp16,CLIP-D,grid_majority,/media/CrispyMcMarkInc/fake-images-img2img/00023_sd3_fp16_seed146_s30_g3.5_str0.3.png,real,0.0,0.22852301597595215
sd15_fp16,CLIP-D,grid_max,/media/CrispyMcMarkInc/fake-images-img2img/00005_sd15_fp16_seed128_s30_g3.5_str0.3.png,fake,0.896773636341095,0.2845454216003418
sd3_fp8,CLIP-D,patch_majority,/media/CrispyMcMarkInc/fake-images-img2img/00083_sd3_fp8_seed206_s30_g3.5_str0.3.png,real,0.0,0.508723258972168
sd3_fp16,CLIP-D,patch_max,/media/CrispyMcMarkInc/fake-images-img2img/00064_sd3_fp16_seed187_s30_g3.5_str0.3.png,fake,0.6159512400627136,0.5194985866546631
sd35_fp8,CLIP-D,grid_majority,/media/CrispyMcMarkInc/fake-images-img2img/00023_sd35_fp8_seed146_s30_g3.5_str0.3.png,real,0.0,0.22884488105773926
sd35_fp4,CLIP-D,grid_max,/media/CrispyMcMarkInc/fake-images-img2img/00070_sd35_fp4_seed193_s30_g3.5_str0.3.png,fake,0.9475274085998535,0.2856321334838867
sd35_fp4,CLIP-D,patch_majority,/media/CrispyMcMarkInc/fake-images-img2img/00011_sd35_fp4_seed134_s30_g3.5_str0.3.png,real,0.0,0.47954249382019043
sd35_fp16,CLIP-D,patch_max,/media/CrispyMcMarkInc/fake-images-img2img/00097_sd35_fp16_seed220_s30_g3.5_str0.3.png,fake,0.9955465793609619,0.5171339511871338
sd35_fp16,CLIP-D,grid_majority,/media/CrispyMcMarkInc/fake-images-img2img/00035_sd35_fp16_seed158_s30_g3.5_str0.3.png,real,0.0,0.2253711223602295
sd3_fp16,CLIP-D,grid_max,/media/CrispyMcMarkInc/fake-images-img2img/00003_sd3_fp16_seed126_s30_g3.5_str0.3.png,fake,0.9941031336784363,0.27950191497802734
sd3_fp8,CLIP-D,patch_majority,/media/CrispyMcMarkInc/fake-images-img2img/00099_sd3_fp8_seed222_s30_g3.5_str0.3.png,real,0.0,0.4746880531311035
sd15_fp16,CLIP-D,patch_max,/media/CrispyMcMarkInc/fake-images-img2img/00031_sd15_fp16_seed154_s30_g3.5_str0.3.png,fake,0.7807705998420715,0.5210719108581543
sd3_fp8,CLIP-D,grid_majority,/media/CrispyMcMarkInc/fake-images-img2img/00056_sd3_fp8_seed179_s30_g3.5_str0.3.png,real,0.0,0.24250197410583496
sd35_fp16,CLIP-D,grid_max,/media/CrispyMcMarkInc/fake-images-img2img/00067_sd35_fp16_seed190_s30_g3.5_str0.3.png,fake,0.8466295599937439,0.2927708625793457
sd3_fp8,CLIP-D,patch_majority,/media/CrispyMcMarkInc/fake-images-img2img/00088_sd3_fp8_seed211_s30_g3.5_str0.3.png,real,0.0,0.4752049446105957
sd15_fp16,CLIP-D,patch_max,/media/CrispyMcMarkInc/fake-images-img2img/00049_sd15_fp16_seed172_s30_g3.5_str0.3.png,fake,0.9837287068367004,0.5075786113739014
sd35_fp8,CLIP-D,grid_majority,/media/CrispyMcMarkInc/fake-images-img2img/00001_sd35_fp8_seed124_s30_g3.5_str0.3.png,fake,1.0,0.24576687812805176
sd35_fp8,CLIP-D,grid_max,/media/CrispyMcMarkInc/fake-images-img2img/00053_sd35_fp8_seed176_s30_g3.5_str0.3.png,fake,0.5944673418998718,0.3067331314086914
sd35_fp8,CLIP-D,patch_majority,/media/CrispyMcMarkInc/fake-images-img2img/00096_sd35_fp8_seed219_s30_g3.5_str0.3.png,real,0.0,0.47414374351501465
sd3_fp8,CLIP-D,patch_max,/media/CrispyMcMarkInc/fake-images-img2img/00026_sd3_fp8_seed149_s30_g3.5_str0.3.png,real,0.1864366978406906,0.4959897994995117
sd15_fp16,CLIP-D,grid_majority,/media/CrispyMcMarkInc/fake-images-img2img/00077_sd15_fp16_seed200_s30_g3.5_str0.3.png,fake,1.0,0.3043508529663086
sd15_fp16,CLIP-D,grid_max,/media/CrispyMcMarkInc/fake-images-img2img/00076_sd15_fp16_seed199_s30_g3.5_str0.3.png,fake,0.7101693153381348,0.3246581554412842
sd15_fp8,CLIP-D,patch_majority,/media/CrispyMcMarkInc/fake-images-img2img/00037_sd15_fp8_seed160_s30_g3.5_str0.3.png,fake,1.0,0.47765588760375977
sd35_fp16,CLIP-D,patch_max,/media/CrispyMcMarkInc/fake-images-img2img/00021_sd35_fp16_seed144_s30_g3.5_str0.3.png,fake,0.6527289152145386,0.487898588180542
sd3_fp16,CLIP-D,grid_majority,/media/CrispyMcMarkInc/fake-images-img2img/00040_sd3_fp16_seed163_s30_g3.5_str0.3.png,fake,1.0,0.24368691444396973
sd3_fp4,CLIP-D,grid_max,/media/CrispyMcMarkInc/fake-images-img2img/00001_sd3_fp4_seed124_s30_g3.5_str0.3.png,fake,0.9841930270195007,0.3231179714202881
sd3_fp16,CLIP-D,patch_majority,/media/CrispyMcMarkInc/fake-images-img2img/00023_sd3_fp16_seed146_s30_g3.5_str0.3.png,real,0.0,0.4731905460357666
sd35_fp8,CLIP-D,patch_max,/media/CrispyMcMarkInc/fake-images-img2img/00077_sd35_fp8_seed200_s30_g3.5_str0.3.png,fake,0.9839195609092712,0.505763053894043
sd35_fp16,CLIP-D,grid_majority,/media/CrispyMcMarkInc/fake-images-img2img/00042_sd35_fp16_seed165_s30_g3.5_str0.3.png,real,0.0,0.2331094741821289
sd15_fp16,CLIP-D,grid_max,/media/CrispyMcMarkInc/fake-images-img2img/00090_sd15_fp16_seed213_s30_g3.5_str0.3.png,fake,0.8584343791007996,0.2900059223175049
sd35_fp8,CLIP-D,patch_majority,/media/CrispyMcMarkInc/fake-images-img2img/00023_sd35_fp8_seed146_s30_g3.5_str0.3.png,real,0.0,0.47316455841064453
sd3_fp16,CLIP-D,patch_max,/media/CrispyMcMarkInc/fake-images-img2img/00002_sd3_fp16_seed125_s30_g3.5_str0.3.png,fake,0.9317938089370728,0.4991111755371094
sd15_fp16,CLIP-D,grid_majority,/media/CrispyMcMarkInc/fake-images-img2img/00071_sd15_fp16_seed194_s30_g3.5_str0.3.png,real,0.0,0.2566852569580078
sd35_fp4,CLIP-D,grid_max,/media/CrispyMcMarkInc/fake-images-img2img/00084_sd35_fp4_seed207_s30_g3.5_str0.3.png,fake,0.8264457583427429,0.32492899894714355
sd35_fp16,CLIP-D,patch_majority,/media/CrispyMcMarkInc/fake-images-img2img/00035_sd35_fp16_seed158_s30_g3.5_str0.3.png,real,0.0,0.47710728645324707
sd15_fp8,CLIP-D,patch_max,/media/CrispyMcMarkInc/fake-images-img2img/00083_sd15_fp8_seed206_s30_g3.5_str0.3.png,fake,0.9816700220108032,0.5029079914093018
sd3_fp4,CLIP-D,grid_majority,/media/CrispyMcMarkInc/fake-images-img2img/00013_sd3_fp4_seed136_s30_g3.5_str0.3.png,fake,1.0,0.24751567840576172
sd35_fp4,CLIP-D,grid_max,/media/CrispyMcMarkInc/fake-images-img2img/00052_sd35_fp4_seed175_s30_g3.5_str0.3.png,fake,0.8607659339904785,0.30803894996643066
sd3_fp8,CLIP-D,patch_majority,/media/CrispyMcMarkInc/fake-images-img2img/00056_sd3_fp8_seed179_s30_g3.5_str0.3.png,real,0.0,0.4746270179748535
sd3_fp8,CLIP-D,patch_max,/media/CrispyMcMarkInc/fake-images-img2img/00038_sd3_fp8_seed161_s30_g3.5_str0.3.png,fake,0.94532310962677,0.5168037414550781
sd35_fp4,CLIP-D,grid_majority,/media/CrispyMcMarkInc/fake-images-img2img/00017_sd35_fp4_seed140_s30_g3.5_str0.3.png,real,0.0,0.23208045959472656
sd35_fp8,CLIP-D,grid_max,/media/CrispyMcMarkInc/fake-images-img2img/00042_sd35_fp8_seed165_s30_g3.5_str0.3.png,fake,0.7775864601135254,0.29271936416625977
sd35_fp8,CLIP-D,patch_majority,/media/CrispyMcMarkInc/fake-images-img2img/00001_sd35_fp8_seed124_s30_g3.5_str0.3.png,real,0.0,0.4711122512817383
sd15_fp4,CLIP-D,patch_max,/media/CrispyMcMarkInc/fake-images-img2img/00098_sd15_fp4_seed221_s30_g3.5_str0.3.png,fake,0.9438179731369019,0.5232093334197998
sd15_fp4,CLIP-D,grid_majority,/media/CrispyMcMarkInc/fake-images-img2img/00079_sd15_fp4_seed202_s30_g3.5_str0.3.png,fake,1.0,0.24059152603149414
sd15_fp16,CLIP-D,grid_max,/media/CrispyMcMarkInc/fake-images-img2img/00047_sd15_fp16_seed170_s30_g3.5_str0.3.png,fake,0.994118332862854,0.2957460880279541
sd15_fp16,CLIP-D,patch_majority,/media/CrispyMcMarkInc/fake-images-img2img/00077_sd15_fp16_seed200_s30_g3.5_str0.3.png,fake,1.0,0.47826695442199707
sd3_fp4,CLIP-D,patch_max,/media/CrispyMcMarkInc/fake-images-img2img/00051_sd3_fp4_seed174_s30_g3.5_str0.3.png,fake,0.9925773739814758,0.5179383754730225
sd35_fp4,CLIP-D,grid_majority,/media/CrispyMcMarkInc/fake-images-img2img/00062_sd35_fp4_seed185_s30_g3.5_str0.3.png,fake,1.0,0.23909783363342285
sd35_fp8,CLIP-D,grid_max,/media/CrispyMcMarkInc/fake-images-img2img/00068_sd35_fp8_seed191_s30_g3.5_str0.3.png,fake,0.96957927942276,0.29635095596313477
sd3_fp16,CLIP-D,patch_majority,/media/CrispyMcMarkInc/fake-images-img2img/00040_sd3_fp16_seed163_s30_g3.5_str0.3.png,real,0.0,0.47605085372924805
sd35_fp8,CLIP-D,patch_max,/media/CrispyMcMarkInc/fake-images-img2img/00016_sd35_fp8_seed139_s30_g3.5_str0.3.png,fake,0.8250842690467834,0.5062541961669922
sd15_fp16,CLIP-D,grid_majority,/media/CrispyMcMarkInc/fake-images-img2img/00003_sd15_fp16_seed126_s30_g3.5_str0.3.png,fake,1.0,0.24892711639404297
sd3_fp16,CLIP-D,grid_max,/media/CrispyMcMarkInc/fake-images-img2img/00090_sd3_fp16_seed213_s30_g3.5_str0.3.png,fake,0.703771710395813,0.31059718132019043
sd35_fp16,CLIP-D,patch_majority,/media/CrispyMcMarkInc/fake-images-img2img/00042_sd35_fp16_seed165_s30_g3.5_str0.3.png,real,0.0,0.4743466377258301
sd3_fp16,CLIP-D,patch_max,/media/CrispyMcMarkInc/fake-images-img2img/00038_sd3_fp16_seed161_s30_g3.5_str0.3.png,fake,0.9009726643562317,0.504446268081665
sd15_fp4,CLIP-D,grid_majority,/media/CrispyMcMarkInc/fake-images-img2img/00070_sd15_fp4_seed193_s30_g3.5_str0.3.png,real,0.0,0.24534082412719727
sd15_fp16,CLIP-D,grid_max,/media/CrispyMcMarkInc/fake-images-img2img/00012_sd15_fp16_seed135_s30_g3.5_str0.3.png,fake,0.9703114032745361,0.30564260482788086
sd15_fp16,CLIP-D,patch_majority,/media/CrispyMcMarkInc/fake-images-img2img/00071_sd15_fp16_seed194_s30_g3.5_str0.3.png,real,0.0,0.47432589530944824
sd35_fp4,CLIP-D,patch_max,/media/CrispyMcMarkInc/fake-images-img2img/00004_sd35_fp4_seed127_s30_g3.5_str0.3.png,fake,0.8358424305915833,0.5260109901428223
sd35_fp16,CLIP-D,grid_majority,/media/CrispyMcMarkInc/fake-images-img2img/00057_sd35_fp16_seed180_s30_g3.5_str0.3.png,real,0.0,0.23751020431518555
sd35_fp4,CLIP-D,grid_max,/media/CrispyMcMarkInc/fake-images-img2img/00045_sd35_fp4_seed168_s30_g3.5_str0.3.png,real,0.3861430585384369,0.293895959854126
sd3_fp4,CLIP-D,patch_majority,/media/CrispyMcMarkInc/fake-images-img2img/00013_sd3_fp4_seed136_s30_g3.5_str0.3.png,fake,1.0,0.47333812713623047
sd3_fp4,CLIP-D,patch_max,/media/CrispyMcMarkInc/fake-images-img2img/00091_sd3_fp4_seed214_s30_g3.5_str0.3.png,fake,0.9840600490570068,0.5184626579284668
sd3_fp16,CLIP-D,grid_majority,/media/CrispyMcMarkInc/fake-images-img2img/00013_sd3_fp16_seed136_s30_g3.5_str0.3.png,real,0.0,0.24204754829406738
sd15_fp4,CLIP-D,grid_max,/media/CrispyMcMarkInc/fake-images-img2img/00021_sd15_fp4_seed144_s30_g3.5_str0.3.png,fake,0.9700857400894165,0.3055100440979004
sd35_fp4,CLIP-D,patch_majority,/media/CrispyMcMarkInc/fake-images-img2img/00017_sd35_fp4_seed140_s30_g3.5_str0.3.png,real,0.0,0.4734194278717041
sd3_fp16,CLIP-D,patch_max,/media/CrispyMcMarkInc/fake-images-img2img/00033_sd3_fp16_seed156_s30_g3.5_str0.3.png,fake,0.9918786287307739,0.5168192386627197
sd15_fp8,CLIP-D,grid_majority,/media/CrispyMcMarkInc/fake-images-img2img/00099_sd15_fp8_seed222_s30_g3.5_str0.3.png,real,0.0,0.2566099166870117
sd3_fp16,CLIP-D,grid_max,/media/CrispyMcMarkInc/fake-images-img2img/00005_sd3_fp16_seed128_s30_g3.5_str0.3.png,fake,0.8223123550415039,0.3164236545562744
sd15_fp4,CLIP-D,patch_majority,/media/CrispyMcMarkInc/fake-images-img2img/00079_sd15_fp4_seed202_s30_g3.5_str0.3.png,fake,1.0,0.47333288192749023
sd3_fp4,CLIP-D,patch_max,/media/CrispyMcMarkInc/fake-images-img2img/00056_sd3_fp4_seed179_s30_g3.5_str0.3.png,fake,0.9787646532058716,0.5151710510253906
sd35_fp16,CLIP-D,grid_majority,/media/CrispyMcMarkInc/fake-images-img2img/00045_sd35_fp16_seed168_s30_g3.5_str0.3.png,real,0.0,0.2428433895111084
sd35_fp4,CLIP-D,grid_max,/media/CrispyMcMarkInc/fake-images-img2img/00082_sd35_fp4_seed205_s30_g3.5_str0.3.png,fake,0.9774297475814819,0.3035717010498047
sd35_fp4,CLIP-D,patch_majority,/media/CrispyMcMarkInc/fake-images-img2img/00062_sd35_fp4_seed185_s30_g3.5_str0.3.png,fake,1.0,0.4850273132324219
sd35_fp16,CLIP-D,patch_max,/media/CrispyMcMarkInc/fake-images-img2img/00064_sd35_fp16_seed187_s30_g3.5_str0.3.png,fake,0.7225306034088135,0.5656459331512451
sd15_fp16,CLIP-D,grid_majority,/media/CrispyMcMarkInc/fake-images-img2img/00069_sd15_fp16_seed192_s30_g3.5_str0.3.png,real,0.0,0.2548673152923584
sd15_fp8,CLIP-D,grid_max,/media/CrispyMcMarkInc/fake-images-img2img/00002_sd15_fp8_seed125_s30_g3.5_str0.3.png,fake,0.7619092464447021,0.3052513599395752
sd15_fp16,CLIP-D,patch_majority,/media/CrispyMcMarkInc/fake-images-img2img/00003_sd15_fp16_seed126_s30_g3.5_str0.3.png,fake,1.0,0.47237372398376465
sd35_fp16,CLIP-D,patch_max,/media/CrispyMcMarkInc/fake-images-img2img/00049_sd35_fp16_seed172_s30_g3.5_str0.3.png,fake,0.9763057231903076,0.5499420166015625
sd35_fp4,CLIP-D,grid_majority,/media/CrispyMcMarkInc/fake-images-img2img/00026_sd35_fp4_seed149_s30_g3.5_str0.3.png,real,0.0,0.2344675064086914
sd3_fp8,CLIP-D,grid_max,/media/CrispyMcMarkInc/fake-images-img2img/00044_sd3_fp8_seed167_s30_g3.5_str0.3.png,fake,0.9622902274131775,0.2873973846435547
sd15_fp4,CLIP-D,patch_majority,/media/CrispyMcMarkInc/fake-images-img2img/00070_sd15_fp4_seed193_s30_g3.5_str0.3.png,real,0.0,0.4746577739715576
sd15_fp8,CLIP-D,patch_max,/media/CrispyMcMarkInc/fake-images-img2img/00025_sd15_fp8_seed148_s30_g3.5_str0.3.png,fake,0.9608367085456848,0.5507106781005859
sd15_fp16,CLIP-D,grid_majority,/media/CrispyMcMarkInc/fake-images-img2img/00025_sd15_fp16_seed148_s30_g3.5_str0.3.png,real,0.0,0.22060894966125488
sd35_fp4,CLIP-D,grid_max,/media/CrispyMcMarkInc/fake-images-img2img/00099_sd35_fp4_seed222_s30_g3.5_str0.3.png,fake,0.9444839358329773,0.26240086555480957
sd35_fp16,CLIP-D,patch_majority,/media/CrispyMcMarkInc/fake-images-img2img/00057_sd35_fp16_seed180_s30_g3.5_str0.3.png,real,0.0,0.4751415252685547
sd15_fp16,CLIP-D,patch_max,/media/CrispyMcMarkInc/fake-images-img2img/00008_sd15_fp16_seed131_s30_g3.5_str0.3.png,fake,0.7854682207107544,0.5460255146026611
sd3_fp8,CLIP-D,grid_majority,/media/CrispyMcMarkInc/fake-images-img2img/00063_sd3_fp8_seed186_s30_g3.5_str0.3.png,fake,1.0,0.21607732772827148
sd15_fp16,CLIP-D,grid_max,/media/CrispyMcMarkInc/fake-images-img2img/00065_sd15_fp16_seed188_s30_g3.5_str0.3.png,fake,0.982128381729126,0.2719454765319824
sd3_fp16,CLIP-D,patch_majority,/media/CrispyMcMarkInc/fake-images-img2img/00013_sd3_fp16_seed136_s30_g3.5_str0.3.png,real,0.0,0.4713428020477295
sd15_fp4,CLIP-D,patch_max,/media/CrispyMcMarkInc/fake-images-img2img/00091_sd15_fp4_seed214_s30_g3.5_str0.3.png,fake,0.9777748584747314,0.5521795749664307
sd35_fp16,CLIP-D,grid_majority,/media/CrispyMcMarkInc/fake-images-img2img/00098_sd35_fp16_seed221_s30_g3.5_str0.3.png,real,0.0,0.22833919525146484
sd35_fp16,CLIP-D,grid_max,/media/CrispyMcMarkInc/fake-images-img2img/00000_sd35_fp16_seed123_s30_g3.5_str0.3.png,fake,0.9821157455444336,0.28255343437194824
sd15_fp8,CLIP-D,patch_majority,/media/CrispyMcMarkInc/fake-images-img2img/00099_sd15_fp8_seed222_s30_g3.5_str0.3.png,real,0.0,0.4751741886138916
sd35_fp8,CLIP-D,patch_max,/media/CrispyMcMarkInc/fake-images-img2img/00080_sd35_fp8_seed203_s30_g3.5_str0.3.png,fake,0.9945394396781921,0.5388214588165283
sd3_fp16,CLIP-D,grid_majority,/media/CrispyMcMarkInc/fake-images-img2img/00014_sd3_fp16_seed137_s30_g3.5_str0.3.png,real,0.0,0.2983412742614746
sd35_fp4,CLIP-D,grid_max,/media/CrispyMcMarkInc/fake-images-img2img/00015_sd35_fp4_seed138_s30_g3.5_str0.3.png,fake,0.8814789652824402,0.32073187828063965
sd35_fp16,CLIP-D,patch_majority,/media/CrispyMcMarkInc/fake-images-img2img/00045_sd35_fp16_seed168_s30_g3.5_str0.3.png,real,0.0,0.47533750534057617
sd15_fp16,CLIP-D,patch_max,/media/CrispyMcMarkInc/fake-images-img2img/00059_sd15_fp16_seed182_s30_g3.5_str0.3.png,fake,0.7601659297943115,0.5097875595092773
sd15_fp4,CLIP-D,grid_majority,/media/CrispyMcMarkInc/fake-images-img2img/00085_sd15_fp4_seed208_s30_g3.5_str0.3.png,real,0.0,0.230421781539917
sd15_fp4,CLIP-D,grid_max,/media/CrispyMcMarkInc/fake-images-img2img/00017_sd15_fp4_seed140_s30_g3.5_str0.3.png,fake,0.9183613061904907,0.28859472274780273
sd15_fp16,CLIP-D,patch_majority,/media/CrispyMcMarkInc/fake-images-img2img/00069_sd15_fp16_seed192_s30_g3.5_str0.3.png,real,0.0,0.4764678478240967
sd35_fp4,CLIP-D,patch_max,/media/CrispyMcMarkInc/fake-images-img2img/00076_sd35_fp4_seed199_s30_g3.5_str0.3.png,fake,0.9143381118774414,0.5201437473297119
sd3_fp16,CLIP-D,grid_majority,/media/CrispyMcMarkInc/fake-images-img2img/00051_sd3_fp16_seed174_s30_g3.5_str0.3.png,fake,1.0,0.23572087287902832
sd35_fp8,CLIP-D,grid_max,/media/CrispyMcMarkInc/fake-images-img2img/00054_sd35_fp8_seed177_s30_g3.5_str0.3.png,fake,0.9497182965278625,0.2945244312286377
sd35_fp4,CLIP-D,patch_majority,/media/CrispyMcMarkInc/fake-images-img2img/00026_sd35_fp4_seed149_s30_g3.5_str0.3.png,real,0.0,0.4927494525909424
sd3_fp4,CLIP-D,patch_max,/media/CrispyMcMarkInc/fake-images-img2img/00028_sd3_fp4_seed151_s30_g3.5_str0.3.png,fake,0.9962847232818604,0.5261645317077637
sd35_fp16,CLIP-D,grid_majority,/media/CrispyMcMarkInc/fake-images-img2img/00051_sd35_fp16_seed174_s30_g3.5_str0.3.png,fake,1.0,0.2515130043029785
sd15_fp8,CLIP-D,grid_max,/media/CrispyMcMarkInc/fake-images-img2img/00052_sd15_fp8_seed175_s30_g3.5_str0.3.png,fake,0.8043712973594666,0.3101358413696289
sd15_fp16,CLIP-D,patch_majority,/media/CrispyMcMarkInc/fake-images-img2img/00025_sd15_fp16_seed148_s30_g3.5_str0.3.png,real,0.0,0.47516965866088867
sd3_fp16,CLIP-D,patch_max,/media/CrispyMcMarkInc/fake-images-img2img/00081_sd3_fp16_seed204_s30_g3.5_str0.3.png,real,0.16510973870754242,0.5100936889648438
sd35_fp8,CLIP-D,grid_majority,/media/CrispyMcMarkInc/fake-images-img2img/00010_sd35_fp8_seed133_s30_g3.5_str0.3.png,fake,1.0,0.26768040657043457
sd35_fp8,CLIP-D,grid_max,/media/CrispyMcMarkInc/fake-images-img2img/00095_sd35_fp8_seed218_s30_g3.5_str0.3.png,fake,0.9858418107032776,0.3210470676422119
sd3_fp8,CLIP-D,patch_majority,/media/CrispyMcMarkInc/fake-images-img2img/00063_sd3_fp8_seed186_s30_g3.5_str0.3.png,fake,1.0,0.4709131717681885
sd35_fp4,CLIP-D,patch_max,/media/CrispyMcMarkInc/fake-images-img2img/00033_sd35_fp4_seed156_s30_g3.5_str0.3.png,fake,0.9964348077774048,0.5028748512268066
sd35_fp8,CLIP-D,grid_majority,/media/CrispyMcMarkInc/fake-images-img2img/00075_sd35_fp8_seed198_s30_g3.5_str0.3.png,real,0.0,0.23609519004821777
sd15_fp8,CLIP-D,grid_max,/media/CrispyMcMarkInc/fake-images-img2img/00057_sd15_fp8_seed180_s30_g3.5_str0.3.png,fake,0.6181497573852539,0.29880571365356445
sd35_fp16,CLIP-D,patch_majority,/media/CrispyMcMarkInc/fake-images-img2img/00098_sd35_fp16_seed221_s30_g3.5_str0.3.png,real,0.0,0.47397899627685547
sd35_fp8,CLIP-D,patch_max,/media/CrispyMcMarkInc/fake-images-img2img/00038_sd35_fp8_seed161_s30_g3.5_str0.3.png,fake,0.9594163298606873,0.5087692737579346
sd15_fp4,CLIP-D,grid_majority,/media/CrispyMcMarkInc/fake-images-img2img/00026_sd15_fp4_seed149_s30_g3.5_str0.3.png,real,0.0,0.2524838447570801
sd3_fp8,CLIP-D,grid_max,/media/CrispyMcMarkInc/fake-images-img2img/00073_sd3_fp8_seed196_s30_g3.5_str0.3.png,fake,0.7504217624664307,0.3102915287017822
sd3_fp16,CLIP-D,patch_majority,/media/CrispyMcMarkInc/fake-images-img2img/00014_sd3_fp16_seed137_s30_g3.5_str0.3.png,real,0.0,0.478285551071167
sd15_fp16,CLIP-D,patch_max,/media/CrispyMcMarkInc/fake-images-img2img/00063_sd15_fp16_seed186_s30_g3.5_str0.3.png,fake,0.9033716320991516,0.5006067752838135
sd15_fp8,CLIP-D,grid_majority,/media/CrispyMcMarkInc/fake-images-img2img/00075_sd15_fp8_seed198_s30_g3.5_str0.3.png,real,0.0,0.2516016960144043
sd35_fp8,CLIP-D,grid_max,/media/CrispyMcMarkInc/fake-images-img2img/00050_sd35_fp8_seed173_s30_g3.5_str0.3.png,fake,0.8423827886581421,0.3067927360534668
sd15_fp4,CLIP-D,patch_majority,/media/CrispyMcMarkInc/fake-images-img2img/00085_sd15_fp4_seed208_s30_g3.5_str0.3.png,real,0.0,0.5072026252746582
sd35_fp4,CLIP-D,patch_max,/media/CrispyMcMarkInc/fake-images-img2img/00036_sd35_fp4_seed159_s30_g3.5_str0.3.png,fake,0.9898518323898315,0.49340224266052246
sd3_fp4,CLIP-D,grid_majority,/media/CrispyMcMarkInc/fake-images-img2img/00063_sd3_fp4_seed186_s30_g3.5_str0.3.png,fake,1.0,0.2514362335205078
sd3_fp4,CLIP-D,grid_max,/media/CrispyMcMarkInc/fake-images-img2img/00049_sd3_fp4_seed172_s30_g3.5_str0.3.png,fake,0.994520902633667,0.31302928924560547
sd3_fp16,CLIP-D,patch_majority,/media/CrispyMcMarkInc/fake-images-img2img/00051_sd3_fp16_seed174_s30_g3.5_str0.3.png,fake,1.0,0.4911024570465088
sd35_fp16,CLIP-D,patch_max,/media/CrispyMcMarkInc/fake-images-img2img/00063_sd35_fp16_seed186_s30_g3.5_str0.3.png,fake,0.9953441023826599,0.47577357292175293
sd15_fp16,CLIP-D,grid_majority,/media/CrispyMcMarkInc/fake-images-img2img/00033_sd15_fp16_seed156_s30_g3.5_str0.3.png,fake,1.0,0.22031283378601074
sd15_fp8,CLIP-D,grid_max,/media/CrispyMcMarkInc/fake-images-img2img/00026_sd15_fp8_seed149_s30_g3.5_str0.3.png,fake,0.7238525152206421,0.2641794681549072
sd35_fp16,CLIP-D,patch_majority,/media/CrispyMcMarkInc/fake-images-img2img/00051_sd35_fp16_seed174_s30_g3.5_str0.3.png,fake,1.0,0.49219751358032227
sd35_fp16,CLIP-D,patch_max,/media/CrispyMcMarkInc/fake-images-img2img/00093_sd35_fp16_seed216_s30_g3.5_str0.3.png,fake,0.9675359129905701,0.4845571517944336
sd15_fp16,CLIP-D,grid_majority,/media/CrispyMcMarkInc/fake-images-img2img/00098_sd15_fp16_seed221_s30_g3.5_str0.3.png,real,0.0,0.22114872932434082
sd35_fp8,CLIP-D,grid_max,/media/CrispyMcMarkInc/fake-images-img2img/00097_sd35_fp8_seed220_s30_g3.5_str0.3.png,fake,0.9935681223869324,0.2684011459350586
sd35_fp8,CLIP-D,patch_majority,/media/CrispyMcMarkInc/fake-images-img2img/00010_sd35_fp8_seed133_s30_g3.5_str0.3.png,fake,1.0,0.4858062267303467
sd3_fp4,CLIP-D,patch_max,/media/CrispyMcMarkInc/fake-images-img2img/00000_sd3_fp4_seed123_s30_g3.5_str0.3.png,fake,0.9663034677505493,0.49283695220947266
sd15_fp16,CLIP-D,grid_majority,/media/CrispyMcMarkInc/fake-images-img2img/00052_sd15_fp16_seed175_s30_g3.5_str0.3.png,real,0.0,0.3129734992980957
sd15_fp16,CLIP-D,grid_max,/media/CrispyMcMarkInc/fake-images-img2img/00051_sd15_fp16_seed174_s30_g3.5_str0.3.png,fake,0.908064067363739,0.3271019458770752
sd35_fp8,CLIP-D,patch_majority,/media/CrispyMcMarkInc/fake-images-img2img/00075_sd35_fp8_seed198_s30_g3.5_str0.3.png,real,0.0,0.4728515148162842
sd35_fp8,CLIP-D,patch_max,/media/CrispyMcMarkInc/fake-images-img2img/00094_sd35_fp8_seed217_s30_g3.5_str0.3.png,fake,0.9919750094413757,0.499835729598999
sd3_fp8,CLIP-D,grid_majority,/media/CrispyMcMarkInc/fake-images-img2img/00086_sd3_fp8_seed209_s30_g3.5_str0.3.png,fake,1.0,0.24582290649414062
sd15_fp8,CLIP-D,grid_max,/media/CrispyMcMarkInc/fake-images-img2img/00054_sd15_fp8_seed177_s30_g3.5_str0.3.png,fake,0.838922381401062,0.3081851005554199
sd15_fp4,CLIP-D,patch_majority,/media/CrispyMcMarkInc/fake-images-img2img/00026_sd15_fp4_seed149_s30_g3.5_str0.3.png,real,0.0,0.47997331619262695
sd35_fp16,CLIP-D,patch_max,/media/CrispyMcMarkInc/fake-images-img2img/00094_sd35_fp16_seed217_s30_g3.5_str0.3.png,fake,0.9796329736709595,0.5206747055053711
sd35_fp8,CLIP-D,grid_majority,/media/CrispyMcMarkInc/fake-images-img2img/00008_sd35_fp8_seed131_s30_g3.5_str0.3.png,real,0.0,0.2503242492675781
sd3_fp4,CLIP-D,grid_max,/media/CrispyMcMarkInc/fake-images-img2img/00093_sd3_fp4_seed216_s30_g3.5_str0.3.png,fake,0.9851853847503662,0.30500102043151855
sd15_fp8,CLIP-D,patch_majority,/media/CrispyMcMarkInc/fake-images-img2img/00075_sd15_fp8_seed198_s30_g3.5_str0.3.png,real,0.0,0.4814181327819824
sd3_fp8,CLIP-D,patch_max,/media/CrispyMcMarkInc/fake-images-img2img/00095_sd3_fp8_seed218_s30_g3.5_str0.3.png,fake,0.9776071310043335,0.5247478485107422
sd15_fp4,CLIP-D,grid_majority,/media/CrispyMcMarkInc/fake-images-img2img/00058_sd15_fp4_seed181_s30_g3.5_str0.3.png,real,0.0,0.24995017051696777
sd3_fp16,CLIP-D,grid_max,/media/CrispyMcMarkInc/fake-images-img2img/00096_sd3_fp16_seed219_s30_g3.5_str0.3.png,fake,0.9129323959350586,0.3009026050567627
sd3_fp4,CLIP-D,patch_majority,/media/CrispyMcMarkInc/fake-images-img2img/00063_sd3_fp4_seed186_s30_g3.5_str0.3.png,fake,1.0,0.47550225257873535
sd35_fp4,CLIP-D,patch_max,/media/CrispyMcMarkInc/fake-images-img2img/00051_sd35_fp4_seed174_s30_g3.5_str0.3.png,fake,0.9826715588569641,0.5467824935913086
sd35_fp8,CLIP-D,grid_majority,/media/CrispyMcMarkInc/fake-images-img2img/00035_sd35_fp8_seed158_s30_g3.5_str0.3.png,real,0.0,0.23263072967529297
sd35_fp4,CLIP-D,grid_max,/media/CrispyMcMarkInc/fake-images-img2img/00064_sd35_fp4_seed187_s30_g3.5_str0.3.png,fake,0.6872668862342834,0.29059815406799316
sd15_fp16,CLIP-D,patch_majority,/media/CrispyMcMarkInc/fake-images-img2img/00033_sd15_fp16_seed156_s30_g3.5_str0.3.png,fake,1.0,0.49178314208984375
sd15_fp4,CLIP-D,patch_max,/media/CrispyMcMarkInc/fake-images-img2img/00047_sd15_fp4_seed170_s30_g3.5_str0.3.png,fake,0.9874609112739563,0.5106301307678223
sd15_fp8,CLIP-D,grid_majority,/media/CrispyMcMarkInc/fake-images-img2img/00017_sd15_fp8_seed140_s30_g3.5_str0.3.png,real,0.0,0.25575852394104004
sd35_fp4,CLIP-D,grid_max,/media/CrispyMcMarkInc/fake-images-img2img/00060_sd35_fp4_seed183_s30_g3.5_str0.3.png,fake,0.9507649540901184,0.31445837020874023
sd15_fp16,CLIP-D,patch_majority,/media/CrispyMcMarkInc/fake-images-img2img/00098_sd15_fp16_seed221_s30_g3.5_str0.3.png,real,0.0,0.5094599723815918
sd15_fp16,CLIP-D,patch_max,/media/CrispyMcMarkInc/fake-images-img2img/00080_sd15_fp16_seed203_s30_g3.5_str0.3.png,fake,0.9861531257629395,0.4989337921142578
sd15_fp8,CLIP-D,grid_majority,/media/CrispyMcMarkInc/fake-images-img2img/00041_sd15_fp8_seed164_s30_g3.5_str0.3.png,real,0.0,0.24090337753295898
sd35_fp16,CLIP-D,grid_max,/media/CrispyMcMarkInc/fake-images-img2img/00089_sd35_fp16_seed212_s30_g3.5_str0.3.png,fake,0.7530044913291931,0.30203914642333984
sd15_fp16,CLIP-D,patch_majority,/media/CrispyMcMarkInc/fake-images-img2img/00052_sd15_fp16_seed175_s30_g3.5_str0.3.png,real,0.0,0.5084974765777588
sd3_fp16,CLIP-D,patch_max,/media/CrispyMcMarkInc/fake-images-img2img/00046_sd3_fp16_seed169_s30_g3.5_str0.3.png,fake,0.8664199709892273,0.5195753574371338
sd35_fp4,CLIP-D,grid_majority,/media/CrispyMcMarkInc/fake-images-img2img/00032_sd35_fp4_seed155_s30_g3.5_str0.3.png,real,0.0,0.23680472373962402
sd35_fp16,CLIP-D,grid_max,/media/CrispyMcMarkInc/fake-images-img2img/00086_sd35_fp16_seed209_s30_g3.5_str0.3.png,fake,0.8359870910644531,0.2946302890777588
sd3_fp8,CLIP-D,patch_majority,/media/CrispyMcMarkInc/fake-images-img2img/00086_sd3_fp8_seed209_s30_g3.5_str0.3.png,fake,1.0,0.4825294017791748
sd15_fp8,CLIP-D,patch_max,/media/CrispyMcMarkInc/fake-images-img2img/00035_sd15_fp8_seed158_s30_g3.5_str0.3.png,fake,0.9698022603988647,0.5124831199645996
sd3_fp4,CLIP-D,grid_max,/media/CrispyMcMarkInc/fake-images-img2img/00062_sd3_fp4_seed185_s30_g3.5_str0.3.png,fake,0.991401731967926,0.3345963954925537
sd35_fp16,CLIP-D,grid_majority,/media/CrispyMcMarkInc/fake-images-img2img/00061_sd35_fp16_seed184_s30_g3.5_str0.3.png,real,0.0,0.3193018436431885
sd35_fp8,CLIP-D,patch_majority,/media/CrispyMcMarkInc/fake-images-img2img/00008_sd35_fp8_seed131_s30_g3.5_str0.3.png,real,0.0,0.48229193687438965
sd15_fp8,CLIP-D,patch_max,/media/CrispyMcMarkInc/fake-images-img2img/00043_sd15_fp8_seed166_s30_g3.5_str0.3.png,fake,0.9944583177566528,0.4957711696624756
sd15_fp16,CLIP-D,grid_max,/media/CrispyMcMarkInc/fake-images-img2img/00026_sd15_fp16_seed149_s30_g3.5_str0.3.png,fake,0.6891711950302124,0.3266456127166748
sd3_fp16,CLIP-D,grid_majority,/media/CrispyMcMarkInc/fake-images-img2img/00070_sd3_fp16_seed193_s30_g3.5_str0.3.png,real,0.0,0.32567334175109863
sd15_fp4,CLIP-D,patch_majority,/media/CrispyMcMarkInc/fake-images-img2img/00058_sd15_fp4_seed181_s30_g3.5_str0.3.png,real,0.0,0.4888136386871338
sd3_fp4,CLIP-D,patch_max,/media/CrispyMcMarkInc/fake-images-img2img/00027_sd3_fp4_seed150_s30_g3.5_str0.3.png,fake,0.9480191469192505,0.48839402198791504
sd3_fp4,CLIP-D,grid_max,/media/CrispyMcMarkInc/fake-images-img2img/00059_sd3_fp4_seed182_s30_g3.5_str0.3.png,fake,0.957434892654419,0.3442387580871582
sd15_fp16,CLIP-D,grid_majority,/media/CrispyMcMarkInc/fake-images-img2img/00013_sd15_fp16_seed136_s30_g3.5_str0.3.png,real,0.0,0.34044742584228516
sd35_fp8,CLIP-D,patch_majority,/media/CrispyMcMarkInc/fake-images-img2img/00035_sd35_fp8_seed158_s30_g3.5_str0.3.png,real,0.0,0.47867918014526367
sd15_fp4,CLIP-D,patch_max,/media/CrispyMcMarkInc/fake-images-img2img/00072_sd15_fp4_seed195_s30_g3.5_str0.3.png,fake,0.9974907636642456,0.4838109016418457
sd35_fp4,CLIP-D,grid_majority,/media/CrispyMcMarkInc/fake-images-img2img/00014_sd35_fp4_seed137_s30_g3.5_str0.3.png,fake,1.0,0.3307771682739258
sd15_fp8,CLIP-D,grid_max,/media/CrispyMcMarkInc/fake-images-img2img/00070_sd15_fp8_seed193_s30_g3.5_str0.3.png,fake,0.9560868144035339,0.32871556282043457
sd15_fp8,CLIP-D,patch_majority,/media/CrispyMcMarkInc/fake-images-img2img/00017_sd15_fp8_seed140_s30_g3.5_str0.3.png,real,0.0,0.4880237579345703
sd3_fp16,CLIP-D,patch_max,/media/CrispyMcMarkInc/fake-images-img2img/00032_sd3_fp16_seed155_s30_g3.5_str0.3.png,fake,0.9574102163314819,0.4913761615753174
sd35_fp4,CLIP-D,grid_max,/media/CrispyMcMarkInc/fake-images-img2img/00006_sd35_fp4_seed129_s30_g3.5_str0.3.png,fake,0.9643820524215698,0.3397703170776367
sd3_fp4,CLIP-D,grid_majority,/media/CrispyMcMarkInc/fake-images-img2img/00067_sd3_fp4_seed190_s30_g3.5_str0.3.png,fake,1.0,0.32430481910705566
sd15_fp8,CLIP-D,patch_majority,/media/CrispyMcMarkInc/fake-images-img2img/00041_sd15_fp8_seed164_s30_g3.5_str0.3.png,real,0.0,0.487931489944458
sd3_fp4,CLIP-D,patch_max,/media/CrispyMcMarkInc/fake-images-img2img/00048_sd3_fp4_seed171_s30_g3.5_str0.3.png,fake,0.9963171482086182,0.48835301399230957
sd35_fp16,CLIP-D,grid_max,/media/CrispyMcMarkInc/fake-images-img2img/00015_sd35_fp16_seed138_s30_g3.5_str0.3.png,fake,0.5249497890472412,0.23594045639038086
sd35_fp16,CLIP-D,grid_majority,/media/CrispyMcMarkInc/fake-images-img2img/00073_sd35_fp16_seed196_s30_g3.5_str0.3.png,fake,1.0,0.26524806022644043
sd35_fp4,CLIP-D,patch_majority,/media/CrispyMcMarkInc/fake-images-img2img/00032_sd35_fp4_seed155_s30_g3.5_str0.3.png,real,0.0,0.48305845260620117
sd3_fp8,CLIP-D,patch_max,/media/CrispyMcMarkInc/fake-images-img2img/00011_sd3_fp8_seed134_s30_g3.5_str0.3.png,fake,0.8942013382911682,0.5110366344451904
sd3_fp8,CLIP-D,grid_max,/media/CrispyMcMarkInc/fake-images-img2img/00075_sd3_fp8_seed198_s30_g3.5_str0.3.png,fake,0.934934675693512,0.25446557998657227
sd35_fp8,CLIP-D,grid_majority,/media/CrispyMcMarkInc/fake-images-img2img/00007_sd35_fp8_seed130_s30_g3.5_str0.3.png,real,0.0,0.3130619525909424
sd35_fp16,CLIP-D,patch_majority,/media/CrispyMcMarkInc/fake-images-img2img/00061_sd35_fp16_seed184_s30_g3.5_str0.3.png,real,0.0,0.48513293266296387
sd35_fp4,CLIP-D,patch_max,/media/CrispyMcMarkInc/fake-images-img2img/00085_sd35_fp4_seed208_s30_g3.5_str0.3.png,fake,0.9327350854873657,0.521202802658081
sd3_fp8,CLIP-D,grid_max,/media/CrispyMcMarkInc/fake-images-img2img/00025_sd3_fp8_seed148_s30_g3.5_str0.3.png,fake,0.8022156953811646,0.2720181941986084
sd15_fp8,CLIP-D,grid_majority,/media/CrispyMcMarkInc/fake-images-img2img/00038_sd15_fp8_seed161_s30_g3.5_str0.3.png,fake,1.0,0.3248898983001709
sd3_fp16,CLIP-D,patch_majority,/media/CrispyMcMarkInc/fake-images-img2img/00070_sd3_fp16_seed193_s30_g3.5_str0.3.png,real,0.0,0.48267364501953125
sd15_fp16,CLIP-D,patch_max,/media/CrispyMcMarkInc/fake-images-img2img/00046_sd15_fp16_seed169_s30_g3.5_str0.3.png,fake,0.7610845565795898,0.5072576999664307
sd15_fp4,CLIP-D,grid_majority,/media/CrispyMcMarkInc/fake-images-img2img/00090_sd15_fp4_seed213_s30_g3.5_str0.3.png,real,0.0,0.33370137214660645
sd15_fp8,CLIP-D,grid_max,/media/CrispyMcMarkInc/fake-images-img2img/00089_sd15_fp8_seed212_s30_g3.5_str0.3.png,fake,0.9016034007072449,0.3379092216491699
sd15_fp16,CLIP-D,patch_majority,/media/CrispyMcMarkInc/fake-images-img2img/00013_sd15_fp16_seed136_s30_g3.5_str0.3.png,real,0.0,0.4864368438720703
sd3_fp4,CLIP-D,patch_max,/media/CrispyMcMarkInc/fake-images-img2img/00076_sd3_fp4_seed199_s30_g3.5_str0.3.png,fake,0.9520013928413391,0.5004792213439941
sd35_fp8,CLIP-D,grid_majority,/media/CrispyMcMarkInc/fake-images-img2img/00069_sd35_fp8_seed192_s30_g3.5_str0.3.png,fake,1.0,0.24055910110473633
sd15_fp16,CLIP-D,grid_max,/media/CrispyMcMarkInc/fake-images-img2img/00045_sd15_fp16_seed168_s30_g3.5_str0.3.png,fake,0.9001346826553345,0.3049623966217041
sd35_fp4,CLIP-D,patch_majority,/media/CrispyMcMarkInc/fake-images-img2img/00014_sd35_fp4_seed137_s30_g3.5_str0.3.png,real,0.0,0.4798417091369629
sd35_fp16,CLIP-D,patch_max,/media/CrispyMcMarkInc/fake-images-img2img/00053_sd35_fp16_seed176_s30_g3.5_str0.3.png,real,0.3907645344734192,0.5096766948699951
sd3_fp8,CLIP-D,grid_majority,/media/CrispyMcMarkInc/fake-images-img2img/00009_sd3_fp8_seed132_s30_g3.5_str0.3.png,real,0.0,0.2502889633178711
sd15_fp16,CLIP-D,grid_max,/media/CrispyMcMarkInc/fake-images-img2img/00099_sd15_fp16_seed222_s30_g3.5_str0.3.png,fake,0.8595647811889648,0.3237781524658203
sd3_fp4,CLIP-D,patch_majority,/media/CrispyMcMarkInc/fake-images-img2img/00067_sd3_fp4_seed190_s30_g3.5_str0.3.png,fake,1.0,0.4997727870941162
sd15_fp8,CLIP-D,patch_max,/media/CrispyMcMarkInc/fake-images-img2img/00087_sd15_fp8_seed210_s30_g3.5_str0.3.png,fake,0.9623523354530334,0.5338120460510254
sd15_fp16,CLIP-D,grid_majority,/media/CrispyMcMarkInc/fake-images-img2img/00082_sd15_fp16_seed205_s30_g3.5_str0.3.png,fake,1.0,0.24372148513793945
sd35_fp4,CLIP-D,grid_max,/media/CrispyMcMarkInc/fake-images-img2img/00020_sd35_fp4_seed143_s30_g3.5_str0.3.png,fake,0.5154872536659241,0.3092687129974365
sd35_fp16,CLIP-D,patch_majority,/media/CrispyMcMarkInc/fake-images-img2img/00073_sd35_fp16_seed196_s30_g3.5_str0.3.png,fake,1.0,0.501246452331543
sd3_fp4,CLIP-D,patch_max,/media/CrispyMcMarkInc/fake-images-img2img/00074_sd3_fp4_seed197_s30_g3.5_str0.3.png,fake,0.9795659184455872,0.5378322601318359
sd35_fp8,CLIP-D,grid_majority,/media/CrispyMcMarkInc/fake-images-img2img/00063_sd35_fp8_seed186_s30_g3.5_str0.3.png,fake,1.0,0.24767231941223145
sd15_fp8,CLIP-D,grid_max,/media/CrispyMcMarkInc/fake-images-img2img/00009_sd15_fp8_seed132_s30_g3.5_str0.3.png,fake,0.7596444487571716,0.31382155418395996
sd35_fp8,CLIP-D,patch_majority,/media/CrispyMcMarkInc/fake-images-img2img/00007_sd35_fp8_seed130_s30_g3.5_str0.3.png,real,0.0,0.5172784328460693
sd3_fp4,CLIP-D,patch_max,/media/CrispyMcMarkInc/fake-images-img2img/00083_sd3_fp4_seed206_s30_g3.5_str0.3.png,fake,0.99769127368927,0.5359351634979248
sd35_fp4,CLIP-D,grid_majority,/media/CrispyMcMarkInc/fake-images-img2img/00049_sd35_fp4_seed172_s30_g3.5_str0.3.png,fake,1.0,0.24355840682983398
sd35_fp16,CLIP-D,grid_max,/media/CrispyMcMarkInc/fake-images-img2img/00087_sd35_fp16_seed210_s30_g3.5_str0.3.png,fake,0.9912074208259583,0.31186532974243164
sd15_fp8,CLIP-D,patch_majority,/media/CrispyMcMarkInc/fake-images-img2img/00038_sd15_fp8_seed161_s30_g3.5_str0.3.png,fake,1.0,0.5125794410705566
sd3_fp8,CLIP-D,patch_max,/media/CrispyMcMarkInc/fake-images-img2img/00081_sd3_fp8_seed204_s30_g3.5_str0.3.png,real,0.25542834401130676,0.5305583477020264
sd15_fp4,CLIP-D,grid_majority,/media/CrispyMcMarkInc/fake-images-img2img/00048_sd15_fp4_seed171_s30_g3.5_str0.3.png,fake,1.0,0.3236579895019531
sd3_fp4,CLIP-D,grid_max,/media/CrispyMcMarkInc/fake-images-img2img/00009_sd3_fp4_seed132_s30_g3.5_str0.3.png,fake,0.9111323952674866,0.3350341320037842
sd15_fp4,CLIP-D,patch_majority,/media/CrispyMcMarkInc/fake-images-img2img/00090_sd15_fp4_seed213_s30_g3.5_str0.3.png,real,0.0,0.48531270027160645
sd15_fp16,CLIP-D,patch_max,/media/CrispyMcMarkInc/fake-images-img2img/00073_sd15_fp16_seed196_s30_g3.5_str0.3.png,fake,0.8937771320343018,0.5007643699645996
sd3_fp16,CLIP-D,grid_majority,/media/CrispyMcMarkInc/fake-images-img2img/00071_sd3_fp16_seed194_s30_g3.5_str0.3.png,real,0.0,0.2532651424407959
sd35_fp16,CLIP-D,grid_max,/media/CrispyMcMarkInc/fake-images-img2img/00030_sd35_fp16_seed153_s30_g3.5_str0.3.png,fake,0.963376522064209,0.32195425033569336
sd35_fp8,CLIP-D,patch_majority,/media/CrispyMcMarkInc/fake-images-img2img/00069_sd35_fp8_seed192_s30_g3.5_str0.3.png,fake,1.0,0.47976088523864746
sd3_fp4,CLIP-D,patch_max,/media/CrispyMcMarkInc/fake-images-img2img/00065_sd3_fp4_seed188_s30_g3.5_str0.3.png,fake,0.9971261620521545,0.49878835678100586
sd35_fp8,CLIP-D,grid_majority,/media/CrispyMcMarkInc/fake-images-img2img/00032_sd35_fp8_seed155_s30_g3.5_str0.3.png,real,0.0,0.25604677200317383
sd35_fp8,CLIP-D,grid_max,/media/CrispyMcMarkInc/fake-images-img2img/00047_sd35_fp8_seed170_s30_g3.5_str0.3.png,fake,0.9987584352493286,0.32130885124206543
sd3_fp8,CLIP-D,patch_majority,/media/CrispyMcMarkInc/fake-images-img2img/00009_sd3_fp8_seed132_s30_g3.5_str0.3.png,real,0.0,0.4810667037963867
sd15_fp16,CLIP-D,patch_max,/media/CrispyMcMarkInc/fake-images-img2img/00055_sd15_fp16_seed178_s30_g3.5_str0.3.png,fake,0.9404543042182922,0.5090742111206055
sd35_fp4,CLIP-D,grid_majority,/media/CrispyMcMarkInc/fake-images-img2img/00022_sd35_fp4_seed145_s30_g3.5_str0.3.png,real,0.0,0.24409174919128418
sd3_fp4,CLIP-D,grid_max,/media/CrispyMcMarkInc/fake-images-img2img/00054_sd3_fp4_seed177_s30_g3.5_str0.3.png,fake,0.9705902934074402,0.3151431083679199
sd15_fp16,CLIP-D,patch_majority,/media/CrispyMcMarkInc/fake-images-img2img/00082_sd15_fp16_seed205_s30_g3.5_str0.3.png,fake,1.0,0.48311686515808105
sd35_fp4,CLIP-D,patch_max,/media/CrispyMcMarkInc/fake-images-img2img/00039_sd35_fp4_seed162_s30_g3.5_str0.3.png,fake,0.9331153631210327,0.5094559192657471
sd35_fp16,CLIP-D,grid_majority,/media/CrispyMcMarkInc/fake-images-img2img/00001_sd35_fp16_seed124_s30_g3.5_str0.3.png,fake,1.0,0.22806906700134277
sd35_fp8,CLIP-D,grid_max,/media/CrispyMcMarkInc/fake-images-img2img/00028_sd35_fp8_seed151_s30_g3.5_str0.3.png,fake,0.9953488707542419,0.2965214252471924
sd35_fp8,CLIP-D,patch_majority,/media/CrispyMcMarkInc/fake-images-img2img/00063_sd35_fp8_seed186_s30_g3.5_str0.3.png,fake,1.0,0.49474501609802246
sd35_fp8,CLIP-D,patch_max,/media/CrispyMcMarkInc/fake-images-img2img/00072_sd35_fp8_seed195_s30_g3.5_str0.3.png,fake,0.9978783130645752,0.5383753776550293
sd15_fp4,CLIP-D,grid_majority,/media/CrispyMcMarkInc/fake-images-img2img/00086_sd15_fp4_seed209_s30_g3.5_str0.3.png,fake,1.0,0.33272266387939453
sd35_fp16,CLIP-D,grid_max,/media/CrispyMcMarkInc/fake-images-img2img/00010_sd35_fp16_seed133_s30_g3.5_str0.3.png,fake,0.9485101103782654,0.3429255485534668
sd35_fp4,CLIP-D,patch_majority,/media/CrispyMcMarkInc/fake-images-img2img/00049_sd35_fp4_seed172_s30_g3.5_str0.3.png,fake,1.0,0.4835844039916992
sd3_fp4,CLIP-D,patch_max,/media/CrispyMcMarkInc/fake-images-img2img/00044_sd3_fp4_seed167_s30_g3.5_str0.3.png,fake,0.9762111902236938,0.49802136421203613
sd15_fp8,CLIP-D,grid_majority,/media/CrispyMcMarkInc/fake-images-img2img/00062_sd15_fp8_seed185_s30_g3.5_str0.3.png,real,0.0,0.2614455223083496
sd15_fp8,CLIP-D,grid_max,/media/CrispyMcMarkInc/fake-images-img2img/00047_sd15_fp8_seed170_s30_g3.5_str0.3.png,fake,0.994441568851471,0.3272221088409424
sd15_fp4,CLIP-D,patch_majority,/media/CrispyMcMarkInc/fake-images-img2img/00048_sd15_fp4_seed171_s30_g3.5_str0.3.png,fake,1.0,0.48227882385253906
sd3_fp8,CLIP-D,patch_max,/media/CrispyMcMarkInc/fake-images-img2img/00019_sd3_fp8_seed142_s30_g3.5_str0.3.png,fake,0.8825398087501526,0.5071442127227783
sd3_fp4,CLIP-D,grid_majority,/media/CrispyMcMarkInc/fake-images-img2img/00004_sd3_fp4_seed127_s30_g3.5_str0.3.png,real,0.0,0.23932695388793945
sd15_fp4,CLIP-D,grid_max,/media/CrispyMcMarkInc/fake-images-img2img/00082_sd15_fp4_seed205_s30_g3.5_str0.3.png,fake,0.9744631052017212,0.3079397678375244
sd3_fp16,CLIP-D,patch_majority,/media/CrispyMcMarkInc/fake-images-img2img/00071_sd3_fp16_seed194_s30_g3.5_str0.3.png,real,0.0,0.48940300941467285
sd35_fp4,CLIP-D,patch_max,/media/CrispyMcMarkInc/fake-images-img2img/00093_sd35_fp4_seed216_s30_g3.5_str0.3.png,fake,0.9694105386734009,0.5241551399230957
sd15_fp4,CLIP-D,grid_majority,/media/CrispyMcMarkInc/fake-images-img2img/00077_sd15_fp4_seed200_s30_g3.5_str0.3.png,fake,1.0,0.2390296459197998
sd3_fp8,CLIP-D,grid_max,/media/CrispyMcMarkInc/fake-images-img2img/00008_sd3_fp8_seed131_s30_g3.5_str0.3.png,real,0.27063053846359253,0.3018372058868408
sd35_fp8,CLIP-D,patch_majority,/media/CrispyMcMarkInc/fake-images-img2img/00032_sd35_fp8_seed155_s30_g3.5_str0.3.png,real,0.0,0.4952685832977295
sd15_fp4,CLIP-D,patch_max,/media/CrispyMcMarkInc/fake-images-img2img/00053_sd15_fp4_seed176_s30_g3.5_str0.3.png,fake,0.8670088648796082,0.5262143611907959
sd15_fp16,CLIP-D,grid_majority,/media/CrispyMcMarkInc/fake-images-img2img/00019_sd15_fp16_seed142_s30_g3.5_str0.3.png,fake,1.0,0.2411050796508789
sd15_fp4,CLIP-D,grid_max,/media/CrispyMcMarkInc/fake-images-img2img/00051_sd15_fp4_seed174_s30_g3.5_str0.3.png,fake,0.9286437630653381,0.3015146255493164
sd35_fp4,CLIP-D,patch_majority,/media/CrispyMcMarkInc/fake-images-img2img/00022_sd35_fp4_seed145_s30_g3.5_str0.3.png,real,0.0,0.510871410369873
sd35_fp4,CLIP-D,patch_max,/media/CrispyMcMarkInc/fake-images-img2img/00005_sd35_fp4_seed128_s30_g3.5_str0.3.png,fake,0.9345903396606445,0.5616617202758789
sd35_fp16,CLIP-D,grid_majority,/media/CrispyMcMarkInc/fake-images-img2img/00023_sd35_fp16_seed146_s30_g3.5_str0.3.png,real,0.0,0.23087310791015625
sd15_fp16,CLIP-D,grid_max,/media/CrispyMcMarkInc/fake-images-img2img/00018_sd15_fp16_seed141_s30_g3.5_str0.3.png,fake,0.9529467225074768,0.28862881660461426
sd35_fp16,CLIP-D,patch_majority,/media/CrispyMcMarkInc/fake-images-img2img/00001_sd35_fp16_seed124_s30_g3.5_str0.3.png,real,0.0,0.48486828804016113
sd3_fp4,CLIP-D,grid_majority,/media/CrispyMcMarkInc/fake-images-img2img/00071_sd3_fp4_seed194_s30_g3.5_str0.3.png,fake,1.0,0.3988637924194336
sd15_fp16,CLIP-D,patch_max,/media/CrispyMcMarkInc/fake-images-img2img/00054_sd15_fp16_seed177_s30_g3.5_str0.3.png,fake,0.8956001400947571,0.6554346084594727
sd3_fp4,CLIP-D,grid_max,/media/CrispyMcMarkInc/fake-images-img2img/00002_sd3_fp4_seed125_s30_g3.5_str0.3.png,fake,0.9326326251029968,0.22679662704467773
sd15_fp4,CLIP-D,patch_majority,/media/CrispyMcMarkInc/fake-images-img2img/00086_sd15_fp4_seed209_s30_g3.5_str0.3.png,fake,1.0,0.4996464252471924
sd35_fp16,CLIP-D,grid_majority,/media/CrispyMcMarkInc/fake-images-img2img/00007_sd35_fp16_seed130_s30_g3.5_str0.3.png,real,0.0,0.23759150505065918
sd15_fp4,CLIP-D,grid_max,/media/CrispyMcMarkInc/fake-images-img2img/00005_sd15_fp4_seed128_s30_g3.5_str0.3.png,fake,0.8996975421905518,0.43952131271362305
sd15_fp8,CLIP-D,patch_max,/media/CrispyMcMarkInc/fake-images-img2img/00098_sd15_fp8_seed221_s30_g3.5_str0.3.png,fake,0.8761206269264221,0.6441922187805176
sd15_fp8,CLIP-D,patch_majority,/media/CrispyMcMarkInc/fake-images-img2img/00062_sd15_fp8_seed185_s30_g3.5_str0.3.png,real,0.0,0.48258042335510254
sd35_fp16,CLIP-D,grid_majority,/media/CrispyMcMarkInc/fake-images-img2img/00047_sd35_fp16_seed170_s30_g3.5_str0.3.png,fake,1.0,0.20272064208984375
sd35_fp4,CLIP-D,grid_max,/media/CrispyMcMarkInc/fake-images-img2img/00040_sd35_fp4_seed163_s30_g3.5_str0.3.png,fake,0.9898713231086731,0.23254752159118652
sd15_fp4,CLIP-D,patch_max,/media/CrispyMcMarkInc/fake-images-img2img/00036_sd15_fp4_seed159_s30_g3.5_str0.3.png,fake,0.9968974590301514,0.5821468830108643
sd3_fp4,CLIP-D,patch_majority,/media/CrispyMcMarkInc/fake-images-img2img/00004_sd3_fp4_seed127_s30_g3.5_str0.3.png,real,0.0,0.4960916042327881
sd3_fp4,CLIP-D,grid_majority,/media/CrispyMcMarkInc/fake-images-img2img/00094_sd3_fp4_seed217_s30_g3.5_str0.3.png,fake,1.0,0.20403027534484863
sd3_fp8,CLIP-D,grid_max,/media/CrispyMcMarkInc/fake-images-img2img/00034_sd3_fp8_seed157_s30_g3.5_str0.3.png,fake,0.881138801574707,0.2202146053314209
sd15_fp4,CLIP-D,patch_max,/media/CrispyMcMarkInc/fake-images-img2img/00060_sd15_fp4_seed183_s30_g3.5_str0.3.png,fake,0.9358294606208801,0.4974939823150635
sd15_fp4,CLIP-D,patch_majority,/media/CrispyMcMarkInc/fake-images-img2img/00077_sd15_fp4_seed200_s30_g3.5_str0.3.png,fake,1.0,0.4854261875152588
sd35_fp4,CLIP-D,grid_majority,/media/CrispyMcMarkInc/fake-images-img2img/00027_sd35_fp4_seed150_s30_g3.5_str0.3.png,fake,1.0,0.20328378677368164
sd3_fp8,CLIP-D,grid_max,/media/CrispyMcMarkInc/fake-images-img2img/00077_sd3_fp8_seed200_s30_g3.5_str0.3.png,fake,0.9823933839797974,0.2152864933013916
sd35_fp8,CLIP-D,patch_max,/media/CrispyMcMarkInc/fake-images-img2img/00049_sd35_fp8_seed172_s30_g3.5_str0.3.png,fake,0.9882414937019348,0.5009145736694336
sd15_fp16,CLIP-D,patch_majority,/media/CrispyMcMarkInc/fake-images-img2img/00019_sd15_fp16_seed142_s30_g3.5_str0.3.png,fake,1.0,0.47388219833374023
sd3_fp8,CLIP-D,grid_majority,/media/CrispyMcMarkInc/fake-images-img2img/00089_sd3_fp8_seed212_s30_g3.5_str0.3.png,real,0.0,0.20288348197937012
sd3_fp4,CLIP-D,grid_max,/media/CrispyMcMarkInc/fake-images-img2img/00084_sd3_fp4_seed207_s30_g3.5_str0.3.png,fake,0.8872514963150024,0.2146742343902588
sd3_fp8,CLIP-D,patch_max,/media/CrispyMcMarkInc/fake-images-img2img/00084_sd3_fp8_seed207_s30_g3.5_str0.3.png,fake,0.6093745231628418,0.49640560150146484
sd35_fp16,CLIP-D,patch_majority,/media/CrispyMcMarkInc/fake-images-img2img/00023_sd35_fp16_seed146_s30_g3.5_str0.3.png,real,0.0,0.510563850402832
sd3_fp8,CLIP-D,grid_majority,/media/CrispyMcMarkInc/fake-images-img2img/00097_sd3_fp8_seed220_s30_g3.5_str0.3.png,fake,1.0,0.2038888931274414
sd15_fp8,CLIP-D,grid_max,/media/CrispyMcMarkInc/fake-images-img2img/00011_sd15_fp8_seed134_s30_g3.5_str0.3.png,fake,0.9328629970550537,0.2156984806060791
sd15_fp4,CLIP-D,patch_max,/media/CrispyMcMarkInc/fake-images-img2img/00068_sd15_fp4_seed191_s30_g3.5_str0.3.png,fake,0.9225054979324341,0.5127453804016113
sd3_fp4,CLIP-D,patch_majority,/media/CrispyMcMarkInc/fake-images-img2img/00071_sd3_fp4_seed194_s30_g3.5_str0.3.png,fake,1.0,0.49322009086608887
sd35_fp16,CLIP-D,grid_majority,/media/CrispyMcMarkInc/fake-images-img2img/00069_sd35_fp16_seed192_s30_g3.5_str0.3.png,fake,1.0,0.20258593559265137
sd15_fp4,CLIP-D,grid_max,/media/CrispyMcMarkInc/fake-images-img2img/00028_sd15_fp4_seed151_s30_g3.5_str0.3.png,fake,0.9798390865325928,0.21252846717834473
sd35_fp4,CLIP-D,patch_max,/media/CrispyMcMarkInc/fake-images-img2img/00037_sd35_fp4_seed160_s30_g3.5_str0.3.png,fake,0.9624457955360413,0.5029206275939941
sd35_fp16,CLIP-D,patch_majority,/media/CrispyMcMarkInc/fake-images-img2img/00007_sd35_fp16_seed130_s30_g3.5_str0.3.png,real,0.0,0.4786069393157959
sd3_fp16,CLIP-D,grid_majority,/media/CrispyMcMarkInc/fake-images-img2img/00097_sd3_fp16_seed220_s30_g3.5_str0.3.png,fake,1.0,0.20357108116149902
sd35_fp4,CLIP-D,grid_max,/media/CrispyMcMarkInc/fake-images-img2img/00047_sd35_fp4_seed170_s30_g3.5_str0.3.png,fake,0.9990949630737305,0.2088944911956787
sd15_fp16,CLIP-D,patch_max,/media/CrispyMcMarkInc/fake-images-img2img/00064_sd15_fp16_seed187_s30_g3.5_str0.3.png,fake,0.8169311285018921,0.4838848114013672
sd35_fp16,CLIP-D,patch_majority,/media/CrispyMcMarkInc/fake-images-img2img/00047_sd35_fp16_seed170_s30_g3.5_str0.3.png,fake,1.0,0.4799461364746094
sd15_fp8,CLIP-D,grid_majority,/media/CrispyMcMarkInc/fake-images-img2img/00095_sd15_fp8_seed218_s30_g3.5_str0.3.png,fake,1.0,0.20362496376037598
sd3_fp8,CLIP-D,grid_max,/media/CrispyMcMarkInc/fake-images-img2img/00092_sd3_fp8_seed215_s30_g3.5_str0.3.png,fake,0.9277010560035706,0.20949459075927734
sd3_fp4,CLIP-D,patch_max,/media/CrispyMcMarkInc/fake-images-img2img/00038_sd3_fp4_seed161_s30_g3.5_str0.3.png,fake,0.987838625907898,0.4843614101409912
sd3_fp4,CLIP-D,patch_majority,/media/CrispyMcMarkInc/fake-images-img2img/00094_sd3_fp4_seed217_s30_g3.5_str0.3.png,fake,1.0,0.48925209045410156
sd3_fp8,CLIP-D,grid_majority,/media/CrispyMcMarkInc/fake-images-img2img/00015_sd3_fp8_seed138_s30_g3.5_str0.3.png,real,0.0,0.20176386833190918
sd35_fp8,CLIP-D,grid_max,/media/CrispyMcMarkInc/fake-images-img2img/00076_sd35_fp8_seed199_s30_g3.5_str0.3.png,fake,0.9733352661132812,0.23705172538757324
sd15_fp8,CLIP-D,patch_max,/media/CrispyMcMarkInc/fake-images-img2img/00022_sd15_fp8_seed145_s30_g3.5_str0.3.png,fake,0.6478147506713867,0.5080642700195312
sd35_fp4,CLIP-D,patch_majority,/media/CrispyMcMarkInc/fake-images-img2img/00027_sd35_fp4_seed150_s30_g3.5_str0.3.png,fake,1.0,0.4820370674133301
sd3_fp16,CLIP-D,grid_majority,/media/CrispyMcMarkInc/fake-images-img2img/00064_sd3_fp16_seed187_s30_g3.5_str0.3.png,real,0.0,0.203779935836792
sd3_fp8,CLIP-D,grid_max,/media/CrispyMcMarkInc/fake-images-img2img/00066_sd3_fp8_seed189_s30_g3.5_str0.3.png,fake,0.8646954894065857,0.21056127548217773
sd35_fp16,CLIP-D,patch_max,/media/CrispyMcMarkInc/fake-images-img2img/00034_sd35_fp16_seed157_s30_g3.5_str0.3.png,fake,0.9053588509559631,0.48297715187072754
sd3_fp8,CLIP-D,patch_majority,/media/CrispyMcMarkInc/fake-images-img2img/00089_sd3_fp8_seed212_s30_g3.5_str0.3.png,real,0.0,0.480790376663208
sd35_fp16,CLIP-D,grid_majority,/media/CrispyMcMarkInc/fake-images-img2img/00097_sd35_fp16_seed220_s30_g3.5_str0.3.png,fake,1.0,0.19965887069702148
sd35_fp8,CLIP-D,grid_max,/media/CrispyMcMarkInc/fake-images-img2img/00011_sd35_fp8_seed134_s30_g3.5_str0.3.png,fake,0.663693904876709,0.20955967903137207
sd35_fp16,CLIP-D,patch_max,/media/CrispyMcMarkInc/fake-images-img2img/00075_sd35_fp16_seed198_s30_g3.5_str0.3.png,fake,0.9795240759849548,0.47971081733703613
sd3_fp8,CLIP-D,patch_majority,/media/CrispyMcMarkInc/fake-images-img2img/00097_sd3_fp8_seed220_s30_g3.5_str0.3.png,fake,1.0,0.47831082344055176
sd15_fp16,CLIP-D,grid_majority,/media/CrispyMcMarkInc/fake-images-img2img/00031_sd15_fp16_seed154_s30_g3.5_str0.3.png,real,0.0,0.2010331153869629
sd15_fp8,CLIP-D,grid_max,/media/CrispyMcMarkInc/fake-images-img2img/00020_sd15_fp8_seed143_s30_g3.5_str0.3.png,fake,0.7201839089393616,0.22127389907836914
sd3_fp16,CLIP-D,patch_max,/media/CrispyMcMarkInc/fake-images-img2img/00026_sd3_fp16_seed149_s30_g3.5_str0.3.png,real,0.13773876428604126,0.49359989166259766
sd35_fp16,CLIP-D,patch_majority,/media/CrispyMcMarkInc/fake-images-img2img/00069_sd35_fp16_seed192_s30_g3.5_str0.3.png,fake,1.0,0.4795675277709961
sd15_fp16,CLIP-D,grid_majority,/media/CrispyMcMarkInc/fake-images-img2img/00049_sd15_fp16_seed172_s30_g3.5_str0.3.png,fake,1.0,0.23700857162475586
sd15_fp4,CLIP-D,grid_max,/media/CrispyMcMarkInc/fake-images-img2img/00075_sd15_fp4_seed198_s30_g3.5_str0.3.png,fake,0.8231986165046692,0.21192216873168945
sd15_fp4,CLIP-D,patch_max,/media/CrispyMcMarkInc/fake-images-img2img/00016_sd15_fp4_seed139_s30_g3.5_str0.3.png,fake,0.9017817378044128,0.48551154136657715
sd3_fp16,CLIP-D,patch_majority,/media/CrispyMcMarkInc/fake-images-img2img/00097_sd3_fp16_seed220_s30_g3.5_str0.3.png,fake,1.0,0.48404407501220703
sd3_fp8,CLIP-D,grid_majority,/media/CrispyMcMarkInc/fake-images-img2img/00026_sd3_fp8_seed149_s30_g3.5_str0.3.png,real,0.0,0.20445466041564941
sd35_fp4,CLIP-D,grid_max,/media/CrispyMcMarkInc/fake-images-img2img/00079_sd35_fp4_seed202_s30_g3.5_str0.3.png,fake,0.8127259612083435,0.2304859161376953
sd3_fp4,CLIP-D,patch_max,/media/CrispyMcMarkInc/fake-images-img2img/00040_sd3_fp4_seed163_s30_g3.5_str0.3.png,fake,0.9946675300598145,0.47644686698913574
sd15_fp8,CLIP-D,patch_majority,/media/CrispyMcMarkInc/fake-images-img2img/00095_sd15_fp8_seed218_s30_g3.5_str0.3.png,fake,1.0,0.48668694496154785
sd35_fp16,CLIP-D,grid_majority,/media/CrispyMcMarkInc/fake-images-img2img/00021_sd35_fp16_seed144_s30_g3.5_str0.3.png,real,0.0,0.23721003532409668
sd3_fp16,CLIP-D,grid_max,/media/CrispyMcMarkInc/fake-images-img2img/00095_sd3_fp16_seed218_s30_g3.5_str0.3.png,fake,0.9789851903915405,0.2214205265045166
sd35_fp16,CLIP-D,patch_max,/media/CrispyMcMarkInc/fake-images-img2img/00058_sd35_fp16_seed181_s30_g3.5_str0.3.png,fake,0.9296389222145081,0.4773118495941162
sd3_fp8,CLIP-D,patch_majority,/media/CrispyMcMarkInc/fake-images-img2img/00015_sd3_fp8_seed138_s30_g3.5_str0.3.png,real,0.0,0.487926721572876
sd35_fp8,CLIP-D,grid_majority,/media/CrispyMcMarkInc/fake-images-img2img/00077_sd35_fp8_seed200_s30_g3.5_str0.3.png,fake,1.0,0.20592236518859863
sd15_fp8,CLIP-D,grid_max,/media/CrispyMcMarkInc/fake-images-img2img/00029_sd15_fp8_seed152_s30_g3.5_str0.3.png,fake,0.9596037864685059,0.21050047874450684
sd3_fp16,CLIP-D,patch_max,/media/CrispyMcMarkInc/fake-images-img2img/00082_sd3_fp16_seed205_s30_g3.5_str0.3.png,fake,0.9096367955207825,0.48169684410095215
sd3_fp16,CLIP-D,patch_majority,/media/CrispyMcMarkInc/fake-images-img2img/00064_sd3_fp16_seed187_s30_g3.5_str0.3.png,real,0.0,0.48895907402038574
sd3_fp16,CLIP-D,grid_majority,/media/CrispyMcMarkInc/fake-images-img2img/00002_sd3_fp16_seed125_s30_g3.5_str0.3.png,real,0.0,0.20471787452697754
sd3_fp4,CLIP-D,grid_max,/media/CrispyMcMarkInc/fake-images-img2img/00043_sd3_fp4_seed166_s30_g3.5_str0.3.png,fake,0.9897281527519226,0.2160477638244629
sd35_fp8,CLIP-D,patch_max,/media/CrispyMcMarkInc/fake-images-img2img/00029_sd35_fp8_seed152_s30_g3.5_str0.3.png,fake,0.9964455962181091,0.4847381114959717
sd35_fp16,CLIP-D,patch_majority,/media/CrispyMcMarkInc/fake-images-img2img/00097_sd35_fp16_seed220_s30_g3.5_str0.3.png,real,0.0,0.5228271484375
sd15_fp8,CLIP-D,grid_majority,/media/CrispyMcMarkInc/fake-images-img2img/00083_sd15_fp8_seed206_s30_g3.5_str0.3.png,fake,1.0,0.22905445098876953
sd15_fp16,CLIP-D,grid_max,/media/CrispyMcMarkInc/fake-images-img2img/00053_sd15_fp16_seed176_s30_g3.5_str0.3.png,fake,0.9028737545013428,0.20907115936279297
sd15_fp4,CLIP-D,patch_max,/media/CrispyMcMarkInc/fake-images-img2img/00054_sd15_fp4_seed177_s30_g3.5_str0.3.png,fake,0.903851330280304,0.4880397319793701
sd15_fp16,CLIP-D,patch_majority,/media/CrispyMcMarkInc/fake-images-img2img/00031_sd15_fp16_seed154_s30_g3.5_str0.3.png,real,0.0,0.5199675559997559
sd3_fp8,CLIP-D,grid_majority,/media/CrispyMcMarkInc/fake-images-img2img/00038_sd3_fp8_seed161_s30_g3.5_str0.3.png,real,0.0,0.22051620483398438
sd15_fp8,CLIP-D,grid_max,/media/CrispyMcMarkInc/fake-images-img2img/00003_sd15_fp8_seed126_s30_g3.5_str0.3.png,fake,0.9695800542831421,0.27086544036865234
sd35_fp4,CLIP-D,patch_max,/media/CrispyMcMarkInc/fake-images-img2img/00021_sd35_fp4_seed144_s30_g3.5_str0.3.png,fake,0.9340551495552063,0.5022561550140381
sd15_fp16,CLIP-D,patch_majority,/media/CrispyMcMarkInc/fake-images-img2img/00049_sd15_fp16_seed172_s30_g3.5_str0.3.png,fake,1.0,0.5387203693389893
sd15_fp4,CLIP-D,grid_majority,/media/CrispyMcMarkInc/fake-images-img2img/00098_sd15_fp4_seed221_s30_g3.5_str0.3.png,real,0.0,0.2216484546661377
sd15_fp8,CLIP-D,grid_max,/media/CrispyMcMarkInc/fake-images-img2img/00021_sd15_fp8_seed144_s30_g3.5_str0.3.png,fake,0.9544852375984192,0.2695038318634033
sd35_fp16,CLIP-D,patch_max,/media/CrispyMcMarkInc/fake-images-img2img/00095_sd35_fp16_seed218_s30_g3.5_str0.3.png,fake,0.9742829203605652,0.49943995475769043
sd3_fp8,CLIP-D,patch_majority,/media/CrispyMcMarkInc/fake-images-img2img/00026_sd3_fp8_seed149_s30_g3.5_str0.3.png,real,0.0,0.5482406616210938
sd3_fp4,CLIP-D,grid_majority,/media/CrispyMcMarkInc/fake-images-img2img/00051_sd3_fp4_seed174_s30_g3.5_str0.3.png,fake,1.0,0.21731972694396973
sd15_fp16,CLIP-D,grid_max,/media/CrispyMcMarkInc/fake-images-img2img/00058_sd15_fp16_seed181_s30_g3.5_str0.3.png,fake,0.9356344938278198,0.2703385353088379
sd3_fp16,CLIP-D,patch_max,/media/CrispyMcMarkInc/fake-images-img2img/00052_sd3_fp16_seed175_s30_g3.5_str0.3.png,fake,0.8423222303390503,0.48894357681274414
sd35_fp16,CLIP-D,patch_majority,/media/CrispyMcMarkInc/fake-images-img2img/00021_sd35_fp16_seed144_s30_g3.5_str0.3.png,real,0.0,0.5601992607116699
sd35_fp8,CLIP-D,grid_majority,/media/CrispyMcMarkInc/fake-images-img2img/00016_sd35_fp8_seed139_s30_g3.5_str0.3.png,real,0.0,0.3103041648864746
sd35_fp4,CLIP-D,grid_max,/media/CrispyMcMarkInc/fake-images-img2img/00043_sd35_fp4_seed166_s30_g3.5_str0.3.png,fake,0.9885060787200928,0.2037830352783203
sd35_fp4,CLIP-D,patch_max,/media/CrispyMcMarkInc/fake-images-img2img/00028_sd35_fp4_seed151_s30_g3.5_str0.3.png,fake,0.9944748282432556,0.4961261749267578
sd3_fp16,CLIP-D,grid_majority,/media/CrispyMcMarkInc/fake-images-img2img/00038_sd3_fp16_seed161_s30_g3.5_str0.3.png,real,0.0,0.41175293922424316
sd35_fp8,CLIP-D,patch_majority,/media/CrispyMcMarkInc/fake-images-img2img/00077_sd35_fp8_seed200_s30_g3.5_str0.3.png,fake,1.0,0.6438076496124268
sd3_fp4,CLIP-D,grid_max,/media/CrispyMcMarkInc/fake-images-img2img/00088_sd3_fp4_seed211_s30_g3.5_str0.3.png,fake,0.9715117812156677,0.20824146270751953
sd15_fp8,CLIP-D,patch_max,/media/CrispyMcMarkInc/fake-images-img2img/00058_sd15_fp8_seed181_s30_g3.5_str0.3.png,fake,0.9519805312156677,0.4911785125732422
sd35_fp4,CLIP-D,grid_majority,/media/CrispyMcMarkInc/fake-images-img2img/00004_sd35_fp4_seed127_s30_g3.5_str0.3.png,real,0.0,0.2325439453125
sd3_fp16,CLIP-D,patch_majority,/media/CrispyMcMarkInc/fake-images-img2img/00002_sd3_fp16_seed125_s30_g3.5_str0.3.png,real,0.0,0.5460238456726074
sd3_fp4,CLIP-D,grid_max,/media/CrispyMcMarkInc/fake-images-img2img/00030_sd3_fp4_seed153_s30_g3.5_str0.3.png,fake,0.9855729937553406,0.2332754135131836
sd15_fp4,CLIP-D,patch_max,/media/CrispyMcMarkInc/fake-images-img2img/00013_sd15_fp4_seed136_s30_g3.5_str0.3.png,fake,0.8947228193283081,0.5300049781799316
sd3_fp4,CLIP-D,grid_majority,/media/CrispyMcMarkInc/fake-images-img2img/00091_sd3_fp4_seed214_s30_g3.5_str0.3.png,fake,1.0,0.2416825294494629
sd15_fp8,CLIP-D,patch_majority,/media/CrispyMcMarkInc/fake-images-img2img/00083_sd15_fp8_seed206_s30_g3.5_str0.3.png,real,0.0,0.5745854377746582
sd35_fp8,CLIP-D,grid_max,/media/CrispyMcMarkInc/fake-images-img2img/00039_sd35_fp8_seed162_s30_g3.5_str0.3.png,real,0.4700542688369751,0.3334493637084961
sd35_fp4,CLIP-D,patch_max,/media/CrispyMcMarkInc/fake-images-img2img/00031_sd35_fp4_seed154_s30_g3.5_str0.3.png,fake,0.9489523768424988,0.5265963077545166
sd3_fp16,CLIP-D,grid_majority,/media/CrispyMcMarkInc/fake-images-img2img/00033_sd3_fp16_seed156_s30_g3.5_str0.3.png,fake,1.0,0.23494601249694824
sd15_fp8,CLIP-D,grid_max,/media/CrispyMcMarkInc/fake-images-img2img/00072_sd15_fp8_seed195_s30_g3.5_str0.3.png,fake,0.9967586398124695,0.37616753578186035
sd3_fp8,CLIP-D,patch_majority,/media/CrispyMcMarkInc/fake-images-img2img/00038_sd3_fp8_seed161_s30_g3.5_str0.3.png,real,0.0,0.6062994003295898
sd3_fp4,CLIP-D,grid_majority,/media/CrispyMcMarkInc/fake-images-img2img/00056_sd3_fp4_seed179_s30_g3.5_str0.3.png,fake,1.0,0.3935122489929199
sd15_fp16,CLIP-D,patch_max,/media/CrispyMcMarkInc/fake-images-img2img/00048_sd15_fp16_seed171_s30_g3.5_str0.3.png,fake,0.9879557490348816,0.6375153064727783
sd3_fp8,CLIP-D,grid_max,/media/CrispyMcMarkInc/fake-images-img2img/00042_sd3_fp8_seed165_s30_g3.5_str0.3.png,fake,0.6862490177154541,0.23926544189453125
sd15_fp4,CLIP-D,patch_majority,/media/CrispyMcMarkInc/fake-images-img2img/00098_sd15_fp4_seed221_s30_g3.5_str0.3.png,real,0.0,0.5682764053344727
sd35_fp16,CLIP-D,grid_majority,/media/CrispyMcMarkInc/fake-images-img2img/00064_sd35_fp16_seed187_s30_g3.5_str0.3.png,real,0.0,0.2310030460357666
sd3_fp16,CLIP-D,patch_max,/media/CrispyMcMarkInc/fake-images-img2img/00021_sd3_fp16_seed144_s30_g3.5_str0.3.png,fake,0.7020835280418396,0.5869379043579102
sd35_fp4,CLIP-D,grid_max,/media/CrispyMcMarkInc/fake-images-img2img/00087_sd35_fp4_seed210_s30_g3.5_str0.3.png,fake,0.9784637093544006,0.25815677642822266
sd3_fp4,CLIP-D,patch_majority,/media/CrispyMcMarkInc/fake-images-img2img/00051_sd3_fp4_seed174_s30_g3.5_str0.3.png,fake,1.0,0.5544626712799072
sd35_fp16,CLIP-D,grid_majority,/media/CrispyMcMarkInc/fake-images-img2img/00049_sd35_fp16_seed172_s30_g3.5_str0.3.png,fake,1.0,0.20593667030334473
sd3_fp8,CLIP-D,patch_max,/media/CrispyMcMarkInc/fake-images-img2img/00012_sd3_fp8_seed135_s30_g3.5_str0.3.png,fake,0.8708788156509399,0.5311875343322754
sd3_fp16,CLIP-D,grid_max,/media/CrispyMcMarkInc/fake-images-img2img/00079_sd3_fp16_seed202_s30_g3.5_str0.3.png,fake,0.936669647693634,0.22122740745544434
sd35_fp8,CLIP-D,patch_majority,/media/CrispyMcMarkInc/fake-images-img2img/00016_sd35_fp8_seed139_s30_g3.5_str0.3.png,real,0.0,0.4853978157043457
sd15_fp8,CLIP-D,grid_majority,/media/CrispyMcMarkInc/fake-images-img2img/00025_sd15_fp8_seed148_s30_g3.5_str0.3.png,real,0.0,0.2070300579071045
sd15_fp16,CLIP-D,patch_max,/media/CrispyMcMarkInc/fake-images-img2img/00062_sd15_fp16_seed185_s30_g3.5_str0.3.png,fake,0.9601770639419556,0.5290863513946533
sd35_fp16,CLIP-D,grid_max,/media/CrispyMcMarkInc/fake-images-img2img/00081_sd35_fp16_seed204_s30_g3.5_str0.3.png,real,0.20832142233848572,0.22231793403625488
sd3_fp16,CLIP-D,patch_majority,/media/CrispyMcMarkInc/fake-images-img2img/00038_sd3_fp16_seed161_s30_g3.5_str0.3.png,real,0.0,0.4853637218475342
sd15_fp16,CLIP-D,grid_majority,/media/CrispyMcMarkInc/fake-images-img2img/00008_sd15_fp16_seed131_s30_g3.5_str0.3.png,real,0.0,0.20380210876464844
sd3_fp4,CLIP-D,patch_max,/media/CrispyMcMarkInc/fake-images-img2img/00005_sd3_fp4_seed128_s30_g3.5_str0.3.png,fake,0.9607287645339966,0.5869991779327393
sd35_fp8,CLIP-D,grid_max,/media/CrispyMcMarkInc/fake-images-img2img/00052_sd35_fp8_seed175_s30_g3.5_str0.3.png,fake,0.9388889074325562,0.3508799076080322
sd35_fp4,CLIP-D,patch_majority,/media/CrispyMcMarkInc/fake-images-img2img/00004_sd35_fp4_seed127_s30_g3.5_str0.3.png,real,0.0,0.5158910751342773
sd15_fp4,CLIP-D,grid_majority,/media/CrispyMcMarkInc/fake-images-img2img/00091_sd15_fp4_seed214_s30_g3.5_str0.3.png,fake,1.0,0.2008953094482422
sd35_fp16,CLIP-D,grid_max,/media/CrispyMcMarkInc/fake-images-img2img/00020_sd35_fp16_seed143_s30_g3.5_str0.3.png,fake,0.5617282390594482,0.39348864555358887
sd35_fp16,CLIP-D,patch_max,/media/CrispyMcMarkInc/fake-images-img2img/00062_sd35_fp16_seed185_s30_g3.5_str0.3.png,fake,0.9817458391189575,0.6278359889984131
sd3_fp4,CLIP-D,patch_majority,/media/CrispyMcMarkInc/fake-images-img2img/00091_sd3_fp4_seed214_s30_g3.5_str0.3.png,fake,1.0,0.4791274070739746
sd35_fp8,CLIP-D,grid_majority,/media/CrispyMcMarkInc/fake-images-img2img/00080_sd35_fp8_seed203_s30_g3.5_str0.3.png,real,0.0,0.2004404067993164
sd15_fp4,CLIP-D,grid_max,/media/CrispyMcMarkInc/fake-images-img2img/00064_sd15_fp4_seed187_s30_g3.5_str0.3.png,fake,0.816644549369812,0.23412466049194336
sd35_fp4,CLIP-D,patch_max,/media/CrispyMcMarkInc/fake-images-img2img/00066_sd35_fp4_seed189_s30_g3.5_str0.3.png,fake,0.8223792314529419,0.5023643970489502
sd3_fp16,CLIP-D,patch_majority,/media/CrispyMcMarkInc/fake-images-img2img/00033_sd3_fp16_seed156_s30_g3.5_str0.3.png,fake,1.0,0.48365020751953125
sd15_fp16,CLIP-D,grid_majority,/media/CrispyMcMarkInc/fake-images-img2img/00059_sd15_fp16_seed182_s30_g3.5_str0.3.png,real,0.0,0.19922566413879395
sd15_fp4,CLIP-D,grid_max,/media/CrispyMcMarkInc/fake-images-img2img/00025_sd15_fp4_seed148_s30_g3.5_str0.3.png,fake,0.9312890768051147,0.21487927436828613
sd15_fp8,CLIP-D,patch_max,/media/CrispyMcMarkInc/fake-images-img2img/00085_sd15_fp8_seed208_s30_g3.5_str0.3.png,fake,0.8620415925979614,0.4820890426635742
sd3_fp4,CLIP-D,patch_majority,/media/CrispyMcMarkInc/fake-images-img2img/00056_sd3_fp4_seed179_s30_g3.5_str0.3.png,fake,1.0,0.47838401794433594
sd35_fp4,CLIP-D,grid_majority,/media/CrispyMcMarkInc/fake-images-img2img/00076_sd35_fp4_seed199_s30_g3.5_str0.3.png,fake,1.0,0.20085525512695312
sd3_fp16,CLIP-D,grid_max,/media/CrispyMcMarkInc/fake-images-img2img/00037_sd3_fp16_seed160_s30_g3.5_str0.3.png,fake,0.6697351336479187,0.23810648918151855
sd15_fp4,CLIP-D,patch_max,/media/CrispyMcMarkInc/fake-images-img2img/00074_sd15_fp4_seed197_s30_g3.5_str0.3.png,fake,0.9899207353591919,0.5071258544921875
sd35_fp16,CLIP-D,patch_majority,/media/CrispyMcMarkInc/fake-images-img2img/00064_sd35_fp16_seed187_s30_g3.5_str0.3.png,real,0.0,0.48687076568603516
sd3_fp4,CLIP-D,grid_majority,/media/CrispyMcMarkInc/fake-images-img2img/00028_sd3_fp4_seed151_s30_g3.5_str0.3.png,fake,1.0,0.19801926612854004
sd3_fp16,CLIP-D,grid_max,/media/CrispyMcMarkInc/fake-images-img2img/00050_sd3_fp16_seed173_s30_g3.5_str0.3.png,fake,0.9846285581588745,0.20841193199157715
sd15_fp4,CLIP-D,patch_max,/media/CrispyMcMarkInc/fake-images-img2img/00023_sd15_fp4_seed146_s30_g3.5_str0.3.png,fake,0.8621100783348083,0.4876368045806885
sd35_fp16,CLIP-D,patch_majority,/media/CrispyMcMarkInc/fake-images-img2img/00049_sd35_fp16_seed172_s30_g3.5_str0.3.png,fake,1.0,0.4876713752746582
sd3_fp16,CLIP-D,grid_majority,/media/CrispyMcMarkInc/fake-images-img2img/00081_sd3_fp16_seed204_s30_g3.5_str0.3.png,real,0.0,0.20060300827026367
sd15_fp16,CLIP-D,grid_max,/media/CrispyMcMarkInc/fake-images-img2img/00093_sd15_fp16_seed216_s30_g3.5_str0.3.png,fake,0.8499451279640198,0.2212061882019043
sd35_fp4,CLIP-D,patch_max,/media/CrispyMcMarkInc/fake-images-img2img/00077_sd35_fp4_seed200_s30_g3.5_str0.3.png,fake,0.989177405834198,0.48729729652404785
sd15_fp8,CLIP-D,patch_majority,/media/CrispyMcMarkInc/fake-images-img2img/00025_sd15_fp8_seed148_s30_g3.5_str0.3.png,real,0.0,0.4818916320800781
sd35_fp4,CLIP-D,grid_majority,/media/CrispyMcMarkInc/fake-images-img2img/00033_sd35_fp4_seed156_s30_g3.5_str0.3.png,fake,1.0,0.19842195510864258
sd3_fp16,CLIP-D,grid_max,/media/CrispyMcMarkInc/fake-images-img2img/00061_sd3_fp16_seed184_s30_g3.5_str0.3.png,fake,0.9158682823181152,0.20665979385375977
sd35_fp4,CLIP-D,patch_max,/media/CrispyMcMarkInc/fake-images-img2img/00096_sd35_fp4_seed219_s30_g3.5_str0.3.png,fake,0.8383733034133911,0.49253058433532715
sd15_fp16,CLIP-D,patch_majority,/media/CrispyMcMarkInc/fake-images-img2img/00008_sd15_fp16_seed131_s30_g3.5_str0.3.png,real,0.0,0.4860227108001709
sd35_fp8,CLIP-D,grid_majority,/media/CrispyMcMarkInc/fake-images-img2img/00038_sd35_fp8_seed161_s30_g3.5_str0.3.png,real,0.0,0.19875788688659668
sd15_fp16,CLIP-D,grid_max,/media/CrispyMcMarkInc/fake-images-img2img/00006_sd15_fp16_seed129_s30_g3.5_str0.3.png,fake,0.9047352075576782,0.20610618591308594
sd15_fp4,CLIP-D,patch_max,/media/CrispyMcMarkInc/fake-images-img2img/00096_sd15_fp4_seed219_s30_g3.5_str0.3.png,fake,0.8629773855209351,0.48529481887817383
sd15_fp4,CLIP-D,patch_majority,/media/CrispyMcMarkInc/fake-images-img2img/00091_sd15_fp4_seed214_s30_g3.5_str0.3.png,fake,1.0,0.49225473403930664
sd15_fp16,CLIP-D,grid_majority,/media/CrispyMcMarkInc/fake-images-img2img/00063_sd15_fp16_seed186_s30_g3.5_str0.3.png,fake,1.0,0.20192766189575195
sd35_fp8,CLIP-D,grid_max,/media/CrispyMcMarkInc/fake-images-img2img/00036_sd35_fp8_seed159_s30_g3.5_str0.3.png,fake,0.9832915663719177,0.209028959274292
sd35_fp4,CLIP-D,patch_max,/media/CrispyMcMarkInc/fake-images-img2img/00025_sd35_fp4_seed148_s30_g3.5_str0.3.png,fake,0.795288622379303,0.488452672958374
sd35_fp8,CLIP-D,patch_majority,/media/CrispyMcMarkInc/fake-images-img2img/00080_sd35_fp8_seed203_s30_g3.5_str0.3.png,real,0.0,0.4799776077270508
sd35_fp4,CLIP-D,grid_majority,/media/CrispyMcMarkInc/fake-images-img2img/00036_sd35_fp4_seed159_s30_g3.5_str0.3.png,fake,1.0,0.2024075984954834
sd15_fp8,CLIP-D,grid_max,/media/CrispyMcMarkInc/fake-images-img2img/00078_sd15_fp8_seed201_s30_g3.5_str0.3.png,fake,0.9697181582450867,0.20968151092529297
sd15_fp8,CLIP-D,patch_max,/media/CrispyMcMarkInc/fake-images-img2img/00069_sd15_fp8_seed192_s30_g3.5_str0.3.png,fake,0.934260368347168,0.4785332679748535
sd15_fp16,CLIP-D,patch_majority,/media/CrispyMcMarkInc/fake-images-img2img/00059_sd15_fp16_seed182_s30_g3.5_str0.3.png,real,0.0,0.49634289741516113
sd35_fp16,CLIP-D,grid_majority,/media/CrispyMcMarkInc/fake-images-img2img/00063_sd35_fp16_seed186_s30_g3.5_str0.3.png,fake,1.0,0.20240306854248047
sd15_fp16,CLIP-D,grid_max,/media/CrispyMcMarkInc/fake-images-img2img/00041_sd15_fp16_seed164_s30_g3.5_str0.3.png,fake,0.8063053488731384,0.20917654037475586
sd35_fp8,CLIP-D,patch_max,/media/CrispyMcMarkInc/fake-images-img2img/00025_sd35_fp8_seed148_s30_g3.5_str0.3.png,fake,0.7667558193206787,0.482532262802124
sd35_fp4,CLIP-D,patch_majority,/media/CrispyMcMarkInc/fake-images-img2img/00076_sd35_fp4_seed199_s30_g3.5_str0.3.png,real,0.0,0.5214412212371826
sd35_fp16,CLIP-D,grid_majority,/media/CrispyMcMarkInc/fake-images-img2img/00093_sd35_fp16_seed216_s30_g3.5_str0.3.png,fake,1.0,0.20888662338256836
sd15_fp4,CLIP-D,grid_max,/media/CrispyMcMarkInc/fake-images-img2img/00055_sd15_fp4_seed178_s30_g3.5_str0.3.png,fake,0.9149253368377686,0.23814725875854492
sd3_fp8,CLIP-D,patch_max,/media/CrispyMcMarkInc/fake-images-img2img/00098_sd3_fp8_seed221_s30_g3.5_str0.3.png,fake,0.8323442935943604,0.4817318916320801
sd3_fp4,CLIP-D,patch_majority,/media/CrispyMcMarkInc/fake-images-img2img/00028_sd3_fp4_seed151_s30_g3.5_str0.3.png,real,0.0,0.5198352336883545
sd3_fp4,CLIP-D,grid_majority,/media/CrispyMcMarkInc/fake-images-img2img/00000_sd3_fp4_seed123_s30_g3.5_str0.3.png,fake,1.0,0.23029398918151855
sd35_fp16,CLIP-D,grid_max,/media/CrispyMcMarkInc/fake-images-img2img/00083_sd35_fp16_seed206_s30_g3.5_str0.3.png,fake,0.9948370456695557,0.20086193084716797
sd3_fp8,CLIP-D,patch_max,/media/CrispyMcMarkInc/fake-images-img2img/00064_sd3_fp8_seed187_s30_g3.5_str0.3.png,fake,0.6746389865875244,0.4809091091156006
sd3_fp16,CLIP-D,patch_majority,/media/CrispyMcMarkInc/fake-images-img2img/00081_sd3_fp16_seed204_s30_g3.5_str0.3.png,real,0.0,0.5237255096435547
sd35_fp8,CLIP-D,grid_majority,/media/CrispyMcMarkInc/fake-images-img2img/00094_sd35_fp8_seed217_s30_g3.5_str0.3.png,fake,1.0,0.20583248138427734
sd35_fp8,CLIP-D,grid_max,/media/CrispyMcMarkInc/fake-images-img2img/00048_sd35_fp8_seed171_s30_g3.5_str0.3.png,fake,0.9938479065895081,0.24249553680419922
sd3_fp4,CLIP-D,patch_max,/media/CrispyMcMarkInc/fake-images-img2img/00036_sd3_fp4_seed159_s30_g3.5_str0.3.png,fake,0.9878159165382385,0.47689318656921387
sd35_fp4,CLIP-D,patch_majority,/media/CrispyMcMarkInc/fake-images-img2img/00033_sd35_fp4_seed156_s30_g3.5_str0.3.png,fake,1.0,0.53094482421875
sd35_fp16,CLIP-D,grid_majority,/media/CrispyMcMarkInc/fake-images-img2img/00094_sd35_fp16_seed217_s30_g3.5_str0.3.png,fake,1.0,0.2928802967071533
sd35_fp4,CLIP-D,grid_max,/media/CrispyMcMarkInc/fake-images-img2img/00030_sd35_fp4_seed153_s30_g3.5_str0.3.png,fake,0.9611461758613586,0.21255064010620117
sd15_fp16,CLIP-D,patch_max,/media/CrispyMcMarkInc/fake-images-img2img/00060_sd15_fp16_seed183_s30_g3.5_str0.3.png,fake,0.9154422283172607,0.48482370376586914
sd3_fp8,CLIP-D,grid_majority,/media/CrispyMcMarkInc/fake-images-img2img/00095_sd3_fp8_seed218_s30_g3.5_str0.3.png,fake,1.0,0.40636706352233887
sd35_fp8,CLIP-D,patch_majority,/media/CrispyMcMarkInc/fake-images-img2img/00038_sd35_fp8_seed161_s30_g3.5_str0.3.png,real,0.0,0.6643097400665283
sd3_fp8,CLIP-D,grid_max,/media/CrispyMcMarkInc/fake-images-img2img/00046_sd3_fp8_seed169_s30_g3.5_str0.3.png,fake,0.8970828056335449,0.20501923561096191
sd3_fp8,CLIP-D,patch_max,/media/CrispyMcMarkInc/fake-images-img2img/00003_sd3_fp8_seed126_s30_g3.5_str0.3.png,fake,0.9934070110321045,0.5064787864685059
sd15_fp16,CLIP-D,patch_majority,/media/CrispyMcMarkInc/fake-images-img2img/00063_sd15_fp16_seed186_s30_g3.5_str0.3.png,fake,1.0,0.6277580261230469
sd35_fp4,CLIP-D,grid_majority,/media/CrispyMcMarkInc/fake-images-img2img/00051_sd35_fp4_seed174_s30_g3.5_str0.3.png,fake,1.0,0.4050931930541992
sd15_fp4,CLIP-D,grid_max,/media/CrispyMcMarkInc/fake-images-img2img/00071_sd15_fp4_seed194_s30_g3.5_str0.3.png,fake,0.8847816586494446,0.20782899856567383
sd3_fp16,CLIP-D,patch_max,/media/CrispyMcMarkInc/fake-images-img2img/00043_sd3_fp16_seed166_s30_g3.5_str0.3.png,fake,0.9823729991912842,0.4775238037109375
sd15_fp4,CLIP-D,grid_majority,/media/CrispyMcMarkInc/fake-images-img2img/00047_sd15_fp4_seed170_s30_g3.5_str0.3.png,fake,1.0,0.41683053970336914
sd35_fp4,CLIP-D,patch_majority,/media/CrispyMcMarkInc/fake-images-img2img/00036_sd35_fp4_seed159_s30_g3.5_str0.3.png,fake,1.0,0.6671812534332275
sd3_fp8,CLIP-D,grid_max,/media/CrispyMcMarkInc/fake-images-img2img/00061_sd3_fp8_seed184_s30_g3.5_str0.3.png,fake,0.8290463089942932,0.2063148021697998
sd35_fp8,CLIP-D,patch_max,/media/CrispyMcMarkInc/fake-images-img2img/00030_sd35_fp8_seed153_s30_g3.5_str0.3.png,fake,0.9912987351417542,0.4803781509399414
sd15_fp16,CLIP-D,grid_majority,/media/CrispyMcMarkInc/fake-images-img2img/00080_sd15_fp16_seed203_s30_g3.5_str0.3.png,real,0.0,0.23301410675048828
sd35_fp16,CLIP-D,patch_majority,/media/CrispyMcMarkInc/fake-images-img2img/00063_sd35_fp16_seed186_s30_g3.5_str0.3.png,fake,1.0,0.5926752090454102
sd35_fp16,CLIP-D,grid_max,/media/CrispyMcMarkInc/fake-images-img2img/00027_sd35_fp16_seed150_s30_g3.5_str0.3.png,fake,0.973564088344574,0.22196173667907715
sd15_fp8,CLIP-D,patch_max,/media/CrispyMcMarkInc/fake-images-img2img/00045_sd15_fp8_seed168_s30_g3.5_str0.3.png,fake,0.9018514156341553,0.5082314014434814
sd3_fp16,CLIP-D,grid_majority,/media/CrispyMcMarkInc/fake-images-img2img/00046_sd3_fp16_seed169_s30_g3.5_str0.3.png,real,0.0,0.22168469429016113
sd35_fp16,CLIP-D,patch_majority,/media/CrispyMcMarkInc/fake-images-img2img/00093_sd35_fp16_seed216_s30_g3.5_str0.3.png,fake,1.0,0.5293982028961182
sd35_fp8,CLIP-D,grid_max,/media/CrispyMcMarkInc/fake-images-img2img/00065_sd35_fp8_seed188_s30_g3.5_str0.3.png,fake,0.9845530986785889,0.20423316955566406
sd15_fp4,CLIP-D,patch_max,/media/CrispyMcMarkInc/fake-images-img2img/00046_sd15_fp4_seed169_s30_g3.5_str0.3.png,fake,0.8069800734519958,0.5290179252624512
sd15_fp8,CLIP-D,grid_majority,/media/CrispyMcMarkInc/fake-images-img2img/00035_sd15_fp8_seed158_s30_g3.5_str0.3.png,fake,1.0,0.2214972972869873
sd35_fp16,CLIP-D,grid_max,/media/CrispyMcMarkInc/fake-images-img2img/00009_sd35_fp16_seed132_s30_g3.5_str0.3.png,fake,0.5510790944099426,0.42456507682800293
sd3_fp4,CLIP-D,patch_majority,/media/CrispyMcMarkInc/fake-images-img2img/00000_sd3_fp4_seed123_s30_g3.5_str0.3.png,fake,1.0,0.6613621711730957
sd15_fp8,CLIP-D,grid_majority,/media/CrispyMcMarkInc/fake-images-img2img/00043_sd15_fp8_seed166_s30_g3.5_str0.3.png,fake,1.0,0.3765127658843994
sd35_fp4,CLIP-D,patch_max,/media/CrispyMcMarkInc/fake-images-img2img/00056_sd35_fp4_seed179_s30_g3.5_str0.3.png,fake,0.9763849973678589,0.639009952545166
sd3_fp16,CLIP-D,grid_max,/media/CrispyMcMarkInc/fake-images-img2img/00004_sd3_fp16_seed127_s30_g3.5_str0.3.png,fake,0.6028090119361877,0.22794485092163086
sd35_fp8,CLIP-D,patch_majority,/media/CrispyMcMarkInc/fake-images-img2img/00094_sd35_fp8_seed217_s30_g3.5_str0.3.png,fake,1.0,0.541860818862915
sd3_fp4,CLIP-D,grid_majority,/media/CrispyMcMarkInc/fake-images-img2img/00027_sd3_fp4_seed150_s30_g3.5_str0.3.png,fake,1.0,0.33765125274658203
sd35_fp16,CLIP-D,patch_max,/media/CrispyMcMarkInc/fake-images-img2img/00091_sd35_fp16_seed214_s30_g3.5_str0.3.png,fake,0.9902253746986389,0.6460220813751221
sd3_fp16,CLIP-D,grid_max,/media/CrispyMcMarkInc/fake-images-img2img/00049_sd3_fp16_seed172_s30_g3.5_str0.3.png,fake,0.9880317449569702,0.26584529876708984
sd35_fp16,CLIP-D,patch_majority,/media/CrispyMcMarkInc/fake-images-img2img/00094_sd35_fp16_seed217_s30_g3.5_str0.3.png,fake,1.0,0.5083694458007812
sd15_fp4,CLIP-D,grid_majority,/media/CrispyMcMarkInc/fake-images-img2img/00072_sd15_fp4_seed195_s30_g3.5_str0.3.png,fake,1.0,0.21987295150756836
sd35_fp16,CLIP-D,grid_max,/media/CrispyMcMarkInc/fake-images-img2img/00052_sd35_fp16_seed175_s30_g3.5_str0.3.png,fake,0.8253936767578125,0.42727136611938477
sd15_fp16,CLIP-D,patch_max,/media/CrispyMcMarkInc/fake-images-img2img/00040_sd15_fp16_seed163_s30_g3.5_str0.3.png,fake,0.9832799434661865,0.6307845115661621
sd3_fp8,CLIP-D,patch_majority,/media/CrispyMcMarkInc/fake-images-img2img/00095_sd3_fp8_seed218_s30_g3.5_str0.3.png,fake,1.0,0.4873166084289551
sd3_fp16,CLIP-D,grid_majority,/media/CrispyMcMarkInc/fake-images-img2img/00032_sd3_fp16_seed155_s30_g3.5_str0.3.png,real,0.0,0.20675134658813477
sd15_fp16,CLIP-D,grid_max,/media/CrispyMcMarkInc/fake-images-img2img/00034_sd15_fp16_seed157_s30_g3.5_str0.3.png,fake,0.9088396430015564,0.22519922256469727
sd35_fp16,CLIP-D,patch_max,/media/CrispyMcMarkInc/fake-images-img2img/00071_sd35_fp16_seed194_s30_g3.5_str0.3.png,fake,0.9093713760375977,0.552790641784668
sd35_fp4,CLIP-D,patch_majority,/media/CrispyMcMarkInc/fake-images-img2img/00051_sd35_fp4_seed174_s30_g3.5_str0.3.png,fake,1.0,0.5030121803283691
sd3_fp4,CLIP-D,grid_majority,/media/CrispyMcMarkInc/fake-images-img2img/00048_sd3_fp4_seed171_s30_g3.5_str0.3.png,fake,1.0,0.20049476623535156
sd15_fp8,CLIP-D,grid_max,/media/CrispyMcMarkInc/fake-images-img2img/00086_sd15_fp8_seed209_s30_g3.5_str0.3.png,fake,0.8501853346824646,0.21889019012451172
sd3_fp16,CLIP-D,patch_max,/media/CrispyMcMarkInc/fake-images-img2img/00048_sd3_fp16_seed171_s30_g3.5_str0.3.png,fake,0.9944025874137878,0.49842238426208496
sd15_fp4,CLIP-D,patch_majority,/media/CrispyMcMarkInc/fake-images-img2img/00047_sd15_fp4_seed170_s30_g3.5_str0.3.png,fake,1.0,0.4925389289855957
sd3_fp8,CLIP-D,grid_majority,/media/CrispyMcMarkInc/fake-images-img2img/00011_sd3_fp8_seed134_s30_g3.5_str0.3.png,real,0.0,0.20440244674682617
sd3_fp16,CLIP-D,grid_max,/media/CrispyMcMarkInc/fake-images-img2img/00028_sd3_fp16_seed151_s30_g3.5_str0.3.png,fake,0.9894047975540161,0.21246576309204102
sd35_fp8,CLIP-D,patch_max,/media/CrispyMcMarkInc/fake-images-img2img/00044_sd35_fp8_seed167_s30_g3.5_str0.3.png,fake,0.9412490129470825,0.49413561820983887
sd15_fp16,CLIP-D,patch_majority,/media/CrispyMcMarkInc/fake-images-img2img/00080_sd15_fp16_seed203_s30_g3.5_str0.3.png,real,0.0,0.4854297637939453
sd35_fp4,CLIP-D,grid_majority,/media/CrispyMcMarkInc/fake-images-img2img/00085_sd35_fp4_seed208_s30_g3.5_str0.3.png,fake,1.0,0.19998717308044434
sd3_fp8,CLIP-D,grid_max,/media/CrispyMcMarkInc/fake-images-img2img/00022_sd3_fp8_seed145_s30_g3.5_str0.3.png,fake,0.6406418085098267,0.21156692504882812
sd3_fp4,CLIP-D,patch_max,/media/CrispyMcMarkInc/fake-images-img2img/00016_sd3_fp4_seed139_s30_g3.5_str0.3.png,fake,0.9400354027748108,0.5021405220031738
sd3_fp16,CLIP-D,patch_majority,/media/CrispyMcMarkInc/fake-images-img2img/00046_sd3_fp16_seed169_s30_g3.5_str0.3.png,real,0.0,0.4788856506347656
sd15_fp16,CLIP-D,grid_majority,/media/CrispyMcMarkInc/fake-images-img2img/00046_sd15_fp16_seed169_s30_g3.5_str0.3.png,real,0.0,0.20260047912597656
sd35_fp16,CLIP-D,grid_max,/media/CrispyMcMarkInc/fake-images-img2img/00024_sd35_fp16_seed147_s30_g3.5_str0.3.png,fake,0.9317689538002014,0.21209979057312012
sd35_fp4,CLIP-D,patch_max,/media/CrispyMcMarkInc/fake-images-img2img/00048_sd35_fp4_seed171_s30_g3.5_str0.3.png,fake,0.9876076579093933,0.5019216537475586
sd15_fp8,CLIP-D,patch_majority,/media/CrispyMcMarkInc/fake-images-img2img/00035_sd15_fp8_seed158_s30_g3.5_str0.3.png,fake,1.0,0.48525381088256836
sd3_fp4,CLIP-D,grid_majority,/media/CrispyMcMarkInc/fake-images-img2img/00076_sd3_fp4_seed199_s30_g3.5_str0.3.png,fake,1.0,0.20355939865112305
sd15_fp8,CLIP-D,grid_max,/media/CrispyMcMarkInc/fake-images-img2img/00084_sd15_fp8_seed207_s30_g3.5_str0.3.png,fake,0.9423023462295532,0.21465826034545898
sd35_fp16,CLIP-D,patch_max,/media/CrispyMcMarkInc/fake-images-img2img/00096_sd35_fp16_seed219_s30_g3.5_str0.3.png,fake,0.8633348941802979,0.522841215133667
sd15_fp8,CLIP-D,patch_majority,/media/CrispyMcMarkInc/fake-images-img2img/00043_sd15_fp8_seed166_s30_g3.5_str0.3.png,fake,1.0,0.4918324947357178
sd35_fp16,CLIP-D,grid_majority,/media/CrispyMcMarkInc/fake-images-img2img/00053_sd35_fp16_seed176_s30_g3.5_str0.3.png,real,0.0,0.20255494117736816
sd15_fp4,CLIP-D,grid_max,/media/CrispyMcMarkInc/fake-images-img2img/00057_sd15_fp4_seed180_s30_g3.5_str0.3.png,fake,0.6524325013160706,0.23117446899414062
sd35_fp16,CLIP-D,patch_max,/media/CrispyMcMarkInc/fake-images-img2img/00060_sd35_fp16_seed183_s30_g3.5_str0.3.png,fake,0.9488293528556824,0.4948158264160156
sd3_fp4,CLIP-D,patch_majority,/media/CrispyMcMarkInc/fake-images-img2img/00027_sd3_fp4_seed150_s30_g3.5_str0.3.png,fake,1.0,0.47742605209350586
sd15_fp8,CLIP-D,grid_majority,/media/CrispyMcMarkInc/fake-images-img2img/00087_sd15_fp8_seed210_s30_g3.5_str0.3.png,fake,1.0,0.19842243194580078
sd3_fp16,CLIP-D,grid_max,/media/CrispyMcMarkInc/fake-images-img2img/00006_sd3_fp16_seed129_s30_g3.5_str0.3.png,fake,0.8880627751350403,0.21306753158569336
sd35_fp8,CLIP-D,patch_max,/media/CrispyMcMarkInc/fake-images-img2img/00045_sd35_fp8_seed168_s30_g3.5_str0.3.png,fake,0.5019054412841797,0.499340295791626
sd15_fp4,CLIP-D,patch_majority,/media/CrispyMcMarkInc/fake-images-img2img/00072_sd15_fp4_seed195_s30_g3.5_str0.3.png,fake,1.0,0.4789412021636963
sd3_fp4,CLIP-D,grid_majority,/media/CrispyMcMarkInc/fake-images-img2img/00074_sd3_fp4_seed197_s30_g3.5_str0.3.png,fake,1.0,0.20128512382507324
sd3_fp8,CLIP-D,grid_max,/media/CrispyMcMarkInc/fake-images-img2img/00029_sd3_fp8_seed152_s30_g3.5_str0.3.png,fake,0.9980304837226868,0.21111464500427246
sd35_fp4,CLIP-D,patch_max,/media/CrispyMcMarkInc/fake-images-img2img/00023_sd35_fp4_seed146_s30_g3.5_str0.3.png,fake,0.7864319086074829,0.5171303749084473
sd3_fp16,CLIP-D,patch_majority,/media/CrispyMcMarkInc/fake-images-img2img/00032_sd3_fp16_seed155_s30_g3.5_str0.3.png,real,0.0,0.4800386428833008
sd3_fp4,CLIP-D,grid_majority,/media/CrispyMcMarkInc/fake-images-img2img/00083_sd3_fp4_seed206_s30_g3.5_str0.3.png,fake,1.0,0.2015695571899414
sd35_fp16,CLIP-D,grid_max,/media/CrispyMcMarkInc/fake-images-img2img/00032_sd35_fp16_seed155_s30_g3.5_str0.3.png,fake,0.9630821347236633,0.2102522850036621
sd35_fp16,CLIP-D,patch_max,/media/CrispyMcMarkInc/fake-images-img2img/00077_sd35_fp16_seed200_s30_g3.5_str0.3.png,fake,0.9839761257171631,0.47933506965637207
sd3_fp4,CLIP-D,patch_majority,/media/CrispyMcMarkInc/fake-images-img2img/00048_sd3_fp4_seed171_s30_g3.5_str0.3.png,fake,1.0,0.4800846576690674
sd3_fp8,CLIP-D,grid_majority,/media/CrispyMcMarkInc/fake-images-img2img/00081_sd3_fp8_seed204_s30_g3.5_str0.3.png,real,0.0,0.20386385917663574
sd3_fp16,CLIP-D,grid_max,/media/CrispyMcMarkInc/fake-images-img2img/00069_sd3_fp16_seed192_s30_g3.5_str0.3.png,fake,0.9591864347457886,0.2117021083831787
sd3_fp16,CLIP-D,patch_max,/media/CrispyMcMarkInc/fake-images-img2img/00034_sd3_fp16_seed157_s30_g3.5_str0.3.png,fake,0.83228600025177,0.4841485023498535
sd3_fp8,CLIP-D,patch_majority,/media/CrispyMcMarkInc/fake-images-img2img/00011_sd3_fp8_seed134_s30_g3.5_str0.3.png,real,0.0,0.47617125511169434
sd15_fp16,CLIP-D,grid_majority,/media/CrispyMcMarkInc/fake-images-img2img/00073_sd15_fp16_seed196_s30_g3.5_str0.3.png,fake,1.0,0.2024247646331787
sd3_fp16,CLIP-D,grid_max,/media/CrispyMcMarkInc/fake-images-img2img/00083_sd3_fp16_seed206_s30_g3.5_str0.3.png,fake,0.9830294251441956,0.21319890022277832
sd35_fp16,CLIP-D,patch_max,/media/CrispyMcMarkInc/fake-images-img2img/00084_sd35_fp16_seed207_s30_g3.5_str0.3.png,fake,0.8215688467025757,0.48252415657043457
sd35_fp4,CLIP-D,patch_majority,/media/CrispyMcMarkInc/fake-images-img2img/00085_sd35_fp4_seed208_s30_g3.5_str0.3.png,fake,1.0,0.47760581970214844
sd3_fp4,CLIP-D,grid_majority,/media/CrispyMcMarkInc/fake-images-img2img/00065_sd3_fp4_seed188_s30_g3.5_str0.3.png,fake,1.0,0.20369791984558105
sd15_fp8,CLIP-D,grid_max,/media/CrispyMcMarkInc/fake-images-img2img/00008_sd15_fp8_seed131_s30_g3.5_str0.3.png,fake,0.8167670965194702,0.20623111724853516
sd35_fp16,CLIP-D,patch_max,/media/CrispyMcMarkInc/fake-images-img2img/00003_sd35_fp16_seed126_s30_g3.5_str0.3.png,fake,0.9931407570838928,0.4821021556854248
sd15_fp16,CLIP-D,patch_majority,/media/CrispyMcMarkInc/fake-images-img2img/00046_sd15_fp16_seed169_s30_g3.5_str0.3.png,real,0.0,0.4786500930786133
sd15_fp16,CLIP-D,grid_majority,/media/CrispyMcMarkInc/fake-images-img2img/00055_sd15_fp16_seed178_s30_g3.5_str0.3.png,fake,1.0,0.202345609664917
sd15_fp8,CLIP-D,grid_max,/media/CrispyMcMarkInc/fake-images-img2img/00064_sd15_fp8_seed187_s30_g3.5_str0.3.png,fake,0.7960203289985657,0.20794987678527832
sd3_fp16,CLIP-D,patch_max,/media/CrispyMcMarkInc/fake-images-img2img/00056_sd3_fp16_seed179_s30_g3.5_str0.3.png,fake,0.9163944721221924,0.4835214614868164
sd3_fp4,CLIP-D,patch_majority,/media/CrispyMcMarkInc/fake-images-img2img/00076_sd3_fp4_seed199_s30_g3.5_str0.3.png,fake,1.0,0.4866478443145752
sd35_fp4,CLIP-D,grid_majority,/media/CrispyMcMarkInc/fake-images-img2img/00039_sd35_fp4_seed162_s30_g3.5_str0.3.png,real,0.0,0.21134281158447266
sd3_fp4,CLIP-D,grid_max,/media/CrispyMcMarkInc/fake-images-img2img/00031_sd3_fp4_seed154_s30_g3.5_str0.3.png,fake,0.9564617872238159,0.21233129501342773
sd3_fp8,CLIP-D,patch_max,/media/CrispyMcMarkInc/fake-images-img2img/00082_sd3_fp8_seed205_s30_g3.5_str0.3.png,fake,0.949442446231842,0.4750525951385498
sd35_fp16,CLIP-D,patch_majority,/media/CrispyMcMarkInc/fake-images-img2img/00053_sd35_fp16_seed176_s30_g3.5_str0.3.png,real,0.0,0.48882365226745605
sd35_fp8,CLIP-D,grid_majority,/media/CrispyMcMarkInc/fake-images-img2img/00072_sd35_fp8_seed195_s30_g3.5_str0.3.png,fake,1.0,0.20514893531799316
sd35_fp4,CLIP-D,grid_max,/media/CrispyMcMarkInc/fake-images-img2img/00041_sd35_fp4_seed164_s30_g3.5_str0.3.png,fake,0.9683143496513367,0.23235368728637695
sd3_fp16,CLIP-D,patch_max,/media/CrispyMcMarkInc/fake-images-img2img/00085_sd3_fp16_seed208_s30_g3.5_str0.3.png,fake,0.9494771957397461,0.4770169258117676
sd15_fp8,CLIP-D,patch_majority,/media/CrispyMcMarkInc/fake-images-img2img/00087_sd15_fp8_seed210_s30_g3.5_str0.3.png,fake,1.0,0.49613285064697266
sd3_fp4,CLIP-D,grid_majority,/media/CrispyMcMarkInc/fake-images-img2img/00044_sd3_fp4_seed167_s30_g3.5_str0.3.png,fake,1.0,0.22058653831481934
sd15_fp16,CLIP-D,grid_max,/media/CrispyMcMarkInc/fake-images-img2img/00068_sd15_fp16_seed191_s30_g3.5_str0.3.png,fake,0.9096951484680176,0.21033430099487305
sd3_fp16,CLIP-D,patch_max,/media/CrispyMcMarkInc/fake-images-img2img/00019_sd3_fp16_seed142_s30_g3.5_str0.3.png,fake,0.8278769254684448,0.4777522087097168
sd3_fp4,CLIP-D,patch_majority,/media/CrispyMcMarkInc/fake-images-img2img/00074_sd3_fp4_seed197_s30_g3.5_str0.3.png,fake,1.0,0.520580530166626
sd3_fp8,CLIP-D,grid_majority,/media/CrispyMcMarkInc/fake-images-img2img/00019_sd3_fp8_seed142_s30_g3.5_str0.3.png,real,0.0,0.22324633598327637
sd15_fp8,CLIP-D,grid_max,/media/CrispyMcMarkInc/fake-images-img2img/00055_sd15_fp8_seed178_s30_g3.5_str0.3.png,fake,0.9352715611457825,0.275618314743042
sd15_fp8,CLIP-D,patch_max,/media/CrispyMcMarkInc/fake-images-img2img/00000_sd15_fp8_seed123_s30_g3.5_str0.3.png,fake,0.9087241291999817,0.4839341640472412
sd3_fp4,CLIP-D,patch_majority,/media/CrispyMcMarkInc/fake-images-img2img/00083_sd3_fp4_seed206_s30_g3.5_str0.3.png,fake,1.0,0.5089576244354248
sd35_fp4,CLIP-D,grid_majority,/media/CrispyMcMarkInc/fake-images-img2img/00093_sd35_fp4_seed216_s30_g3.5_str0.3.png,fake,1.0,0.2429032325744629
sd15_fp16,CLIP-D,grid_max,/media/CrispyMcMarkInc/fake-images-img2img/00044_sd15_fp16_seed167_s30_g3.5_str0.3.png,fake,0.9899135828018188,0.30132055282592773
sd3_fp8,CLIP-D,patch_max,/media/CrispyMcMarkInc/fake-images-img2img/00047_sd3_fp8_seed170_s30_g3.5_str0.3.png,fake,0.998507559299469,0.49579715728759766
sd3_fp8,CLIP-D,patch_majority,/media/CrispyMcMarkInc/fake-images-img2img/00081_sd3_fp8_seed204_s30_g3.5_str0.3.png,real,0.0,0.5137591361999512
sd15_fp4,CLIP-D,grid_majority,/media/CrispyMcMarkInc/fake-images-img2img/00053_sd15_fp4_seed176_s30_g3.5_str0.3.png,real,0.0,0.2554326057434082
sd15_fp8,CLIP-D,grid_max,/media/CrispyMcMarkInc/fake-images-img2img/00004_sd15_fp8_seed127_s30_g3.5_str0.3.png,fake,0.8809804916381836,0.3158888816833496
sd15_fp4,CLIP-D,patch_max,/media/CrispyMcMarkInc/fake-images-img2img/00080_sd15_fp4_seed203_s30_g3.5_str0.3.png,fake,0.9937180280685425,0.5071725845336914
sd15_fp16,CLIP-D,patch_majority,/media/CrispyMcMarkInc/fake-images-img2img/00073_sd15_fp16_seed196_s30_g3.5_str0.3.png,real,0.0,0.5400087833404541
sd35_fp4,CLIP-D,grid_majority,/media/CrispyMcMarkInc/fake-images-img2img/00005_sd35_fp4_seed128_s30_g3.5_str0.3.png,fake,1.0,0.2408003807067871
sd15_fp8,CLIP-D,grid_max,/media/CrispyMcMarkInc/fake-images-img2img/00053_sd15_fp8_seed176_s30_g3.5_str0.3.png,fake,0.8816969990730286,0.3047318458557129
sd3_fp8,CLIP-D,patch_max,/media/CrispyMcMarkInc/fake-images-img2img/00039_sd3_fp8_seed162_s30_g3.5_str0.3.png,fake,0.9031164646148682,0.5024211406707764
sd3_fp4,CLIP-D,patch_majority,/media/CrispyMcMarkInc/fake-images-img2img/00065_sd3_fp4_seed188_s30_g3.5_str0.3.png,fake,1.0,0.5358905792236328
sd15_fp16,CLIP-D,grid_majority,/media/CrispyMcMarkInc/fake-images-img2img/00054_sd15_fp16_seed177_s30_g3.5_str0.3.png,real,0.0,0.2399592399597168
sd3_fp4,CLIP-D,grid_max,/media/CrispyMcMarkInc/fake-images-img2img/00024_sd3_fp4_seed147_s30_g3.5_str0.3.png,fake,0.9972437620162964,0.2976508140563965
sd15_fp16,CLIP-D,patch_max,/media/CrispyMcMarkInc/fake-images-img2img/00028_sd15_fp16_seed151_s30_g3.5_str0.3.png,fake,0.9669007062911987,0.4981255531311035
sd15_fp16,CLIP-D,patch_majority,/media/CrispyMcMarkInc/fake-images-img2img/00055_sd15_fp16_seed178_s30_g3.5_str0.3.png,fake,1.0,0.5328748226165771
sd15_fp8,CLIP-D,grid_majority,/media/CrispyMcMarkInc/fake-images-img2img/00098_sd15_fp8_seed221_s30_g3.5_str0.3.png,real,0.0,0.3154110908508301
sd35_fp16,CLIP-D,grid_max,/media/CrispyMcMarkInc/fake-images-img2img/00050_sd35_fp16_seed173_s30_g3.5_str0.3.png,fake,0.9779813885688782,0.3224649429321289
sd3_fp16,CLIP-D,patch_max,/media/CrispyMcMarkInc/fake-images-img2img/00036_sd3_fp16_seed159_s30_g3.5_str0.3.png,fake,0.9611454010009766,0.5090255737304688
sd35_fp4,CLIP-D,patch_majority,/media/CrispyMcMarkInc/fake-images-img2img/00039_sd35_fp4_seed162_s30_g3.5_str0.3.png,real,0.0,0.5324509143829346
sd15_fp4,CLIP-D,grid_majority,/media/CrispyMcMarkInc/fake-images-img2img/00036_sd15_fp4_seed159_s30_g3.5_str0.3.png,fake,1.0,0.2427523136138916
sd3_fp16,CLIP-D,grid_max,/media/CrispyMcMarkInc/fake-images-img2img/00088_sd3_fp16_seed211_s30_g3.5_str0.3.png,fake,0.9120103120803833,0.30321407318115234
sd15_fp8,CLIP-D,patch_max,/media/CrispyMcMarkInc/fake-images-img2img/00014_sd15_fp8_seed137_s30_g3.5_str0.3.png,fake,0.8487141132354736,0.5018916130065918
sd35_fp8,CLIP-D,patch_majority,/media/CrispyMcMarkInc/fake-images-img2img/00072_sd35_fp8_seed195_s30_g3.5_str0.3.png,fake,1.0,0.5421829223632812
sd15_fp4,CLIP-D,grid_majority,/media/CrispyMcMarkInc/fake-images-img2img/00060_sd15_fp4_seed183_s30_g3.5_str0.3.png,real,0.0,0.24774384498596191
sd35_fp8,CLIP-D,grid_max,/media/CrispyMcMarkInc/fake-images-img2img/00056_sd35_fp8_seed179_s30_g3.5_str0.3.png,fake,0.959846019744873,0.30292558670043945
sd35_fp16,CLIP-D,patch_max,/media/CrispyMcMarkInc/fake-images-img2img/00031_sd35_fp16_seed154_s30_g3.5_str0.3.png,fake,0.9416451454162598,0.4934670925140381
sd3_fp4,CLIP-D,patch_majority,/media/CrispyMcMarkInc/fake-images-img2img/00044_sd3_fp4_seed167_s30_g3.5_str0.3.png,fake,1.0,0.5303845405578613
sd35_fp8,CLIP-D,grid_majority,/media/CrispyMcMarkInc/fake-images-img2img/00049_sd35_fp8_seed172_s30_g3.5_str0.3.png,fake,1.0,0.2487351894378662
sd15_fp4,CLIP-D,grid_max,/media/CrispyMcMarkInc/fake-images-img2img/00003_sd15_fp4_seed126_s30_g3.5_str0.3.png,fake,0.9656002521514893,0.3091402053833008
sd35_fp16,CLIP-D,patch_max,/media/CrispyMcMarkInc/fake-images-img2img/00048_sd35_fp16_seed171_s30_g3.5_str0.3.png,fake,0.9961485862731934,0.4999654293060303
sd3_fp8,CLIP-D,patch_majority,/media/CrispyMcMarkInc/fake-images-img2img/00019_sd3_fp8_seed142_s30_g3.5_str0.3.png,real,0.0,0.5367348194122314
sd3_fp8,CLIP-D,grid_majority,/media/CrispyMcMarkInc/fake-images-img2img/00084_sd3_fp8_seed207_s30_g3.5_str0.3.png,real,0.0,0.2512979507446289
sd3_fp16,CLIP-D,grid_max,/media/CrispyMcMarkInc/fake-images-img2img/00011_sd3_fp16_seed134_s30_g3.5_str0.3.png,fake,0.7674086093902588,0.31136059761047363
sd15_fp8,CLIP-D,patch_max,/media/CrispyMcMarkInc/fake-images-img2img/00007_sd15_fp8_seed130_s30_g3.5_str0.3.png,fake,0.977119505405426,0.5062954425811768
sd35_fp4,CLIP-D,patch_majority,/media/CrispyMcMarkInc/fake-images-img2img/00093_sd35_fp4_seed216_s30_g3.5_str0.3.png,fake,1.0,0.5402233600616455
sd15_fp4,CLIP-D,grid_majority,/media/CrispyMcMarkInc/fake-images-img2img/00068_sd15_fp4_seed191_s30_g3.5_str0.3.png,real,0.0,0.24442625045776367
sd3_fp4,CLIP-D,grid_max,/media/CrispyMcMarkInc/fake-images-img2img/00090_sd3_fp4_seed213_s30_g3.5_str0.3.png,fake,0.9689220190048218,0.29900527000427246
sd35_fp4,CLIP-D,patch_max,/media/CrispyMcMarkInc/fake-images-img2img/00098_sd35_fp4_seed221_s30_g3.5_str0.3.png,fake,0.9085560441017151,0.5054950714111328
sd15_fp4,CLIP-D,patch_majority,/media/CrispyMcMarkInc/fake-images-img2img/00053_sd15_fp4_seed176_s30_g3.5_str0.3.png,real,0.0,0.5420064926147461
sd35_fp4,CLIP-D,grid_majority,/media/CrispyMcMarkInc/fake-images-img2img/00037_sd35_fp4_seed160_s30_g3.5_str0.3.png,real,0.0,0.234480619430542
sd15_fp8,CLIP-D,grid_max,/media/CrispyMcMarkInc/fake-images-img2img/00061_sd15_fp8_seed184_s30_g3.5_str0.3.png,fake,0.939275324344635,0.2898716926574707
sd35_fp16,CLIP-D,patch_max,/media/CrispyMcMarkInc/fake-images-img2img/00065_sd35_fp16_seed188_s30_g3.5_str0.3.png,fake,0.9609376192092896,0.500896692276001
sd35_fp4,CLIP-D,patch_majority,/media/CrispyMcMarkInc/fake-images-img2img/00005_sd35_fp4_seed128_s30_g3.5_str0.3.png,real,0.0,0.5477831363677979
sd15_fp16,CLIP-D,grid_majority,/media/CrispyMcMarkInc/fake-images-img2img/00064_sd15_fp16_seed187_s30_g3.5_str0.3.png,real,0.0,0.2312173843383789
sd3_fp8,CLIP-D,grid_max,/media/CrispyMcMarkInc/fake-images-img2img/00028_sd3_fp8_seed151_s30_g3.5_str0.3.png,fake,0.992002010345459,0.2819335460662842
sd3_fp8,CLIP-D,patch_max,/media/CrispyMcMarkInc/fake-images-img2img/00054_sd3_fp8_seed177_s30_g3.5_str0.3.png,fake,0.8948736190795898,0.4985988140106201
sd15_fp16,CLIP-D,patch_majority,/media/CrispyMcMarkInc/fake-images-img2img/00054_sd15_fp16_seed177_s30_g3.5_str0.3.png,real,0.0,0.5450501441955566
sd3_fp4,CLIP-D,grid_majority,/media/CrispyMcMarkInc/fake-images-img2img/00038_sd3_fp4_seed161_s30_g3.5_str0.3.png,real,0.0,0.2350010871887207
sd15_fp4,CLIP-D,grid_max,/media/CrispyMcMarkInc/fake-images-img2img/00014_sd15_fp4_seed137_s30_g3.5_str0.3.png,fake,0.8146336078643799,0.2864384651184082
sd3_fp16,CLIP-D,patch_max,/media/CrispyMcMarkInc/fake-images-img2img/00077_sd3_fp16_seed200_s30_g3.5_str0.3.png,fake,0.9839022755622864,0.4932231903076172
sd15_fp8,CLIP-D,patch_majority,/media/CrispyMcMarkInc/fake-images-img2img/00098_sd15_fp8_seed221_s30_g3.5_str0.3.png,real,0.0,0.5463063716888428
sd15_fp8,CLIP-D,grid_majority,/media/CrispyMcMarkInc/fake-images-img2img/00022_sd15_fp8_seed145_s30_g3.5_str0.3.png,real,0.0,0.22106313705444336
sd15_fp4,CLIP-D,grid_max,/media/CrispyMcMarkInc/fake-images-img2img/00040_sd15_fp4_seed163_s30_g3.5_str0.3.png,fake,0.9496633410453796,0.27483224868774414
sd3_fp8,CLIP-D,patch_max,/media/CrispyMcMarkInc/fake-images-img2img/00076_sd3_fp8_seed199_s30_g3.5_str0.3.png,fake,0.788774847984314,0.49150848388671875
sd15_fp4,CLIP-D,patch_majority,/media/CrispyMcMarkInc/fake-images-img2img/00036_sd15_fp4_seed159_s30_g3.5_str0.3.png,fake,1.0,0.5294189453125
sd35_fp16,CLIP-D,grid_majority,/media/CrispyMcMarkInc/fake-images-img2img/00034_sd35_fp16_seed157_s30_g3.5_str0.3.png,fake,1.0,0.2385103702545166
sd35_fp4,CLIP-D,grid_max,/media/CrispyMcMarkInc/fake-images-img2img/00034_sd35_fp4_seed157_s30_g3.5_str0.3.png,fake,0.853646457195282,0.2945899963378906
sd35_fp16,CLIP-D,patch_max,/media/CrispyMcMarkInc/fake-images-img2img/00004_sd35_fp16_seed127_s30_g3.5_str0.3.png,real,0.4595511555671692,0.5000710487365723
sd15_fp4,CLIP-D,patch_majority,/media/CrispyMcMarkInc/fake-images-img2img/00060_sd15_fp4_seed183_s30_g3.5_str0.3.png,real,0.0,0.5456249713897705
sd35_fp16,CLIP-D,grid_majority,/media/CrispyMcMarkInc/fake-images-img2img/00075_sd35_fp16_seed198_s30_g3.5_str0.3.png,real,0.0,0.23375272750854492
sd15_fp4,CLIP-D,grid_max,/media/CrispyMcMarkInc/fake-images-img2img/00020_sd15_fp4_seed143_s30_g3.5_str0.3.png,fake,0.6866220831871033,0.29665040969848633
sd35_fp8,CLIP-D,patch_max,/media/CrispyMcMarkInc/fake-images-img2img/00018_sd35_fp8_seed141_s30_g3.5_str0.3.png,fake,0.8695477247238159,0.4957127571105957
sd35_fp8,CLIP-D,patch_majority,/media/CrispyMcMarkInc/fake-images-img2img/00049_sd35_fp8_seed172_s30_g3.5_str0.3.png,fake,1.0,0.5446834564208984
sd3_fp16,CLIP-D,grid_majority,/media/CrispyMcMarkInc/fake-images-img2img/00026_sd3_fp16_seed149_s30_g3.5_str0.3.png,real,0.0,0.2427051067352295
sd35_fp8,CLIP-D,grid_max,/media/CrispyMcMarkInc/fake-images-img2img/00093_sd35_fp8_seed216_s30_g3.5_str0.3.png,fake,0.9591911435127258,0.29604411125183105
sd3_fp8,CLIP-D,patch_max,/media/CrispyMcMarkInc/fake-images-img2img/00020_sd3_fp8_seed143_s30_g3.5_str0.3.png,fake,0.5284120440483093,0.4890925884246826
sd3_fp8,CLIP-D,patch_majority,/media/CrispyMcMarkInc/fake-images-img2img/00084_sd3_fp8_seed207_s30_g3.5_str0.3.png,real,0.0,0.5468103885650635
sd15_fp4,CLIP-D,grid_majority,/media/CrispyMcMarkInc/fake-images-img2img/00016_sd15_fp4_seed139_s30_g3.5_str0.3.png,real,0.0,0.2244722843170166
sd15_fp8,CLIP-D,grid_max,/media/CrispyMcMarkInc/fake-images-img2img/00090_sd15_fp8_seed213_s30_g3.5_str0.3.png,fake,0.8577702641487122,0.2748258113861084
sd3_fp4,CLIP-D,patch_max,/media/CrispyMcMarkInc/fake-images-img2img/00007_sd3_fp4_seed130_s30_g3.5_str0.3.png,fake,0.9397609829902649,0.48462748527526855
sd15_fp4,CLIP-D,patch_majority,/media/CrispyMcMarkInc/fake-images-img2img/00068_sd15_fp4_seed191_s30_g3.5_str0.3.png,real,0.0,0.5846076011657715
sd3_fp4,CLIP-D,grid_majority,/media/CrispyMcMarkInc/fake-images-img2img/00040_sd3_fp4_seed163_s30_g3.5_str0.3.png,fake,1.0,0.35735106468200684
sd35_fp8,CLIP-D,grid_max,/media/CrispyMcMarkInc/fake-images-img2img/00088_sd35_fp8_seed211_s30_g3.5_str0.3.png,fake,0.8877065181732178,0.20624351501464844
sd35_fp16,CLIP-D,patch_max,/media/CrispyMcMarkInc/fake-images-img2img/00080_sd35_fp16_seed203_s30_g3.5_str0.3.png,fake,0.9881395101547241,0.4856259822845459
sd35_fp16,CLIP-D,grid_majority,/media/CrispyMcMarkInc/fake-images-img2img/00058_sd35_fp16_seed181_s30_g3.5_str0.3.png,fake,1.0,0.40778088569641113
sd35_fp4,CLIP-D,patch_majority,/media/CrispyMcMarkInc/fake-images-img2img/00037_sd35_fp4_seed160_s30_g3.5_str0.3.png,real,0.0,0.6439189910888672
sd3_fp4,CLIP-D,grid_max,/media/CrispyMcMarkInc/fake-images-img2img/00015_sd3_fp4_seed138_s30_g3.5_str0.3.png,fake,0.9348936080932617,0.20494437217712402
sd3_fp4,CLIP-D,patch_max,/media/CrispyMcMarkInc/fake-images-img2img/00011_sd3_fp4_seed134_s30_g3.5_str0.3.png,fake,0.9691196084022522,0.4944336414337158
sd3_fp16,CLIP-D,grid_majority,/media/CrispyMcMarkInc/fake-images-img2img/00082_sd3_fp16_seed205_s30_g3.5_str0.3.png,real,0.0,0.23662614822387695
sd15_fp16,CLIP-D,patch_majority,/media/CrispyMcMarkInc/fake-images-img2img/00064_sd15_fp16_seed187_s30_g3.5_str0.3.png,real,0.0,0.5496501922607422
sd15_fp16,CLIP-D,grid_max,/media/CrispyMcMarkInc/fake-images-img2img/00024_sd15_fp16_seed147_s30_g3.5_str0.3.png,fake,0.9261829257011414,0.23250126838684082
sd35_fp4,CLIP-D,patch_max,/media/CrispyMcMarkInc/fake-images-img2img/00080_sd35_fp4_seed203_s30_g3.5_str0.3.png,fake,0.9985560774803162,0.5313069820404053
sd35_fp8,CLIP-D,grid_majority,/media/CrispyMcMarkInc/fake-images-img2img/00029_sd35_fp8_seed152_s30_g3.5_str0.3.png,fake,1.0,0.24045991897583008
sd3_fp4,CLIP-D,patch_majority,/media/CrispyMcMarkInc/fake-images-img2img/00038_sd3_fp4_seed161_s30_g3.5_str0.3.png,real,0.0,0.5805132389068604
sd35_fp16,CLIP-D,grid_max,/media/CrispyMcMarkInc/fake-images-img2img/00019_sd35_fp16_seed142_s30_g3.5_str0.3.png,fake,0.919318437576294,0.36681079864501953
sd15_fp8,CLIP-D,patch_max,/media/CrispyMcMarkInc/fake-images-img2img/00093_sd15_fp8_seed216_s30_g3.5_str0.3.png,fake,0.9603887796401978,0.5325524806976318
sd15_fp4,CLIP-D,grid_majority,/media/CrispyMcMarkInc/fake-images-img2img/00054_sd15_fp4_seed177_s30_g3.5_str0.3.png,real,0.0,0.23071956634521484
sd35_fp4,CLIP-D,grid_max,/media/CrispyMcMarkInc/fake-images-img2img/00067_sd35_fp4_seed190_s30_g3.5_str0.3.png,fake,0.9848721027374268,0.37778186798095703
sd15_fp8,CLIP-D,patch_majority,/media/CrispyMcMarkInc/fake-images-img2img/00022_sd15_fp8_seed145_s30_g3.5_str0.3.png,real,0.0,0.6137740612030029
sd35_fp16,CLIP-D,patch_max,/media/CrispyMcMarkInc/fake-images-img2img/00022_sd35_fp16_seed145_s30_g3.5_str0.3.png,fake,0.5621353983879089,0.5357785224914551
sd35_fp4,CLIP-D,grid_majority,/media/CrispyMcMarkInc/fake-images-img2img/00021_sd35_fp4_seed144_s30_g3.5_str0.3.png,real,0.0,0.227219820022583
sd3_fp8,CLIP-D,grid_max,/media/CrispyMcMarkInc/fake-images-img2img/00017_sd3_fp8_seed140_s30_g3.5_str0.3.png,fake,0.8567036986351013,0.22595787048339844
sd35_fp16,CLIP-D,patch_majority,/media/CrispyMcMarkInc/fake-images-img2img/00034_sd35_fp16_seed157_s30_g3.5_str0.3.png,fake,1.0,0.5313248634338379
sd35_fp16,CLIP-D,grid_majority,/media/CrispyMcMarkInc/fake-images-img2img/00095_sd35_fp16_seed218_s30_g3.5_str0.3.png,real,0.0,0.3938164710998535
sd15_fp4,CLIP-D,patch_max,/media/CrispyMcMarkInc/fake-images-img2img/00081_sd15_fp4_seed204_s30_g3.5_str0.3.png,fake,0.9680818319320679,0.6510918140411377
sd15_fp16,CLIP-D,grid_max,/media/CrispyMcMarkInc/fake-images-img2img/00010_sd15_fp16_seed133_s30_g3.5_str0.3.png,fake,0.9664865136146545,0.2252485752105713
sd35_fp16,CLIP-D,patch_majority,/media/CrispyMcMarkInc/fake-images-img2img/00075_sd35_fp16_seed198_s30_g3.5_str0.3.png,real,0.0,0.5321269035339355
sd3_fp16,CLIP-D,grid_majority,/media/CrispyMcMarkInc/fake-images-img2img/00052_sd3_fp16_seed175_s30_g3.5_str0.3.png,real,0.0,0.23396587371826172
sd15_fp16,CLIP-D,patch_max,/media/CrispyMcMarkInc/fake-images-img2img/00029_sd15_fp16_seed152_s30_g3.5_str0.3.png,fake,0.9782816767692566,0.5351300239562988
sd15_fp4,CLIP-D,grid_max,/media/CrispyMcMarkInc/fake-images-img2img/00015_sd15_fp4_seed138_s30_g3.5_str0.3.png,fake,0.6190077066421509,0.2444756031036377
sd3_fp16,CLIP-D,patch_majority,/media/CrispyMcMarkInc/fake-images-img2img/00026_sd3_fp16_seed149_s30_g3.5_str0.3.png,real,0.0,0.48290038108825684
sd35_fp4,CLIP-D,grid_majority,/media/CrispyMcMarkInc/fake-images-img2img/00028_sd35_fp4_seed151_s30_g3.5_str0.3.png,real,0.0,0.20375800132751465
sd35_fp4,CLIP-D,grid_max,/media/CrispyMcMarkInc/fake-images-img2img/00075_sd35_fp4_seed198_s30_g3.5_str0.3.png,fake,0.9827929735183716,0.40018415451049805
sd15_fp16,CLIP-D,patch_max,/media/CrispyMcMarkInc/fake-images-img2img/00094_sd15_fp16_seed217_s30_g3.5_str0.3.png,fake,0.9893468022346497,0.6330163478851318
sd15_fp4,CLIP-D,patch_majority,/media/CrispyMcMarkInc/fake-images-img2img/00016_sd15_fp4_seed139_s30_g3.5_str0.3.png,real,0.0,0.48691225051879883
sd15_fp8,CLIP-D,grid_majority,/media/CrispyMcMarkInc/fake-images-img2img/00058_sd15_fp8_seed181_s30_g3.5_str0.3.png,real,0.0,0.20764994621276855
sd3_fp16,CLIP-D,grid_max,/media/CrispyMcMarkInc/fake-images-img2img/00008_sd3_fp16_seed131_s30_g3.5_str0.3.png,real,0.1982208788394928,0.2522568702697754
sd15_fp8,CLIP-D,patch_max,/media/CrispyMcMarkInc/fake-images-img2img/00016_sd15_fp8_seed139_s30_g3.5_str0.3.png,fake,0.8714218139648438,0.522089958190918
sd3_fp4,CLIP-D,patch_majority,/media/CrispyMcMarkInc/fake-images-img2img/00040_sd3_fp4_seed163_s30_g3.5_str0.3.png,fake,1.0,0.48079800605773926
sd15_fp4,CLIP-D,grid_majority,/media/CrispyMcMarkInc/fake-images-img2img/00013_sd15_fp4_seed136_s30_g3.5_str0.3.png,real,0.0,0.20782947540283203
sd3_fp4,CLIP-D,grid_max,/media/CrispyMcMarkInc/fake-images-img2img/00086_sd3_fp4_seed209_s30_g3.5_str0.3.png,fake,0.9377260208129883,0.21617937088012695
sd35_fp8,CLIP-D,patch_max,/media/CrispyMcMarkInc/fake-images-img2img/00058_sd35_fp8_seed181_s30_g3.5_str0.3.png,fake,0.9830218553543091,0.48895263671875
sd35_fp16,CLIP-D,patch_majority,/media/CrispyMcMarkInc/fake-images-img2img/00058_sd35_fp16_seed181_s30_g3.5_str0.3.png,fake,1.0,0.5188243389129639
sd35_fp4,CLIP-D,grid_majority,/media/CrispyMcMarkInc/fake-images-img2img/00031_sd35_fp4_seed154_s30_g3.5_str0.3.png,real,0.0,0.20384430885314941
sd3_fp8,CLIP-D,grid_max,/media/CrispyMcMarkInc/fake-images-img2img/00079_sd3_fp8_seed202_s30_g3.5_str0.3.png,fake,0.875821590423584,0.21364712715148926
sd3_fp4,CLIP-D,patch_max,/media/CrispyMcMarkInc/fake-images-img2img/00079_sd3_fp4_seed202_s30_g3.5_str0.3.png,fake,0.9879071116447449,0.5072240829467773
sd3_fp16,CLIP-D,patch_majority,/media/CrispyMcMarkInc/fake-images-img2img/00082_sd3_fp16_seed205_s30_g3.5_str0.3.png,real,0.0,0.48412156105041504
sd15_fp16,CLIP-D,grid_majority,/media/CrispyMcMarkInc/fake-images-img2img/00048_sd15_fp16_seed171_s30_g3.5_str0.3.png,fake,1.0,0.20717382431030273
sd35_fp8,CLIP-D,grid_max,/media/CrispyMcMarkInc/fake-images-img2img/00003_sd35_fp8_seed126_s30_g3.5_str0.3.png,fake,0.9955676198005676,0.21118903160095215
sd35_fp8,CLIP-D,patch_max,/media/CrispyMcMarkInc/fake-images-img2img/00078_sd35_fp8_seed201_s30_g3.5_str0.3.png,fake,0.9981234669685364,0.49196505546569824
sd35_fp8,CLIP-D,patch_majority,/media/CrispyMcMarkInc/fake-images-img2img/00029_sd35_fp8_seed152_s30_g3.5_str0.3.png,fake,1.0,0.48872876167297363
sd3_fp16,CLIP-D,grid_majority,/media/CrispyMcMarkInc/fake-images-img2img/00021_sd3_fp16_seed144_s30_g3.5_str0.3.png,real,0.0,0.20780420303344727
sd35_fp4,CLIP-D,grid_max,/media/CrispyMcMarkInc/fake-images-img2img/00050_sd35_fp4_seed173_s30_g3.5_str0.3.png,fake,0.9261006116867065,0.21107983589172363
sd35_fp16,CLIP-D,patch_max,/media/CrispyMcMarkInc/fake-images-img2img/00033_sd35_fp16_seed156_s30_g3.5_str0.3.png,fake,0.9918884634971619,0.510218620300293
sd15_fp4,CLIP-D,patch_majority,/media/CrispyMcMarkInc/fake-images-img2img/00054_sd15_fp4_seed177_s30_g3.5_str0.3.png,real,0.0,0.5189294815063477
sd3_fp8,CLIP-D,grid_majority,/media/CrispyMcMarkInc/fake-images-img2img/00012_sd3_fp8_seed135_s30_g3.5_str0.3.png,real,0.0,0.2042405605316162
sd35_fp8,CLIP-D,grid_max,/media/CrispyMcMarkInc/fake-images-img2img/00051_sd35_fp8_seed174_s30_g3.5_str0.3.png,fake,0.9855829477310181,0.2118384838104248
sd3_fp4,CLIP-D,patch_max,/media/CrispyMcMarkInc/fake-images-img2img/00042_sd3_fp4_seed165_s30_g3.5_str0.3.png,fake,0.90896075963974,0.4955098628997803
sd35_fp4,CLIP-D,patch_majority,/media/CrispyMcMarkInc/fake-images-img2img/00021_sd35_fp4_seed144_s30_g3.5_str0.3.png,real,0.0,0.48618626594543457
sd15_fp16,CLIP-D,grid_majority,/media/CrispyMcMarkInc/fake-images-img2img/00062_sd15_fp16_seed185_s30_g3.5_str0.3.png,real,0.0,0.20072364807128906
sd15_fp4,CLIP-D,grid_max,/media/CrispyMcMarkInc/fake-images-img2img/00038_sd15_fp4_seed161_s30_g3.5_str0.3.png,fake,0.9386337995529175,0.2114396095275879
sd3_fp4,CLIP-D,patch_max,/media/CrispyMcMarkInc/fake-images-img2img/00006_sd3_fp4_seed129_s30_g3.5_str0.3.png,fake,0.8147691488265991,0.48662853240966797
sd35_fp16,CLIP-D,patch_majority,/media/CrispyMcMarkInc/fake-images-img2img/00095_sd35_fp16_seed218_s30_g3.5_str0.3.png,real,0.0,0.48023366928100586
sd3_fp4,CLIP-D,grid_majority,/media/CrispyMcMarkInc/fake-images-img2img/00005_sd3_fp4_seed128_s30_g3.5_str0.3.png,fake,1.0,0.20081639289855957
sd3_fp8,CLIP-D,grid_max,/media/CrispyMcMarkInc/fake-images-img2img/00094_sd3_fp8_seed217_s30_g3.5_str0.3.png,fake,0.9867969751358032,0.20884990692138672
sd35_fp4,CLIP-D,patch_max,/media/CrispyMcMarkInc/fake-images-img2img/00078_sd35_fp4_seed201_s30_g3.5_str0.3.png,fake,0.9968210458755493,0.4856874942779541
sd3_fp16,CLIP-D,patch_majority,/media/CrispyMcMarkInc/fake-images-img2img/00052_sd3_fp16_seed175_s30_g3.5_str0.3.png,real,0.0,0.4815402030944824
sd35_fp16,CLIP-D,grid_majority,/media/CrispyMcMarkInc/fake-images-img2img/00062_sd35_fp16_seed185_s30_g3.5_str0.3.png,fake,1.0,0.2047581672668457
sd15_fp4,CLIP-D,grid_max,/media/CrispyMcMarkInc/fake-images-img2img/00097_sd15_fp4_seed220_s30_g3.5_str0.3.png,fake,0.9973201155662537,0.21643733978271484
sd15_fp16,CLIP-D,patch_max,/media/CrispyMcMarkInc/fake-images-img2img/00001_sd15_fp16_seed124_s30_g3.5_str0.3.png,fake,0.9771645665168762,0.5100743770599365
sd35_fp4,CLIP-D,patch_majority,/media/CrispyMcMarkInc/fake-images-img2img/00028_sd35_fp4_seed151_s30_g3.5_str0.3.png,real,0.0,0.4831044673919678
sd35_fp4,CLIP-D,grid_majority,/media/CrispyMcMarkInc/fake-images-img2img/00066_sd35_fp4_seed189_s30_g3.5_str0.3.png,real,0.0,0.2015824317932129
sd3_fp4,CLIP-D,grid_max,/media/CrispyMcMarkInc/fake-images-img2img/00020_sd3_fp4_seed143_s30_g3.5_str0.3.png,fake,0.5443466305732727,0.21271061897277832
sd3_fp8,CLIP-D,patch_max,/media/CrispyMcMarkInc/fake-images-img2img/00071_sd3_fp8_seed194_s30_g3.5_str0.3.png,fake,0.9043496251106262,0.48358917236328125
sd15_fp8,CLIP-D,patch_majority,/media/CrispyMcMarkInc/fake-images-img2img/00058_sd15_fp8_seed181_s30_g3.5_str0.3.png,real,0.0,0.48104071617126465
sd15_fp8,CLIP-D,grid_majority,/media/CrispyMcMarkInc/fake-images-img2img/00085_sd15_fp8_seed208_s30_g3.5_str0.3.png,real,0.0,0.21122360229492188
sd35_fp8,CLIP-D,grid_max,/media/CrispyMcMarkInc/fake-images-img2img/00089_sd35_fp8_seed212_s30_g3.5_str0.3.png,fake,0.8912801742553711,0.20964264869689941
sd3_fp8,CLIP-D,patch_max,/media/CrispyMcMarkInc/fake-images-img2img/00023_sd3_fp8_seed146_s30_g3.5_str0.3.png,fake,0.9331322312355042,0.48911595344543457
sd15_fp4,CLIP-D,patch_majority,/media/CrispyMcMarkInc/fake-images-img2img/00013_sd15_fp4_seed136_s30_g3.5_str0.3.png,real,0.0,0.4839966297149658
sd15_fp4,CLIP-D,grid_majority,/media/CrispyMcMarkInc/fake-images-img2img/00074_sd15_fp4_seed197_s30_g3.5_str0.3.png,fake,1.0,0.2535061836242676
sd35_fp8,CLIP-D,grid_max,/media/CrispyMcMarkInc/fake-images-img2img/00091_sd35_fp8_seed214_s30_g3.5_str0.3.png,fake,0.9921430349349976,0.20499968528747559
sd15_fp4,CLIP-D,patch_max,/media/CrispyMcMarkInc/fake-images-img2img/00078_sd15_fp4_seed201_s30_g3.5_str0.3.png,fake,0.9826205372810364,0.4886610507965088
sd35_fp4,CLIP-D,patch_majority,/media/CrispyMcMarkInc/fake-images-img2img/00031_sd35_fp4_seed154_s30_g3.5_str0.3.png,real,0.0,0.482532262802124
sd15_fp4,CLIP-D,grid_majority,/media/CrispyMcMarkInc/fake-images-img2img/00023_sd15_fp4_seed146_s30_g3.5_str0.3.png,real,0.0,0.2127988338470459
sd35_fp4,CLIP-D,grid_max,/media/CrispyMcMarkInc/fake-images-img2img/00003_sd35_fp4_seed126_s30_g3.5_str0.3.png,fake,0.9927736520767212,0.20169591903686523
sd3_fp4,CLIP-D,patch_max,/media/CrispyMcMarkInc/fake-images-img2img/00041_sd3_fp4_seed164_s30_g3.5_str0.3.png,fake,0.9467253088951111,0.4767162799835205
sd15_fp16,CLIP-D,patch_majority,/media/CrispyMcMarkInc/fake-images-img2img/00048_sd15_fp16_seed171_s30_g3.5_str0.3.png,fake,1.0,0.48990559577941895
sd35_fp4,CLIP-D,grid_majority,/media/CrispyMcMarkInc/fake-images-img2img/00077_sd35_fp4_seed200_s30_g3.5_str0.3.png,fake,1.0,0.20792722702026367
sd3_fp16,CLIP-D,grid_max,/media/CrispyMcMarkInc/fake-images-img2img/00012_sd3_fp16_seed135_s30_g3.5_str0.3.png,fake,0.8824141025543213,0.21060657501220703
sd35_fp4,CLIP-D,patch_max,/media/CrispyMcMarkInc/fake-images-img2img/00094_sd35_fp4_seed217_s30_g3.5_str0.3.png,fake,0.9962183833122253,0.47811436653137207
sd3_fp16,CLIP-D,patch_majority,/media/CrispyMcMarkInc/fake-images-img2img/00021_sd3_fp16_seed144_s30_g3.5_str0.3.png,real,0.0,0.48024821281433105
sd35_fp4,CLIP-D,grid_majority,/media/CrispyMcMarkInc/fake-images-img2img/00096_sd35_fp4_seed219_s30_g3.5_str0.3.png,real,0.0,0.21104025840759277
sd35_fp8,CLIP-D,grid_max,/media/CrispyMcMarkInc/fake-images-img2img/00034_sd35_fp8_seed157_s30_g3.5_str0.3.png,fake,0.900913655757904,0.21385741233825684
sd3_fp8,CLIP-D,patch_max,/media/CrispyMcMarkInc/fake-images-img2img/00087_sd3_fp8_seed210_s30_g3.5_str0.3.png,fake,0.9926740527153015,0.47708940505981445
sd3_fp8,CLIP-D,patch_majority,/media/CrispyMcMarkInc/fake-images-img2img/00012_sd3_fp8_seed135_s30_g3.5_str0.3.png,real,0.0,0.49231910705566406
sd15_fp4,CLIP-D,grid_majority,/media/CrispyMcMarkInc/fake-images-img2img/00096_sd15_fp4_seed219_s30_g3.5_str0.3.png,real,0.0,0.24393272399902344
sd35_fp8,CLIP-D,grid_max,/media/CrispyMcMarkInc/fake-images-img2img/00009_sd35_fp8_seed132_s30_g3.5_str0.3.png,fake,0.5580237507820129,0.20869684219360352
sd3_fp4,CLIP-D,patch_max,/media/CrispyMcMarkInc/fake-images-img2img/00097_sd3_fp4_seed220_s30_g3.5_str0.3.png,fake,0.9967929720878601,0.4816110134124756
sd15_fp16,CLIP-D,patch_majority,/media/CrispyMcMarkInc/fake-images-img2img/00062_sd15_fp16_seed185_s30_g3.5_str0.3.png,real,0.0,0.4829897880554199
sd35_fp4,CLIP-D,grid_majority,/media/CrispyMcMarkInc/fake-images-img2img/00025_sd35_fp4_seed148_s30_g3.5_str0.3.png,real,0.0,0.2145366668701172
sd15_fp8,CLIP-D,grid_max,/media/CrispyMcMarkInc/fake-images-img2img/00005_sd15_fp8_seed128_s30_g3.5_str0.3.png,fake,0.9086325168609619,0.20951128005981445
sd3_fp8,CLIP-D,patch_max,/media/CrispyMcMarkInc/fake-images-img2img/00049_sd3_fp8_seed172_s30_g3.5_str0.3.png,fake,0.9919480681419373,0.47780776023864746
sd3_fp4,CLIP-D,patch_majority,/media/CrispyMcMarkInc/fake-images-img2img/00005_sd3_fp4_seed128_s30_g3.5_str0.3.png,fake,1.0,0.4973452091217041
sd15_fp8,CLIP-D,grid_majority,/media/CrispyMcMarkInc/fake-images-img2img/00069_sd15_fp8_seed192_s30_g3.5_str0.3.png,real,0.0,0.22154021263122559
sd15_fp4,CLIP-D,grid_max,/media/CrispyMcMarkInc/fake-images-img2img/00056_sd15_fp4_seed179_s30_g3.5_str0.3.png,fake,0.9542334675788879,0.2440018653869629
sd15_fp16,CLIP-D,patch_max,/media/CrispyMcMarkInc/fake-images-img2img/00061_sd15_fp16_seed184_s30_g3.5_str0.3.png,fake,0.9532554745674133,0.4821009635925293
sd35_fp16,CLIP-D,patch_majority,/media/CrispyMcMarkInc/fake-images-img2img/00062_sd35_fp16_seed185_s30_g3.5_str0.3.png,fake,1.0,0.5166366100311279
sd35_fp8,CLIP-D,grid_majority,/media/CrispyMcMarkInc/fake-images-img2img/00025_sd35_fp8_seed148_s30_g3.5_str0.3.png,real,0.0,0.21842050552368164
sd3_fp16,CLIP-D,grid_max,/media/CrispyMcMarkInc/fake-images-img2img/00098_sd3_fp16_seed221_s30_g3.5_str0.3.png,fake,0.8450033068656921,0.2650594711303711
sd3_fp4,CLIP-D,patch_max,/media/CrispyMcMarkInc/fake-images-img2img/00052_sd3_fp4_seed175_s30_g3.5_str0.3.png,fake,0.9533370137214661,0.48442864418029785
sd35_fp4,CLIP-D,patch_majority,/media/CrispyMcMarkInc/fake-images-img2img/00066_sd35_fp4_seed189_s30_g3.5_str0.3.png,real,0.0,0.515038251876831
sd3_fp8,CLIP-D,grid_majority,/media/CrispyMcMarkInc/fake-images-img2img/00098_sd3_fp8_seed221_s30_g3.5_str0.3.png,real,0.0,0.24503803253173828
sd3_fp4,CLIP-D,grid_max,/media/CrispyMcMarkInc/fake-images-img2img/00033_sd3_fp4_seed156_s30_g3.5_str0.3.png,fake,0.9962624907493591,0.29906368255615234
sd15_fp4,CLIP-D,patch_max,/media/CrispyMcMarkInc/fake-images-img2img/00019_sd15_fp4_seed142_s30_g3.5_str0.3.png,fake,0.8782680630683899,0.48717665672302246
sd15_fp8,CLIP-D,patch_majority,/media/CrispyMcMarkInc/fake-images-img2img/00085_sd15_fp8_seed208_s30_g3.5_str0.3.png,real,0.0,0.5276274681091309
sd3_fp8,CLIP-D,grid_majority,/media/CrispyMcMarkInc/fake-images-img2img/00064_sd3_fp8_seed187_s30_g3.5_str0.3.png,real,0.0,0.24851584434509277
sd35_fp16,CLIP-D,grid_max,/media/CrispyMcMarkInc/fake-images-img2img/00025_sd35_fp16_seed148_s30_g3.5_str0.3.png,fake,0.6692596673965454,0.30889272689819336
sd3_fp4,CLIP-D,patch_max,/media/CrispyMcMarkInc/fake-images-img2img/00047_sd3_fp4_seed170_s30_g3.5_str0.3.png,fake,0.9982289671897888,0.499347448348999
sd15_fp4,CLIP-D,patch_majority,/media/CrispyMcMarkInc/fake-images-img2img/00074_sd15_fp4_seed197_s30_g3.5_str0.3.png,fake,1.0,0.537078857421875
sd3_fp4,CLIP-D,grid_majority,/media/CrispyMcMarkInc/fake-images-img2img/00036_sd3_fp4_seed159_s30_g3.5_str0.3.png,fake,1.0,0.23878121376037598
sd35_fp4,CLIP-D,grid_max,/media/CrispyMcMarkInc/fake-images-img2img/00090_sd35_fp4_seed213_s30_g3.5_str0.3.png,fake,0.9273215532302856,0.2973453998565674
sd35_fp8,CLIP-D,patch_max,/media/CrispyMcMarkInc/fake-images-img2img/00064_sd35_fp8_seed187_s30_g3.5_str0.3.png,fake,0.6301827430725098,0.5028040409088135
sd15_fp4,CLIP-D,patch_majority,/media/CrispyMcMarkInc/fake-images-img2img/00023_sd15_fp4_seed146_s30_g3.5_str0.3.png,real,0.0,0.5370433330535889
sd15_fp16,CLIP-D,grid_majority,/media/CrispyMcMarkInc/fake-images-img2img/00060_sd15_fp16_seed183_s30_g3.5_str0.3.png,real,0.0,0.2313709259033203
sd15_fp16,CLIP-D,grid_max,/media/CrispyMcMarkInc/fake-images-img2img/00043_sd15_fp16_seed166_s30_g3.5_str0.3.png,fake,0.9936829805374146,0.2915785312652588
sd3_fp8,CLIP-D,patch_max,/media/CrispyMcMarkInc/fake-images-img2img/00000_sd3_fp8_seed123_s30_g3.5_str0.3.png,fake,0.9755810499191284,0.4994056224822998
sd35_fp4,CLIP-D,patch_majority,/media/CrispyMcMarkInc/fake-images-img2img/00077_sd35_fp4_seed200_s30_g3.5_str0.3.png,fake,1.0,0.5365180969238281
sd3_fp8,CLIP-D,grid_majority,/media/CrispyMcMarkInc/fake-images-img2img/00003_sd3_fp8_seed126_s30_g3.5_str0.3.png,fake,1.0,0.24887871742248535
sd35_fp4,CLIP-D,grid_max,/media/CrispyMcMarkInc/fake-images-img2img/00086_sd35_fp4_seed209_s30_g3.5_str0.3.png,fake,0.9118901491165161,0.30934810638427734
sd15_fp4,CLIP-D,patch_max,/media/CrispyMcMarkInc/fake-images-img2img/00049_sd15_fp4_seed172_s30_g3.5_str0.3.png,fake,0.9829665422439575,0.49930906295776367
sd35_fp4,CLIP-D,patch_majority,/media/CrispyMcMarkInc/fake-images-img2img/00096_sd35_fp4_seed219_s30_g3.5_str0.3.png,real,0.0,0.5421159267425537
sd3_fp16,CLIP-D,grid_majority,/media/CrispyMcMarkInc/fake-images-img2img/00043_sd3_fp16_seed166_s30_g3.5_str0.3.png,fake,1.0,0.21824216842651367
sd35_fp8,CLIP-D,grid_max,/media/CrispyMcMarkInc/fake-images-img2img/00073_sd35_fp8_seed196_s30_g3.5_str0.3.png,fake,0.8135886192321777,0.2926466464996338
sd15_fp4,CLIP-D,patch_max,/media/CrispyMcMarkInc/fake-images-img2img/00009_sd15_fp4_seed132_s30_g3.5_str0.3.png,fake,0.7979148626327515,0.48408055305480957
sd15_fp4,CLIP-D,patch_majority,/media/CrispyMcMarkInc/fake-images-img2img/00096_sd15_fp4_seed219_s30_g3.5_str0.3.png,real,0.0,0.5718183517456055
sd35_fp8,CLIP-D,grid_majority,/media/CrispyMcMarkInc/fake-images-img2img/00030_sd35_fp8_seed153_s30_g3.5_str0.3.png,fake,1.0,0.3536672592163086
sd35_fp4,CLIP-D,grid_max,/media/CrispyMcMarkInc/fake-images-img2img/00018_sd35_fp4_seed141_s30_g3.5_str0.3.png,fake,0.8907907605171204,0.20562028884887695
sd15_fp16,CLIP-D,patch_max,/media/CrispyMcMarkInc/fake-images-img2img/00050_sd15_fp16_seed173_s30_g3.5_str0.3.png,fake,0.9088396430015564,0.4719216823577881
sd35_fp4,CLIP-D,patch_majority,/media/CrispyMcMarkInc/fake-images-img2img/00025_sd35_fp4_seed148_s30_g3.5_str0.3.png,real,0.0,0.5649068355560303
sd15_fp8,CLIP-D,grid_majority,/media/CrispyMcMarkInc/fake-images-img2img/00045_sd15_fp8_seed168_s30_g3.5_str0.3.png,real,0.0,0.2925302982330322
sd15_fp4,CLIP-D,grid_max,/media/CrispyMcMarkInc/fake-images-img2img/00030_sd15_fp4_seed153_s30_g3.5_str0.3.png,fake,0.9718604683876038,0.20564055442810059
sd35_fp16,CLIP-D,patch_max,/media/CrispyMcMarkInc/fake-images-img2img/00059_sd35_fp16_seed182_s30_g3.5_str0.3.png,fake,0.5328126549720764,0.4827001094818115
sd15_fp4,CLIP-D,grid_majority,/media/CrispyMcMarkInc/fake-images-img2img/00046_sd15_fp4_seed169_s30_g3.5_str0.3.png,real,0.0,0.36934733390808105
sd15_fp8,CLIP-D,patch_majority,/media/CrispyMcMarkInc/fake-images-img2img/00069_sd15_fp8_seed192_s30_g3.5_str0.3.png,real,0.0,0.6618118286132812
sd3_fp4,CLIP-D,grid_max,/media/CrispyMcMarkInc/fake-images-img2img/00082_sd3_fp4_seed205_s30_g3.5_str0.3.png,fake,0.9234198331832886,0.20640158653259277
sd3_fp4,CLIP-D,patch_max,/media/CrispyMcMarkInc/fake-images-img2img/00017_sd3_fp4_seed140_s30_g3.5_str0.3.png,fake,0.9947105646133423,0.48026084899902344
sd35_fp4,CLIP-D,grid_majority,/media/CrispyMcMarkInc/fake-images-img2img/00056_sd35_fp4_seed179_s30_g3.5_str0.3.png,real,0.0,0.23995518684387207
sd15_fp4,CLIP-D,grid_max,/media/CrispyMcMarkInc/fake-images-img2img/00093_sd15_fp4_seed216_s30_g3.5_str0.3.png,fake,0.8894128799438477,0.37058067321777344
sd35_fp8,CLIP-D,patch_majority,/media/CrispyMcMarkInc/fake-images-img2img/00025_sd35_fp8_seed148_s30_g3.5_str0.3.png,real,0.0,0.6725082397460938
sd15_fp16,CLIP-D,patch_max,/media/CrispyMcMarkInc/fake-images-img2img/00037_sd15_fp16_seed160_s30_g3.5_str0.3.png,fake,0.9758439064025879,0.5189483165740967
sd35_fp16,CLIP-D,grid_majority,/media/CrispyMcMarkInc/fake-images-img2img/00091_sd35_fp16_seed214_s30_g3.5_str0.3.png,fake,1.0,0.22019171714782715
sd3_fp16,CLIP-D,grid_max,/media/CrispyMcMarkInc/fake-images-img2img/00072_sd3_fp16_seed195_s30_g3.5_str0.3.png,fake,0.9876877665519714,0.21956729888916016
sd3_fp8,CLIP-D,patch_majority,/media/CrispyMcMarkInc/fake-images-img2img/00098_sd3_fp8_seed221_s30_g3.5_str0.3.png,real,0.0,0.5531797409057617
sd15_fp16,CLIP-D,grid_majority,/media/CrispyMcMarkInc/fake-images-img2img/00040_sd15_fp16_seed163_s30_g3.5_str0.3.png,fake,1.0,0.3968081474304199
sd35_fp8,CLIP-D,patch_max,/media/CrispyMcMarkInc/fake-images-img2img/00037_sd35_fp8_seed160_s30_g3.5_str0.3.png,fake,0.9038257002830505,0.6428439617156982
sd3_fp16,CLIP-D,grid_max,/media/CrispyMcMarkInc/fake-images-img2img/00062_sd3_fp16_seed185_s30_g3.5_str0.3.png,fake,0.9552167057991028,0.22771501541137695
sd3_fp8,CLIP-D,patch_majority,/media/CrispyMcMarkInc/fake-images-img2img/00064_sd3_fp8_seed187_s30_g3.5_str0.3.png,real,0.0,0.49832749366760254
sd35_fp16,CLIP-D,grid_majority,/media/CrispyMcMarkInc/fake-images-img2img/00071_sd35_fp16_seed194_s30_g3.5_str0.3.png,real,0.0,0.2275984287261963
sd15_fp4,CLIP-D,grid_max,/media/CrispyMcMarkInc/fake-images-img2img/00007_sd15_fp4_seed130_s30_g3.5_str0.3.png,fake,0.9788524508476257,0.3542611598968506
sd15_fp4,CLIP-D,patch_max,/media/CrispyMcMarkInc/fake-images-img2img/00089_sd15_fp4_seed212_s30_g3.5_str0.3.png,fake,0.8688384294509888,0.6521542072296143
sd3_fp4,CLIP-D,patch_majority,/media/CrispyMcMarkInc/fake-images-img2img/00036_sd3_fp4_seed159_s30_g3.5_str0.3.png,fake,1.0,0.48859095573425293
sd3_fp16,CLIP-D,grid_majority,/media/CrispyMcMarkInc/fake-images-img2img/00048_sd3_fp16_seed171_s30_g3.5_str0.3.png,fake,1.0,0.20028042793273926
sd3_fp16,CLIP-D,grid_max,/media/CrispyMcMarkInc/fake-images-img2img/00053_sd3_fp16_seed176_s30_g3.5_str0.3.png,real,0.3894752264022827,0.2322847843170166
sd35_fp16,CLIP-D,patch_max,/media/CrispyMcMarkInc/fake-images-img2img/00056_sd35_fp16_seed179_s30_g3.5_str0.3.png,fake,0.9572383761405945,0.5162875652313232
sd15_fp16,CLIP-D,patch_majority,/media/CrispyMcMarkInc/fake-images-img2img/00060_sd15_fp16_seed183_s30_g3.5_str0.3.png,real,0.0,0.48276448249816895
sd35_fp8,CLIP-D,grid_majority,/media/CrispyMcMarkInc/fake-images-img2img/00044_sd35_fp8_seed167_s30_g3.5_str0.3.png,real,0.0,0.23318862915039062
sd15_fp4,CLIP-D,grid_max,/media/CrispyMcMarkInc/fake-images-img2img/00039_sd15_fp4_seed162_s30_g3.5_str0.3.png,fake,0.7021231651306152,0.21216821670532227
sd3_fp8,CLIP-D,patch_max,/media/CrispyMcMarkInc/fake-images-img2img/00091_sd3_fp8_seed214_s30_g3.5_str0.3.png,fake,0.9817059636116028,0.5215590000152588
sd3_fp8,CLIP-D,patch_majority,/media/CrispyMcMarkInc/fake-images-img2img/00003_sd3_fp8_seed126_s30_g3.5_str0.3.png,fake,1.0,0.4883103370666504
sd3_fp4,CLIP-D,grid_majority,/media/CrispyMcMarkInc/fake-images-img2img/00016_sd3_fp4_seed139_s30_g3.5_str0.3.png,real,0.0,0.21913599967956543
sd3_fp8,CLIP-D,grid_max,/media/CrispyMcMarkInc/fake-images-img2img/00052_sd3_fp8_seed175_s30_g3.5_str0.3.png,fake,0.786235511302948,0.21285033226013184
sd35_fp8,CLIP-D,patch_max,/media/CrispyMcMarkInc/fake-images-img2img/00020_sd35_fp8_seed143_s30_g3.5_str0.3.png,fake,0.7225944399833679,0.5043036937713623
sd3_fp16,CLIP-D,patch_majority,/media/CrispyMcMarkInc/fake-images-img2img/00043_sd3_fp16_seed166_s30_g3.5_str0.3.png,fake,1.0,0.4984908103942871
sd35_fp4,CLIP-D,grid_majority,/media/CrispyMcMarkInc/fake-images-img2img/00048_sd35_fp4_seed171_s30_g3.5_str0.3.png,real,0.0,0.20143866539001465
sd3_fp8,CLIP-D,grid_max,/media/CrispyMcMarkInc/fake-images-img2img/00021_sd3_fp8_seed144_s30_g3.5_str0.3.png,fake,0.8179082870483398,0.21613001823425293
sd35_fp8,CLIP-D,patch_max,/media/CrispyMcMarkInc/fake-images-img2img/00070_sd35_fp8_seed193_s30_g3.5_str0.3.png,fake,0.9445934891700745,0.49561190605163574
sd35_fp8,CLIP-D,patch_majority,/media/CrispyMcMarkInc/fake-images-img2img/00030_sd35_fp8_seed153_s30_g3.5_str0.3.png,fake,1.0,0.4879882335662842
sd35_fp16,CLIP-D,grid_majority,/media/CrispyMcMarkInc/fake-images-img2img/00096_sd35_fp16_seed219_s30_g3.5_str0.3.png,real,0.0,0.20431804656982422
sd35_fp16,CLIP-D,grid_max,/media/CrispyMcMarkInc/fake-images-img2img/00054_sd35_fp16_seed177_s30_g3.5_str0.3.png,fake,0.9271459579467773,0.21372699737548828
sd3_fp8,CLIP-D,patch_max,/media/CrispyMcMarkInc/fake-images-img2img/00068_sd3_fp8_seed191_s30_g3.5_str0.3.png,fake,0.9802986979484558,0.4874899387359619
sd15_fp8,CLIP-D,patch_majority,/media/CrispyMcMarkInc/fake-images-img2img/00045_sd15_fp8_seed168_s30_g3.5_str0.3.png,real,0.0,0.5118343830108643
sd35_fp16,CLIP-D,grid_majority,/media/CrispyMcMarkInc/fake-images-img2img/00060_sd35_fp16_seed183_s30_g3.5_str0.3.png,real,0.0,0.20371127128601074
sd15_fp16,CLIP-D,grid_max,/media/CrispyMcMarkInc/fake-images-img2img/00096_sd15_fp16_seed219_s30_g3.5_str0.3.png,fake,0.7050309777259827,0.21311354637145996
sd35_fp8,CLIP-D,patch_max,/media/CrispyMcMarkInc/fake-images-img2img/00002_sd35_fp8_seed125_s30_g3.5_str0.3.png,fake,0.968926727771759,0.48735666275024414
sd15_fp4,CLIP-D,patch_majority,/media/CrispyMcMarkInc/fake-images-img2img/00046_sd15_fp4_seed169_s30_g3.5_str0.3.png,real,0.0,0.48117852210998535
sd35_fp8,CLIP-D,grid_majority,/media/CrispyMcMarkInc/fake-images-img2img/00045_sd35_fp8_seed168_s30_g3.5_str0.3.png,real,0.0,0.21687674522399902
sd15_fp16,CLIP-D,grid_max,/media/CrispyMcMarkInc/fake-images-img2img/00079_sd15_fp16_seed202_s30_g3.5_str0.3.png,fake,0.8589516878128052,0.20711898803710938
sd15_fp16,CLIP-D,patch_max,/media/CrispyMcMarkInc/fake-images-img2img/00067_sd15_fp16_seed190_s30_g3.5_str0.3.png,fake,0.9909645318984985,0.5259225368499756
sd35_fp4,CLIP-D,patch_majority,/media/CrispyMcMarkInc/fake-images-img2img/00056_sd35_fp4_seed179_s30_g3.5_str0.3.png,fake,1.0,0.48396754264831543
sd35_fp4,CLIP-D,grid_majority,/media/CrispyMcMarkInc/fake-images-img2img/00023_sd35_fp4_seed146_s30_g3.5_str0.3.png,real,0.0,0.21460556983947754
sd3_fp16,CLIP-D,grid_max,/media/CrispyMcMarkInc/fake-images-img2img/00010_sd3_fp16_seed133_s30_g3.5_str0.3.png,fake,0.898672878742218,0.21117472648620605
sd3_fp16,CLIP-D,patch_max,/media/CrispyMcMarkInc/fake-images-img2img/00074_sd3_fp16_seed197_s30_g3.5_str0.3.png,fake,0.8349912166595459,0.5099594593048096
sd35_fp16,CLIP-D,patch_majority,/media/CrispyMcMarkInc/fake-images-img2img/00091_sd35_fp16_seed214_s30_g3.5_str0.3.png,fake,1.0,0.4848141670227051
sd35_fp16,CLIP-D,grid_majority,/media/CrispyMcMarkInc/fake-images-img2img/00077_sd35_fp16_seed200_s30_g3.5_str0.3.png,fake,1.0,0.2175140380859375
sd15_fp8,CLIP-D,grid_max,/media/CrispyMcMarkInc/fake-images-img2img/00096_sd15_fp8_seed219_s30_g3.5_str0.3.png,fake,0.8009389042854309,0.2088150978088379
sd35_fp8,CLIP-D,patch_max,/media/CrispyMcMarkInc/fake-images-img2img/00057_sd35_fp8_seed180_s30_g3.5_str0.3.png,fake,0.6385636329650879,0.49832606315612793
sd15_fp16,CLIP-D,patch_majority,/media/CrispyMcMarkInc/fake-images-img2img/00040_sd15_fp16_seed163_s30_g3.5_str0.3.png,fake,1.0,0.47562265396118164
sd3_fp16,CLIP-D,grid_majority,/media/CrispyMcMarkInc/fake-images-img2img/00034_sd3_fp16_seed157_s30_g3.5_str0.3.png,real,0.0,0.20125937461853027
sd3_fp4,CLIP-D,grid_max,/media/CrispyMcMarkInc/fake-images-img2img/00022_sd3_fp4_seed145_s30_g3.5_str0.3.png,fake,0.9645988941192627,0.21041560173034668
sd3_fp8,CLIP-D,patch_max,/media/CrispyMcMarkInc/fake-images-img2img/00032_sd3_fp8_seed155_s30_g3.5_str0.3.png,fake,0.9607724547386169,0.5060312747955322
sd35_fp16,CLIP-D,patch_majority,/media/CrispyMcMarkInc/fake-images-img2img/00071_sd35_fp16_seed194_s30_g3.5_str0.3.png,real,0.0,0.4816768169403076
sd35_fp16,CLIP-D,grid_majority,/media/CrispyMcMarkInc/fake-images-img2img/00084_sd35_fp16_seed207_s30_g3.5_str0.3.png,real,0.0,0.19865655899047852
sd15_fp8,CLIP-D,grid_max,/media/CrispyMcMarkInc/fake-images-img2img/00039_sd15_fp8_seed162_s30_g3.5_str0.3.png,fake,0.6918161511421204,0.21014690399169922
sd15_fp4,CLIP-D,patch_max,/media/CrispyMcMarkInc/fake-images-img2img/00087_sd15_fp4_seed210_s30_g3.5_str0.3.png,fake,0.9689114093780518,0.4853019714355469
sd3_fp16,CLIP-D,patch_majority,/media/CrispyMcMarkInc/fake-images-img2img/00048_sd3_fp16_seed171_s30_g3.5_str0.3.png,real,0.0,0.4836103916168213
sd35_fp16,CLIP-D,grid_majority,/media/CrispyMcMarkInc/fake-images-img2img/00003_sd35_fp16_seed126_s30_g3.5_str0.3.png,fake,1.0,0.19976210594177246
sd15_fp16,CLIP-D,grid_max,/media/CrispyMcMarkInc/fake-images-img2img/00091_sd15_fp16_seed214_s30_g3.5_str0.3.png,fake,0.97624671459198,0.21700716018676758
sd3_fp8,CLIP-D,patch_max,/media/CrispyMcMarkInc/fake-images-img2img/00078_sd3_fp8_seed201_s30_g3.5_str0.3.png,fake,0.9884915351867676,0.48638367652893066
sd35_fp8,CLIP-D,patch_majority,/media/CrispyMcMarkInc/fake-images-img2img/00044_sd35_fp8_seed167_s30_g3.5_str0.3.png,real,0.0,0.4785895347595215
sd3_fp16,CLIP-D,grid_majority,/media/CrispyMcMarkInc/fake-images-img2img/00056_sd3_fp16_seed179_s30_g3.5_str0.3.png,real,0.0,0.20164108276367188
sd3_fp8,CLIP-D,grid_max,/media/CrispyMcMarkInc/fake-images-img2img/00031_sd3_fp8_seed154_s30_g3.5_str0.3.png,fake,0.7931366562843323,0.2094430923461914
sd3_fp16,CLIP-D,patch_max,/media/CrispyMcMarkInc/fake-images-img2img/00007_sd3_fp16_seed130_s30_g3.5_str0.3.png,fake,0.8127486705780029,0.47892212867736816
sd3_fp4,CLIP-D,patch_majority,/media/CrispyMcMarkInc/fake-images-img2img/00016_sd3_fp4_seed139_s30_g3.5_str0.3.png,real,0.0,0.4853169918060303
sd3_fp8,CLIP-D,grid_majority,/media/CrispyMcMarkInc/fake-images-img2img/00082_sd3_fp8_seed205_s30_g3.5_str0.3.png,real,0.0,0.20511627197265625
sd3_fp8,CLIP-D,grid_max,/media/CrispyMcMarkInc/fake-images-img2img/00037_sd3_fp8_seed160_s30_g3.5_str0.3.png,fake,0.7672421336174011,0.21126556396484375
sd35_fp16,CLIP-D,patch_max,/media/CrispyMcMarkInc/fake-images-img2img/00055_sd35_fp16_seed178_s30_g3.5_str0.3.png,fake,0.9394539594650269,0.4740025997161865
sd35_fp4,CLIP-D,patch_majority,/media/CrispyMcMarkInc/fake-images-img2img/00048_sd35_fp4_seed171_s30_g3.5_str0.3.png,real,0.0,0.4855329990386963
sd3_fp16,CLIP-D,grid_majority,/media/CrispyMcMarkInc/fake-images-img2img/00085_sd3_fp16_seed208_s30_g3.5_str0.3.png,fake,1.0,0.20563745498657227
sd15_fp16,CLIP-D,grid_max,/media/CrispyMcMarkInc/fake-images-img2img/00030_sd15_fp16_seed153_s30_g3.5_str0.3.png,fake,0.9766075015068054,0.2027137279510498
sd15_fp16,CLIP-D,patch_max,/media/CrispyMcMarkInc/fake-images-img2img/00085_sd15_fp16_seed208_s30_g3.5_str0.3.png,fake,0.8429185152053833,0.4801297187805176
sd35_fp16,CLIP-D,patch_majority,/media/CrispyMcMarkInc/fake-images-img2img/00096_sd35_fp16_seed219_s30_g3.5_str0.3.png,real,0.0,0.48166632652282715
sd3_fp16,CLIP-D,grid_majority,/media/CrispyMcMarkInc/fake-images-img2img/00019_sd3_fp16_seed142_s30_g3.5_str0.3.png,real,0.0,0.20413661003112793
sd35_fp4,CLIP-D,grid_max,/media/CrispyMcMarkInc/fake-images-img2img/00001_sd35_fp4_seed124_s30_g3.5_str0.3.png,fake,0.9673031568527222,0.21039557456970215
sd15_fp4,CLIP-D,patch_max,/media/CrispyMcMarkInc/fake-images-img2img/00012_sd15_fp4_seed135_s30_g3.5_str0.3.png,fake,0.9630415439605713,0.48909592628479004
sd35_fp16,CLIP-D,patch_majority,/media/CrispyMcMarkInc/fake-images-img2img/00060_sd35_fp16_seed183_s30_g3.5_str0.3.png,real,0.0,0.4794018268585205
sd15_fp8,CLIP-D,grid_majority,/media/CrispyMcMarkInc/fake-images-img2img/00000_sd15_fp8_seed123_s30_g3.5_str0.3.png,fake,1.0,0.24123454093933105
sd15_fp8,CLIP-D,grid_max,/media/CrispyMcMarkInc/fake-images-img2img/00073_sd15_fp8_seed196_s30_g3.5_str0.3.png,fake,0.848898708820343,0.20408034324645996
sd35_fp8,CLIP-D,patch_max,/media/CrispyMcMarkInc/fake-images-img2img/00071_sd35_fp8_seed194_s30_g3.5_str0.3.png,fake,0.9161230325698853,0.48753905296325684
sd35_fp8,CLIP-D,patch_majority,/media/CrispyMcMarkInc/fake-images-img2img/00045_sd35_fp8_seed168_s30_g3.5_str0.3.png,real,0.0,0.48106884956359863
sd3_fp8,CLIP-D,grid_majority,/media/CrispyMcMarkInc/fake-images-img2img/00047_sd3_fp8_seed170_s30_g3.5_str0.3.png,fake,1.0,0.21361970901489258
sd3_fp4,CLIP-D,grid_max,/media/CrispyMcMarkInc/fake-images-img2img/00053_sd3_fp4_seed176_s30_g3.5_str0.3.png,fake,0.9524068236351013,0.24029922485351562
sd3_fp16,CLIP-D,patch_max,/media/CrispyMcMarkInc/fake-images-img2img/00054_sd3_fp16_seed177_s30_g3.5_str0.3.png,fake,0.8859950304031372,0.47998619079589844
sd35_fp4,CLIP-D,patch_majority,/media/CrispyMcMarkInc/fake-images-img2img/00023_sd35_fp4_seed146_s30_g3.5_str0.3.png,real,0.0,0.5009229183197021
sd15_fp4,CLIP-D,grid_majority,/media/CrispyMcMarkInc/fake-images-img2img/00080_sd15_fp4_seed203_s30_g3.5_str0.3.png,real,0.0,0.22155117988586426
sd15_fp4,CLIP-D,grid_max,/media/CrispyMcMarkInc/fake-images-img2img/00083_sd15_fp4_seed206_s30_g3.5_str0.3.png,fake,0.9769684672355652,0.24365472793579102
sd3_fp8,CLIP-D,patch_max,/media/CrispyMcMarkInc/fake-images-img2img/00002_sd3_fp8_seed125_s30_g3.5_str0.3.png,fake,0.9030163884162903,0.47991943359375
sd35_fp16,CLIP-D,patch_majority,/media/CrispyMcMarkInc/fake-images-img2img/00077_sd35_fp16_seed200_s30_g3.5_str0.3.png,fake,1.0,0.5277814865112305
sd3_fp8,CLIP-D,grid_majority,/media/CrispyMcMarkInc/fake-images-img2img/00039_sd3_fp8_seed162_s30_g3.5_str0.3.png,real,0.0,0.21577119827270508
sd15_fp8,CLIP-D,grid_max,/media/CrispyMcMarkInc/fake-images-img2img/00063_sd15_fp8_seed186_s30_g3.5_str0.3.png,fake,0.8241860270500183,0.26082777976989746
sd15_fp16,CLIP-D,patch_max,/media/CrispyMcMarkInc/fake-images-img2img/00009_sd15_fp16_seed132_s30_g3.5_str0.3.png,fake,0.8124583959579468,0.4822835922241211
sd3_fp16,CLIP-D,patch_majority,/media/CrispyMcMarkInc/fake-images-img2img/00034_sd3_fp16_seed157_s30_g3.5_str0.3.png,real,0.0,0.5424356460571289
sd15_fp16,CLIP-D,grid_majority,/media/CrispyMcMarkInc/fake-images-img2img/00028_sd15_fp16_seed151_s30_g3.5_str0.3.png,fake,1.0,0.24576830863952637
sd3_fp4,CLIP-D,grid_max,/media/CrispyMcMarkInc/fake-images-img2img/00070_sd3_fp4_seed193_s30_g3.5_str0.3.png,fake,0.9695500135421753,0.3014802932739258
sd15_fp16,CLIP-D,patch_max,/media/CrispyMcMarkInc/fake-images-img2img/00016_sd15_fp16_seed139_s30_g3.5_str0.3.png,fake,0.8753150701522827,0.48214268684387207
sd35_fp16,CLIP-D,patch_majority,/media/CrispyMcMarkInc/fake-images-img2img/00084_sd35_fp16_seed207_s30_g3.5_str0.3.png,real,0.0,0.5315520763397217
sd3_fp16,CLIP-D,grid_majority,/media/CrispyMcMarkInc/fake-images-img2img/00036_sd3_fp16_seed159_s30_g3.5_str0.3.png,real,0.0,0.24804902076721191
sd15_fp16,CLIP-D,grid_max,/media/CrispyMcMarkInc/fake-images-img2img/00032_sd15_fp16_seed155_s30_g3.5_str0.3.png,fake,0.9858971238136292,0.309128999710083
sd3_fp16,CLIP-D,patch_max,/media/CrispyMcMarkInc/fake-images-img2img/00087_sd3_fp16_seed210_s30_g3.5_str0.3.png,fake,0.9889088273048401,0.4800851345062256
sd35_fp16,CLIP-D,patch_majority,/media/CrispyMcMarkInc/fake-images-img2img/00003_sd35_fp16_seed126_s30_g3.5_str0.3.png,fake,1.0,0.528641939163208
sd15_fp8,CLIP-D,grid_majority,/media/CrispyMcMarkInc/fake-images-img2img/00014_sd15_fp8_seed137_s30_g3.5_str0.3.png,fake,1.0,0.2400798797607422
sd3_fp4,CLIP-D,grid_max,/media/CrispyMcMarkInc/fake-images-img2img/00021_sd3_fp4_seed144_s30_g3.5_str0.3.png,fake,0.9890174865722656,0.30148839950561523
sd15_fp4,CLIP-D,patch_max,/media/CrispyMcMarkInc/fake-images-img2img/00002_sd15_fp4_seed125_s30_g3.5_str0.3.png,fake,0.9282572865486145,0.4849865436553955
sd3_fp16,CLIP-D,patch_majority,/media/CrispyMcMarkInc/fake-images-img2img/00056_sd3_fp16_seed179_s30_g3.5_str0.3.png,real,0.0,0.511444091796875
sd35_fp16,CLIP-D,grid_majority,/media/CrispyMcMarkInc/fake-images-img2img/00031_sd35_fp16_seed154_s30_g3.5_str0.3.png,real,0.0,0.2283487319946289
sd15_fp4,CLIP-D,grid_max,/media/CrispyMcMarkInc/fake-images-img2img/00065_sd15_fp4_seed188_s30_g3.5_str0.3.png,fake,0.9834377765655518,0.28801608085632324
sd3_fp16,CLIP-D,patch_max,/media/CrispyMcMarkInc/fake-images-img2img/00025_sd3_fp16_seed148_s30_g3.5_str0.3.png,fake,0.7074689865112305,0.4772777557373047
sd3_fp8,CLIP-D,patch_majority,/media/CrispyMcMarkInc/fake-images-img2img/00082_sd3_fp8_seed205_s30_g3.5_str0.3.png,real,0.0,0.5139150619506836
sd35_fp16,CLIP-D,grid_majority,/media/CrispyMcMarkInc/fake-images-img2img/00048_sd35_fp16_seed171_s30_g3.5_str0.3.png,real,0.0,0.2416248321533203
sd3_fp4,CLIP-D,grid_max,/media/CrispyMcMarkInc/fake-images-img2img/00019_sd3_fp4_seed142_s30_g3.5_str0.3.png,fake,0.9382672309875488,0.30019712448120117
sd35_fp16,CLIP-D,patch_max,/media/CrispyMcMarkInc/fake-images-img2img/00099_sd35_fp16_seed222_s30_g3.5_str0.3.png,fake,0.9415811896324158,0.48732662200927734
sd3_fp16,CLIP-D,patch_majority,/media/CrispyMcMarkInc/fake-images-img2img/00085_sd3_fp16_seed208_s30_g3.5_str0.3.png,fake,1.0,0.5166521072387695
sd15_fp8,CLIP-D,grid_majority,/media/CrispyMcMarkInc/fake-images-img2img/00007_sd15_fp8_seed130_s30_g3.5_str0.3.png,fake,1.0,0.2613646984100342
sd3_fp8,CLIP-D,grid_max,/media/CrispyMcMarkInc/fake-images-img2img/00018_sd3_fp8_seed141_s30_g3.5_str0.3.png,fake,0.816952109336853,0.3175334930419922
sd35_fp4,CLIP-D,patch_max,/media/CrispyMcMarkInc/fake-images-img2img/00000_sd35_fp4_seed123_s30_g3.5_str0.3.png,fake,0.9900552034378052,0.49826908111572266
sd3_fp16,CLIP-D,patch_majority,/media/CrispyMcMarkInc/fake-images-img2img/00019_sd3_fp16_seed142_s30_g3.5_str0.3.png,real,0.0,0.5195987224578857
sd35_fp4,CLIP-D,grid_majority,/media/CrispyMcMarkInc/fake-images-img2img/00098_sd35_fp4_seed221_s30_g3.5_str0.3.png,real,0.0,0.2373340129852295
sd3_fp8,CLIP-D,grid_max,/media/CrispyMcMarkInc/fake-images-img2img/00041_sd3_fp8_seed164_s30_g3.5_str0.3.png,fake,0.9498207569122314,0.29634690284729004
sd15_fp16,CLIP-D,patch_max,/media/CrispyMcMarkInc/fake-images-img2img/00066_sd15_fp16_seed189_s30_g3.5_str0.3.png,fake,0.9831566214561462,0.5009891986846924
sd15_fp8,CLIP-D,patch_majority,/media/CrispyMcMarkInc/fake-images-img2img/00000_sd15_fp8_seed123_s30_g3.5_str0.3.png,fake,1.0,0.537024974822998
sd35_fp16,CLIP-D,grid_majority,/media/CrispyMcMarkInc/fake-images-img2img/00065_sd35_fp16_seed188_s30_g3.5_str0.3.png,real,0.0,0.24935507774353027
sd15_fp16,CLIP-D,grid_max,/media/CrispyMcMarkInc/fake-images-img2img/00088_sd15_fp16_seed211_s30_g3.5_str0.3.png,fake,0.9502864480018616,0.31407618522644043
sd35_fp8,CLIP-D,patch_max,/media/CrispyMcMarkInc/fake-images-img2img/00099_sd35_fp8_seed222_s30_g3.5_str0.3.png,fake,0.9537664651870728,0.4957394599914551
sd3_fp8,CLIP-D,patch_majority,/media/CrispyMcMarkInc/fake-images-img2img/00047_sd3_fp8_seed170_s30_g3.5_str0.3.png,fake,1.0,0.5312478542327881
sd3_fp8,CLIP-D,grid_majority,/media/CrispyMcMarkInc/fake-images-img2img/00054_sd3_fp8_seed177_s30_g3.5_str0.3.png,real,0.0,0.28427791595458984
sd15_fp4,CLIP-D,grid_max,/media/CrispyMcMarkInc/fake-images-img2img/00099_sd15_fp4_seed222_s30_g3.5_str0.3.png,fake,0.851423978805542,0.3200385570526123
sd15_fp16,CLIP-D,patch_max,/media/CrispyMcMarkInc/fake-images-img2img/00002_sd15_fp16_seed125_s30_g3.5_str0.3.png,fake,0.8851249814033508,0.5085382461547852
sd15_fp4,CLIP-D,patch_majority,/media/CrispyMcMarkInc/fake-images-img2img/00080_sd15_fp4_seed203_s30_g3.5_str0.3.png,real,0.0,0.5426638126373291
sd3_fp16,CLIP-D,grid_majority,/media/CrispyMcMarkInc/fake-images-img2img/00077_sd3_fp16_seed200_s30_g3.5_str0.3.png,fake,1.0,0.2564969062805176
sd35_fp16,CLIP-D,grid_max,/media/CrispyMcMarkInc/fake-images-img2img/00072_sd35_fp16_seed195_s30_g3.5_str0.3.png,fake,0.9943313598632812,0.31181931495666504
sd15_fp8,CLIP-D,patch_max,/media/CrispyMcMarkInc/fake-images-img2img/00060_sd15_fp8_seed183_s30_g3.5_str0.3.png,fake,0.9171485304832458,0.5179529190063477
sd3_fp8,CLIP-D,patch_majority,/media/CrispyMcMarkInc/fake-images-img2img/00039_sd3_fp8_seed162_s30_g3.5_str0.3.png,real,0.0,0.5396053791046143
sd3_fp8,CLIP-D,grid_majority,/media/CrispyMcMarkInc/fake-images-img2img/00076_sd3_fp8_seed199_s30_g3.5_str0.3.png,real,0.0,0.2492225170135498
sd15_fp16,CLIP-D,grid_max,/media/CrispyMcMarkInc/fake-images-img2img/00086_sd15_fp16_seed209_s30_g3.5_str0.3.png,fake,0.8581042885780334,0.3104581832885742
sd35_fp4,CLIP-D,patch_max,/media/CrispyMcMarkInc/fake-images-img2img/00044_sd35_fp4_seed167_s30_g3.5_str0.3.png,fake,0.9318050146102905,0.5049858093261719
sd15_fp16,CLIP-D,patch_majority,/media/CrispyMcMarkInc/fake-images-img2img/00028_sd15_fp16_seed151_s30_g3.5_str0.3.png,fake,1.0,0.5366833209991455
sd35_fp16,CLIP-D,grid_majority,/media/CrispyMcMarkInc/fake-images-img2img/00004_sd35_fp16_seed127_s30_g3.5_str0.3.png,real,0.0,0.258284330368042
sd15_fp4,CLIP-D,grid_max,/media/CrispyMcMarkInc/fake-images-img2img/00094_sd15_fp4_seed217_s30_g3.5_str0.3.png,fake,0.9856594800949097,0.31952404975891113
sd15_fp16,CLIP-D,patch_max,/media/CrispyMcMarkInc/fake-images-img2img/00057_sd15_fp16_seed180_s30_g3.5_str0.3.png,fake,0.6536909341812134,0.5060219764709473
sd3_fp16,CLIP-D,patch_majority,/media/CrispyMcMarkInc/fake-images-img2img/00036_sd3_fp16_seed159_s30_g3.5_str0.3.png,real,0.0,0.5326569080352783
sd35_fp8,CLIP-D,grid_majority,/media/CrispyMcMarkInc/fake-images-img2img/00018_sd35_fp8_seed141_s30_g3.5_str0.3.png,real,0.0,0.23407816886901855
sd35_fp8,CLIP-D,grid_max,/media/CrispyMcMarkInc/fake-images-img2img/00004_sd35_fp8_seed127_s30_g3.5_str0.3.png,fake,0.6620630025863647,0.29423022270202637
sd3_fp8,CLIP-D,patch_max,/media/CrispyMcMarkInc/fake-images-img2img/00040_sd3_fp8_seed163_s30_g3.5_str0.3.png,fake,0.9585044980049133,0.49704861640930176
sd15_fp8,CLIP-D,patch_majority,/media/CrispyMcMarkInc/fake-images-img2img/00014_sd15_fp8_seed137_s30_g3.5_str0.3.png,real,0.0,0.5325872898101807
sd3_fp8,CLIP-D,grid_majority,/media/CrispyMcMarkInc/fake-images-img2img/00020_sd3_fp8_seed143_s30_g3.5_str0.3.png,real,0.0,0.2378222942352295
sd3_fp4,CLIP-D,grid_max,/media/CrispyMcMarkInc/fake-images-img2img/00072_sd3_fp4_seed195_s30_g3.5_str0.3.png,fake,0.993909478187561,0.2903919219970703
sd15_fp4,CLIP-D,patch_max,/media/CrispyMcMarkInc/fake-images-img2img/00063_sd15_fp4_seed186_s30_g3.5_str0.3.png,fake,0.9651825428009033,0.4929955005645752
sd35_fp16,CLIP-D,patch_majority,/media/CrispyMcMarkInc/fake-images-img2img/00031_sd35_fp16_seed154_s30_g3.5_str0.3.png,real,0.0,0.5363829135894775
sd3_fp4,CLIP-D,grid_majority,/media/CrispyMcMarkInc/fake-images-img2img/00007_sd3_fp4_seed130_s30_g3.5_str0.3.png,fake,1.0,0.23301982879638672
sd15_fp4,CLIP-D,grid_max,/media/CrispyMcMarkInc/fake-images-img2img/00024_sd15_fp4_seed147_s30_g3.5_str0.3.png,fake,0.9496748447418213,0.2961587905883789
sd35_fp4,CLIP-D,patch_max,/media/CrispyMcMarkInc/fake-images-img2img/00065_sd35_fp4_seed188_s30_g3.5_str0.3.png,fake,0.988688051700592,0.4968876838684082
sd35_fp16,CLIP-D,patch_majority,/media/CrispyMcMarkInc/fake-images-img2img/00048_sd35_fp16_seed171_s30_g3.5_str0.3.png,real,0.0,0.5318117141723633
sd35_fp16,CLIP-D,grid_majority,/media/CrispyMcMarkInc/fake-images-img2img/00080_sd35_fp16_seed203_s30_g3.5_str0.3.png,real,0.0,0.31140851974487305
sd35_fp8,CLIP-D,grid_max,/media/CrispyMcMarkInc/fake-images-img2img/00005_sd35_fp8_seed128_s30_g3.5_str0.3.png,fake,0.8644633293151855,0.32448601722717285
sd35_fp16,CLIP-D,patch_max,/media/CrispyMcMarkInc/fake-images-img2img/00044_sd35_fp16_seed167_s30_g3.5_str0.3.png,fake,0.9344944357872009,0.49046897888183594
sd15_fp8,CLIP-D,patch_majority,/media/CrispyMcMarkInc/fake-images-img2img/00007_sd15_fp8_seed130_s30_g3.5_str0.3.png,real,0.0,0.49845361709594727
sd3_fp4,CLIP-D,grid_majority,/media/CrispyMcMarkInc/fake-images-img2img/00011_sd3_fp4_seed134_s30_g3.5_str0.3.png,fake,1.0,0.3328235149383545
sd15_fp4,CLIP-D,grid_max,/media/CrispyMcMarkInc/fake-images-img2img/00062_sd15_fp4_seed185_s30_g3.5_str0.3.png,fake,0.9555358290672302,0.34394383430480957
sd35_fp8,CLIP-D,patch_max,/media/CrispyMcMarkInc/fake-images-img2img/00074_sd35_fp8_seed197_s30_g3.5_str0.3.png,fake,0.956904411315918,0.4951140880584717
sd35_fp4,CLIP-D,patch_majority,/media/CrispyMcMarkInc/fake-images-img2img/00098_sd35_fp4_seed221_s30_g3.5_str0.3.png,real,0.0,0.49866652488708496
sd35_fp4,CLIP-D,grid_majority,/media/CrispyMcMarkInc/fake-images-img2img/00080_sd35_fp4_seed203_s30_g3.5_str0.3.png,real,0.0,0.31461262702941895
sd35_fp4,CLIP-D,grid_max,/media/CrispyMcMarkInc/fake-images-img2img/00069_sd35_fp4_seed192_s30_g3.5_str0.3.png,fake,0.9789233803749084,0.3378119468688965
sd15_fp4,CLIP-D,patch_max,/media/CrispyMcMarkInc/fake-images-img2img/00052_sd15_fp4_seed175_s30_g3.5_str0.3.png,fake,0.8989971280097961,0.4829392433166504
sd35_fp16,CLIP-D,patch_majority,/media/CrispyMcMarkInc/fake-images-img2img/00065_sd35_fp16_seed188_s30_g3.5_str0.3.png,real,0.0,0.4883885383605957
sd15_fp8,CLIP-D,grid_majority,/media/CrispyMcMarkInc/fake-images-img2img/00093_sd15_fp8_seed216_s30_g3.5_str0.3.png,fake,1.0,0.32753443717956543
sd15_fp4,CLIP-D,grid_max,/media/CrispyMcMarkInc/fake-images-img2img/00061_sd15_fp4_seed184_s30_g3.5_str0.3.png,fake,0.9432607889175415,0.33077239990234375
sd3_fp16,CLIP-D,patch_max,/media/CrispyMcMarkInc/fake-images-img2img/00084_sd3_fp16_seed207_s30_g3.5_str0.3.png,fake,0.6994304656982422,0.4924609661102295
sd3_fp8,CLIP-D,patch_majority,/media/CrispyMcMarkInc/fake-images-img2img/00054_sd3_fp8_seed177_s30_g3.5_str0.3.png,real,0.0,0.49965476989746094
sd35_fp16,CLIP-D,grid_majority,/media/CrispyMcMarkInc/fake-images-img2img/00022_sd35_fp16_seed145_s30_g3.5_str0.3.png,real,0.0,0.24783110618591309
sd3_fp4,CLIP-D,grid_max,/media/CrispyMcMarkInc/fake-images-img2img/00098_sd3_fp4_seed221_s30_g3.5_str0.3.png,fake,0.9141789078712463,0.3249857425689697
sd15_fp4,CLIP-D,patch_max,/media/CrispyMcMarkInc/fake-images-img2img/00004_sd15_fp4_seed127_s30_g3.5_str0.3.png,fake,0.918328046798706,0.49953150749206543
sd3_fp16,CLIP-D,patch_majority,/media/CrispyMcMarkInc/fake-images-img2img/00077_sd3_fp16_seed200_s30_g3.5_str0.3.png,fake,1.0,0.5249049663543701
sd15_fp4,CLIP-D,grid_majority,/media/CrispyMcMarkInc/fake-images-img2img/00081_sd15_fp4_seed204_s30_g3.5_str0.3.png,real,0.0,0.23461532592773438
sd15_fp8,CLIP-D,grid_max,/media/CrispyMcMarkInc/fake-images-img2img/00081_sd15_fp8_seed204_s30_g3.5_str0.3.png,fake,0.9569047689437866,0.2919771671295166
sd3_fp4,CLIP-D,patch_max,/media/CrispyMcMarkInc/fake-images-img2img/00046_sd3_fp4_seed169_s30_g3.5_str0.3.png,fake,0.9167158007621765,0.501805305480957
sd3_fp8,CLIP-D,patch_majority,/media/CrispyMcMarkInc/fake-images-img2img/00076_sd3_fp8_seed199_s30_g3.5_str0.3.png,real,0.0,0.5394394397735596
sd15_fp16,CLIP-D,grid_majority,/media/CrispyMcMarkInc/fake-images-img2img/00029_sd15_fp16_seed152_s30_g3.5_str0.3.png,fake,1.0,0.2363111972808838
sd35_fp8,CLIP-D,grid_max,/media/CrispyMcMarkInc/fake-images-img2img/00066_sd35_fp8_seed189_s30_g3.5_str0.3.png,fake,0.7387888431549072,0.2932262420654297
sd15_fp4,CLIP-D,patch_max,/media/CrispyMcMarkInc/fake-images-img2img/00084_sd15_fp4_seed207_s30_g3.5_str0.3.png,fake,0.9574723839759827,0.5187840461730957
sd35_fp16,CLIP-D,patch_majority,/media/CrispyMcMarkInc/fake-images-img2img/00004_sd35_fp16_seed127_s30_g3.5_str0.3.png,real,0.0,0.5332579612731934
sd15_fp16,CLIP-D,grid_majority,/media/CrispyMcMarkInc/fake-images-img2img/00094_sd15_fp16_seed217_s30_g3.5_str0.3.png,fake,1.0,0.24985313415527344
sd3_fp4,CLIP-D,grid_max,/media/CrispyMcMarkInc/fake-images-img2img/00080_sd3_fp4_seed203_s30_g3.5_str0.3.png,fake,0.9986230134963989,0.30966663360595703
sd35_fp16,CLIP-D,patch_max,/media/CrispyMcMarkInc/fake-images-img2img/00070_sd35_fp16_seed193_s30_g3.5_str0.3.png,fake,0.9237303733825684,0.5030581951141357
sd35_fp8,CLIP-D,patch_majority,/media/CrispyMcMarkInc/fake-images-img2img/00018_sd35_fp8_seed141_s30_g3.5_str0.3.png,real,0.0,0.5370421409606934
sd15_fp8,CLIP-D,grid_majority,/media/CrispyMcMarkInc/fake-images-img2img/00016_sd15_fp8_seed139_s30_g3.5_str0.3.png,real,0.0,0.22937703132629395
sd15_fp8,CLIP-D,grid_max,/media/CrispyMcMarkInc/fake-images-img2img/00097_sd15_fp8_seed220_s30_g3.5_str0.3.png,fake,0.9974971413612366,0.2901148796081543
sd3_fp8,CLIP-D,patch_max,/media/CrispyMcMarkInc/fake-images-img2img/00010_sd3_fp8_seed133_s30_g3.5_str0.3.png,fake,0.8959440588951111,0.49468278884887695
sd3_fp8,CLIP-D,patch_majority,/media/CrispyMcMarkInc/fake-images-img2img/00020_sd3_fp8_seed143_s30_g3.5_str0.3.png,real,0.0,0.5400657653808594
sd35_fp8,CLIP-D,grid_majority,/media/CrispyMcMarkInc/fake-images-img2img/00058_sd35_fp8_seed181_s30_g3.5_str0.3.png,fake,1.0,0.25042152404785156
sd15_fp8,CLIP-D,grid_max,/media/CrispyMcMarkInc/fake-images-img2img/00028_sd15_fp8_seed151_s30_g3.5_str0.3.png,fake,0.9549033045768738,0.30705690383911133
sd35_fp8,CLIP-D,patch_max,/media/CrispyMcMarkInc/fake-images-img2img/00082_sd35_fp8_seed205_s30_g3.5_str0.3.png,fake,0.9351688027381897,0.5010311603546143
sd3_fp4,CLIP-D,patch_majority,/media/CrispyMcMarkInc/fake-images-img2img/00007_sd3_fp4_seed130_s30_g3.5_str0.3.png,fake,1.0,0.5353050231933594
sd3_fp4,CLIP-D,grid_majority,/media/CrispyMcMarkInc/fake-images-img2img/00079_sd3_fp4_seed202_s30_g3.5_str0.3.png,fake,1.0,0.23404741287231445
sd15_fp4,CLIP-D,grid_max,/media/CrispyMcMarkInc/fake-images-img2img/00011_sd15_fp4_seed134_s30_g3.5_str0.3.png,fake,0.9574785232543945,0.29489588737487793
sd3_fp8,CLIP-D,patch_max,/media/CrispyMcMarkInc/fake-images-img2img/00059_sd3_fp8_seed182_s30_g3.5_str0.3.png,fake,0.6870598793029785,0.4991321563720703
sd35_fp16,CLIP-D,patch_majority,/media/CrispyMcMarkInc/fake-images-img2img/00080_sd35_fp16_seed203_s30_g3.5_str0.3.png,real,0.0,0.545508623123169
sd35_fp8,CLIP-D,grid_majority,/media/CrispyMcMarkInc/fake-images-img2img/00078_sd35_fp8_seed201_s30_g3.5_str0.3.png,fake,1.0,0.23021864891052246
sd15_fp8,CLIP-D,grid_max,/media/CrispyMcMarkInc/fake-images-img2img/00023_sd15_fp8_seed146_s30_g3.5_str0.3.png,fake,0.8834311366081238,0.28104400634765625
sd3_fp8,CLIP-D,patch_max,/media/CrispyMcMarkInc/fake-images-img2img/00067_sd3_fp8_seed190_s30_g3.5_str0.3.png,fake,0.9948256015777588,0.5004000663757324
sd3_fp4,CLIP-D,patch_majority,/media/CrispyMcMarkInc/fake-images-img2img/00011_sd3_fp4_seed134_s30_g3.5_str0.3.png,real,0.0,0.5390369892120361
sd35_fp16,CLIP-D,grid_majority,/media/CrispyMcMarkInc/fake-images-img2img/00033_sd35_fp16_seed156_s30_g3.5_str0.3.png,fake,1.0,0.23053455352783203
sd15_fp4,CLIP-D,grid_max,/media/CrispyMcMarkInc/fake-images-img2img/00031_sd15_fp4_seed154_s30_g3.5_str0.3.png,fake,0.7456988096237183,0.2898566722869873
sd3_fp8,CLIP-D,patch_max,/media/CrispyMcMarkInc/fake-images-img2img/00045_sd3_fp8_seed168_s30_g3.5_str0.3.png,fake,0.75160813331604,0.4924952983856201
sd35_fp4,CLIP-D,patch_majority,/media/CrispyMcMarkInc/fake-images-img2img/00080_sd35_fp4_seed203_s30_g3.5_str0.3.png,real,0.0,0.5496423244476318
sd3_fp4,CLIP-D,grid_majority,/media/CrispyMcMarkInc/fake-images-img2img/00042_sd3_fp4_seed165_s30_g3.5_str0.3.png,real,0.0,0.2237851619720459
sd35_fp16,CLIP-D,grid_max,/media/CrispyMcMarkInc/fake-images-img2img/00078_sd35_fp16_seed201_s30_g3.5_str0.3.png,fake,0.9963994026184082,0.27781105041503906
sd15_fp4,CLIP-D,patch_max,/media/CrispyMcMarkInc/fake-images-img2img/00001_sd15_fp4_seed124_s30_g3.5_str0.3.png,fake,0.989324152469635,0.4918999671936035
sd15_fp8,CLIP-D,patch_majority,/media/CrispyMcMarkInc/fake-images-img2img/00093_sd15_fp8_seed216_s30_g3.5_str0.3.png,fake,1.0,0.5418767929077148
sd3_fp4,CLIP-D,grid_majority,/media/CrispyMcMarkInc/fake-images-img2img/00006_sd3_fp4_seed129_s30_g3.5_str0.3.png,real,0.0,0.23587632179260254
sd3_fp8,CLIP-D,grid_max,/media/CrispyMcMarkInc/fake-images-img2img/00069_sd3_fp8_seed192_s30_g3.5_str0.3.png,fake,0.9671991467475891,0.20478010177612305
sd3_fp8,CLIP-D,patch_max,/media/CrispyMcMarkInc/fake-images-img2img/00074_sd3_fp8_seed197_s30_g3.5_str0.3.png,fake,0.8454062938690186,0.5019083023071289
sd35_fp4,CLIP-D,grid_majority,/media/CrispyMcMarkInc/fake-images-img2img/00078_sd35_fp4_seed201_s30_g3.5_str0.3.png,fake,1.0,0.40211009979248047
sd35_fp16,CLIP-D,patch_majority,/media/CrispyMcMarkInc/fake-images-img2img/00022_sd35_fp16_seed145_s30_g3.5_str0.3.png,real,0.0,0.6529998779296875
sd35_fp16,CLIP-D,grid_max,/media/CrispyMcMarkInc/fake-images-img2img/00012_sd35_fp16_seed135_s30_g3.5_str0.3.png,fake,0.9491092562675476,0.2071669101715088
sd35_fp4,CLIP-D,patch_max,/media/CrispyMcMarkInc/fake-images-img2img/00089_sd35_fp4_seed212_s30_g3.5_str0.3.png,fake,0.9251137971878052,0.48924708366394043
sd15_fp16,CLIP-D,grid_majority,/media/CrispyMcMarkInc/fake-images-img2img/00001_sd15_fp16_seed124_s30_g3.5_str0.3.png,fake,1.0,0.23264026641845703
sd15_fp4,CLIP-D,patch_majority,/media/CrispyMcMarkInc/fake-images-img2img/00081_sd15_fp4_seed204_s30_g3.5_str0.3.png,real,0.0,0.57600998878479
sd35_fp8,CLIP-D,grid_max,/media/CrispyMcMarkInc/fake-images-img2img/00000_sd35_fp8_seed123_s30_g3.5_str0.3.png,fake,0.9889077544212341,0.22977495193481445
sd15_fp4,CLIP-D,patch_max,/media/CrispyMcMarkInc/fake-images-img2img/00033_sd15_fp4_seed156_s30_g3.5_str0.3.png,fake,0.9479196071624756,0.5266103744506836
sd3_fp8,CLIP-D,grid_majority,/media/CrispyMcMarkInc/fake-images-img2img/00071_sd3_fp8_seed194_s30_g3.5_str0.3.png,real,0.0,0.2330787181854248
sd15_fp16,CLIP-D,patch_majority,/media/CrispyMcMarkInc/fake-images-img2img/00029_sd15_fp16_seed152_s30_g3.5_str0.3.png,fake,1.0,0.5743575096130371
sd35_fp4,CLIP-D,grid_max,/media/CrispyMcMarkInc/fake-images-img2img/00012_sd35_fp4_seed135_s30_g3.5_str0.3.png,fake,0.9748198986053467,0.3764612674713135
sd3_fp8,CLIP-D,grid_majority,/media/CrispyMcMarkInc/fake-images-img2img/00023_sd3_fp8_seed146_s30_g3.5_str0.3.png,real,0.0,0.3982832431793213
sd35_fp16,CLIP-D,patch_max,/media/CrispyMcMarkInc/fake-images-img2img/00013_sd35_fp16_seed136_s30_g3.5_str0.3.png,fake,0.8791955709457397,0.6293621063232422
sd3_fp16,CLIP-D,grid_max,/media/CrispyMcMarkInc/fake-images-img2img/00044_sd3_fp16_seed167_s30_g3.5_str0.3.png,fake,0.9333425760269165,0.3760390281677246
sd15_fp16,CLIP-D,patch_majority,/media/CrispyMcMarkInc/fake-images-img2img/00094_sd15_fp16_seed217_s30_g3.5_str0.3.png,fake,1.0,0.6062304973602295
sd15_fp4,CLIP-D,grid_majority,/media/CrispyMcMarkInc/fake-images-img2img/00078_sd15_fp4_seed201_s30_g3.5_str0.3.png,fake,1.0,0.2275862693786621
sd3_fp8,CLIP-D,patch_max,/media/CrispyMcMarkInc/fake-images-img2img/00043_sd3_fp8_seed166_s30_g3.5_str0.3.png,fake,0.9957771301269531,0.5260639190673828
sd3_fp16,CLIP-D,grid_max,/media/CrispyMcMarkInc/fake-images-img2img/00073_sd3_fp16_seed196_s30_g3.5_str0.3.png,fake,0.8053481578826904,0.23537135124206543
sd15_fp8,CLIP-D,patch_majority,/media/CrispyMcMarkInc/fake-images-img2img/00016_sd15_fp8_seed139_s30_g3.5_str0.3.png,real,0.0,0.49405360221862793
sd3_fp4,CLIP-D,grid_majority,/media/CrispyMcMarkInc/fake-images-img2img/00041_sd3_fp4_seed164_s30_g3.5_str0.3.png,fake,1.0,0.20706796646118164
sd3_fp8,CLIP-D,patch_max,/media/CrispyMcMarkInc/fake-images-img2img/00080_sd3_fp8_seed203_s30_g3.5_str0.3.png,fake,0.9970988035202026,0.5267775058746338
sd35_fp8,CLIP-D,grid_max,/media/CrispyMcMarkInc/fake-images-img2img/00043_sd35_fp8_seed166_s30_g3.5_str0.3.png,fake,0.9947190284729004,0.22475290298461914
sd35_fp8,CLIP-D,patch_majority,/media/CrispyMcMarkInc/fake-images-img2img/00058_sd35_fp8_seed181_s30_g3.5_str0.3.png,fake,1.0,0.5378656387329102
sd35_fp4,CLIP-D,grid_majority,/media/CrispyMcMarkInc/fake-images-img2img/00094_sd35_fp4_seed217_s30_g3.5_str0.3.png,fake,1.0,0.20287537574768066
sd3_fp4,CLIP-D,patch_max,/media/CrispyMcMarkInc/fake-images-img2img/00026_sd3_fp4_seed149_s30_g3.5_str0.3.png,fake,0.6231423616409302,0.534304141998291
sd35_fp16,CLIP-D,grid_max,/media/CrispyMcMarkInc/fake-images-img2img/00076_sd35_fp16_seed199_s30_g3.5_str0.3.png,fake,0.9532712697982788,0.22233891487121582
sd3_fp4,CLIP-D,patch_majority,/media/CrispyMcMarkInc/fake-images-img2img/00079_sd3_fp4_seed202_s30_g3.5_str0.3.png,real,0.0,0.5417890548706055
sd3_fp8,CLIP-D,grid_majority,/media/CrispyMcMarkInc/fake-images-img2img/00087_sd3_fp8_seed210_s30_g3.5_str0.3.png,fake,1.0,0.20421957969665527
sd35_fp8,CLIP-D,patch_max,/media/CrispyMcMarkInc/fake-images-img2img/00027_sd35_fp8_seed150_s30_g3.5_str0.3.png,fake,0.9746015667915344,0.537325382232666
sd15_fp4,CLIP-D,grid_max,/media/CrispyMcMarkInc/fake-images-img2img/00076_sd15_fp4_seed199_s30_g3.5_str0.3.png,fake,0.6320537328720093,0.23366570472717285
sd35_fp8,CLIP-D,patch_majority,/media/CrispyMcMarkInc/fake-images-img2img/00078_sd35_fp8_seed201_s30_g3.5_str0.3.png,fake,1.0,0.4971950054168701
sd3_fp4,CLIP-D,grid_majority,/media/CrispyMcMarkInc/fake-images-img2img/00097_sd3_fp4_seed220_s30_g3.5_str0.3.png,fake,1.0,0.2072763442993164
sd3_fp4,CLIP-D,grid_max,/media/CrispyMcMarkInc/fake-images-img2img/00096_sd3_fp4_seed219_s30_g3.5_str0.3.png,fake,0.967637836933136,0.3603672981262207
sd35_fp4,CLIP-D,patch_max,/media/CrispyMcMarkInc/fake-images-img2img/00081_sd35_fp4_seed204_s30_g3.5_str0.3.png,real,0.4092986583709717,0.6439461708068848
sd35_fp16,CLIP-D,patch_majority,/media/CrispyMcMarkInc/fake-images-img2img/00033_sd35_fp16_seed156_s30_g3.5_str0.3.png,fake,1.0,0.479870080947876
sd3_fp8,CLIP-D,grid_majority,/media/CrispyMcMarkInc/fake-images-img2img/00049_sd3_fp8_seed172_s30_g3.5_str0.3.png,fake,1.0,0.20072674751281738
sd3_fp16,CLIP-D,grid_max,/media/CrispyMcMarkInc/fake-images-img2img/00068_sd3_fp16_seed191_s30_g3.5_str0.3.png,fake,0.9329278469085693,0.22650384902954102
sd15_fp16,CLIP-D,patch_max,/media/CrispyMcMarkInc/fake-images-img2img/00087_sd15_fp16_seed210_s30_g3.5_str0.3.png,fake,0.9702586531639099,0.5637340545654297
sd3_fp4,CLIP-D,patch_majority,/media/CrispyMcMarkInc/fake-images-img2img/00042_sd3_fp4_seed165_s30_g3.5_str0.3.png,real,0.0,0.4943249225616455
sd15_fp16,CLIP-D,grid_majority,/media/CrispyMcMarkInc/fake-images-img2img/00061_sd15_fp16_seed184_s30_g3.5_str0.3.png,fake,1.0,0.2065279483795166
sd15_fp4,CLIP-D,grid_max,/media/CrispyMcMarkInc/fake-images-img2img/00035_sd15_fp4_seed158_s30_g3.5_str0.3.png,fake,0.9526733756065369,0.22003841400146484
sd15_fp16,CLIP-D,patch_max,/media/CrispyMcMarkInc/fake-images-img2img/00020_sd15_fp16_seed143_s30_g3.5_str0.3.png,fake,0.7528395056724548,0.4880809783935547
sd3_fp4,CLIP-D,patch_majority,/media/CrispyMcMarkInc/fake-images-img2img/00006_sd3_fp4_seed129_s30_g3.5_str0.3.png,real,0.0,0.47954297065734863
sd3_fp4,CLIP-D,grid_majority,/media/CrispyMcMarkInc/fake-images-img2img/00052_sd3_fp4_seed175_s30_g3.5_str0.3.png,real,0.0,0.2028195858001709
sd3_fp8,CLIP-D,grid_max,/media/CrispyMcMarkInc/fake-images-img2img/00035_sd3_fp8_seed158_s30_g3.5_str0.3.png,fake,0.8720165491104126,0.2149059772491455
sd35_fp4,CLIP-D,patch_max,/media/CrispyMcMarkInc/fake-images-img2img/00095_sd35_fp4_seed218_s30_g3.5_str0.3.png,fake,0.9741256237030029,0.5002706050872803
sd35_fp4,CLIP-D,patch_majority,/media/CrispyMcMarkInc/fake-images-img2img/00078_sd35_fp4_seed201_s30_g3.5_str0.3.png,fake,1.0,0.4845399856567383
sd15_fp4,CLIP-D,grid_majority,/media/CrispyMcMarkInc/fake-images-img2img/00019_sd15_fp4_seed142_s30_g3.5_str0.3.png,fake,1.0,0.20143413543701172
sd15_fp8,CLIP-D,grid_max,/media/CrispyMcMarkInc/fake-images-img2img/00018_sd15_fp8_seed141_s30_g3.5_str0.3.png,fake,0.9485058188438416,0.22070002555847168
sd15_fp8,CLIP-D,patch_max,/media/CrispyMcMarkInc/fake-images-img2img/00065_sd15_fp8_seed188_s30_g3.5_str0.3.png,fake,0.9875933527946472,0.49526166915893555
sd15_fp16,CLIP-D,patch_majority,/media/CrispyMcMarkInc/fake-images-img2img/00001_sd15_fp16_seed124_s30_g3.5_str0.3.png,fake,1.0,0.49690842628479004
sd3_fp4,CLIP-D,grid_majority,/media/CrispyMcMarkInc/fake-images-img2img/00047_sd3_fp4_seed170_s30_g3.5_str0.3.png,fake,1.0,0.19694161415100098
sd15_fp16,CLIP-D,grid_max,/media/CrispyMcMarkInc/fake-images-img2img/00022_sd15_fp16_seed145_s30_g3.5_str0.3.png,fake,0.6107646822929382,0.22884130477905273
sd35_fp16,CLIP-D,patch_max,/media/CrispyMcMarkInc/fake-images-img2img/00068_sd35_fp16_seed191_s30_g3.5_str0.3.png,fake,0.9332994222640991,0.49382948875427246
sd3_fp8,CLIP-D,patch_majority,/media/CrispyMcMarkInc/fake-images-img2img/00071_sd3_fp8_seed194_s30_g3.5_str0.3.png,real,0.0,0.49443912506103516
sd35_fp8,CLIP-D,grid_majority,/media/CrispyMcMarkInc/fake-images-img2img/00064_sd35_fp8_seed187_s30_g3.5_str0.3.png,real,0.0,0.19892501831054688
sd35_fp4,CLIP-D,grid_max,/media/CrispyMcMarkInc/fake-images-img2img/00083_sd35_fp4_seed206_s30_g3.5_str0.3.png,fake,0.9851523637771606,0.20864510536193848
sd35_fp16,CLIP-D,patch_max,/media/CrispyMcMarkInc/fake-images-img2img/00028_sd35_fp16_seed151_s30_g3.5_str0.3.png,fake,0.992972731590271,0.489992618560791
sd3_fp8,CLIP-D,patch_majority,/media/CrispyMcMarkInc/fake-images-img2img/00023_sd3_fp8_seed146_s30_g3.5_str0.3.png,real,0.0,0.48206615447998047
sd3_fp8,CLIP-D,grid_majority,/media/CrispyMcMarkInc/fake-images-img2img/00000_sd3_fp8_seed123_s30_g3.5_str0.3.png,fake,1.0,0.2031879425048828
sd15_fp16,CLIP-D,grid_max,/media/CrispyMcMarkInc/fake-images-img2img/00015_sd15_fp16_seed138_s30_g3.5_str0.3.png,fake,0.5099803805351257,0.21399664878845215
sd15_fp16,CLIP-D,patch_max,/media/CrispyMcMarkInc/fake-images-img2img/00081_sd15_fp16_seed204_s30_g3.5_str0.3.png,fake,0.9642710089683533,0.4887278079986572
sd15_fp4,CLIP-D,patch_majority,/media/CrispyMcMarkInc/fake-images-img2img/00078_sd15_fp4_seed201_s30_g3.5_str0.3.png,fake,1.0,0.4871532917022705
sd15_fp4,CLIP-D,grid_majority,/media/CrispyMcMarkInc/fake-images-img2img/00049_sd15_fp4_seed172_s30_g3.5_str0.3.png,fake,1.0,0.20139336585998535
sd15_fp16,CLIP-D,grid_max,/media/CrispyMcMarkInc/fake-images-img2img/00038_sd15_fp16_seed161_s30_g3.5_str0.3.png,fake,0.9448225498199463,0.2097792625427246
sd35_fp4,CLIP-D,patch_max,/media/CrispyMcMarkInc/fake-images-img2img/00035_sd35_fp4_seed158_s30_g3.5_str0.3.png,fake,0.9190969467163086,0.4805326461791992
sd3_fp4,CLIP-D,patch_majority,/media/CrispyMcMarkInc/fake-images-img2img/00041_sd3_fp4_seed164_s30_g3.5_str0.3.png,fake,1.0,0.48470449447631836
sd15_fp4,CLIP-D,grid_majority,/media/CrispyMcMarkInc/fake-images-img2img/00009_sd15_fp4_seed132_s30_g3.5_str0.3.png,real,0.0,0.2235429286956787
sd35_fp4,CLIP-D,grid_max,/media/CrispyMcMarkInc/fake-images-img2img/00008_sd35_fp4_seed131_s30_g3.5_str0.3.png,real,0.3352077305316925,0.20263028144836426
sd3_fp4,CLIP-D,patch_max,/media/CrispyMcMarkInc/fake-images-img2img/00003_sd3_fp4_seed126_s30_g3.5_str0.3.png,fake,0.9947746396064758,0.47963380813598633
sd35_fp4,CLIP-D,patch_majority,/media/CrispyMcMarkInc/fake-images-img2img/00094_sd35_fp4_seed217_s30_g3.5_str0.3.png,fake,1.0,0.4857349395751953
sd15_fp16,CLIP-D,grid_majority,/media/CrispyMcMarkInc/fake-images-img2img/00050_sd15_fp16_seed173_s30_g3.5_str0.3.png,fake,1.0,0.1893303394317627
sd3_fp8,CLIP-D,grid_max,/media/CrispyMcMarkInc/fake-images-img2img/00062_sd3_fp8_seed185_s30_g3.5_str0.3.png,fake,0.9664909839630127,0.20784974098205566
sd35_fp8,CLIP-D,patch_max,/media/CrispyMcMarkInc/fake-images-img2img/00085_sd35_fp8_seed208_s30_g3.5_str0.3.png,fake,0.942478597164154,0.47708678245544434
sd3_fp8,CLIP-D,patch_majority,/media/CrispyMcMarkInc/fake-images-img2img/00087_sd3_fp8_seed210_s30_g3.5_str0.3.png,fake,1.0,0.48631715774536133
sd35_fp16,CLIP-D,grid_majority,/media/CrispyMcMarkInc/fake-images-img2img/00059_sd35_fp16_seed182_s30_g3.5_str0.3.png,real,0.0,0.20383906364440918
sd35_fp4,CLIP-D,grid_max,/media/CrispyMcMarkInc/fake-images-img2img/00059_sd35_fp4_seed182_s30_g3.5_str0.3.png,fake,0.6760973334312439,0.21236896514892578
sd35_fp16,CLIP-D,patch_max,/media/CrispyMcMarkInc/fake-images-img2img/00006_sd35_fp16_seed129_s30_g3.5_str0.3.png,fake,0.955141007900238,0.4889259338378906
sd3_fp4,CLIP-D,patch_majority,/media/CrispyMcMarkInc/fake-images-img2img/00097_sd3_fp4_seed220_s30_g3.5_str0.3.png,fake,1.0,0.5210351943969727
sd3_fp4,CLIP-D,grid_majority,/media/CrispyMcMarkInc/fake-images-img2img/00017_sd3_fp4_seed140_s30_g3.5_str0.3.png,fake,1.0,0.20457768440246582
sd3_fp4,CLIP-D,grid_max,/media/CrispyMcMarkInc/fake-images-img2img/00010_sd3_fp4_seed133_s30_g3.5_str0.3.png,fake,0.9323527812957764,0.2379767894744873
sd3_fp8,CLIP-D,patch_max,/media/CrispyMcMarkInc/fake-images-img2img/00004_sd3_fp8_seed127_s30_g3.5_str0.3.png,fake,0.7419542074203491,0.4817228317260742
sd3_fp8,CLIP-D,patch_majority,/media/CrispyMcMarkInc/fake-images-img2img/00049_sd3_fp8_seed172_s30_g3.5_str0.3.png,fake,1.0,0.5185863971710205
sd15_fp16,CLIP-D,grid_majority,/media/CrispyMcMarkInc/fake-images-img2img/00037_sd15_fp16_seed160_s30_g3.5_str0.3.png,fake,1.0,0.20591092109680176
sd35_fp16,CLIP-D,grid_max,/media/CrispyMcMarkInc/fake-images-img2img/00011_sd35_fp16_seed134_s30_g3.5_str0.3.png,fake,0.5568146109580994,0.2092432975769043
sd15_fp8,CLIP-D,patch_max,/media/CrispyMcMarkInc/fake-images-img2img/00027_sd15_fp8_seed150_s30_g3.5_str0.3.png,fake,0.9768331050872803,0.4771864414215088
sd15_fp16,CLIP-D,patch_majority,/media/CrispyMcMarkInc/fake-images-img2img/00061_sd15_fp16_seed184_s30_g3.5_str0.3.png,fake,1.0,0.5372424125671387
sd35_fp8,CLIP-D,grid_majority,/media/CrispyMcMarkInc/fake-images-img2img/00037_sd35_fp8_seed160_s30_g3.5_str0.3.png,real,0.0,0.2063465118408203
sd35_fp8,CLIP-D,grid_max,/media/CrispyMcMarkInc/fake-images-img2img/00015_sd35_fp8_seed138_s30_g3.5_str0.3.png,fake,0.7021156549453735,0.2183854579925537
sd3_fp4,CLIP-D,patch_max,/media/CrispyMcMarkInc/fake-images-img2img/00029_sd3_fp4_seed152_s30_g3.5_str0.3.png,fake,0.9965840578079224,0.49085378646850586
sd15_fp4,CLIP-D,grid_majority,/media/CrispyMcMarkInc/fake-images-img2img/00089_sd15_fp4_seed212_s30_g3.5_str0.3.png,real,0.0,0.42077040672302246
sd3_fp4,CLIP-D,patch_majority,/media/CrispyMcMarkInc/fake-images-img2img/00052_sd3_fp4_seed175_s30_g3.5_str0.3.png,real,0.0,0.6512973308563232
sd3_fp16,CLIP-D,grid_max,/media/CrispyMcMarkInc/fake-images-img2img/00078_sd3_fp16_seed201_s30_g3.5_str0.3.png,fake,0.978590190410614,0.21552801132202148
sd3_fp4,CLIP-D,patch_max,/media/CrispyMcMarkInc/fake-images-img2img/00092_sd3_fp4_seed215_s30_g3.5_str0.3.png,fake,0.9637868404388428,0.4800302982330322
sd35_fp16,CLIP-D,grid_majority,/media/CrispyMcMarkInc/fake-images-img2img/00056_sd35_fp16_seed179_s30_g3.5_str0.3.png,fake,1.0,0.23175048828125
sd15_fp4,CLIP-D,patch_majority,/media/CrispyMcMarkInc/fake-images-img2img/00019_sd15_fp4_seed142_s30_g3.5_str0.3.png,fake,1.0,0.5521478652954102
sd35_fp16,CLIP-D,grid_max,/media/CrispyMcMarkInc/fake-images-img2img/00014_sd35_fp16_seed137_s30_g3.5_str0.3.png,fake,0.8300071954727173,0.21406984329223633
sd3_fp16,CLIP-D,patch_max,/media/CrispyMcMarkInc/fake-images-img2img/00075_sd3_fp16_seed198_s30_g3.5_str0.3.png,fake,0.960870087146759,0.5051841735839844
sd3_fp8,CLIP-D,grid_majority,/media/CrispyMcMarkInc/fake-images-img2img/00091_sd3_fp8_seed214_s30_g3.5_str0.3.png,fake,1.0,0.2137746810913086
sd3_fp4,CLIP-D,patch_majority,/media/CrispyMcMarkInc/fake-images-img2img/00047_sd3_fp4_seed170_s30_g3.5_str0.3.png,fake,1.0,0.5346620082855225
sd3_fp16,CLIP-D,grid_max,/media/CrispyMcMarkInc/fake-images-img2img/00039_sd3_fp16_seed162_s30_g3.5_str0.3.png,fake,0.8686728477478027,0.21135878562927246
sd15_fp8,CLIP-D,patch_max,/media/CrispyMcMarkInc/fake-images-img2img/00032_sd15_fp8_seed155_s30_g3.5_str0.3.png,fake,0.9893508553504944,0.5305981636047363
sd35_fp8,CLIP-D,grid_majority,/media/CrispyMcMarkInc/fake-images-img2img/00020_sd35_fp8_seed143_s30_g3.5_str0.3.png,real,0.0,0.21996784210205078
sd35_fp8,CLIP-D,patch_majority,/media/CrispyMcMarkInc/fake-images-img2img/00064_sd35_fp8_seed187_s30_g3.5_str0.3.png,real,0.0,0.5169534683227539
sd15_fp4,CLIP-D,grid_max,/media/CrispyMcMarkInc/fake-images-img2img/00027_sd15_fp4_seed150_s30_g3.5_str0.3.png,fake,0.9789157509803772,0.2355790138244629
sd15_fp8,CLIP-D,patch_max,/media/CrispyMcMarkInc/fake-images-img2img/00066_sd15_fp8_seed189_s30_g3.5_str0.3.png,fake,0.9820804595947266,0.5821082592010498
sd35_fp8,CLIP-D,grid_majority,/media/CrispyMcMarkInc/fake-images-img2img/00070_sd35_fp8_seed193_s30_g3.5_str0.3.png,real,0.0,0.31693506240844727
sd3_fp8,CLIP-D,grid_max,/media/CrispyMcMarkInc/fake-images-img2img/00093_sd3_fp8_seed216_s30_g3.5_str0.3.png,fake,0.944193422794342,0.413069486618042
sd3_fp8,CLIP-D,patch_majority,/media/CrispyMcMarkInc/fake-images-img2img/00000_sd3_fp8_seed123_s30_g3.5_str0.3.png,fake,1.0,0.6198568344116211
sd3_fp8,CLIP-D,grid_majority,/media/CrispyMcMarkInc/fake-images-img2img/00068_sd3_fp8_seed191_s30_g3.5_str0.3.png,real,0.0,0.39641571044921875
sd15_fp8,CLIP-D,patch_max,/media/CrispyMcMarkInc/fake-images-img2img/00030_sd15_fp8_seed153_s30_g3.5_str0.3.png,fake,0.9765536785125732,0.641573429107666
sd15_fp8,CLIP-D,grid_max,/media/CrispyMcMarkInc/fake-images-img2img/00074_sd15_fp8_seed197_s30_g3.5_str0.3.png,fake,0.913519561290741,0.2561187744140625
sd15_fp4,CLIP-D,patch_majority,/media/CrispyMcMarkInc/fake-images-img2img/00049_sd15_fp4_seed172_s30_g3.5_str0.3.png,fake,1.0,0.5843336582183838
sd35_fp8,CLIP-D,grid_majority,/media/CrispyMcMarkInc/fake-images-img2img/00002_sd35_fp8_seed125_s30_g3.5_str0.3.png,real,0.0,0.2355196475982666
sd15_fp16,CLIP-D,patch_max,/media/CrispyMcMarkInc/fake-images-img2img/00007_sd15_fp16_seed130_s30_g3.5_str0.3.png,fake,0.9790443778038025,0.5802865028381348
sd35_fp8,CLIP-D,grid_max,/media/CrispyMcMarkInc/fake-images-img2img/00013_sd35_fp8_seed136_s30_g3.5_str0.3.png,fake,0.8625417351722717,0.2872169017791748
sd15_fp4,CLIP-D,patch_majority,/media/CrispyMcMarkInc/fake-images-img2img/00009_sd15_fp4_seed132_s30_g3.5_str0.3.png,real,0.0,0.4836394786834717
sd15_fp16,CLIP-D,grid_majority,/media/CrispyMcMarkInc/fake-images-img2img/00067_sd15_fp16_seed190_s30_g3.5_str0.3.png,fake,1.0,0.20663785934448242
sd3_fp8,CLIP-D,grid_max,/media/CrispyMcMarkInc/fake-images-img2img/00055_sd3_fp8_seed178_s30_g3.5_str0.3.png,fake,0.8368794322013855,0.4541170597076416
sd35_fp16,CLIP-D,patch_max,/media/CrispyMcMarkInc/fake-images-img2img/00029_sd35_fp16_seed152_s30_g3.5_str0.3.png,fake,0.9954376816749573,0.6400866508483887
sd15_fp16,CLIP-D,patch_majority,/media/CrispyMcMarkInc/fake-images-img2img/00050_sd15_fp16_seed173_s30_g3.5_str0.3.png,fake,1.0,0.4618828296661377
sd3_fp16,CLIP-D,grid_majority,/media/CrispyMcMarkInc/fake-images-img2img/00074_sd3_fp16_seed197_s30_g3.5_str0.3.png,real,0.0,0.20261120796203613
sd35_fp4,CLIP-D,grid_max,/media/CrispyMcMarkInc/fake-images-img2img/00053_sd35_fp4_seed176_s30_g3.5_str0.3.png,fake,0.7274548411369324,0.23576855659484863
sd15_fp16,CLIP-D,patch_max,/media/CrispyMcMarkInc/fake-images-img2img/00039_sd15_fp16_seed162_s30_g3.5_str0.3.png,fake,0.8585309386253357,0.5203311443328857
sd35_fp16,CLIP-D,patch_majority,/media/CrispyMcMarkInc/fake-images-img2img/00059_sd35_fp16_seed182_s30_g3.5_str0.3.png,real,0.0,0.5004830360412598
sd35_fp8,CLIP-D,grid_majority,/media/CrispyMcMarkInc/fake-images-img2img/00057_sd35_fp8_seed180_s30_g3.5_str0.3.png,real,0.0,0.2077775001525879
sd3_fp16,CLIP-D,grid_max,/media/CrispyMcMarkInc/fake-images-img2img/00001_sd3_fp16_seed124_s30_g3.5_str0.3.png,fake,0.9556269645690918,0.23598384857177734
sd3_fp16,CLIP-D,patch_max,/media/CrispyMcMarkInc/fake-images-img2img/00066_sd3_fp16_seed189_s30_g3.5_str0.3.png,fake,0.8781587481498718,0.488544225692749
sd3_fp4,CLIP-D,patch_majority,/media/CrispyMcMarkInc/fake-images-img2img/00017_sd3_fp4_seed140_s30_g3.5_str0.3.png,fake,1.0,0.4815077781677246
sd3_fp8,CLIP-D,grid_majority,/media/CrispyMcMarkInc/fake-images-img2img/00032_sd3_fp8_seed155_s30_g3.5_str0.3.png,real,0.0,0.20872879028320312
sd15_fp8,CLIP-D,grid_max,/media/CrispyMcMarkInc/fake-images-img2img/00049_sd15_fp8_seed172_s30_g3.5_str0.3.png,fake,0.9765743613243103,0.21341753005981445
sd3_fp16,CLIP-D,patch_max,/media/CrispyMcMarkInc/fake-images-img2img/00065_sd3_fp16_seed188_s30_g3.5_str0.3.png,fake,0.9670163989067078,0.4890718460083008
sd15_fp16,CLIP-D,patch_majority,/media/CrispyMcMarkInc/fake-images-img2img/00037_sd15_fp16_seed160_s30_g3.5_str0.3.png,fake,1.0,0.4840390682220459
sd15_fp4,CLIP-D,grid_majority,/media/CrispyMcMarkInc/fake-images-img2img/00087_sd15_fp4_seed210_s30_g3.5_str0.3.png,fake,1.0,0.20171904563903809
sd3_fp8,CLIP-D,grid_max,/media/CrispyMcMarkInc/fake-images-img2img/00033_sd3_fp8_seed156_s30_g3.5_str0.3.png,fake,0.9925669431686401,0.2030785083770752
sd15_fp4,CLIP-D,patch_max,/media/CrispyMcMarkInc/fake-images-img2img/00006_sd15_fp4_seed129_s30_g3.5_str0.3.png,fake,0.9299545884132385,0.4988536834716797
sd35_fp8,CLIP-D,patch_majority,/media/CrispyMcMarkInc/fake-images-img2img/00037_sd35_fp8_seed160_s30_g3.5_str0.3.png,real,0.0,0.47699594497680664
sd3_fp8,CLIP-D,grid_majority,/media/CrispyMcMarkInc/fake-images-img2img/00078_sd3_fp8_seed201_s30_g3.5_str0.3.png,fake,1.0,0.20641589164733887
sd15_fp4,CLIP-D,grid_max,/media/CrispyMcMarkInc/fake-images-img2img/00037_sd15_fp4_seed160_s30_g3.5_str0.3.png,fake,0.9514282941818237,0.21466922760009766
sd3_fp8,CLIP-D,patch_max,/media/CrispyMcMarkInc/fake-images-img2img/00027_sd3_fp8_seed150_s30_g3.5_str0.3.png,fake,0.9538846015930176,0.49724483489990234
sd15_fp4,CLIP-D,patch_majority,/media/CrispyMcMarkInc/fake-images-img2img/00089_sd15_fp4_seed212_s30_g3.5_str0.3.png,real,0.0,0.4902195930480957
sd3_fp16,CLIP-D,grid_majority,/media/CrispyMcMarkInc/fake-images-img2img/00007_sd3_fp16_seed130_s30_g3.5_str0.3.png,real,0.0,0.2037370204925537
sd15_fp8,CLIP-D,grid_max,/media/CrispyMcMarkInc/fake-images-img2img/00046_sd15_fp8_seed169_s30_g3.5_str0.3.png,fake,0.7569542527198792,0.21076512336730957
sd3_fp16,CLIP-D,patch_max,/media/CrispyMcMarkInc/fake-images-img2img/00020_sd3_fp16_seed143_s30_g3.5_str0.3.png,real,0.4169357120990753,0.48987889289855957
sd35_fp16,CLIP-D,patch_majority,/media/CrispyMcMarkInc/fake-images-img2img/00056_sd35_fp16_seed179_s30_g3.5_str0.3.png,real,0.0,0.48984599113464355
sd35_fp16,CLIP-D,grid_majority,/media/CrispyMcMarkInc/fake-images-img2img/00055_sd35_fp16_seed178_s30_g3.5_str0.3.png,real,0.0,0.19961214065551758
sd3_fp8,CLIP-D,grid_max,/media/CrispyMcMarkInc/fake-images-img2img/00005_sd3_fp8_seed128_s30_g3.5_str0.3.png,fake,0.752252995967865,0.20711898803710938
sd35_fp16,CLIP-D,patch_max,/media/CrispyMcMarkInc/fake-images-img2img/00082_sd35_fp16_seed205_s30_g3.5_str0.3.png,fake,0.9164613485336304,0.48137831687927246
sd3_fp8,CLIP-D,patch_majority,/media/CrispyMcMarkInc/fake-images-img2img/00091_sd3_fp8_seed214_s30_g3.5_str0.3.png,fake,1.0,0.4862403869628906
sd15_fp16,CLIP-D,grid_majority,/media/CrispyMcMarkInc/fake-images-img2img/00085_sd15_fp16_seed208_s30_g3.5_str0.3.png,real,0.0,0.20533227920532227
sd15_fp8,CLIP-D,grid_max,/media/CrispyMcMarkInc/fake-images-img2img/00031_sd15_fp8_seed154_s30_g3.5_str0.3.png,fake,0.7448387742042542,0.2099933624267578
sd35_fp8,CLIP-D,patch_max,/media/CrispyMcMarkInc/fake-images-img2img/00019_sd35_fp8_seed142_s30_g3.5_str0.3.png,fake,0.8954789638519287,0.49202847480773926
sd35_fp8,CLIP-D,patch_majority,/media/CrispyMcMarkInc/fake-images-img2img/00020_sd35_fp8_seed143_s30_g3.5_str0.3.png,real,0.0,0.4832942485809326
sd15_fp4,CLIP-D,grid_majority,/media/CrispyMcMarkInc/fake-images-img2img/00012_sd15_fp4_seed135_s30_g3.5_str0.3.png,fake,1.0,0.19968271255493164
sd35_fp8,CLIP-D,grid_max,/media/CrispyMcMarkInc/fake-images-img2img/00084_sd35_fp8_seed207_s30_g3.5_str0.3.png,fake,0.7378216981887817,0.20007967948913574
sd35_fp4,CLIP-D,patch_max,/media/CrispyMcMarkInc/fake-images-img2img/00088_sd35_fp4_seed211_s30_g3.5_str0.3.png,fake,0.9642929434776306,0.5191435813903809
sd35_fp8,CLIP-D,patch_majority,/media/CrispyMcMarkInc/fake-images-img2img/00070_sd35_fp8_seed193_s30_g3.5_str0.3.png,real,0.0,0.4774494171142578
sd35_fp8,CLIP-D,grid_majority,/media/CrispyMcMarkInc/fake-images-img2img/00071_sd35_fp8_seed194_s30_g3.5_str0.3.png,real,0.0,0.20205020904541016
sd35_fp4,CLIP-D,grid_max,/media/CrispyMcMarkInc/fake-images-img2img/00073_sd35_fp4_seed196_s30_g3.5_str0.3.png,fake,0.8544356822967529,0.2020890712738037
sd3_fp4,CLIP-D,patch_max,/media/CrispyMcMarkInc/fake-images-img2img/00095_sd3_fp4_seed218_s30_g3.5_str0.3.png,fake,0.9873529672622681,0.47856760025024414
sd3_fp8,CLIP-D,patch_majority,/media/CrispyMcMarkInc/fake-images-img2img/00068_sd3_fp8_seed191_s30_g3.5_str0.3.png,real,0.0,0.5189998149871826
sd3_fp16,CLIP-D,grid_majority,/media/CrispyMcMarkInc/fake-images-img2img/00054_sd3_fp16_seed177_s30_g3.5_str0.3.png,real,0.0,0.20429086685180664
sd15_fp16,CLIP-D,grid_max,/media/CrispyMcMarkInc/fake-images-img2img/00056_sd15_fp16_seed179_s30_g3.5_str0.3.png,fake,0.9494397640228271,0.2102348804473877
sd15_fp16,CLIP-D,patch_max,/media/CrispyMcMarkInc/fake-images-img2img/00074_sd15_fp16_seed197_s30_g3.5_str0.3.png,fake,0.9474773406982422,0.4771742820739746
sd35_fp8,CLIP-D,patch_majority,/media/CrispyMcMarkInc/fake-images-img2img/00002_sd35_fp8_seed125_s30_g3.5_str0.3.png,real,0.0,0.4855785369873047
sd3_fp8,CLIP-D,grid_majority,/media/CrispyMcMarkInc/fake-images-img2img/00002_sd3_fp8_seed125_s30_g3.5_str0.3.png,real,0.0,0.20173168182373047
sd15_fp8,CLIP-D,grid_max,/media/CrispyMcMarkInc/fake-images-img2img/00034_sd15_fp8_seed157_s30_g3.5_str0.3.png,fake,0.9088396430015564,0.19491910934448242
sd15_fp8,CLIP-D,patch_max,/media/CrispyMcMarkInc/fake-images-img2img/00079_sd15_fp8_seed202_s30_g3.5_str0.3.png,fake,0.9156028628349304,0.4792444705963135
sd15_fp16,CLIP-D,patch_majority,/media/CrispyMcMarkInc/fake-images-img2img/00067_sd15_fp16_seed190_s30_g3.5_str0.3.png,fake,1.0,0.4794762134552002
sd15_fp16,CLIP-D,grid_majority,/media/CrispyMcMarkInc/fake-images-img2img/00009_sd15_fp16_seed132_s30_g3.5_str0.3.png,real,0.0,0.2047278881072998
sd3_fp4,CLIP-D,grid_max,/media/CrispyMcMarkInc/fake-images-img2img/00050_sd3_fp4_seed173_s30_g3.5_str0.3.png,fake,0.8800007700920105,0.20346379280090332
sd15_fp16,CLIP-D,patch_max,/media/CrispyMcMarkInc/fake-images-img2img/00035_sd15_fp16_seed158_s30_g3.5_str0.3.png,fake,0.9711912274360657,0.4799997806549072
sd3_fp16,CLIP-D,patch_majority,/media/CrispyMcMarkInc/fake-images-img2img/00074_sd3_fp16_seed197_s30_g3.5_str0.3.png,real,0.0,0.47980403900146484
sd15_fp16,CLIP-D,grid_majority,/media/CrispyMcMarkInc/fake-images-img2img/00016_sd15_fp16_seed139_s30_g3.5_str0.3.png,real,0.0,0.2307727336883545
sd35_fp8,CLIP-D,grid_max,/media/CrispyMcMarkInc/fake-images-img2img/00046_sd35_fp8_seed169_s30_g3.5_str0.3.png,fake,0.6969943642616272,0.21788763999938965
sd3_fp4,CLIP-D,patch_max,/media/CrispyMcMarkInc/fake-images-img2img/00035_sd3_fp4_seed158_s30_g3.5_str0.3.png,fake,0.9611364006996155,0.47785353660583496
sd35_fp8,CLIP-D,patch_majority,/media/CrispyMcMarkInc/fake-images-img2img/00057_sd35_fp8_seed180_s30_g3.5_str0.3.png,real,0.0,0.49613046646118164
sd3_fp16,CLIP-D,grid_majority,/media/CrispyMcMarkInc/fake-images-img2img/00087_sd3_fp16_seed210_s30_g3.5_str0.3.png,fake,1.0,0.2039797306060791
sd15_fp8,CLIP-D,grid_max,/media/CrispyMcMarkInc/fake-images-img2img/00040_sd15_fp8_seed163_s30_g3.5_str0.3.png,fake,0.9359830617904663,0.21038103103637695
sd15_fp4,CLIP-D,patch_max,/media/CrispyMcMarkInc/fake-images-img2img/00010_sd15_fp4_seed133_s30_g3.5_str0.3.png,fake,0.9713513851165771,0.47857022285461426
sd3_fp8,CLIP-D,patch_majority,/media/CrispyMcMarkInc/fake-images-img2img/00032_sd3_fp8_seed155_s30_g3.5_str0.3.png,real,0.0,0.5133602619171143
sd15_fp4,CLIP-D,grid_majority,/media/CrispyMcMarkInc/fake-images-img2img/00002_sd15_fp4_seed125_s30_g3.5_str0.3.png,real,0.0,0.20682191848754883
sd3_fp8,CLIP-D,grid_max,/media/CrispyMcMarkInc/fake-images-img2img/00013_sd3_fp8_seed136_s30_g3.5_str0.3.png,fake,0.9051437377929688,0.21733665466308594
sd3_fp4,CLIP-D,patch_max,/media/CrispyMcMarkInc/fake-images-img2img/00099_sd3_fp4_seed222_s30_g3.5_str0.3.png,fake,0.9942033886909485,0.4818272590637207
sd15_fp4,CLIP-D,patch_majority,/media/CrispyMcMarkInc/fake-images-img2img/00087_sd15_fp4_seed210_s30_g3.5_str0.3.png,fake,1.0,0.5262312889099121
sd3_fp16,CLIP-D,grid_majority,/media/CrispyMcMarkInc/fake-images-img2img/00025_sd3_fp16_seed148_s30_g3.5_str0.3.png,real,0.0,0.2189476490020752
sd3_fp16,CLIP-D,grid_max,/media/CrispyMcMarkInc/fake-images-img2img/00035_sd3_fp16_seed158_s30_g3.5_str0.3.png,fake,0.8662434220314026,0.21709322929382324
sd3_fp8,CLIP-D,patch_max,/media/CrispyMcMarkInc/fake-images-img2img/00058_sd3_fp8_seed181_s30_g3.5_str0.3.png,fake,0.9638760089874268,0.48889589309692383
sd3_fp8,CLIP-D,patch_majority,/media/CrispyMcMarkInc/fake-images-img2img/00078_sd3_fp8_seed201_s30_g3.5_str0.3.png,fake,1.0,0.5264875888824463
sd35_fp16,CLIP-D,grid_majority,/media/CrispyMcMarkInc/fake-images-img2img/00099_sd35_fp16_seed222_s30_g3.5_str0.3.png,real,0.0,0.21843338012695312
sd3_fp4,CLIP-D,grid_max,/media/CrispyMcMarkInc/fake-images-img2img/00066_sd3_fp4_seed189_s30_g3.5_str0.3.png,fake,0.9200461506843567,0.2658059597015381
sd35_fp16,CLIP-D,patch_max,/media/CrispyMcMarkInc/fake-images-img2img/00041_sd35_fp16_seed164_s30_g3.5_str0.3.png,fake,0.9600127935409546,0.4829425811767578
sd3_fp16,CLIP-D,patch_majority,/media/CrispyMcMarkInc/fake-images-img2img/00007_sd3_fp16_seed130_s30_g3.5_str0.3.png,real,0.0,0.5381877422332764
sd35_fp4,CLIP-D,grid_majority,/media/CrispyMcMarkInc/fake-images-img2img/00000_sd35_fp4_seed123_s30_g3.5_str0.3.png,fake,1.0,0.25241971015930176
sd3_fp16,CLIP-D,grid_max,/media/CrispyMcMarkInc/fake-images-img2img/00018_sd3_fp16_seed141_s30_g3.5_str0.3.png,fake,0.7282803058624268,0.30590128898620605
sd3_fp16,CLIP-D,patch_max,/media/CrispyMcMarkInc/fake-images-img2img/00042_sd3_fp16_seed165_s30_g3.5_str0.3.png,fake,0.8117950558662415,0.49654507637023926
sd35_fp16,CLIP-D,patch_majority,/media/CrispyMcMarkInc/fake-images-img2img/00055_sd35_fp16_seed178_s30_g3.5_str0.3.png,real,0.0,0.5305275917053223
sd15_fp16,CLIP-D,grid_majority,/media/CrispyMcMarkInc/fake-images-img2img/00066_sd15_fp16_seed189_s30_g3.5_str0.3.png,fake,1.0,0.32096362113952637
sd3_fp4,CLIP-D,grid_max,/media/CrispyMcMarkInc/fake-images-img2img/00023_sd3_fp4_seed146_s30_g3.5_str0.3.png,fake,0.9027746319770813,0.33485937118530273
sd15_fp8,CLIP-D,patch_max,/media/CrispyMcMarkInc/fake-images-img2img/00080_sd15_fp8_seed203_s30_g3.5_str0.3.png,fake,0.984522819519043,0.5026969909667969
sd15_fp16,CLIP-D,patch_majority,/media/CrispyMcMarkInc/fake-images-img2img/00085_sd15_fp16_seed208_s30_g3.5_str0.3.png,real,0.0,0.5140526294708252
sd35_fp8,CLIP-D,grid_majority,/media/CrispyMcMarkInc/fake-images-img2img/00099_sd35_fp8_seed222_s30_g3.5_str0.3.png,real,0.0,0.3149421215057373
sd15_fp8,CLIP-D,grid_max,/media/CrispyMcMarkInc/fake-images-img2img/00067_sd15_fp8_seed190_s30_g3.5_str0.3.png,fake,0.955559253692627,0.32534337043762207
sd35_fp16,CLIP-D,patch_max,/media/CrispyMcMarkInc/fake-images-img2img/00046_sd35_fp16_seed169_s30_g3.5_str0.3.png,fake,0.9404468536376953,0.4955739974975586
sd15_fp4,CLIP-D,patch_majority,/media/CrispyMcMarkInc/fake-images-img2img/00012_sd15_fp4_seed135_s30_g3.5_str0.3.png,fake,1.0,0.5084338188171387
sd15_fp16,CLIP-D,grid_majority,/media/CrispyMcMarkInc/fake-images-img2img/00002_sd15_fp16_seed125_s30_g3.5_str0.3.png,real,0.0,0.25957584381103516
sd15_fp8,CLIP-D,grid_max,/media/CrispyMcMarkInc/fake-images-img2img/00048_sd15_fp8_seed171_s30_g3.5_str0.3.png,fake,0.9878323078155518,0.3379857540130615
sd35_fp4,CLIP-D,patch_max,/media/CrispyMcMarkInc/fake-images-img2img/00019_sd35_fp4_seed142_s30_g3.5_str0.3.png,fake,0.9321557879447937,0.5014545917510986
sd35_fp8,CLIP-D,patch_majority,/media/CrispyMcMarkInc/fake-images-img2img/00071_sd35_fp8_seed194_s30_g3.5_str0.3.png,real,0.0,0.5331952571868896
sd15_fp8,CLIP-D,grid_majority,/media/CrispyMcMarkInc/fake-images-img2img/00060_sd15_fp8_seed183_s30_g3.5_str0.3.png,real,0.0,0.3148179054260254
sd15_fp8,CLIP-D,grid_max,/media/CrispyMcMarkInc/fake-images-img2img/00044_sd15_fp8_seed167_s30_g3.5_str0.3.png,fake,0.9908459782600403,0.3281986713409424
sd3_fp4,CLIP-D,patch_max,/media/CrispyMcMarkInc/fake-images-img2img/00073_sd3_fp4_seed196_s30_g3.5_str0.3.png,fake,0.9795538187026978,0.48683929443359375
sd3_fp16,CLIP-D,patch_majority,/media/CrispyMcMarkInc/fake-images-img2img/00054_sd3_fp16_seed177_s30_g3.5_str0.3.png,real,0.0,0.49115657806396484
sd35_fp4,CLIP-D,grid_majority,/media/CrispyMcMarkInc/fake-images-img2img/00044_sd35_fp4_seed167_s30_g3.5_str0.3.png,real,0.0,0.3378458023071289
sd3_fp16,CLIP-D,grid_max,/media/CrispyMcMarkInc/fake-images-img2img/00099_sd3_fp16_seed222_s30_g3.5_str0.3.png,fake,0.9623717069625854,0.3277628421783447
sd3_fp16,CLIP-D,patch_max,/media/CrispyMcMarkInc/fake-images-img2img/00015_sd3_fp16_seed138_s30_g3.5_str0.3.png,fake,0.8748266100883484,0.5137438774108887
sd3_fp8,CLIP-D,patch_majority,/media/CrispyMcMarkInc/fake-images-img2img/00002_sd3_fp8_seed125_s30_g3.5_str0.3.png,real,0.0,0.4983677864074707
sd15_fp16,CLIP-D,grid_majority,/media/CrispyMcMarkInc/fake-images-img2img/00057_sd15_fp16_seed180_s30_g3.5_str0.3.png,real,0.0,0.24586081504821777
sd35_fp4,CLIP-D,grid_max,/media/CrispyMcMarkInc/fake-images-img2img/00013_sd35_fp4_seed136_s30_g3.5_str0.3.png,fake,0.9407454133033752,0.3273627758026123
sd3_fp4,CLIP-D,patch_max,/media/CrispyMcMarkInc/fake-images-img2img/00025_sd3_fp4_seed148_s30_g3.5_str0.3.png,fake,0.9454163908958435,0.49318671226501465
sd15_fp16,CLIP-D,patch_majority,/media/CrispyMcMarkInc/fake-images-img2img/00009_sd15_fp16_seed132_s30_g3.5_str0.3.png,real,0.0,0.5195577144622803
sd3_fp8,CLIP-D,grid_majority,/media/CrispyMcMarkInc/fake-images-img2img/00040_sd3_fp8_seed163_s30_g3.5_str0.3.png,fake,1.0,0.2326664924621582
sd35_fp16,CLIP-D,grid_max,/media/CrispyMcMarkInc/fake-images-img2img/00085_sd35_fp16_seed208_s30_g3.5_str0.3.png,fake,0.9317149519920349,0.2942230701446533
sd3_fp8,CLIP-D,patch_max,/media/CrispyMcMarkInc/fake-images-img2img/00057_sd3_fp8_seed180_s30_g3.5_str0.3.png,fake,0.8897018432617188,0.5125143527984619
sd15_fp16,CLIP-D,patch_majority,/media/CrispyMcMarkInc/fake-images-img2img/00016_sd15_fp16_seed139_s30_g3.5_str0.3.png,real,0.0,0.5502068996429443
sd15_fp4,CLIP-D,grid_majority,/media/CrispyMcMarkInc/fake-images-img2img/00063_sd15_fp4_seed186_s30_g3.5_str0.3.png,fake,1.0,0.24319672584533691
sd15_fp16,CLIP-D,grid_max,/media/CrispyMcMarkInc/fake-images-img2img/00097_sd15_fp16_seed220_s30_g3.5_str0.3.png,fake,0.9977349042892456,0.2077312469482422
sd15_fp8,CLIP-D,patch_max,/media/CrispyMcMarkInc/fake-images-img2img/00092_sd15_fp8_seed215_s30_g3.5_str0.3.png,fake,0.9594363570213318,0.5012907981872559
sd35_fp4,CLIP-D,grid_majority,/media/CrispyMcMarkInc/fake-images-img2img/00065_sd35_fp4_seed188_s30_g3.5_str0.3.png,real,0.0,0.4067113399505615
sd3_fp16,CLIP-D,patch_majority,/media/CrispyMcMarkInc/fake-images-img2img/00087_sd3_fp16_seed210_s30_g3.5_str0.3.png,fake,1.0,0.6457953453063965
sd15_fp16,CLIP-D,grid_max,/media/CrispyMcMarkInc/fake-images-img2img/00000_sd15_fp16_seed123_s30_g3.5_str0.3.png,fake,0.9216886162757874,0.21297407150268555
sd3_fp16,CLIP-D,patch_max,/media/CrispyMcMarkInc/fake-images-img2img/00000_sd3_fp16_seed123_s30_g3.5_str0.3.png,fake,0.9864740967750549,0.5009784698486328
sd35_fp16,CLIP-D,grid_majority,/media/CrispyMcMarkInc/fake-images-img2img/00044_sd35_fp16_seed167_s30_g3.5_str0.3.png,real,0.0,0.23186612129211426
sd15_fp4,CLIP-D,patch_majority,/media/CrispyMcMarkInc/fake-images-img2img/00002_sd15_fp4_seed125_s30_g3.5_str0.3.png,real,0.0,0.5475521087646484
sd35_fp16,CLIP-D,grid_max,/media/CrispyMcMarkInc/fake-images-img2img/00017_sd35_fp16_seed140_s30_g3.5_str0.3.png,fake,0.8321079015731812,0.21788263320922852
sd35_fp4,CLIP-D,patch_max,/media/CrispyMcMarkInc/fake-images-img2img/00029_sd35_fp4_seed152_s30_g3.5_str0.3.png,fake,0.9961228966712952,0.5353634357452393
sd35_fp8,CLIP-D,grid_majority,/media/CrispyMcMarkInc/fake-images-img2img/00074_sd35_fp8_seed197_s30_g3.5_str0.3.png,real,0.0,0.2577500343322754
sd35_fp4,CLIP-D,grid_max,/media/CrispyMcMarkInc/fake-images-img2img/00057_sd35_fp4_seed180_s30_g3.5_str0.3.png,fake,0.6910920739173889,0.4205653667449951
sd3_fp16,CLIP-D,patch_majority,/media/CrispyMcMarkInc/fake-images-img2img/00025_sd3_fp16_seed148_s30_g3.5_str0.3.png,real,0.0,0.6407732963562012
sd15_fp4,CLIP-D,grid_majority,/media/CrispyMcMarkInc/fake-images-img2img/00052_sd15_fp4_seed175_s30_g3.5_str0.3.png,real,0.0,0.3940441608428955
sd3_fp8,CLIP-D,patch_max,/media/CrispyMcMarkInc/fake-images-img2img/00016_sd3_fp8_seed139_s30_g3.5_str0.3.png,fake,0.8688900470733643,0.6422250270843506
sd3_fp8,CLIP-D,grid_max,/media/CrispyMcMarkInc/fake-images-img2img/00014_sd3_fp8_seed137_s30_g3.5_str0.3.png,fake,0.72481369972229,0.25948500633239746
sd35_fp16,CLIP-D,patch_majority,/media/CrispyMcMarkInc/fake-images-img2img/00099_sd35_fp16_seed222_s30_g3.5_str0.3.png,real,0.0,0.5837085247039795
sd3_fp16,CLIP-D,grid_majority,/media/CrispyMcMarkInc/fake-images-img2img/00084_sd3_fp16_seed207_s30_g3.5_str0.3.png,real,0.0,0.22819161415100098
sd3_fp8,CLIP-D,patch_max,/media/CrispyMcMarkInc/fake-images-img2img/00006_sd3_fp8_seed129_s30_g3.5_str0.3.png,fake,0.8763360977172852,0.5361297130584717
sd35_fp4,CLIP-D,grid_max,/media/CrispyMcMarkInc/fake-images-img2img/00016_sd35_fp4_seed139_s30_g3.5_str0.3.png,fake,0.7713832855224609,0.26042795181274414
sd35_fp4,CLIP-D,patch_majority,/media/CrispyMcMarkInc/fake-images-img2img/00000_sd35_fp4_seed123_s30_g3.5_str0.3.png,fake,1.0,0.4809544086456299
sd15_fp4,CLIP-D,grid_majority,/media/CrispyMcMarkInc/fake-images-img2img/00004_sd15_fp4_seed127_s30_g3.5_str0.3.png,real,0.0,0.2090132236480713
sd35_fp8,CLIP-D,patch_max,/media/CrispyMcMarkInc/fake-images-img2img/00090_sd35_fp8_seed213_s30_g3.5_str0.3.png,fake,0.7926996946334839,0.6182377338409424
sd15_fp4,CLIP-D,grid_max,/media/CrispyMcMarkInc/fake-images-img2img/00034_sd15_fp4_seed157_s30_g3.5_str0.3.png,fake,0.9088396430015564,0.32613587379455566
sd15_fp16,CLIP-D,patch_majority,/media/CrispyMcMarkInc/fake-images-img2img/00066_sd15_fp16_seed189_s30_g3.5_str0.3.png,fake,1.0,0.48319530487060547
sd3_fp4,CLIP-D,grid_majority,/media/CrispyMcMarkInc/fake-images-img2img/00046_sd3_fp4_seed169_s30_g3.5_str0.3.png,real,0.0,0.2061936855316162
sd3_fp16,CLIP-D,grid_max,/media/CrispyMcMarkInc/fake-images-img2img/00041_sd3_fp16_seed164_s30_g3.5_str0.3.png,fake,0.8858005404472351,0.36405515670776367
sd35_fp8,CLIP-D,patch_max,/media/CrispyMcMarkInc/fake-images-img2img/00059_sd35_fp8_seed182_s30_g3.5_str0.3.png,fake,0.5876567363739014,0.6479260921478271
sd35_fp8,CLIP-D,patch_majority,/media/CrispyMcMarkInc/fake-images-img2img/00099_sd35_fp8_seed222_s30_g3.5_str0.3.png,real,0.0,0.49159693717956543
sd15_fp4,CLIP-D,grid_majority,/media/CrispyMcMarkInc/fake-images-img2img/00084_sd15_fp4_seed207_s30_g3.5_str0.3.png,fake,1.0,0.20248103141784668
sd3_fp8,CLIP-D,grid_max,/media/CrispyMcMarkInc/fake-images-img2img/00048_sd3_fp8_seed171_s30_g3.5_str0.3.png,fake,0.9953952431678772,0.2242567539215088
sd3_fp16,CLIP-D,patch_max,/media/CrispyMcMarkInc/fake-images-img2img/00092_sd3_fp16_seed215_s30_g3.5_str0.3.png,fake,0.8926968574523926,0.5011274814605713
sd15_fp16,CLIP-D,patch_majority,/media/CrispyMcMarkInc/fake-images-img2img/00002_sd15_fp16_seed125_s30_g3.5_str0.3.png,real,0.0,0.4835836887359619
sd35_fp16,CLIP-D,grid_majority,/media/CrispyMcMarkInc/fake-images-img2img/00070_sd35_fp16_seed193_s30_g3.5_str0.3.png,real,0.0,0.20270442962646484
sd3_fp8,CLIP-D,grid_max,/media/CrispyMcMarkInc/fake-images-img2img/00085_sd3_fp8_seed208_s30_g3.5_str0.3.png,fake,0.946674644947052,0.2111341953277588
sd15_fp16,CLIP-D,patch_max,/media/CrispyMcMarkInc/fake-images-img2img/00072_sd15_fp16_seed195_s30_g3.5_str0.3.png,fake,0.9982183575630188,0.5035767555236816
sd15_fp8,CLIP-D,patch_majority,/media/CrispyMcMarkInc/fake-images-img2img/00060_sd15_fp8_seed183_s30_g3.5_str0.3.png,real,0.0,0.480255126953125
sd3_fp8,CLIP-D,grid_majority,/media/CrispyMcMarkInc/fake-images-img2img/00010_sd3_fp8_seed133_s30_g3.5_str0.3.png,real,0.0,0.201904296875
sd35_fp8,CLIP-D,grid_max,/media/CrispyMcMarkInc/fake-images-img2img/00087_sd35_fp8_seed210_s30_g3.5_str0.3.png,fake,0.9916470050811768,0.20899415016174316
sd35_fp4,CLIP-D,patch_max,/media/CrispyMcMarkInc/fake-images-img2img/00072_sd35_fp4_seed195_s30_g3.5_str0.3.png,fake,0.9900270104408264,0.49533796310424805
sd35_fp4,CLIP-D,patch_majority,/media/CrispyMcMarkInc/fake-images-img2img/00044_sd35_fp4_seed167_s30_g3.5_str0.3.png,real,0.0,0.48798489570617676
sd35_fp8,CLIP-D,grid_majority,/media/CrispyMcMarkInc/fake-images-img2img/00082_sd35_fp8_seed205_s30_g3.5_str0.3.png,real,0.0,0.2005453109741211
sd35_fp8,CLIP-D,grid_max,/media/CrispyMcMarkInc/fake-images-img2img/00060_sd35_fp8_seed183_s30_g3.5_str0.3.png,fake,0.9685006141662598,0.20755910873413086
sd15_fp16,CLIP-D,patch_max,/media/CrispyMcMarkInc/fake-images-img2img/00005_sd15_fp16_seed128_s30_g3.5_str0.3.png,fake,0.9275449514389038,0.49367642402648926
sd15_fp16,CLIP-D,patch_majority,/media/CrispyMcMarkInc/fake-images-img2img/00057_sd15_fp16_seed180_s30_g3.5_str0.3.png,real,0.0,0.4839212894439697
sd3_fp8,CLIP-D,grid_majority,/media/CrispyMcMarkInc/fake-images-img2img/00059_sd3_fp8_seed182_s30_g3.5_str0.3.png,real,0.0,0.1996908187866211
sd35_fp4,CLIP-D,grid_max,/media/CrispyMcMarkInc/fake-images-img2img/00063_sd35_fp4_seed186_s30_g3.5_str0.3.png,fake,0.9910672307014465,0.20769166946411133
sd35_fp4,CLIP-D,patch_max,/media/CrispyMcMarkInc/fake-images-img2img/00070_sd35_fp4_seed193_s30_g3.5_str0.3.png,fake,0.9475275278091431,0.4918477535247803
sd3_fp8,CLIP-D,patch_majority,/media/CrispyMcMarkInc/fake-images-img2img/00040_sd3_fp8_seed163_s30_g3.5_str0.3.png,fake,1.0,0.4803485870361328
sd3_fp8,CLIP-D,grid_majority,/media/CrispyMcMarkInc/fake-images-img2img/00067_sd3_fp8_seed190_s30_g3.5_str0.3.png,real,0.0,0.20090484619140625
sd35_fp8,CLIP-D,grid_max,/media/CrispyMcMarkInc/fake-images-img2img/00012_sd35_fp8_seed135_s30_g3.5_str0.3.png,fake,0.9753367304801941,0.2331864833831787
sd3_fp16,CLIP-D,patch_max,/media/CrispyMcMarkInc/fake-images-img2img/00003_sd3_fp16_seed126_s30_g3.5_str0.3.png,fake,0.9964461922645569,0.5245323181152344
sd15_fp4,CLIP-D,patch_majority,/media/CrispyMcMarkInc/fake-images-img2img/00063_sd15_fp4_seed186_s30_g3.5_str0.3.png,fake,1.0,0.4782524108886719
sd3_fp8,CLIP-D,grid_majority,/media/CrispyMcMarkInc/fake-images-img2img/00045_sd3_fp8_seed168_s30_g3.5_str0.3.png,real,0.0,0.20386624336242676
sd35_fp16,CLIP-D,grid_max,/media/CrispyMcMarkInc/fake-images-img2img/00040_sd35_fp16_seed163_s30_g3.5_str0.3.png,fake,0.9677535891532898,0.20566248893737793
sd35_fp16,CLIP-D,patch_max,/media/CrispyMcMarkInc/fake-images-img2img/00067_sd35_fp16_seed190_s30_g3.5_str0.3.png,fake,0.933322548866272,0.4805281162261963
sd35_fp4,CLIP-D,patch_majority,/media/CrispyMcMarkInc/fake-images-img2img/00065_sd35_fp4_seed188_s30_g3.5_str0.3.png,real,0.0,0.4796764850616455
sd15_fp4,CLIP-D,grid_majority,/media/CrispyMcMarkInc/fake-images-img2img/00001_sd15_fp4_seed124_s30_g3.5_str0.3.png,fake,1.0,0.20256304740905762
sd15_fp4,CLIP-D,grid_max,/media/CrispyMcMarkInc/fake-images-img2img/00059_sd15_fp4_seed182_s30_g3.5_str0.3.png,fake,0.7300222516059875,0.20716428756713867
sd35_fp8,CLIP-D,patch_max,/media/CrispyMcMarkInc/fake-images-img2img/00053_sd35_fp8_seed176_s30_g3.5_str0.3.png,fake,0.8616234064102173,0.47983455657958984
sd35_fp16,CLIP-D,patch_majority,/media/CrispyMcMarkInc/fake-images-img2img/00044_sd35_fp16_seed167_s30_g3.5_str0.3.png,real,0.0,0.4818432331085205
sd3_fp8,CLIP-D,grid_majority,/media/CrispyMcMarkInc/fake-images-img2img/00074_sd3_fp8_seed197_s30_g3.5_str0.3.png,real,0.0,0.2040855884552002
sd3_fp16,CLIP-D,grid_max,/media/CrispyMcMarkInc/fake-images-img2img/00031_sd3_fp16_seed154_s30_g3.5_str0.3.png,fake,0.8310190439224243,0.20794248580932617
sd15_fp16,CLIP-D,patch_max,/media/CrispyMcMarkInc/fake-images-img2img/00076_sd15_fp16_seed199_s30_g3.5_str0.3.png,fake,0.7101693153381348,0.48050951957702637
sd35_fp8,CLIP-D,patch_majority,/media/CrispyMcMarkInc/fake-images-img2img/00074_sd35_fp8_seed197_s30_g3.5_str0.3.png,real,0.0,0.4805004596710205
sd35_fp4,CLIP-D,grid_majority,/media/CrispyMcMarkInc/fake-images-img2img/00089_sd35_fp4_seed212_s30_g3.5_str0.3.png,real,0.0,0.22354960441589355
sd35_fp4,CLIP-D,grid_max,/media/CrispyMcMarkInc/fake-images-img2img/00054_sd35_fp4_seed177_s30_g3.5_str0.3.png,fake,0.9567316770553589,0.20789790153503418
sd3_fp4,CLIP-D,patch_max,/media/CrispyMcMarkInc/fake-images-img2img/00001_sd3_fp4_seed124_s30_g3.5_str0.3.png,fake,0.9913256764411926,0.4790809154510498
sd15_fp4,CLIP-D,patch_majority,/media/CrispyMcMarkInc/fake-images-img2img/00052_sd15_fp4_seed175_s30_g3.5_str0.3.png,real,0.0,0.49558448791503906
sd15_fp4,CLIP-D,grid_majority,/media/CrispyMcMarkInc/fake-images-img2img/00033_sd15_fp4_seed156_s30_g3.5_str0.3.png,fake,1.0,0.20336508750915527
sd15_fp8,CLIP-D,grid_max,/media/CrispyMcMarkInc/fake-images-img2img/00033_sd15_fp8_seed156_s30_g3.5_str0.3.png,fake,0.9512085318565369,0.22449541091918945
sd15_fp16,CLIP-D,patch_max,/media/CrispyMcMarkInc/fake-images-img2img/00090_sd15_fp16_seed213_s30_g3.5_str0.3.png,fake,0.8584343791007996,0.48423051834106445
sd3_fp16,CLIP-D,patch_majority,/media/CrispyMcMarkInc/fake-images-img2img/00084_sd3_fp16_seed207_s30_g3.5_str0.3.png,real,0.0,0.526108980178833
sd35_fp16,CLIP-D,grid_majority,/media/CrispyMcMarkInc/fake-images-img2img/00013_sd35_fp16_seed136_s30_g3.5_str0.3.png,real,0.0,0.20427823066711426
sd3_fp8,CLIP-D,grid_max,/media/CrispyMcMarkInc/fake-images-img2img/00053_sd3_fp8_seed176_s30_g3.5_str0.3.png,real,0.36177223920822144,0.2091832160949707
sd35_fp4,CLIP-D,patch_max,/media/CrispyMcMarkInc/fake-images-img2img/00084_sd35_fp4_seed207_s30_g3.5_str0.3.png,fake,0.8264457583427429,0.48244786262512207
sd15_fp4,CLIP-D,patch_majority,/media/CrispyMcMarkInc/fake-images-img2img/00004_sd15_fp4_seed127_s30_g3.5_str0.3.png,real,0.0,0.5192198753356934
sd3_fp8,CLIP-D,grid_majority,/media/CrispyMcMarkInc/fake-images-img2img/00043_sd3_fp8_seed166_s30_g3.5_str0.3.png,fake,1.0,0.21067428588867188
sd15_fp16,CLIP-D,grid_max,/media/CrispyMcMarkInc/fake-images-img2img/00084_sd15_fp16_seed207_s30_g3.5_str0.3.png,fake,0.9666349291801453,0.21410894393920898
sd35_fp4,CLIP-D,patch_max,/media/CrispyMcMarkInc/fake-images-img2img/00052_sd35_fp4_seed175_s30_g3.5_str0.3.png,fake,0.8607659339904785,0.4878065586090088
sd3_fp4,CLIP-D,patch_majority,/media/CrispyMcMarkInc/fake-images-img2img/00046_sd3_fp4_seed169_s30_g3.5_str0.3.png,real,0.0,0.5210380554199219
sd3_fp8,CLIP-D,grid_majority,/media/CrispyMcMarkInc/fake-images-img2img/00080_sd3_fp8_seed203_s30_g3.5_str0.3.png,real,0.0,0.22511959075927734
sd3_fp16,CLIP-D,grid_max,/media/CrispyMcMarkInc/fake-images-img2img/00027_sd3_fp16_seed150_s30_g3.5_str0.3.png,fake,0.972610592842102,0.20656442642211914
sd35_fp8,CLIP-D,patch_max,/media/CrispyMcMarkInc/fake-images-img2img/00042_sd35_fp8_seed165_s30_g3.5_str0.3.png,fake,0.8402462005615234,0.48329877853393555
sd15_fp4,CLIP-D,patch_majority,/media/CrispyMcMarkInc/fake-images-img2img/00084_sd15_fp4_seed207_s30_g3.5_str0.3.png,fake,1.0,0.5235748291015625
sd3_fp4,CLIP-D,grid_majority,/media/CrispyMcMarkInc/fake-images-img2img/00026_sd3_fp4_seed149_s30_g3.5_str0.3.png,real,0.0,0.21853375434875488
sd35_fp8,CLIP-D,grid_max,/media/CrispyMcMarkInc/fake-images-img2img/00083_sd35_fp8_seed206_s30_g3.5_str0.3.png,fake,0.9912205338478088,0.2713968753814697
sd15_fp16,CLIP-D,patch_max,/media/CrispyMcMarkInc/fake-images-img2img/00047_sd15_fp16_seed170_s30_g3.5_str0.3.png,fake,0.994118332862854,0.497664213180542
sd35_fp16,CLIP-D,patch_majority,/media/CrispyMcMarkInc/fake-images-img2img/00070_sd35_fp16_seed193_s30_g3.5_str0.3.png,real,0.0,0.5360684394836426
sd35_fp8,CLIP-D,grid_majority,/media/CrispyMcMarkInc/fake-images-img2img/00027_sd35_fp8_seed150_s30_g3.5_str0.3.png,fake,1.0,0.22711563110351562
sd35_fp4,CLIP-D,grid_max,/media/CrispyMcMarkInc/fake-images-img2img/00010_sd35_fp4_seed133_s30_g3.5_str0.3.png,fake,0.9857749938964844,0.2741234302520752
sd35_fp8,CLIP-D,patch_max,/media/CrispyMcMarkInc/fake-images-img2img/00068_sd35_fp8_seed191_s30_g3.5_str0.3.png,fake,0.9803285002708435,0.49816155433654785
sd3_fp8,CLIP-D,patch_majority,/media/CrispyMcMarkInc/fake-images-img2img/00010_sd3_fp8_seed133_s30_g3.5_str0.3.png,real,0.0,0.5375573635101318
sd35_fp4,CLIP-D,grid_majority,/media/CrispyMcMarkInc/fake-images-img2img/00081_sd35_fp4_seed204_s30_g3.5_str0.3.png,real,0.0,0.22983622550964355
sd15_fp8,CLIP-D,grid_max,/media/CrispyMcMarkInc/fake-images-img2img/00015_sd15_fp8_seed138_s30_g3.5_str0.3.png,fake,0.5976666808128357,0.2850637435913086
sd3_fp16,CLIP-D,patch_max,/media/CrispyMcMarkInc/fake-images-img2img/00090_sd3_fp16_seed213_s30_g3.5_str0.3.png,fake,0.731845498085022,0.500295877456665
sd35_fp8,CLIP-D,patch_majority,/media/CrispyMcMarkInc/fake-images-img2img/00082_sd35_fp8_seed205_s30_g3.5_str0.3.png,real,0.0,0.5347371101379395
sd15_fp16,CLIP-D,grid_majority,/media/CrispyMcMarkInc/fake-images-img2img/00087_sd15_fp16_seed210_s30_g3.5_str0.3.png,fake,1.0,0.2362668514251709
sd15_fp8,CLIP-D,grid_max,/media/CrispyMcMarkInc/fake-images-img2img/00068_sd15_fp8_seed191_s30_g3.5_str0.3.png,fake,0.9268559217453003,0.286724328994751
sd15_fp16,CLIP-D,patch_max,/media/CrispyMcMarkInc/fake-images-img2img/00012_sd15_fp16_seed135_s30_g3.5_str0.3.png,fake,0.9758260846138,0.4973747730255127
sd3_fp8,CLIP-D,patch_majority,/media/CrispyMcMarkInc/fake-images-img2img/00059_sd3_fp8_seed182_s30_g3.5_str0.3.png,real,0.0,0.5368068218231201
sd15_fp16,CLIP-D,grid_majority,/media/CrispyMcMarkInc/fake-images-img2img/00020_sd15_fp16_seed143_s30_g3.5_str0.3.png,real,0.0,0.24179744720458984
sd3_fp16,CLIP-D,grid_max,/media/CrispyMcMarkInc/fake-images-img2img/00059_sd3_fp16_seed182_s30_g3.5_str0.3.png,fake,0.5774878263473511,0.2989680767059326
sd35_fp4,CLIP-D,patch_max,/media/CrispyMcMarkInc/fake-images-img2img/00045_sd35_fp4_seed168_s30_g3.5_str0.3.png,fake,0.6212478876113892,0.49747252464294434
sd3_fp8,CLIP-D,patch_majority,/media/CrispyMcMarkInc/fake-images-img2img/00067_sd3_fp8_seed190_s30_g3.5_str0.3.png,real,0.0,0.534588098526001
sd35_fp4,CLIP-D,grid_majority,/media/CrispyMcMarkInc/fake-images-img2img/00095_sd35_fp4_seed218_s30_g3.5_str0.3.png,fake,1.0,0.23005437850952148
sd3_fp8,CLIP-D,grid_max,/media/CrispyMcMarkInc/fake-images-img2img/00096_sd3_fp8_seed219_s30_g3.5_str0.3.png,fake,0.7617009282112122,0.287844181060791
sd15_fp4,CLIP-D,patch_max,/media/CrispyMcMarkInc/fake-images-img2img/00021_sd15_fp4_seed144_s30_g3.5_str0.3.png,fake,0.9700857400894165,0.503148078918457
sd3_fp8,CLIP-D,patch_majority,/media/CrispyMcMarkInc/fake-images-img2img/00045_sd3_fp8_seed168_s30_g3.5_str0.3.png,real,0.0,0.5534932613372803
sd15_fp8,CLIP-D,grid_majority,/media/CrispyMcMarkInc/fake-images-img2img/00065_sd15_fp8_seed188_s30_g3.5_str0.3.png,fake,1.0,0.21966218948364258
sd15_fp4,CLIP-D,grid_max,/media/CrispyMcMarkInc/fake-images-img2img/00073_sd15_fp4_seed196_s30_g3.5_str0.3.png,fake,0.8439518809318542,0.27138209342956543
sd3_fp16,CLIP-D,patch_max,/media/CrispyMcMarkInc/fake-images-img2img/00005_sd3_fp16_seed128_s30_g3.5_str0.3.png,fake,0.8531234860420227,0.49988269805908203
sd15_fp4,CLIP-D,patch_majority,/media/CrispyMcMarkInc/fake-images-img2img/00001_sd15_fp4_seed124_s30_g3.5_str0.3.png,fake,1.0,0.5745136737823486
sd35_fp16,CLIP-D,grid_majority,/media/CrispyMcMarkInc/fake-images-img2img/00068_sd35_fp16_seed191_s30_g3.5_str0.3.png,real,0.0,0.21903014183044434
sd3_fp16,CLIP-D,grid_max,/media/CrispyMcMarkInc/fake-images-img2img/00057_sd3_fp16_seed180_s30_g3.5_str0.3.png,fake,0.7126039862632751,0.2715156078338623
sd35_fp4,CLIP-D,patch_max,/media/CrispyMcMarkInc/fake-images-img2img/00082_sd35_fp4_seed205_s30_g3.5_str0.3.png,fake,0.9774297475814819,0.49726438522338867
sd3_fp8,CLIP-D,patch_majority,/media/CrispyMcMarkInc/fake-images-img2img/00074_sd3_fp8_seed197_s30_g3.5_str0.3.png,real,0.0,0.5405266284942627
sd35_fp16,CLIP-D,grid_majority,/media/CrispyMcMarkInc/fake-images-img2img/00028_sd35_fp16_seed151_s30_g3.5_str0.3.png,real,0.0,0.3173844814300537
sd15_fp8,CLIP-D,patch_max,/media/CrispyMcMarkInc/fake-images-img2img/00002_sd15_fp8_seed125_s30_g3.5_str0.3.png,fake,0.9110336899757385,0.47733211517333984
sd15_fp16,CLIP-D,grid_majority,/media/CrispyMcMarkInc/fake-images-img2img/00081_sd15_fp16_seed204_s30_g3.5_str0.3.png,real,0.0,0.40170907974243164
sd35_fp4,CLIP-D,patch_majority,/media/CrispyMcMarkInc/fake-images-img2img/00089_sd35_fp4_seed212_s30_g3.5_str0.3.png,real,0.0,0.6150431632995605
sd3_fp8,CLIP-D,patch_max,/media/CrispyMcMarkInc/fake-images-img2img/00044_sd3_fp8_seed167_s30_g3.5_str0.3.png,fake,0.9622902274131775,0.48964929580688477
sd35_fp4,CLIP-D,grid_majority,/media/CrispyMcMarkInc/fake-images-img2img/00035_sd35_fp4_seed158_s30_g3.5_str0.3.png,real,0.0,0.22117018699645996
sd15_fp4,CLIP-D,patch_majority,/media/CrispyMcMarkInc/fake-images-img2img/00033_sd15_fp4_seed156_s30_g3.5_str0.3.png,fake,1.0,0.49268007278442383
sd35_fp4,CLIP-D,patch_max,/media/CrispyMcMarkInc/fake-images-img2img/00099_sd35_fp4_seed222_s30_g3.5_str0.3.png,fake,0.951124906539917,0.5206899642944336
sd3_fp4,CLIP-D,grid_majority,/media/CrispyMcMarkInc/fake-images-img2img/00003_sd3_fp4_seed126_s30_g3.5_str0.3.png,fake,1.0,0.22403383255004883
sd35_fp16,CLIP-D,patch_majority,/media/CrispyMcMarkInc/fake-images-img2img/00013_sd35_fp16_seed136_s30_g3.5_str0.3.png,real,0.0,0.4784395694732666
sd15_fp16,CLIP-D,patch_max,/media/CrispyMcMarkInc/fake-images-img2img/00065_sd15_fp16_seed188_s30_g3.5_str0.3.png,fake,0.986335277557373,0.5308988094329834
sd35_fp8,CLIP-D,grid_majority,/media/CrispyMcMarkInc/fake-images-img2img/00085_sd35_fp8_seed208_s30_g3.5_str0.3.png,fake,1.0,0.22070932388305664
sd3_fp8,CLIP-D,patch_majority,/media/CrispyMcMarkInc/fake-images-img2img/00043_sd3_fp8_seed166_s30_g3.5_str0.3.png,fake,1.0,0.48343396186828613
sd35_fp16,CLIP-D,patch_max,/media/CrispyMcMarkInc/fake-images-img2img/00000_sd35_fp16_seed123_s30_g3.5_str0.3.png,fake,0.9821157455444336,0.522860050201416
sd35_fp16,CLIP-D,grid_majority,/media/CrispyMcMarkInc/fake-images-img2img/00006_sd35_fp16_seed129_s30_g3.5_str0.3.png,real,0.0,0.2647671699523926
sd3_fp8,CLIP-D,patch_majority,/media/CrispyMcMarkInc/fake-images-img2img/00080_sd3_fp8_seed203_s30_g3.5_str0.3.png,real,0.0,0.480574369430542
sd3_fp8,CLIP-D,grid_majority,/media/CrispyMcMarkInc/fake-images-img2img/00004_sd3_fp8_seed127_s30_g3.5_str0.3.png,real,0.0,0.39781880378723145
sd35_fp4,CLIP-D,patch_max,/media/CrispyMcMarkInc/fake-images-img2img/00015_sd35_fp4_seed138_s30_g3.5_str0.3.png,fake,0.9250478744506836,0.6287713050842285
sd3_fp4,CLIP-D,patch_majority,/media/CrispyMcMarkInc/fake-images-img2img/00026_sd3_fp4_seed149_s30_g3.5_str0.3.png,real,0.0,0.481947660446167
sd15_fp8,CLIP-D,grid_majority,/media/CrispyMcMarkInc/fake-images-img2img/00027_sd15_fp8_seed150_s30_g3.5_str0.3.png,fake,1.0,0.21854591369628906
sd15_fp4,CLIP-D,patch_max,/media/CrispyMcMarkInc/fake-images-img2img/00017_sd15_fp4_seed140_s30_g3.5_str0.3.png,fake,0.942703902721405,0.512537956237793
sd35_fp8,CLIP-D,patch_majority,/media/CrispyMcMarkInc/fake-images-img2img/00027_sd35_fp8_seed150_s30_g3.5_str0.3.png,real,0.0,0.4859743118286133
sd3_fp4,CLIP-D,grid_majority,/media/CrispyMcMarkInc/fake-images-img2img/00029_sd3_fp4_seed152_s30_g3.5_str0.3.png,fake,1.0,0.20479226112365723
sd35_fp8,CLIP-D,patch_max,/media/CrispyMcMarkInc/fake-images-img2img/00054_sd35_fp8_seed177_s30_g3.5_str0.3.png,fake,0.9497182965278625,0.4894905090332031
sd35_fp4,CLIP-D,patch_majority,/media/CrispyMcMarkInc/fake-images-img2img/00081_sd35_fp4_seed204_s30_g3.5_str0.3.png,real,0.0,0.48310327529907227
sd3_fp4,CLIP-D,grid_majority,/media/CrispyMcMarkInc/fake-images-img2img/00092_sd3_fp4_seed215_s30_g3.5_str0.3.png,real,0.0,0.1999962329864502
sd15_fp8,CLIP-D,patch_max,/media/CrispyMcMarkInc/fake-images-img2img/00052_sd15_fp8_seed175_s30_g3.5_str0.3.png,fake,0.841179609298706,0.490222692489624
sd15_fp16,CLIP-D,patch_majority,/media/CrispyMcMarkInc/fake-images-img2img/00087_sd15_fp16_seed210_s30_g3.5_str0.3.png,fake,1.0,0.4792158603668213
sd3_fp16,CLIP-D,grid_majority,/media/CrispyMcMarkInc/fake-images-img2img/00075_sd3_fp16_seed198_s30_g3.5_str0.3.png,real,0.0,0.19789934158325195
sd35_fp8,CLIP-D,patch_max,/media/CrispyMcMarkInc/fake-images-img2img/00095_sd35_fp8_seed218_s30_g3.5_str0.3.png,fake,0.9858418107032776,0.4943575859069824
sd15_fp16,CLIP-D,patch_majority,/media/CrispyMcMarkInc/fake-images-img2img/00020_sd15_fp16_seed143_s30_g3.5_str0.3.png,real,0.0,0.49016666412353516
sd15_fp8,CLIP-D,grid_majority,/media/CrispyMcMarkInc/fake-images-img2img/00032_sd15_fp8_seed155_s30_g3.5_str0.3.png,fake,1.0,0.20332121849060059
sd15_fp8,CLIP-D,patch_max,/media/CrispyMcMarkInc/fake-images-img2img/00057_sd15_fp8_seed180_s30_g3.5_str0.3.png,fake,0.6181496381759644,0.48758411407470703
sd35_fp4,CLIP-D,patch_majority,/media/CrispyMcMarkInc/fake-images-img2img/00095_sd35_fp4_seed218_s30_g3.5_str0.3.png,fake,1.0,0.48404788970947266
sd15_fp8,CLIP-D,grid_majority,/media/CrispyMcMarkInc/fake-images-img2img/00066_sd15_fp8_seed189_s30_g3.5_str0.3.png,fake,1.0,0.20204401016235352
sd3_fp8,CLIP-D,patch_max,/media/CrispyMcMarkInc/fake-images-img2img/00073_sd3_fp8_seed196_s30_g3.5_str0.3.png,fake,0.8589587211608887,0.48421239852905273
sd15_fp8,CLIP-D,patch_majority,/media/CrispyMcMarkInc/fake-images-img2img/00065_sd15_fp8_seed188_s30_g3.5_str0.3.png,fake,1.0,0.48461198806762695
sd15_fp8,CLIP-D,grid_majority,/media/CrispyMcMarkInc/fake-images-img2img/00030_sd15_fp8_seed153_s30_g3.5_str0.3.png,fake,1.0,0.19969558715820312
sd35_fp8,CLIP-D,patch_max,/media/CrispyMcMarkInc/fake-images-img2img/00050_sd35_fp8_seed173_s30_g3.5_str0.3.png,fake,0.853676974773407,0.479694128036499
sd35_fp16,CLIP-D,patch_majority,/media/CrispyMcMarkInc/fake-images-img2img/00068_sd35_fp16_seed191_s30_g3.5_str0.3.png,real,0.0,0.4791572093963623
sd15_fp16,CLIP-D,grid_majority,/media/CrispyMcMarkInc/fake-images-img2img/00007_sd15_fp16_seed130_s30_g3.5_str0.3.png,real,0.0,0.2015550136566162
sd3_fp4,CLIP-D,patch_max,/media/CrispyMcMarkInc/fake-images-img2img/00049_sd3_fp4_seed172_s30_g3.5_str0.3.png,fake,0.994520902633667,0.4914584159851074
sd35_fp16,CLIP-D,patch_majority,/media/CrispyMcMarkInc/fake-images-img2img/00028_sd35_fp16_seed151_s30_g3.5_str0.3.png,real,0.0,0.4814891815185547
sd35_fp16,CLIP-D,grid_majority,/media/CrispyMcMarkInc/fake-images-img2img/00029_sd35_fp16_seed152_s30_g3.5_str0.3.png,fake,1.0,0.2003493309020996
sd15_fp8,CLIP-D,patch_max,/media/CrispyMcMarkInc/fake-images-img2img/00026_sd15_fp8_seed149_s30_g3.5_str0.3.png,fake,0.88876873254776,0.4755089282989502
sd15_fp16,CLIP-D,patch_majority,/media/CrispyMcMarkInc/fake-images-img2img/00081_sd15_fp16_seed204_s30_g3.5_str0.3.png,real,0.0,0.48163771629333496
sd15_fp16,CLIP-D,grid_majority,/media/CrispyMcMarkInc/fake-images-img2img/00039_sd15_fp16_seed162_s30_g3.5_str0.3.png,real,0.0,0.19643211364746094
sd35_fp8,CLIP-D,patch_max,/media/CrispyMcMarkInc/fake-images-img2img/00097_sd35_fp8_seed220_s30_g3.5_str0.3.png,fake,0.9938202500343323,0.4752364158630371
sd35_fp4,CLIP-D,patch_majority,/media/CrispyMcMarkInc/fake-images-img2img/00035_sd35_fp4_seed158_s30_g3.5_str0.3.png,real,0.0,0.48127293586730957
sd3_fp16,CLIP-D,grid_majority,/media/CrispyMcMarkInc/fake-images-img2img/00066_sd3_fp16_seed189_s30_g3.5_str0.3.png,real,0.0,0.20082902908325195
sd15_fp16,CLIP-D,patch_max,/media/CrispyMcMarkInc/fake-images-img2img/00051_sd15_fp16_seed174_s30_g3.5_str0.3.png,fake,0.9434182643890381,0.47954320907592773
sd3_fp4,CLIP-D,patch_majority,/media/CrispyMcMarkInc/fake-images-img2img/00003_sd3_fp4_seed126_s30_g3.5_str0.3.png,fake,1.0,0.479874849319458
sd3_fp16,CLIP-D,grid_majority,/media/CrispyMcMarkInc/fake-images-img2img/00065_sd3_fp16_seed188_s30_g3.5_str0.3.png,real,0.0,0.19636869430541992
sd15_fp8,CLIP-D,patch_max,/media/CrispyMcMarkInc/fake-images-img2img/00054_sd15_fp8_seed177_s30_g3.5_str0.3.png,fake,0.8903582096099854,0.4793698787689209
sd35_fp8,CLIP-D,patch_majority,/media/CrispyMcMarkInc/fake-images-img2img/00085_sd35_fp8_seed208_s30_g3.5_str0.3.png,fake,1.0,0.4827001094818115
sd15_fp4,CLIP-D,grid_majority,/media/CrispyMcMarkInc/fake-images-img2img/00006_sd15_fp4_seed129_s30_g3.5_str0.3.png,real,0.0,0.20251154899597168
sd3_fp4,CLIP-D,patch_max,/media/CrispyMcMarkInc/fake-images-img2img/00093_sd3_fp4_seed216_s30_g3.5_str0.3.png,fake,0.9851853847503662,0.4830057621002197
sd35_fp16,CLIP-D,patch_majority,/media/CrispyMcMarkInc/fake-images-img2img/00006_sd35_fp16_seed129_s30_g3.5_str0.3.png,real,0.0,0.4846668243408203
sd3_fp8,CLIP-D,grid_majority,/media/CrispyMcMarkInc/fake-images-img2img/00027_sd3_fp8_seed150_s30_g3.5_str0.3.png,fake,1.0,0.20396852493286133
sd3_fp16,CLIP-D,patch_max,/media/CrispyMcMarkInc/fake-images-img2img/00096_sd3_fp16_seed219_s30_g3.5_str0.3.png,fake,0.9129323959350586,0.47357892990112305
sd3_fp8,CLIP-D,patch_majority,/media/CrispyMcMarkInc/fake-images-img2img/00004_sd3_fp8_seed127_s30_g3.5_str0.3.png,real,0.0,0.4848642349243164
sd3_fp16,CLIP-D,grid_majority,/media/CrispyMcMarkInc/fake-images-img2img/00020_sd3_fp16_seed143_s30_g3.5_str0.3.png,real,0.0,0.20381641387939453
sd35_fp4,CLIP-D,patch_max,/media/CrispyMcMarkInc/fake-images-img2img/00064_sd35_fp4_seed187_s30_g3.5_str0.3.png,fake,0.6872668862342834,0.4766542911529541
sd15_fp8,CLIP-D,patch_majority,/media/CrispyMcMarkInc/fake-images-img2img/00027_sd15_fp8_seed150_s30_g3.5_str0.3.png,fake,1.0,0.49033451080322266
sd35_fp16,CLIP-D,grid_majority,/media/CrispyMcMarkInc/fake-images-img2img/00082_sd35_fp16_seed205_s30_g3.5_str0.3.png,real,0.0,0.20388269424438477
sd35_fp4,CLIP-D,patch_max,/media/CrispyMcMarkInc/fake-images-img2img/00060_sd35_fp4_seed183_s30_g3.5_str0.3.png,fake,0.9507649540901184,0.4807898998260498
sd3_fp4,CLIP-D,patch_majority,/media/CrispyMcMarkInc/fake-images-img2img/00029_sd3_fp4_seed152_s30_g3.5_str0.3.png,fake,1.0,0.5095016956329346
sd35_fp8,CLIP-D,grid_majority,/media/CrispyMcMarkInc/fake-images-img2img/00019_sd35_fp8_seed142_s30_g3.5_str0.3.png,real,0.0,0.20212173461914062
sd35_fp16,CLIP-D,patch_max,/media/CrispyMcMarkInc/fake-images-img2img/00089_sd35_fp16_seed212_s30_g3.5_str0.3.png,fake,0.7530044913291931,0.483309268951416
sd3_fp4,CLIP-D,patch_majority,/media/CrispyMcMarkInc/fake-images-img2img/00092_sd3_fp4_seed215_s30_g3.5_str0.3.png,real,0.0,0.513115644454956
sd35_fp4,CLIP-D,grid_majority,/media/CrispyMcMarkInc/fake-images-img2img/00088_sd35_fp4_seed211_s30_g3.5_str0.3.png,fake,1.0,0.2062692642211914
sd35_fp16,CLIP-D,patch_max,/media/CrispyMcMarkInc/fake-images-img2img/00086_sd35_fp16_seed209_s30_g3.5_str0.3.png,fake,0.8359870910644531,0.48732566833496094
sd3_fp16,CLIP-D,patch_majority,/media/CrispyMcMarkInc/fake-images-img2img/00075_sd3_fp16_seed198_s30_g3.5_str0.3.png,real,0.0,0.5271177291870117
sd3_fp4,CLIP-D,grid_majority,/media/CrispyMcMarkInc/fake-images-img2img/00095_sd3_fp4_seed218_s30_g3.5_str0.3.png,fake,1.0,0.2008380889892578
sd3_fp4,CLIP-D,patch_max,/media/CrispyMcMarkInc/fake-images-img2img/00062_sd3_fp4_seed185_s30_g3.5_str0.3.png,fake,0.991401731967926,0.4789395332336426
sd15_fp8,CLIP-D,patch_majority,/media/CrispyMcMarkInc/fake-images-img2img/00032_sd15_fp8_seed155_s30_g3.5_str0.3.png,fake,1.0,0.525198221206665
sd15_fp16,CLIP-D,grid_majority,/media/CrispyMcMarkInc/fake-images-img2img/00074_sd15_fp16_seed197_s30_g3.5_str0.3.png,real,0.0,0.2606515884399414
sd15_fp16,CLIP-D,patch_max,/media/CrispyMcMarkInc/fake-images-img2img/00026_sd15_fp16_seed149_s30_g3.5_str0.3.png,fake,0.8989180326461792,0.4787719249725342
sd15_fp8,CLIP-D,grid_majority,/media/CrispyMcMarkInc/fake-images-img2img/00079_sd15_fp8_seed202_s30_g3.5_str0.3.png,fake,1.0,0.40798282623291016
sd15_fp8,CLIP-D,patch_majority,/media/CrispyMcMarkInc/fake-images-img2img/00066_sd15_fp8_seed189_s30_g3.5_str0.3.png,fake,1.0,0.6334130764007568
sd3_fp4,CLIP-D,patch_max,/media/CrispyMcMarkInc/fake-images-img2img/00059_sd3_fp4_seed182_s30_g3.5_str0.3.png,fake,0.957434892654419,0.478161096572876
sd15_fp16,CLIP-D,grid_majority,/media/CrispyMcMarkInc/fake-images-img2img/00035_sd15_fp16_seed158_s30_g3.5_str0.3.png,fake,1.0,0.222944974899292
sd15_fp8,CLIP-D,patch_majority,/media/CrispyMcMarkInc/fake-images-img2img/00030_sd15_fp8_seed153_s30_g3.5_str0.3.png,fake,1.0,0.4780905246734619
sd15_fp8,CLIP-D,patch_max,/media/CrispyMcMarkInc/fake-images-img2img/00070_sd15_fp8_seed193_s30_g3.5_str0.3.png,fake,0.9560868144035339,0.5271339416503906
sd3_fp4,CLIP-D,grid_majority,/media/CrispyMcMarkInc/fake-images-img2img/00035_sd3_fp4_seed158_s30_g3.5_str0.3.png,real,0.0,0.22257423400878906
sd15_fp16,CLIP-D,patch_majority,/media/CrispyMcMarkInc/fake-images-img2img/00007_sd15_fp16_seed130_s30_g3.5_str0.3.png,real,0.0,0.49474573135375977
sd35_fp4,CLIP-D,patch_max,/media/CrispyMcMarkInc/fake-images-img2img/00006_sd35_fp4_seed129_s30_g3.5_str0.3.png,fake,0.9643819332122803,0.5223429203033447
sd15_fp4,CLIP-D,grid_majority,/media/CrispyMcMarkInc/fake-images-img2img/00010_sd15_fp4_seed133_s30_g3.5_str0.3.png,fake,1.0,0.22204303741455078
sd35_fp16,CLIP-D,patch_majority,/media/CrispyMcMarkInc/fake-images-img2img/00029_sd35_fp16_seed152_s30_g3.5_str0.3.png,fake,1.0,0.491518497467041
sd35_fp16,CLIP-D,patch_max,/media/CrispyMcMarkInc/fake-images-img2img/00015_sd35_fp16_seed138_s30_g3.5_str0.3.png,fake,0.88644939661026,0.5179421901702881
sd3_fp4,CLIP-D,grid_majority,/media/CrispyMcMarkInc/fake-images-img2img/00099_sd3_fp4_seed222_s30_g3.5_str0.3.png,fake,1.0,0.2530701160430908
sd15_fp16,CLIP-D,patch_majority,/media/CrispyMcMarkInc/fake-images-img2img/00039_sd15_fp16_seed162_s30_g3.5_str0.3.png,real,0.0,0.47916412353515625
sd3_fp8,CLIP-D,grid_majority,/media/CrispyMcMarkInc/fake-images-img2img/00058_sd3_fp8_seed181_s30_g3.5_str0.3.png,fake,1.0,0.3988008499145508
sd3_fp8,CLIP-D,patch_max,/media/CrispyMcMarkInc/fake-images-img2img/00075_sd3_fp8_seed198_s30_g3.5_str0.3.png,fake,0.934934675693512,0.6399822235107422
sd3_fp16,CLIP-D,patch_majority,/media/CrispyMcMarkInc/fake-images-img2img/00066_sd3_fp16_seed189_s30_g3.5_str0.3.png,real,0.0,0.4790985584259033
sd35_fp16,CLIP-D,grid_majority,/media/CrispyMcMarkInc/fake-images-img2img/00041_sd35_fp16_seed164_s30_g3.5_str0.3.png,real,0.0,0.22046399116516113
sd3_fp8,CLIP-D,patch_max,/media/CrispyMcMarkInc/fake-images-img2img/00025_sd3_fp8_seed148_s30_g3.5_str0.3.png,fake,0.8022156953811646,0.510028600692749
sd3_fp16,CLIP-D,patch_majority,/media/CrispyMcMarkInc/fake-images-img2img/00065_sd3_fp16_seed188_s30_g3.5_str0.3.png,real,0.0,0.48322033882141113
sd3_fp16,CLIP-D,grid_majority,/media/CrispyMcMarkInc/fake-images-img2img/00042_sd3_fp16_seed165_s30_g3.5_str0.3.png,real,0.0,0.20510435104370117
sd15_fp8,CLIP-D,patch_max,/media/CrispyMcMarkInc/fake-images-img2img/00089_sd15_fp8_seed212_s30_g3.5_str0.3.png,fake,0.9016034007072449,0.49174046516418457
sd15_fp4,CLIP-D,patch_majority,/media/CrispyMcMarkInc/fake-images-img2img/00006_sd15_fp4_seed129_s30_g3.5_str0.3.png,real,0.0,0.5354812145233154
sd15_fp8,CLIP-D,grid_majority,/media/CrispyMcMarkInc/fake-images-img2img/00080_sd15_fp8_seed203_s30_g3.5_str0.3.png,real,0.0,0.20026350021362305
sd15_fp16,CLIP-D,patch_max,/media/CrispyMcMarkInc/fake-images-img2img/00045_sd15_fp16_seed168_s30_g3.5_str0.3.png,fake,0.9001346826553345,0.48618531227111816
sd3_fp8,CLIP-D,patch_majority,/media/CrispyMcMarkInc/fake-images-img2img/00027_sd3_fp8_seed150_s30_g3.5_str0.3.png,fake,1.0,0.4824976921081543
sd35_fp16,CLIP-D,grid_majority,/media/CrispyMcMarkInc/fake-images-img2img/00046_sd35_fp16_seed169_s30_g3.5_str0.3.png,real,0.0,0.20343565940856934
sd15_fp16,CLIP-D,patch_max,/media/CrispyMcMarkInc/fake-images-img2img/00099_sd15_fp16_seed222_s30_g3.5_str0.3.png,fake,0.8595647811889648,0.49398303031921387
sd3_fp16,CLIP-D,patch_majority,/media/CrispyMcMarkInc/fake-images-img2img/00020_sd3_fp16_seed143_s30_g3.5_str0.3.png,real,0.0,0.4864664077758789
sd35_fp4,CLIP-D,grid_majority,/media/CrispyMcMarkInc/fake-images-img2img/00019_sd35_fp4_seed142_s30_g3.5_str0.3.png,real,0.0,0.19890046119689941
sd35_fp4,CLIP-D,patch_max,/media/CrispyMcMarkInc/fake-images-img2img/00020_sd35_fp4_seed143_s30_g3.5_str0.3.png,fake,0.6713019609451294,0.4898872375488281
sd35_fp16,CLIP-D,patch_majority,/media/CrispyMcMarkInc/fake-images-img2img/00082_sd35_fp16_seed205_s30_g3.5_str0.3.png,real,0.0,0.4876093864440918
sd3_fp4,CLIP-D,grid_majority,/media/CrispyMcMarkInc/fake-images-img2img/00073_sd3_fp4_seed196_s30_g3.5_str0.3.png,fake,1.0,0.20037555694580078
sd15_fp8,CLIP-D,patch_max,/media/CrispyMcMarkInc/fake-images-img2img/00009_sd15_fp8_seed132_s30_g3.5_str0.3.png,fake,0.8029286861419678,0.48947787284851074
sd35_fp8,CLIP-D,patch_majority,/media/CrispyMcMarkInc/fake-images-img2img/00019_sd35_fp8_seed142_s30_g3.5_str0.3.png,real,0.0,0.4751880168914795
sd3_fp16,CLIP-D,grid_majority,/media/CrispyMcMarkInc/fake-images-img2img/00015_sd3_fp16_seed138_s30_g3.5_str0.3.png,real,0.0,0.19935107231140137
sd35_fp16,CLIP-D,patch_max,/media/CrispyMcMarkInc/fake-images-img2img/00087_sd35_fp16_seed210_s30_g3.5_str0.3.png,fake,0.9937253594398499,0.5060405731201172
sd35_fp4,CLIP-D,patch_majority,/media/CrispyMcMarkInc/fake-images-img2img/00088_sd35_fp4_seed211_s30_g3.5_str0.3.png,fake,1.0,0.4803965091705322
sd3_fp4,CLIP-D,grid_majority,/media/CrispyMcMarkInc/fake-images-img2img/00025_sd3_fp4_seed148_s30_g3.5_str0.3.png,real,0.0,0.19921112060546875
sd3_fp4,CLIP-D,patch_max,/media/CrispyMcMarkInc/fake-images-img2img/00009_sd3_fp4_seed132_s30_g3.5_str0.3.png,fake,0.9111324548721313,0.4833688735961914
sd3_fp4,CLIP-D,patch_majority,/media/CrispyMcMarkInc/fake-images-img2img/00095_sd3_fp4_seed218_s30_g3.5_str0.3.png,fake,1.0,0.47717714309692383
sd3_fp8,CLIP-D,grid_majority,/media/CrispyMcMarkInc/fake-images-img2img/00057_sd3_fp8_seed180_s30_g3.5_str0.3.png,real,0.0,0.19882917404174805
sd35_fp16,CLIP-D,patch_max,/media/CrispyMcMarkInc/fake-images-img2img/00030_sd35_fp16_seed153_s30_g3.5_str0.3.png,fake,0.9825694561004639,0.48299670219421387
sd15_fp16,CLIP-D,patch_majority,/media/CrispyMcMarkInc/fake-images-img2img/00074_sd15_fp16_seed197_s30_g3.5_str0.3.png,real,0.0,0.47841715812683105
sd15_fp8,CLIP-D,grid_majority,/media/CrispyMcMarkInc/fake-images-img2img/00092_sd15_fp8_seed215_s30_g3.5_str0.3.png,real,0.0,0.19846367835998535
sd35_fp8,CLIP-D,patch_max,/media/CrispyMcMarkInc/fake-images-img2img/00047_sd35_fp8_seed170_s30_g3.5_str0.3.png,fake,0.9988295435905457,0.4783294200897217
sd15_fp8,CLIP-D,patch_majority,/media/CrispyMcMarkInc/fake-images-img2img/00079_sd15_fp8_seed202_s30_g3.5_str0.3.png,fake,1.0,0.48467063903808594
sd3_fp16,CLIP-D,grid_majority,/media/CrispyMcMarkInc/fake-images-img2img/00000_sd3_fp16_seed123_s30_g3.5_str0.3.png,fake,1.0,0.201310396194458
sd3_fp4,CLIP-D,patch_max,/media/CrispyMcMarkInc/fake-images-img2img/00054_sd3_fp4_seed177_s30_g3.5_str0.3.png,fake,0.9705902934074402,0.4730856418609619
sd15_fp16,CLIP-D,patch_majority,/media/CrispyMcMarkInc/fake-images-img2img/00035_sd15_fp16_seed158_s30_g3.5_str0.3.png,fake,1.0,0.48578381538391113
sd35_fp4,CLIP-D,grid_majority,/media/CrispyMcMarkInc/fake-images-img2img/00029_sd35_fp4_seed152_s30_g3.5_str0.3.png,fake,1.0,0.22022366523742676
sd35_fp8,CLIP-D,patch_max,/media/CrispyMcMarkInc/fake-images-img2img/00028_sd35_fp8_seed151_s30_g3.5_str0.3.png,fake,0.9953488707542419,0.476102352142334
sd3_fp4,CLIP-D,patch_majority,/media/CrispyMcMarkInc/fake-images-img2img/00035_sd3_fp4_seed158_s30_g3.5_str0.3.png,real,0.0,0.4826381206512451
sd3_fp8,CLIP-D,grid_majority,/media/CrispyMcMarkInc/fake-images-img2img/00016_sd3_fp8_seed139_s30_g3.5_str0.3.png,real,0.0,0.19887948036193848
sd35_fp16,CLIP-D,patch_max,/media/CrispyMcMarkInc/fake-images-img2img/00010_sd35_fp16_seed133_s30_g3.5_str0.3.png,fake,0.9485101103782654,0.4767289161682129
sd15_fp4,CLIP-D,patch_majority,/media/CrispyMcMarkInc/fake-images-img2img/00010_sd15_fp4_seed133_s30_g3.5_str0.3.png,fake,1.0,0.48550868034362793
sd3_fp8,CLIP-D,grid_majority,/media/CrispyMcMarkInc/fake-images-img2img/00006_sd3_fp8_seed129_s30_g3.5_str0.3.png,real,0.0,0.23047471046447754
sd15_fp8,CLIP-D,patch_max,/media/CrispyMcMarkInc/fake-images-img2img/00047_sd15_fp8_seed170_s30_g3.5_str0.3.png,fake,0.994441568851471,0.47542667388916016
sd3_fp4,CLIP-D,patch_majority,/media/CrispyMcMarkInc/fake-images-img2img/00099_sd3_fp4_seed222_s30_g3.5_str0.3.png,real,0.0,0.477536678314209
sd35_fp8,CLIP-D,grid_majority,/media/CrispyMcMarkInc/fake-images-img2img/00090_sd35_fp8_seed213_s30_g3.5_str0.3.png,real,0.0,0.2039189338684082
sd15_fp4,CLIP-D,patch_max,/media/CrispyMcMarkInc/fake-images-img2img/00082_sd15_fp4_seed205_s30_g3.5_str0.3.png,fake,0.9744631052017212,0.5117967128753662
sd3_fp8,CLIP-D,patch_majority,/media/CrispyMcMarkInc/fake-images-img2img/00058_sd3_fp8_seed181_s30_g3.5_str0.3.png,fake,1.0,0.4938676357269287
sd35_fp8,CLIP-D,grid_majority,/media/CrispyMcMarkInc/fake-images-img2img/00059_sd35_fp8_seed182_s30_g3.5_str0.3.png,real,0.0,0.20213031768798828
sd3_fp8,CLIP-D,patch_max,/media/CrispyMcMarkInc/fake-images-img2img/00008_sd3_fp8_seed131_s30_g3.5_str0.3.png,fake,0.7641588449478149,0.4830501079559326
sd35_fp16,CLIP-D,patch_majority,/media/CrispyMcMarkInc/fake-images-img2img/00041_sd35_fp16_seed164_s30_g3.5_str0.3.png,real,0.0,0.5181131362915039
sd3_fp16,CLIP-D,grid_majority,/media/CrispyMcMarkInc/fake-images-img2img/00092_sd3_fp16_seed215_s30_g3.5_str0.3.png,real,0.0,0.20183444023132324
sd15_fp4,CLIP-D,patch_max,/media/CrispyMcMarkInc/fake-images-img2img/00051_sd15_fp4_seed174_s30_g3.5_str0.3.png,fake,0.9392088651657104,0.4942302703857422
sd3_fp16,CLIP-D,patch_majority,/media/CrispyMcMarkInc/fake-images-img2img/00042_sd3_fp16_seed165_s30_g3.5_str0.3.png,real,0.0,0.5228118896484375
sd15_fp16,CLIP-D,grid_majority,/media/CrispyMcMarkInc/fake-images-img2img/00072_sd15_fp16_seed195_s30_g3.5_str0.3.png,fake,1.0,0.20201897621154785
sd15_fp16,CLIP-D,patch_max,/media/CrispyMcMarkInc/fake-images-img2img/00018_sd15_fp16_seed141_s30_g3.5_str0.3.png,fake,0.9529467225074768,0.5004165172576904
sd15_fp8,CLIP-D,patch_majority,/media/CrispyMcMarkInc/fake-images-img2img/00080_sd15_fp8_seed203_s30_g3.5_str0.3.png,real,0.0,0.5210757255554199
sd35_fp4,CLIP-D,grid_majority,/media/CrispyMcMarkInc/fake-images-img2img/00072_sd35_fp4_seed195_s30_g3.5_str0.3.png,fake,1.0,0.20310616493225098
sd3_fp4,CLIP-D,patch_max,/media/CrispyMcMarkInc/fake-images-img2img/00002_sd3_fp4_seed125_s30_g3.5_str0.3.png,fake,0.9872495532035828,0.488452672958374
sd35_fp16,CLIP-D,patch_majority,/media/CrispyMcMarkInc/fake-images-img2img/00046_sd35_fp16_seed169_s30_g3.5_str0.3.png,real,0.0,0.5831267833709717
sd15_fp16,CLIP-D,grid_majority,/media/CrispyMcMarkInc/fake-images-img2img/00005_sd15_fp16_seed128_s30_g3.5_str0.3.png,real,0.0,0.3389616012573242
sd15_fp4,CLIP-D,patch_max,/media/CrispyMcMarkInc/fake-images-img2img/00005_sd15_fp4_seed128_s30_g3.5_str0.3.png,fake,0.9364569187164307,0.481952428817749
sd35_fp4,CLIP-D,patch_majority,/media/CrispyMcMarkInc/fake-images-img2img/00019_sd35_fp4_seed142_s30_g3.5_str0.3.png,real,0.0,0.5759186744689941
sd35_fp4,CLIP-D,grid_majority,/media/CrispyMcMarkInc/fake-images-img2img/00070_sd35_fp4_seed193_s30_g3.5_str0.3.png,real,0.0,0.3338353633880615
sd35_fp4,CLIP-D,patch_max,/media/CrispyMcMarkInc/fake-images-img2img/00040_sd35_fp4_seed163_s30_g3.5_str0.3.png,fake,0.9898713231086731,0.4737589359283447
sd3_fp4,CLIP-D,patch_majority,/media/CrispyMcMarkInc/fake-images-img2img/00073_sd3_fp4_seed196_s30_g3.5_str0.3.png,fake,1.0,0.515953779220581
sd3_fp16,CLIP-D,grid_majority,/media/CrispyMcMarkInc/fake-images-img2img/00003_sd3_fp16_seed126_s30_g3.5_str0.3.png,fake,1.0,0.2238614559173584
sd3_fp8,CLIP-D,patch_max,/media/CrispyMcMarkInc/fake-images-img2img/00034_sd3_fp8_seed157_s30_g3.5_str0.3.png,fake,0.881138801574707,0.47886133193969727
sd3_fp16,CLIP-D,patch_majority,/media/CrispyMcMarkInc/fake-images-img2img/00015_sd3_fp16_seed138_s30_g3.5_str0.3.png,real,0.0,0.5267903804779053
sd35_fp16,CLIP-D,grid_majority,/media/CrispyMcMarkInc/fake-images-img2img/00067_sd35_fp16_seed190_s30_g3.5_str0.3.png,real,0.0,0.20273327827453613
sd3_fp8,CLIP-D,patch_max,/media/CrispyMcMarkInc/fake-images-img2img/00077_sd3_fp8_seed200_s30_g3.5_str0.3.png,fake,0.9823933839797974,0.48418331146240234
sd3_fp4,CLIP-D,patch_majority,/media/CrispyMcMarkInc/fake-images-img2img/00025_sd3_fp4_seed148_s30_g3.5_str0.3.png,real,0.0,0.5242280960083008
sd35_fp8,CLIP-D,grid_majority,/media/CrispyMcMarkInc/fake-images-img2img/00053_sd35_fp8_seed176_s30_g3.5_str0.3.png,real,0.0,0.2000441551208496
sd3_fp4,CLIP-D,patch_max,/media/CrispyMcMarkInc/fake-images-img2img/00084_sd3_fp4_seed207_s30_g3.5_str0.3.png,fake,0.8872514963150024,0.48076868057250977
sd3_fp8,CLIP-D,patch_majority,/media/CrispyMcMarkInc/fake-images-img2img/00057_sd3_fp8_seed180_s30_g3.5_str0.3.png,real,0.0,0.5248391628265381
sd15_fp16,CLIP-D,grid_majority,/media/CrispyMcMarkInc/fake-images-img2img/00076_sd15_fp16_seed199_s30_g3.5_str0.3.png,real,0.0,0.20478343963623047
sd15_fp8,CLIP-D,patch_max,/media/CrispyMcMarkInc/fake-images-img2img/00011_sd15_fp8_seed134_s30_g3.5_str0.3.png,fake,0.9328629970550537,0.4885976314544678
sd15_fp8,CLIP-D,patch_majority,/media/CrispyMcMarkInc/fake-images-img2img/00092_sd15_fp8_seed215_s30_g3.5_str0.3.png,real,0.0,0.5804603099822998
sd3_fp4,CLIP-D,grid_majority,/media/CrispyMcMarkInc/fake-images-img2img/00001_sd3_fp4_seed124_s30_g3.5_str0.3.png,fake,1.0,0.3122444152832031
sd15_fp4,CLIP-D,patch_max,/media/CrispyMcMarkInc/fake-images-img2img/00028_sd15_fp4_seed151_s30_g3.5_str0.3.png,fake,0.9798390865325928,0.4778616428375244
sd15_fp16,CLIP-D,grid_majority,/media/CrispyMcMarkInc/fake-images-img2img/00090_sd15_fp16_seed213_s30_g3.5_str0.3.png,real,0.0,0.40917062759399414
sd3_fp16,CLIP-D,patch_majority,/media/CrispyMcMarkInc/fake-images-img2img/00000_sd3_fp16_seed123_s30_g3.5_str0.3.png,fake,1.0,0.6373624801635742
sd35_fp4,CLIP-D,patch_max,/media/CrispyMcMarkInc/fake-images-img2img/00047_sd35_fp4_seed170_s30_g3.5_str0.3.png,fake,0.9990949630737305,0.47713541984558105
sd35_fp4,CLIP-D,grid_majority,/media/CrispyMcMarkInc/fake-images-img2img/00084_sd35_fp4_seed207_s30_g3.5_str0.3.png,real,0.0,0.2174079418182373
sd35_fp4,CLIP-D,patch_majority,/media/CrispyMcMarkInc/fake-images-img2img/00029_sd35_fp4_seed152_s30_g3.5_str0.3.png,fake,1.0,0.5772640705108643
sd3_fp8,CLIP-D,patch_max,/media/CrispyMcMarkInc/fake-images-img2img/00092_sd3_fp8_seed215_s30_g3.5_str0.3.png,fake,0.9277010560035706,0.508197546005249
sd35_fp4,CLIP-D,grid_majority,/media/CrispyMcMarkInc/fake-images-img2img/00052_sd35_fp4_seed175_s30_g3.5_str0.3.png,real,0.0,0.21631073951721191
sd3_fp8,CLIP-D,patch_majority,/media/CrispyMcMarkInc/fake-images-img2img/00016_sd3_fp8_seed139_s30_g3.5_str0.3.png,real,0.0,0.4807155132293701
sd35_fp8,CLIP-D,patch_max,/media/CrispyMcMarkInc/fake-images-img2img/00076_sd35_fp8_seed199_s30_g3.5_str0.3.png,fake,0.9733354449272156,0.5272789001464844
sd35_fp8,CLIP-D,grid_majority,/media/CrispyMcMarkInc/fake-images-img2img/00042_sd35_fp8_seed165_s30_g3.5_str0.3.png,real,0.0,0.21961045265197754
sd3_fp8,CLIP-D,patch_majority,/media/CrispyMcMarkInc/fake-images-img2img/00006_sd3_fp8_seed129_s30_g3.5_str0.3.png,real,0.0,0.4954206943511963
sd3_fp8,CLIP-D,patch_max,/media/CrispyMcMarkInc/fake-images-img2img/00066_sd3_fp8_seed189_s30_g3.5_str0.3.png,fake,0.8646959066390991,0.5182695388793945
sd15_fp16,CLIP-D,grid_majority,/media/CrispyMcMarkInc/fake-images-img2img/00047_sd15_fp16_seed170_s30_g3.5_str0.3.png,fake,1.0,0.22746491432189941
sd35_fp8,CLIP-D,patch_majority,/media/CrispyMcMarkInc/fake-images-img2img/00090_sd35_fp8_seed213_s30_g3.5_str0.3.png,real,0.0,0.49159693717956543
sd35_fp8,CLIP-D,patch_max,/media/CrispyMcMarkInc/fake-images-img2img/00011_sd35_fp8_seed134_s30_g3.5_str0.3.png,fake,0.8672734498977661,0.5204689502716064
sd35_fp8,CLIP-D,grid_majority,/media/CrispyMcMarkInc/fake-images-img2img/00068_sd35_fp8_seed191_s30_g3.5_str0.3.png,real,0.0,0.2272810935974121
sd35_fp8,CLIP-D,patch_majority,/media/CrispyMcMarkInc/fake-images-img2img/00059_sd35_fp8_seed182_s30_g3.5_str0.3.png,real,0.0,0.49240970611572266
sd15_fp8,CLIP-D,patch_max,/media/CrispyMcMarkInc/fake-images-img2img/00020_sd15_fp8_seed143_s30_g3.5_str0.3.png,fake,0.7330803275108337,0.5257339477539062
sd3_fp16,CLIP-D,grid_majority,/media/CrispyMcMarkInc/fake-images-img2img/00090_sd3_fp16_seed213_s30_g3.5_str0.3.png,real,0.0,0.21873879432678223
sd3_fp16,CLIP-D,patch_majority,/media/CrispyMcMarkInc/fake-images-img2img/00092_sd3_fp16_seed215_s30_g3.5_str0.3.png,real,0.0,0.49507880210876465
sd15_fp4,CLIP-D,patch_max,/media/CrispyMcMarkInc/fake-images-img2img/00075_sd15_fp4_seed198_s30_g3.5_str0.3.png,fake,0.8231986165046692,0.5179972648620605
sd15_fp16,CLIP-D,grid_majority,/media/CrispyMcMarkInc/fake-images-img2img/00012_sd15_fp16_seed135_s30_g3.5_str0.3.png,fake,1.0,0.2347574234008789
sd15_fp16,CLIP-D,patch_majority,/media/CrispyMcMarkInc/fake-images-img2img/00072_sd15_fp16_seed195_s30_g3.5_str0.3.png,fake,1.0,0.48362112045288086
sd35_fp4,CLIP-D,grid_majority,/media/CrispyMcMarkInc/fake-images-img2img/00045_sd35_fp4_seed168_s30_g3.5_str0.3.png,real,0.0,0.3919408321380615
sd35_fp4,CLIP-D,patch_max,/media/CrispyMcMarkInc/fake-images-img2img/00079_sd35_fp4_seed202_s30_g3.5_str0.3.png,fake,0.8325324058532715,0.6270251274108887
sd35_fp4,CLIP-D,patch_majority,/media/CrispyMcMarkInc/fake-images-img2img/00072_sd35_fp4_seed195_s30_g3.5_str0.3.png,fake,1.0,0.4789695739746094
sd15_fp4,CLIP-D,grid_majority,/media/CrispyMcMarkInc/fake-images-img2img/00021_sd15_fp4_seed144_s30_g3.5_str0.3.png,real,0.0,0.22661352157592773
sd3_fp16,CLIP-D,patch_max,/media/CrispyMcMarkInc/fake-images-img2img/00095_sd3_fp16_seed218_s30_g3.5_str0.3.png,fake,0.9789851903915405,0.5141506195068359
sd15_fp16,CLIP-D,patch_majority,/media/CrispyMcMarkInc/fake-images-img2img/00005_sd15_fp16_seed128_s30_g3.5_str0.3.png,real,0.0,0.48364877700805664
sd3_fp16,CLIP-D,grid_majority,/media/CrispyMcMarkInc/fake-images-img2img/00005_sd3_fp16_seed128_s30_g3.5_str0.3.png,real,0.0,0.20524215698242188
sd15_fp8,CLIP-D,patch_max,/media/CrispyMcMarkInc/fake-images-img2img/00029_sd15_fp8_seed152_s30_g3.5_str0.3.png,fake,0.979762852191925,0.4854471683502197
sd35_fp4,CLIP-D,patch_majority,/media/CrispyMcMarkInc/fake-images-img2img/00070_sd35_fp4_seed193_s30_g3.5_str0.3.png,fake,1.0,0.48468589782714844
sd35_fp4,CLIP-D,grid_majority,/media/CrispyMcMarkInc/fake-images-img2img/00082_sd35_fp4_seed205_s30_g3.5_str0.3.png,real,0.0,0.2018260955810547
sd3_fp4,CLIP-D,patch_max,/media/CrispyMcMarkInc/fake-images-img2img/00043_sd3_fp4_seed166_s30_g3.5_str0.3.png,fake,0.9897281527519226,0.5142924785614014
sd3_fp16,CLIP-D,patch_majority,/media/CrispyMcMarkInc/fake-images-img2img/00003_sd3_fp16_seed126_s30_g3.5_str0.3.png,fake,1.0,0.48229551315307617
sd15_fp8,CLIP-D,grid_majority,/media/CrispyMcMarkInc/fake-images-img2img/00002_sd15_fp8_seed125_s30_g3.5_str0.3.png,real,0.0,0.2024388313293457
sd15_fp16,CLIP-D,patch_max,/media/CrispyMcMarkInc/fake-images-img2img/00053_sd15_fp16_seed176_s30_g3.5_str0.3.png,fake,0.9028737545013428,0.49700260162353516
sd35_fp16,CLIP-D,patch_majority,/media/CrispyMcMarkInc/fake-images-img2img/00067_sd35_fp16_seed190_s30_g3.5_str0.3.png,real,0.0,0.489546537399292
sd3_fp8,CLIP-D,grid_majority,/media/CrispyMcMarkInc/fake-images-img2img/00044_sd3_fp8_seed167_s30_g3.5_str0.3.png,fake,1.0,0.20111870765686035
sd15_fp8,CLIP-D,patch_max,/media/CrispyMcMarkInc/fake-images-img2img/00003_sd15_fp8_seed126_s30_g3.5_str0.3.png,fake,0.9773398041725159,0.4893631935119629
sd35_fp8,CLIP-D,patch_majority,/media/CrispyMcMarkInc/fake-images-img2img/00053_sd35_fp8_seed176_s30_g3.5_str0.3.png,real,0.0,0.5008788108825684
sd35_fp4,CLIP-D,grid_majority,/media/CrispyMcMarkInc/fake-images-img2img/00099_sd35_fp4_seed222_s30_g3.5_str0.3.png,real,0.0,0.1990067958831787
sd15_fp8,CLIP-D,patch_max,/media/CrispyMcMarkInc/fake-images-img2img/00021_sd15_fp8_seed144_s30_g3.5_str0.3.png,fake,0.9544852375984192,0.4832446575164795
sd15_fp16,CLIP-D,patch_majority,/media/CrispyMcMarkInc/fake-images-img2img/00076_sd15_fp16_seed199_s30_g3.5_str0.3.png,real,0.0,0.4831883907318115
sd15_fp16,CLIP-D,grid_majority,/media/CrispyMcMarkInc/fake-images-img2img/00065_sd15_fp16_seed188_s30_g3.5_str0.3.png,real,0.0,0.20168185234069824
sd15_fp16,CLIP-D,patch_max,/media/CrispyMcMarkInc/fake-images-img2img/00058_sd15_fp16_seed181_s30_g3.5_str0.3.png,fake,0.9635114073753357,0.4907553195953369
sd3_fp4,CLIP-D,patch_majority,/media/CrispyMcMarkInc/fake-images-img2img/00001_sd3_fp4_seed124_s30_g3.5_str0.3.png,fake,1.0,0.47672295570373535
sd35_fp16,CLIP-D,grid_majority,/media/CrispyMcMarkInc/fake-images-img2img/00000_sd35_fp16_seed123_s30_g3.5_str0.3.png,fake,1.0,0.20254230499267578
sd35_fp4,CLIP-D,patch_max,/media/CrispyMcMarkInc/fake-images-img2img/00043_sd35_fp4_seed166_s30_g3.5_str0.3.png,fake,0.9885060787200928,0.5021970272064209
sd15_fp16,CLIP-D,patch_majority,/media/CrispyMcMarkInc/fake-images-img2img/00090_sd15_fp16_seed213_s30_g3.5_str0.3.png,real,0.0,0.4865291118621826
sd35_fp4,CLIP-D,grid_majority,/media/CrispyMcMarkInc/fake-images-img2img/00015_sd35_fp4_seed138_s30_g3.5_str0.3.png,real,0.0,0.199296236038208
sd3_fp4,CLIP-D,patch_max,/media/CrispyMcMarkInc/fake-images-img2img/00088_sd3_fp4_seed211_s30_g3.5_str0.3.png,fake,0.9851952791213989,0.4821317195892334
sd35_fp4,CLIP-D,patch_majority,/media/CrispyMcMarkInc/fake-images-img2img/00084_sd35_fp4_seed207_s30_g3.5_str0.3.png,real,0.0,0.48075270652770996
sd15_fp4,CLIP-D,grid_majority,/media/CrispyMcMarkInc/fake-images-img2img/00017_sd15_fp4_seed140_s30_g3.5_str0.3.png,fake,1.0,0.19973063468933105
sd3_fp4,CLIP-D,patch_max,/media/CrispyMcMarkInc/fake-images-img2img/00030_sd3_fp4_seed153_s30_g3.5_str0.3.png,fake,0.9855729937553406,0.4795222282409668
sd35_fp4,CLIP-D,patch_majority,/media/CrispyMcMarkInc/fake-images-img2img/00052_sd35_fp4_seed175_s30_g3.5_str0.3.png,real,0.0,0.481640100479126
sd35_fp8,CLIP-D,grid_majority,/media/CrispyMcMarkInc/fake-images-img2img/00054_sd35_fp8_seed177_s30_g3.5_str0.3.png,real,0.0,0.19571924209594727
sd35_fp8,CLIP-D,patch_max,/media/CrispyMcMarkInc/fake-images-img2img/00039_sd35_fp8_seed162_s30_g3.5_str0.3.png,fake,0.779948890209198,0.47733449935913086
sd35_fp8,CLIP-D,patch_majority,/media/CrispyMcMarkInc/fake-images-img2img/00042_sd35_fp8_seed165_s30_g3.5_str0.3.png,real,0.0,0.4811747074127197
sd15_fp8,CLIP-D,grid_majority,/media/CrispyMcMarkInc/fake-images-img2img/00052_sd15_fp8_seed175_s30_g3.5_str0.3.png,real,0.0,0.20114636421203613
sd15_fp8,CLIP-D,patch_max,/media/CrispyMcMarkInc/fake-images-img2img/00072_sd15_fp8_seed195_s30_g3.5_str0.3.png,fake,0.99795001745224,0.47596287727355957
sd15_fp16,CLIP-D,patch_majority,/media/CrispyMcMarkInc/fake-images-img2img/00047_sd15_fp16_seed170_s30_g3.5_str0.3.png,fake,1.0,0.48529624938964844
sd35_fp8,CLIP-D,grid_majority,/media/CrispyMcMarkInc/fake-images-img2img/00095_sd35_fp8_seed218_s30_g3.5_str0.3.png,fake,1.0,0.2215421199798584
sd3_fp8,CLIP-D,patch_max,/media/CrispyMcMarkInc/fake-images-img2img/00042_sd3_fp8_seed165_s30_g3.5_str0.3.png,fake,0.6862490177154541,0.4750478267669678
sd35_fp8,CLIP-D,patch_majority,/media/CrispyMcMarkInc/fake-images-img2img/00068_sd35_fp8_seed191_s30_g3.5_str0.3.png,real,0.0,0.48273372650146484
sd15_fp8,CLIP-D,grid_majority,/media/CrispyMcMarkInc/fake-images-img2img/00057_sd15_fp8_seed180_s30_g3.5_str0.3.png,real,0.0,0.2002248764038086
sd35_fp4,CLIP-D,patch_max,/media/CrispyMcMarkInc/fake-images-img2img/00087_sd35_fp4_seed210_s30_g3.5_str0.3.png,fake,0.9784638285636902,0.47745251655578613
sd3_fp16,CLIP-D,patch_majority,/media/CrispyMcMarkInc/fake-images-img2img/00090_sd3_fp16_seed213_s30_g3.5_str0.3.png,real,0.0,0.4792931079864502
sd3_fp8,CLIP-D,grid_majority,/media/CrispyMcMarkInc/fake-images-img2img/00073_sd3_fp8_seed196_s30_g3.5_str0.3.png,real,0.0,0.23727726936340332
sd3_fp16,CLIP-D,patch_max,/media/CrispyMcMarkInc/fake-images-img2img/00079_sd3_fp16_seed202_s30_g3.5_str0.3.png,fake,0.936669647693634,0.4816756248474121
sd15_fp16,CLIP-D,patch_majority,/media/CrispyMcMarkInc/fake-images-img2img/00012_sd15_fp16_seed135_s30_g3.5_str0.3.png,fake,1.0,0.48343515396118164
sd35_fp8,CLIP-D,grid_majority,/media/CrispyMcMarkInc/fake-images-img2img/00050_sd35_fp8_seed173_s30_g3.5_str0.3.png,real,0.0,0.19958806037902832
sd35_fp16,CLIP-D,patch_max,/media/CrispyMcMarkInc/fake-images-img2img/00081_sd35_fp16_seed204_s30_g3.5_str0.3.png,real,0.3386094272136688,0.4765901565551758
sd35_fp4,CLIP-D,patch_majority,/media/CrispyMcMarkInc/fake-images-img2img/00045_sd35_fp4_seed168_s30_g3.5_str0.3.png,real,0.0,0.4983482360839844
sd3_fp4,CLIP-D,grid_majority,/media/CrispyMcMarkInc/fake-images-img2img/00049_sd3_fp4_seed172_s30_g3.5_str0.3.png,fake,1.0,0.20271587371826172
sd35_fp8,CLIP-D,patch_max,/media/CrispyMcMarkInc/fake-images-img2img/00052_sd35_fp8_seed175_s30_g3.5_str0.3.png,fake,0.9388886094093323,0.4810173511505127
sd15_fp4,CLIP-D,patch_majority,/media/CrispyMcMarkInc/fake-images-img2img/00021_sd15_fp4_seed144_s30_g3.5_str0.3.png,real,0.0,0.520857572555542
sd15_fp8,CLIP-D,grid_majority,/media/CrispyMcMarkInc/fake-images-img2img/00026_sd15_fp8_seed149_s30_g3.5_str0.3.png,real,0.0,0.2030479907989502
sd35_fp16,CLIP-D,patch_max,/media/CrispyMcMarkInc/fake-images-img2img/00020_sd35_fp16_seed143_s30_g3.5_str0.3.png,fake,0.5836067199707031,0.482738733291626
sd3_fp16,CLIP-D,patch_majority,/media/CrispyMcMarkInc/fake-images-img2img/00005_sd3_fp16_seed128_s30_g3.5_str0.3.png,real,0.0,0.5159573554992676
sd35_fp8,CLIP-D,grid_majority,/media/CrispyMcMarkInc/fake-images-img2img/00097_sd35_fp8_seed220_s30_g3.5_str0.3.png,fake,1.0,0.20247483253479004
sd15_fp4,CLIP-D,patch_max,/media/CrispyMcMarkInc/fake-images-img2img/00064_sd15_fp4_seed187_s30_g3.5_str0.3.png,fake,0.8168463110923767,0.4868967533111572
sd35_fp4,CLIP-D,patch_majority,/media/CrispyMcMarkInc/fake-images-img2img/00082_sd35_fp4_seed205_s30_g3.5_str0.3.png,real,0.0,0.5222864151000977
sd15_fp16,CLIP-D,grid_majority,/media/CrispyMcMarkInc/fake-images-img2img/00051_sd15_fp16_seed174_s30_g3.5_str0.3.png,real,0.0,0.20265483856201172
sd15_fp4,CLIP-D,patch_max,/media/CrispyMcMarkInc/fake-images-img2img/00025_sd15_fp4_seed148_s30_g3.5_str0.3.png,fake,0.9676649570465088,0.4869081974029541
sd15_fp8,CLIP-D,patch_majority,/media/CrispyMcMarkInc/fake-images-img2img/00002_sd15_fp8_seed125_s30_g3.5_str0.3.png,real,0.0,0.5260875225067139
sd15_fp8,CLIP-D,grid_majority,/media/CrispyMcMarkInc/fake-images-img2img/00054_sd15_fp8_seed177_s30_g3.5_str0.3.png,real,0.0,0.202073335647583
sd3_fp16,CLIP-D,patch_max,/media/CrispyMcMarkInc/fake-images-img2img/00037_sd3_fp16_seed160_s30_g3.5_str0.3.png,fake,0.9143700003623962,0.4803018569946289
sd3_fp8,CLIP-D,patch_majority,/media/CrispyMcMarkInc/fake-images-img2img/00044_sd3_fp8_seed167_s30_g3.5_str0.3.png,real,0.0,0.5176661014556885
sd3_fp4,CLIP-D,grid_majority,/media/CrispyMcMarkInc/fake-images-img2img/00093_sd3_fp4_seed216_s30_g3.5_str0.3.png,fake,1.0,0.2035531997680664
sd3_fp16,CLIP-D,patch_max,/media/CrispyMcMarkInc/fake-images-img2img/00050_sd3_fp16_seed173_s30_g3.5_str0.3.png,fake,0.9846286773681641,0.4803626537322998
sd35_fp4,CLIP-D,patch_majority,/media/CrispyMcMarkInc/fake-images-img2img/00099_sd35_fp4_seed222_s30_g3.5_str0.3.png,real,0.0,0.5237674713134766
sd3_fp16,CLIP-D,grid_majority,/media/CrispyMcMarkInc/fake-images-img2img/00096_sd3_fp16_seed219_s30_g3.5_str0.3.png,real,0.0,0.20492005348205566
sd15_fp16,CLIP-D,patch_max,/media/CrispyMcMarkInc/fake-images-img2img/00093_sd15_fp16_seed216_s30_g3.5_str0.3.png,fake,0.9558106064796448,0.48480772972106934
sd15_fp16,CLIP-D,patch_majority,/media/CrispyMcMarkInc/fake-images-img2img/00065_sd15_fp16_seed188_s30_g3.5_str0.3.png,fake,1.0,0.5223484039306641
sd35_fp4,CLIP-D,grid_majority,/media/CrispyMcMarkInc/fake-images-img2img/00064_sd35_fp4_seed187_s30_g3.5_str0.3.png,real,0.0,0.2030627727508545
sd3_fp16,CLIP-D,patch_max,/media/CrispyMcMarkInc/fake-images-img2img/00061_sd3_fp16_seed184_s30_g3.5_str0.3.png,fake,0.9158684015274048,0.4955458641052246
sd35_fp16,CLIP-D,patch_majority,/media/CrispyMcMarkInc/fake-images-img2img/00000_sd35_fp16_seed123_s30_g3.5_str0.3.png,fake,1.0,0.5247843265533447
sd35_fp4,CLIP-D,grid_majority,/media/CrispyMcMarkInc/fake-images-img2img/00060_sd35_fp4_seed183_s30_g3.5_str0.3.png,real,0.0,0.2038877010345459
sd15_fp16,CLIP-D,patch_max,/media/CrispyMcMarkInc/fake-images-img2img/00006_sd15_fp16_seed129_s30_g3.5_str0.3.png,fake,0.9137460589408875,0.4928257465362549
sd35_fp4,CLIP-D,patch_majority,/media/CrispyMcMarkInc/fake-images-img2img/00015_sd35_fp4_seed138_s30_g3.5_str0.3.png,real,0.0,0.5246889591217041
sd35_fp16,CLIP-D,grid_majority,/media/CrispyMcMarkInc/fake-images-img2img/00089_sd35_fp16_seed212_s30_g3.5_str0.3.png,real,0.0,0.20369791984558105
sd35_fp8,CLIP-D,patch_max,/media/CrispyMcMarkInc/fake-images-img2img/00036_sd35_fp8_seed159_s30_g3.5_str0.3.png,fake,0.986628532409668,0.4834733009338379
sd15_fp4,CLIP-D,patch_majority,/media/CrispyMcMarkInc/fake-images-img2img/00017_sd15_fp4_seed140_s30_g3.5_str0.3.png,fake,1.0,0.5271940231323242
sd35_fp16,CLIP-D,grid_majority,/media/CrispyMcMarkInc/fake-images-img2img/00086_sd35_fp16_seed209_s30_g3.5_str0.3.png,real,0.0,0.20247364044189453
sd15_fp8,CLIP-D,patch_max,/media/CrispyMcMarkInc/fake-images-img2img/00078_sd15_fp8_seed201_s30_g3.5_str0.3.png,fake,0.9697181582450867,0.4858245849609375
sd35_fp8,CLIP-D,patch_majority,/media/CrispyMcMarkInc/fake-images-img2img/00054_sd35_fp8_seed177_s30_g3.5_str0.3.png,real,0.0,0.5811123847961426
sd3_fp4,CLIP-D,grid_majority,/media/CrispyMcMarkInc/fake-images-img2img/00062_sd3_fp4_seed185_s30_g3.5_str0.3.png,fake,1.0,0.3232731819152832
sd15_fp16,CLIP-D,patch_max,/media/CrispyMcMarkInc/fake-images-img2img/00041_sd15_fp16_seed164_s30_g3.5_str0.3.png,fake,0.8235024809837341,0.4775376319885254
sd15_fp16,CLIP-D,grid_majority,/media/CrispyMcMarkInc/fake-images-img2img/00026_sd15_fp16_seed149_s30_g3.5_str0.3.png,real,0.0,0.3935389518737793
sd15_fp8,CLIP-D,patch_majority,/media/CrispyMcMarkInc/fake-images-img2img/00052_sd15_fp8_seed175_s30_g3.5_str0.3.png,real,0.0,0.6199259757995605
sd15_fp4,CLIP-D,patch_max,/media/CrispyMcMarkInc/fake-images-img2img/00055_sd15_fp4_seed178_s30_g3.5_str0.3.png,fake,0.914925217628479,0.4810917377471924
sd3_fp4,CLIP-D,grid_majority,/media/CrispyMcMarkInc/fake-images-img2img/00059_sd3_fp4_seed182_s30_g3.5_str0.3.png,real,0.0,0.22498726844787598
sd35_fp8,CLIP-D,patch_majority,/media/CrispyMcMarkInc/fake-images-img2img/00095_sd35_fp8_seed218_s30_g3.5_str0.3.png,fake,1.0,0.509423017501831
sd35_fp16,CLIP-D,patch_max,/media/CrispyMcMarkInc/fake-images-img2img/00083_sd35_fp16_seed206_s30_g3.5_str0.3.png,fake,0.9948370456695557,0.5045573711395264
sd15_fp8,CLIP-D,grid_majority,/media/CrispyMcMarkInc/fake-images-img2img/00070_sd15_fp8_seed193_s30_g3.5_str0.3.png,real,0.0,0.2176804542541504
sd15_fp8,CLIP-D,patch_majority,/media/CrispyMcMarkInc/fake-images-img2img/00057_sd15_fp8_seed180_s30_g3.5_str0.3.png,real,0.0,0.4864363670349121
sd35_fp8,CLIP-D,patch_max,/media/CrispyMcMarkInc/fake-images-img2img/00048_sd35_fp8_seed171_s30_g3.5_str0.3.png,fake,0.9938479065895081,0.5220654010772705
sd35_fp4,CLIP-D,grid_majority,/media/CrispyMcMarkInc/fake-images-img2img/00006_sd35_fp4_seed129_s30_g3.5_str0.3.png,real,0.0,0.21870827674865723
sd3_fp8,CLIP-D,patch_majority,/media/CrispyMcMarkInc/fake-images-img2img/00073_sd3_fp8_seed196_s30_g3.5_str0.3.png,real,0.0,0.4965503215789795
sd35_fp4,CLIP-D,patch_max,/media/CrispyMcMarkInc/fake-images-img2img/00030_sd35_fp4_seed153_s30_g3.5_str0.3.png,fake,0.9785875678062439,0.522597074508667
sd35_fp16,CLIP-D,grid_majority,/media/CrispyMcMarkInc/fake-images-img2img/00015_sd35_fp16_seed138_s30_g3.5_str0.3.png,real,0.0,0.2780930995941162
sd35_fp8,CLIP-D,patch_majority,/media/CrispyMcMarkInc/fake-images-img2img/00050_sd35_fp8_seed173_s30_g3.5_str0.3.png,real,0.0,0.4747655391693115
sd3_fp8,CLIP-D,grid_majority,/media/CrispyMcMarkInc/fake-images-img2img/00075_sd3_fp8_seed198_s30_g3.5_str0.3.png,real,0.0,0.38963770866394043
sd3_fp8,CLIP-D,patch_max,/media/CrispyMcMarkInc/fake-images-img2img/00046_sd3_fp8_seed169_s30_g3.5_str0.3.png,fake,0.9051793813705444,0.6425516605377197
sd3_fp4,CLIP-D,patch_majority,/media/CrispyMcMarkInc/fake-images-img2img/00049_sd3_fp4_seed172_s30_g3.5_str0.3.png,fake,1.0,0.48603105545043945
sd3_fp8,CLIP-D,grid_majority,/media/CrispyMcMarkInc/fake-images-img2img/00025_sd3_fp8_seed148_s30_g3.5_str0.3.png,real,0.0,0.22320961952209473
sd15_fp4,CLIP-D,patch_max,/media/CrispyMcMarkInc/fake-images-img2img/00071_sd15_fp4_seed194_s30_g3.5_str0.3.png,fake,0.9401581287384033,0.5139462947845459
sd15_fp8,CLIP-D,patch_majority,/media/CrispyMcMarkInc/fake-images-img2img/00026_sd15_fp8_seed149_s30_g3.5_str0.3.png,real,0.0,0.4776575565338135
sd15_fp8,CLIP-D,grid_majority,/media/CrispyMcMarkInc/fake-images-img2img/00089_sd15_fp8_seed212_s30_g3.5_str0.3.png,real,0.0,0.2042856216430664
sd3_fp8,CLIP-D,patch_max,/media/CrispyMcMarkInc/fake-images-img2img/00061_sd3_fp8_seed184_s30_g3.5_str0.3.png,fake,0.9043315052986145,0.4898364543914795
sd35_fp8,CLIP-D,patch_majority,/media/CrispyMcMarkInc/fake-images-img2img/00097_sd35_fp8_seed220_s30_g3.5_str0.3.png,fake,1.0,0.47261595726013184
sd15_fp16,CLIP-D,grid_majority,/media/CrispyMcMarkInc/fake-images-img2img/00045_sd15_fp16_seed168_s30_g3.5_str0.3.png,real,0.0,0.20226502418518066
sd35_fp16,CLIP-D,patch_max,/media/CrispyMcMarkInc/fake-images-img2img/00027_sd35_fp16_seed150_s30_g3.5_str0.3.png,fake,0.973564088344574,0.5081429481506348
sd15_fp16,CLIP-D,patch_majority,/media/CrispyMcMarkInc/fake-images-img2img/00051_sd15_fp16_seed174_s30_g3.5_str0.3.png,real,0.0,0.4801480770111084
sd15_fp16,CLIP-D,grid_majority,/media/CrispyMcMarkInc/fake-images-img2img/00099_sd15_fp16_seed222_s30_g3.5_str0.3.png,real,0.0,0.20224952697753906
sd35_fp8,CLIP-D,patch_max,/media/CrispyMcMarkInc/fake-images-img2img/00065_sd35_fp8_seed188_s30_g3.5_str0.3.png,fake,0.9923772811889648,0.4925992488861084
sd15_fp8,CLIP-D,patch_majority,/media/CrispyMcMarkInc/fake-images-img2img/00054_sd15_fp8_seed177_s30_g3.5_str0.3.png,real,0.0,0.50063157081604
sd35_fp4,CLIP-D,grid_majority,/media/CrispyMcMarkInc/fake-images-img2img/00020_sd35_fp4_seed143_s30_g3.5_str0.3.png,real,0.0,0.2018883228302002
sd35_fp16,CLIP-D,patch_max,/media/CrispyMcMarkInc/fake-images-img2img/00009_sd35_fp16_seed132_s30_g3.5_str0.3.png,fake,0.6332365870475769,0.48207664489746094
sd3_fp4,CLIP-D,patch_majority,/media/CrispyMcMarkInc/fake-images-img2img/00093_sd3_fp4_seed216_s30_g3.5_str0.3.png,fake,1.0,0.47823190689086914
sd15_fp8,CLIP-D,grid_majority,/media/CrispyMcMarkInc/fake-images-img2img/00009_sd15_fp8_seed132_s30_g3.5_str0.3.png,real,0.0,0.19714903831481934
sd3_fp16,CLIP-D,patch_max,/media/CrispyMcMarkInc/fake-images-img2img/00004_sd3_fp16_seed127_s30_g3.5_str0.3.png,fake,0.6028090119361877,0.49860453605651855
sd3_fp16,CLIP-D,patch_majority,/media/CrispyMcMarkInc/fake-images-img2img/00096_sd3_fp16_seed219_s30_g3.5_str0.3.png,real,0.0,0.48185181617736816
sd35_fp16,CLIP-D,grid_majority,/media/CrispyMcMarkInc/fake-images-img2img/00087_sd35_fp16_seed210_s30_g3.5_str0.3.png,fake,1.0,0.19817256927490234
sd3_fp16,CLIP-D,patch_max,/media/CrispyMcMarkInc/fake-images-img2img/00049_sd3_fp16_seed172_s30_g3.5_str0.3.png,fake,0.9880317449569702,0.49660325050354004
sd35_fp4,CLIP-D,patch_majority,/media/CrispyMcMarkInc/fake-images-img2img/00064_sd35_fp4_seed187_s30_g3.5_str0.3.png,real,0.0,0.4795875549316406
sd3_fp4,CLIP-D,grid_majority,/media/CrispyMcMarkInc/fake-images-img2img/00009_sd3_fp4_seed132_s30_g3.5_str0.3.png,real,0.0,0.19878268241882324
sd35_fp16,CLIP-D,patch_max,/media/CrispyMcMarkInc/fake-images-img2img/00052_sd35_fp16_seed175_s30_g3.5_str0.3.png,fake,0.8253936767578125,0.48473453521728516
sd35_fp4,CLIP-D,patch_majority,/media/CrispyMcMarkInc/fake-images-img2img/00060_sd35_fp4_seed183_s30_g3.5_str0.3.png,real,0.0,0.483945369720459
sd35_fp16,CLIP-D,grid_majority,/media/CrispyMcMarkInc/fake-images-img2img/00030_sd35_fp16_seed153_s30_g3.5_str0.3.png,fake,1.0,0.19762659072875977
sd15_fp16,CLIP-D,patch_max,/media/CrispyMcMarkInc/fake-images-img2img/00034_sd15_fp16_seed157_s30_g3.5_str0.3.png,fake,0.9088396430015564,0.46947503089904785
sd35_fp16,CLIP-D,patch_majority,/media/CrispyMcMarkInc/fake-images-img2img/00089_sd35_fp16_seed212_s30_g3.5_str0.3.png,real,0.0,0.4832954406738281
sd35_fp8,CLIP-D,grid_majority,/media/CrispyMcMarkInc/fake-images-img2img/00047_sd35_fp8_seed170_s30_g3.5_str0.3.png,fake,1.0,0.19833993911743164
sd15_fp8,CLIP-D,patch_max,/media/CrispyMcMarkInc/fake-images-img2img/00086_sd15_fp8_seed209_s30_g3.5_str0.3.png,fake,0.8873467445373535,0.4874396324157715
sd35_fp16,CLIP-D,patch_majority,/media/CrispyMcMarkInc/fake-images-img2img/00086_sd35_fp16_seed209_s30_g3.5_str0.3.png,real,0.0,0.4821348190307617
sd3_fp4,CLIP-D,grid_majority,/media/CrispyMcMarkInc/fake-images-img2img/00054_sd3_fp4_seed177_s30_g3.5_str0.3.png,fake,1.0,0.20009756088256836
sd3_fp16,CLIP-D,patch_max,/media/CrispyMcMarkInc/fake-images-img2img/00028_sd3_fp16_seed151_s30_g3.5_str0.3.png,fake,0.9894047975540161,0.4799680709838867
sd3_fp4,CLIP-D,patch_majority,/media/CrispyMcMarkInc/fake-images-img2img/00062_sd3_fp4_seed185_s30_g3.5_str0.3.png,fake,1.0,0.4819169044494629
sd35_fp8,CLIP-D,grid_majority,/media/CrispyMcMarkInc/fake-images-img2img/00028_sd35_fp8_seed151_s30_g3.5_str0.3.png,real,0.0,0.2013232707977295
sd3_fp8,CLIP-D,patch_max,/media/CrispyMcMarkInc/fake-images-img2img/00022_sd3_fp8_seed145_s30_g3.5_str0.3.png,fake,0.7014368772506714,0.4756433963775635
sd15_fp16,CLIP-D,patch_majority,/media/CrispyMcMarkInc/fake-images-img2img/00026_sd15_fp16_seed149_s30_g3.5_str0.3.png,real,0.0,0.4837210178375244
sd35_fp16,CLIP-D,grid_majority,/media/CrispyMcMarkInc/fake-images-img2img/00010_sd35_fp16_seed133_s30_g3.5_str0.3.png,real,0.0,0.20160341262817383
sd35_fp16,CLIP-D,patch_max,/media/CrispyMcMarkInc/fake-images-img2img/00024_sd35_fp16_seed147_s30_g3.5_str0.3.png,fake,0.9905237555503845,0.47898411750793457
sd3_fp4,CLIP-D,patch_majority,/media/CrispyMcMarkInc/fake-images-img2img/00059_sd3_fp4_seed182_s30_g3.5_str0.3.png,real,0.0,0.47747159004211426
sd15_fp8,CLIP-D,grid_majority,/media/CrispyMcMarkInc/fake-images-img2img/00047_sd15_fp8_seed170_s30_g3.5_str0.3.png,fake,1.0,0.20566415786743164
sd15_fp8,CLIP-D,patch_max,/media/CrispyMcMarkInc/fake-images-img2img/00084_sd15_fp8_seed207_s30_g3.5_str0.3.png,fake,0.9499500393867493,0.4781773090362549
sd15_fp8,CLIP-D,patch_majority,/media/CrispyMcMarkInc/fake-images-img2img/00070_sd15_fp8_seed193_s30_g3.5_str0.3.png,real,0.0,0.4782557487487793
sd15_fp4,CLIP-D,grid_majority,/media/CrispyMcMarkInc/fake-images-img2img/00082_sd15_fp4_seed205_s30_g3.5_str0.3.png,fake,1.0,0.20723247528076172
sd15_fp4,CLIP-D,patch_max,/media/CrispyMcMarkInc/fake-images-img2img/00057_sd15_fp4_seed180_s30_g3.5_str0.3.png,fake,0.6524317860603333,0.47939157485961914
sd35_fp4,CLIP-D,patch_majority,/media/CrispyMcMarkInc/fake-images-img2img/00006_sd35_fp4_seed129_s30_g3.5_str0.3.png,real,0.0,0.4902040958404541
sd3_fp8,CLIP-D,grid_majority,/media/CrispyMcMarkInc/fake-images-img2img/00008_sd3_fp8_seed131_s30_g3.5_str0.3.png,real,0.0,0.20422935485839844
sd3_fp16,CLIP-D,patch_max,/media/CrispyMcMarkInc/fake-images-img2img/00006_sd3_fp16_seed129_s30_g3.5_str0.3.png,fake,0.8880636096000671,0.4836306571960449
sd35_fp16,CLIP-D,patch_majority,/media/CrispyMcMarkInc/fake-images-img2img/00015_sd35_fp16_seed138_s30_g3.5_str0.3.png,real,0.0,0.5083107948303223
sd15_fp4,CLIP-D,grid_majority,/media/CrispyMcMarkInc/fake-images-img2img/00051_sd15_fp4_seed174_s30_g3.5_str0.3.png,real,0.0,0.20459485054016113
sd3_fp8,CLIP-D,patch_max,/media/CrispyMcMarkInc/fake-images-img2img/00029_sd3_fp8_seed152_s30_g3.5_str0.3.png,fake,0.9980304837226868,0.4873077869415283
sd3_fp8,CLIP-D,patch_majority,/media/CrispyMcMarkInc/fake-images-img2img/00075_sd3_fp8_seed198_s30_g3.5_str0.3.png,real,0.0,0.5264737606048584
sd15_fp16,CLIP-D,grid_majority,/media/CrispyMcMarkInc/fake-images-img2img/00018_sd15_fp16_seed141_s30_g3.5_str0.3.png,real,0.0,0.20570158958435059
sd35_fp16,CLIP-D,patch_max,/media/CrispyMcMarkInc/fake-images-img2img/00032_sd35_fp16_seed155_s30_g3.5_str0.3.png,fake,0.9630821347236633,0.484250545501709
sd3_fp8,CLIP-D,patch_majority,/media/CrispyMcMarkInc/fake-images-img2img/00025_sd3_fp8_seed148_s30_g3.5_str0.3.png,real,0.0,0.575383186340332
sd3_fp4,CLIP-D,grid_majority,/media/CrispyMcMarkInc/fake-images-img2img/00002_sd3_fp4_seed125_s30_g3.5_str0.3.png,real,0.0,0.33430933952331543
sd3_fp16,CLIP-D,patch_max,/media/CrispyMcMarkInc/fake-images-img2img/00069_sd3_fp16_seed192_s30_g3.5_str0.3.png,fake,0.9642987251281738,0.47857093811035156
sd15_fp8,CLIP-D,patch_majority,/media/CrispyMcMarkInc/fake-images-img2img/00089_sd15_fp8_seed212_s30_g3.5_str0.3.png,real,0.0,0.5246827602386475
sd15_fp4,CLIP-D,grid_majority,/media/CrispyMcMarkInc/fake-images-img2img/00005_sd15_fp4_seed128_s30_g3.5_str0.3.png,real,0.0,0.20306015014648438
sd3_fp16,CLIP-D,patch_max,/media/CrispyMcMarkInc/fake-images-img2img/00083_sd3_fp16_seed206_s30_g3.5_str0.3.png,fake,0.9950287938117981,0.481860876083374
sd15_fp16,CLIP-D,patch_majority,/media/CrispyMcMarkInc/fake-images-img2img/00045_sd15_fp16_seed168_s30_g3.5_str0.3.png,real,0.0,0.5282824039459229
sd35_fp4,CLIP-D,grid_majority,/media/CrispyMcMarkInc/fake-images-img2img/00040_sd35_fp4_seed163_s30_g3.5_str0.3.png,fake,1.0,0.20145034790039062
sd15_fp8,CLIP-D,patch_max,/media/CrispyMcMarkInc/fake-images-img2img/00008_sd15_fp8_seed131_s30_g3.5_str0.3.png,fake,0.8167670965194702,0.4940829277038574
sd15_fp16,CLIP-D,patch_majority,/media/CrispyMcMarkInc/fake-images-img2img/00099_sd15_fp16_seed222_s30_g3.5_str0.3.png,real,0.0,0.5267982482910156
sd3_fp8,CLIP-D,grid_majority,/media/CrispyMcMarkInc/fake-images-img2img/00034_sd3_fp8_seed157_s30_g3.5_str0.3.png,real,0.0,0.20686864852905273
sd15_fp8,CLIP-D,patch_max,/media/CrispyMcMarkInc/fake-images-img2img/00064_sd15_fp8_seed187_s30_g3.5_str0.3.png,fake,0.8182290196418762,0.48770904541015625
sd35_fp4,CLIP-D,patch_majority,/media/CrispyMcMarkInc/fake-images-img2img/00020_sd35_fp4_seed143_s30_g3.5_str0.3.png,real,0.0,0.5304603576660156
sd3_fp8,CLIP-D,grid_majority,/media/CrispyMcMarkInc/fake-images-img2img/00077_sd3_fp8_seed200_s30_g3.5_str0.3.png,fake,1.0,0.20350098609924316
sd3_fp4,CLIP-D,patch_max,/media/CrispyMcMarkInc/fake-images-img2img/00031_sd3_fp4_seed154_s30_g3.5_str0.3.png,fake,0.9626255631446838,0.4900534152984619
sd15_fp8,CLIP-D,patch_majority,/media/CrispyMcMarkInc/fake-images-img2img/00009_sd15_fp8_seed132_s30_g3.5_str0.3.png,real,0.0,0.525090217590332
sd3_fp4,CLIP-D,grid_majority,/media/CrispyMcMarkInc/fake-images-img2img/00084_sd3_fp4_seed207_s30_g3.5_str0.3.png,fake,1.0,0.24205350875854492
sd35_fp4,CLIP-D,patch_max,/media/CrispyMcMarkInc/fake-images-img2img/00041_sd35_fp4_seed164_s30_g3.5_str0.3.png,fake,0.9683143496513367,0.4780702590942383
sd15_fp8,CLIP-D,grid_majority,/media/CrispyMcMarkInc/fake-images-img2img/00011_sd15_fp8_seed134_s30_g3.5_str0.3.png,real,0.0,0.3635587692260742
sd35_fp16,CLIP-D,patch_majority,/media/CrispyMcMarkInc/fake-images-img2img/00087_sd35_fp16_seed210_s30_g3.5_str0.3.png,fake,1.0,0.6320972442626953
sd15_fp16,CLIP-D,patch_max,/media/CrispyMcMarkInc/fake-images-img2img/00068_sd15_fp16_seed191_s30_g3.5_str0.3.png,fake,0.9096951484680176,0.48152899742126465
sd15_fp4,CLIP-D,grid_majority,/media/CrispyMcMarkInc/fake-images-img2img/00028_sd15_fp4_seed151_s30_g3.5_str0.3.png,fake,1.0,0.2242264747619629
sd3_fp4,CLIP-D,patch_majority,/media/CrispyMcMarkInc/fake-images-img2img/00009_sd3_fp4_seed132_s30_g3.5_str0.3.png,real,0.0,0.5056955814361572
sd15_fp8,CLIP-D,patch_max,/media/CrispyMcMarkInc/fake-images-img2img/00055_sd15_fp8_seed178_s30_g3.5_str0.3.png,fake,0.9352715611457825,0.5194847583770752
sd35_fp4,CLIP-D,grid_majority,/media/CrispyMcMarkInc/fake-images-img2img/00047_sd35_fp4_seed170_s30_g3.5_str0.3.png,fake,1.0,0.21528315544128418
sd35_fp16,CLIP-D,patch_majority,/media/CrispyMcMarkInc/fake-images-img2img/00030_sd35_fp16_seed153_s30_g3.5_str0.3.png,fake,1.0,0.4846067428588867
sd15_fp16,CLIP-D,patch_max,/media/CrispyMcMarkInc/fake-images-img2img/00044_sd15_fp16_seed167_s30_g3.5_str0.3.png,fake,0.9899135828018188,0.5201845169067383
sd3_fp8,CLIP-D,grid_majority,/media/CrispyMcMarkInc/fake-images-img2img/00092_sd3_fp8_seed215_s30_g3.5_str0.3.png,real,0.0,0.27451372146606445
sd35_fp8,CLIP-D,patch_majority,/media/CrispyMcMarkInc/fake-images-img2img/00047_sd35_fp8_seed170_s30_g3.5_str0.3.png,fake,1.0,0.4758729934692383
sd35_fp8,CLIP-D,grid_majority,/media/CrispyMcMarkInc/fake-images-img2img/00076_sd35_fp8_seed199_s30_g3.5_str0.3.png,real,0.0,0.36281371116638184
sd15_fp8,CLIP-D,patch_max,/media/CrispyMcMarkInc/fake-images-img2img/00004_sd15_fp8_seed127_s30_g3.5_str0.3.png,fake,0.8809804916381836,0.6261177062988281
sd3_fp4,CLIP-D,patch_majority,/media/CrispyMcMarkInc/fake-images-img2img/00054_sd3_fp4_seed177_s30_g3.5_str0.3.png,real,0.0,0.49369192123413086
sd3_fp8,CLIP-D,grid_majority,/media/CrispyMcMarkInc/fake-images-img2img/00066_sd3_fp8_seed189_s30_g3.5_str0.3.png,real,0.0,0.20535683631896973
sd15_fp8,CLIP-D,patch_max,/media/CrispyMcMarkInc/fake-images-img2img/00053_sd15_fp8_seed176_s30_g3.5_str0.3.png,fake,0.8816969990730286,0.5215260982513428
sd35_fp8,CLIP-D,patch_majority,/media/CrispyMcMarkInc/fake-images-img2img/00028_sd35_fp8_seed151_s30_g3.5_str0.3.png,real,0.0,0.4757041931152344
sd35_fp8,CLIP-D,grid_majority,/media/CrispyMcMarkInc/fake-images-img2img/00011_sd35_fp8_seed134_s30_g3.5_str0.3.png,real,0.0,0.20226550102233887
sd3_fp4,CLIP-D,patch_max,/media/CrispyMcMarkInc/fake-images-img2img/00024_sd3_fp4_seed147_s30_g3.5_str0.3.png,fake,0.9972437620162964,0.5249483585357666
sd35_fp16,CLIP-D,patch_majority,/media/CrispyMcMarkInc/fake-images-img2img/00010_sd35_fp16_seed133_s30_g3.5_str0.3.png,real,0.0,0.4798767566680908
sd15_fp8,CLIP-D,grid_majority,/media/CrispyMcMarkInc/fake-images-img2img/00020_sd15_fp8_seed143_s30_g3.5_str0.3.png,real,0.0,0.20313453674316406
sd35_fp16,CLIP-D,patch_max,/media/CrispyMcMarkInc/fake-images-img2img/00050_sd35_fp16_seed173_s30_g3.5_str0.3.png,fake,0.9779813885688782,0.4889545440673828
sd15_fp8,CLIP-D,patch_majority,/media/CrispyMcMarkInc/fake-images-img2img/00047_sd15_fp8_seed170_s30_g3.5_str0.3.png,fake,1.0,0.48383498191833496
sd15_fp4,CLIP-D,grid_majority,/media/CrispyMcMarkInc/fake-images-img2img/00075_sd15_fp4_seed198_s30_g3.5_str0.3.png,real,0.0,0.20102810859680176
sd3_fp16,CLIP-D,patch_max,/media/CrispyMcMarkInc/fake-images-img2img/00088_sd3_fp16_seed211_s30_g3.5_str0.3.png,fake,0.9335535764694214,0.4863865375518799
sd15_fp4,CLIP-D,patch_majority,/media/CrispyMcMarkInc/fake-images-img2img/00082_sd15_fp4_seed205_s30_g3.5_str0.3.png,fake,1.0,0.4828519821166992
sd35_fp4,CLIP-D,grid_majority,/media/CrispyMcMarkInc/fake-images-img2img/00079_sd35_fp4_seed202_s30_g3.5_str0.3.png,real,0.0,0.19908595085144043
sd35_fp8,CLIP-D,patch_max,/media/CrispyMcMarkInc/fake-images-img2img/00056_sd35_fp8_seed179_s30_g3.5_str0.3.png,fake,0.959846019744873,0.4833214282989502
sd3_fp8,CLIP-D,patch_majority,/media/CrispyMcMarkInc/fake-images-img2img/00008_sd3_fp8_seed131_s30_g3.5_str0.3.png,real,0.0,0.48216867446899414
sd3_fp16,CLIP-D,grid_majority,/media/CrispyMcMarkInc/fake-images-img2img/00095_sd3_fp16_seed218_s30_g3.5_str0.3.png,fake,1.0,0.20075082778930664
sd15_fp4,CLIP-D,patch_max,/media/CrispyMcMarkInc/fake-images-img2img/00003_sd15_fp4_seed126_s30_g3.5_str0.3.png,fake,0.9710744023323059,0.5113723278045654
sd15_fp4,CLIP-D,patch_majority,/media/CrispyMcMarkInc/fake-images-img2img/00051_sd15_fp4_seed174_s30_g3.5_str0.3.png,real,0.0,0.48329710960388184
sd15_fp8,CLIP-D,grid_majority,/media/CrispyMcMarkInc/fake-images-img2img/00029_sd15_fp8_seed152_s30_g3.5_str0.3.png,fake,1.0,0.20076394081115723
sd3_fp16,CLIP-D,patch_max,/media/CrispyMcMarkInc/fake-images-img2img/00011_sd3_fp16_seed134_s30_g3.5_str0.3.png,fake,0.9197575449943542,0.4831066131591797
sd15_fp16,CLIP-D,patch_majority,/media/CrispyMcMarkInc/fake-images-img2img/00018_sd15_fp16_seed141_s30_g3.5_str0.3.png,real,0.0,0.4840121269226074
sd3_fp4,CLIP-D,grid_majority,/media/CrispyMcMarkInc/fake-images-img2img/00043_sd3_fp4_seed166_s30_g3.5_str0.3.png,fake,1.0,0.19827699661254883
sd3_fp4,CLIP-D,patch_max,/media/CrispyMcMarkInc/fake-images-img2img/00090_sd3_fp4_seed213_s30_g3.5_str0.3.png,fake,0.974388837814331,0.4744548797607422
sd3_fp4,CLIP-D,patch_majority,/media/CrispyMcMarkInc/fake-images-img2img/00002_sd3_fp4_seed125_s30_g3.5_str0.3.png,real,0.0,0.48135924339294434
sd15_fp16,CLIP-D,grid_majority,/media/CrispyMcMarkInc/fake-images-img2img/00053_sd15_fp16_seed176_s30_g3.5_str0.3.png,real,0.0,0.19876408576965332
sd15_fp8,CLIP-D,patch_max,/media/CrispyMcMarkInc/fake-images-img2img/00061_sd15_fp8_seed184_s30_g3.5_str0.3.png,fake,0.9586312174797058,0.48691844940185547
sd15_fp4,CLIP-D,patch_majority,/media/CrispyMcMarkInc/fake-images-img2img/00005_sd15_fp4_seed128_s30_g3.5_str0.3.png,real,0.0,0.48320817947387695
sd15_fp8,CLIP-D,grid_majority,/media/CrispyMcMarkInc/fake-images-img2img/00003_sd15_fp8_seed126_s30_g3.5_str0.3.png,fake,1.0,0.20064735412597656
sd3_fp8,CLIP-D,patch_max,/media/CrispyMcMarkInc/fake-images-img2img/00028_sd3_fp8_seed151_s30_g3.5_str0.3.png,fake,0.992002010345459,0.4826028347015381
sd35_fp4,CLIP-D,patch_majority,/media/CrispyMcMarkInc/fake-images-img2img/00040_sd35_fp4_seed163_s30_g3.5_str0.3.png,fake,1.0,0.47950315475463867
sd15_fp8,CLIP-D,grid_majority,/media/CrispyMcMarkInc/fake-images-img2img/00021_sd15_fp8_seed144_s30_g3.5_str0.3.png,real,0.0,0.2021024227142334
sd15_fp4,CLIP-D,patch_max,/media/CrispyMcMarkInc/fake-images-img2img/00014_sd15_fp4_seed137_s30_g3.5_str0.3.png,fake,0.8557415008544922,0.4801483154296875
sd3_fp8,CLIP-D,patch_majority,/media/CrispyMcMarkInc/fake-images-img2img/00034_sd3_fp8_seed157_s30_g3.5_str0.3.png,real,0.0,0.48095083236694336
sd15_fp16,CLIP-D,grid_majority,/media/CrispyMcMarkInc/fake-images-img2img/00058_sd15_fp16_seed181_s30_g3.5_str0.3.png,real,0.0,0.2017805576324463
sd15_fp4,CLIP-D,patch_max,/media/CrispyMcMarkInc/fake-images-img2img/00040_sd15_fp4_seed163_s30_g3.5_str0.3.png,fake,0.983467161655426,0.4759864807128906
sd3_fp8,CLIP-D,patch_majority,/media/CrispyMcMarkInc/fake-images-img2img/00077_sd3_fp8_seed200_s30_g3.5_str0.3.png,fake,1.0,0.48453807830810547
sd35_fp4,CLIP-D,grid_majority,/media/CrispyMcMarkInc/fake-images-img2img/00043_sd35_fp4_seed166_s30_g3.5_str0.3.png,fake,1.0,0.2186117172241211
sd35_fp4,CLIP-D,patch_max,/media/CrispyMcMarkInc/fake-images-img2img/00034_sd35_fp4_seed157_s30_g3.5_str0.3.png,fake,0.853646457195282,0.4784221649169922
sd3_fp4,CLIP-D,patch_majority,/media/CrispyMcMarkInc/fake-images-img2img/00084_sd3_fp4_seed207_s30_g3.5_str0.3.png,fake,1.0,0.4816727638244629
sd3_fp4,CLIP-D,grid_majority,/media/CrispyMcMarkInc/fake-images-img2img/00088_sd3_fp4_seed211_s30_g3.5_str0.3.png,fake,1.0,0.20576691627502441
sd15_fp4,CLIP-D,patch_max,/media/CrispyMcMarkInc/fake-images-img2img/00020_sd15_fp4_seed143_s30_g3.5_str0.3.png,fake,0.7609825730323792,0.4750685691833496
sd15_fp8,CLIP-D,patch_majority,/media/CrispyMcMarkInc/fake-images-img2img/00011_sd15_fp8_seed134_s30_g3.5_str0.3.png,real,0.0,0.49289917945861816
sd3_fp4,CLIP-D,grid_majority,/media/CrispyMcMarkInc/fake-images-img2img/00030_sd3_fp4_seed153_s30_g3.5_str0.3.png,fake,1.0,0.20256757736206055
sd35_fp8,CLIP-D,patch_max,/media/CrispyMcMarkInc/fake-images-img2img/00093_sd35_fp8_seed216_s30_g3.5_str0.3.png,fake,0.9758200645446777,0.48718690872192383
sd15_fp4,CLIP-D,patch_majority,/media/CrispyMcMarkInc/fake-images-img2img/00028_sd15_fp4_seed151_s30_g3.5_str0.3.png,fake,1.0,0.5218710899353027
sd35_fp8,CLIP-D,grid_majority,/media/CrispyMcMarkInc/fake-images-img2img/00039_sd35_fp8_seed162_s30_g3.5_str0.3.png,real,0.0,0.20232295989990234
sd15_fp8,CLIP-D,patch_max,/media/CrispyMcMarkInc/fake-images-img2img/00090_sd15_fp8_seed213_s30_g3.5_str0.3.png,fake,0.8577702641487122,0.4826996326446533
sd15_fp8,CLIP-D,grid_majority,/media/CrispyMcMarkInc/fake-images-img2img/00072_sd15_fp8_seed195_s30_g3.5_str0.3.png,fake,1.0,0.40569591522216797
sd35_fp4,CLIP-D,patch_majority,/media/CrispyMcMarkInc/fake-images-img2img/00047_sd35_fp4_seed170_s30_g3.5_str0.3.png,fake,1.0,0.6080193519592285
sd35_fp8,CLIP-D,patch_max,/media/CrispyMcMarkInc/fake-images-img2img/00088_sd35_fp8_seed211_s30_g3.5_str0.3.png,fake,0.9273750185966492,0.48083925247192383
sd3_fp8,CLIP-D,grid_majority,/media/CrispyMcMarkInc/fake-images-img2img/00042_sd3_fp8_seed165_s30_g3.5_str0.3.png,real,0.0,0.22385931015014648
sd3_fp8,CLIP-D,patch_majority,/media/CrispyMcMarkInc/fake-images-img2img/00092_sd3_fp8_seed215_s30_g3.5_str0.3.png,real,0.0,0.506629467010498
sd3_fp4,CLIP-D,patch_max,/media/CrispyMcMarkInc/fake-images-img2img/00015_sd3_fp4_seed138_s30_g3.5_str0.3.png,fake,0.9496363401412964,0.5178413391113281
sd35_fp4,CLIP-D,grid_majority,/media/CrispyMcMarkInc/fake-images-img2img/00087_sd35_fp4_seed210_s30_g3.5_str0.3.png,fake,1.0,0.2214069366455078
sd35_fp8,CLIP-D,patch_majority,/media/CrispyMcMarkInc/fake-images-img2img/00076_sd35_fp8_seed199_s30_g3.5_str0.3.png,real,0.0,0.4927330017089844
sd15_fp16,CLIP-D,patch_max,/media/CrispyMcMarkInc/fake-images-img2img/00024_sd15_fp16_seed147_s30_g3.5_str0.3.png,fake,0.9261829257011414,0.5292437076568604
sd3_fp16,CLIP-D,grid_majority,/media/CrispyMcMarkInc/fake-images-img2img/00079_sd3_fp16_seed202_s30_g3.5_str0.3.png,real,0.0,0.21659350395202637
sd3_fp8,CLIP-D,patch_majority,/media/CrispyMcMarkInc/fake-images-img2img/00066_sd3_fp8_seed189_s30_g3.5_str0.3.png,real,0.0,0.4948301315307617
sd35_fp16,CLIP-D,patch_max,/media/CrispyMcMarkInc/fake-images-img2img/00019_sd35_fp16_seed142_s30_g3.5_str0.3.png,fake,0.9193180203437805,0.5230381488800049
sd35_fp16,CLIP-D,grid_majority,/media/CrispyMcMarkInc/fake-images-img2img/00081_sd35_fp16_seed204_s30_g3.5_str0.3.png,real,0.0,0.21867680549621582
sd35_fp8,CLIP-D,patch_majority,/media/CrispyMcMarkInc/fake-images-img2img/00011_sd35_fp8_seed134_s30_g3.5_str0.3.png,real,0.0,0.48188233375549316
sd35_fp4,CLIP-D,patch_max,/media/CrispyMcMarkInc/fake-images-img2img/00067_sd35_fp4_seed190_s30_g3.5_str0.3.png,fake,0.991304874420166,0.5278892517089844
sd35_fp8,CLIP-D,grid_majority,/media/CrispyMcMarkInc/fake-images-img2img/00052_sd35_fp8_seed175_s30_g3.5_str0.3.png,real,0.0,0.22370648384094238
sd15_fp8,CLIP-D,patch_majority,/media/CrispyMcMarkInc/fake-images-img2img/00020_sd15_fp8_seed143_s30_g3.5_str0.3.png,real,0.0,0.48200511932373047
sd3_fp8,CLIP-D,patch_max,/media/CrispyMcMarkInc/fake-images-img2img/00017_sd3_fp8_seed140_s30_g3.5_str0.3.png,fake,0.985383927822113,0.5225229263305664
sd35_fp16,CLIP-D,grid_majority,/media/CrispyMcMarkInc/fake-images-img2img/00020_sd35_fp16_seed143_s30_g3.5_str0.3.png,real,0.0,0.2583484649658203
sd15_fp4,CLIP-D,patch_majority,/media/CrispyMcMarkInc/fake-images-img2img/00075_sd15_fp4_seed198_s30_g3.5_str0.3.png,real,0.0,0.4850907325744629
sd15_fp4,CLIP-D,grid_majority,/media/CrispyMcMarkInc/fake-images-img2img/00064_sd15_fp4_seed187_s30_g3.5_str0.3.png,real,0.0,0.3946247100830078
sd15_fp16,CLIP-D,patch_max,/media/CrispyMcMarkInc/fake-images-img2img/00010_sd15_fp16_seed133_s30_g3.5_str0.3.png,fake,0.966486394405365,0.6318454742431641
sd35_fp4,CLIP-D,patch_majority,/media/CrispyMcMarkInc/fake-images-img2img/00079_sd35_fp4_seed202_s30_g3.5_str0.3.png,real,0.0,0.483443021774292
sd15_fp4,CLIP-D,grid_majority,/media/CrispyMcMarkInc/fake-images-img2img/00025_sd15_fp4_seed148_s30_g3.5_str0.3.png,real,0.0,0.22303509712219238
sd15_fp4,CLIP-D,patch_max,/media/CrispyMcMarkInc/fake-images-img2img/00015_sd15_fp4_seed138_s30_g3.5_str0.3.png,fake,0.7102130651473999,0.5070896148681641
sd3_fp16,CLIP-D,patch_majority,/media/CrispyMcMarkInc/fake-images-img2img/00095_sd3_fp16_seed218_s30_g3.5_str0.3.png,fake,1.0,0.4845712184906006
sd3_fp16,CLIP-D,grid_majority,/media/CrispyMcMarkInc/fake-images-img2img/00037_sd3_fp16_seed160_s30_g3.5_str0.3.png,real,0.0,0.20659971237182617
sd35_fp4,CLIP-D,patch_max,/media/CrispyMcMarkInc/fake-images-img2img/00075_sd35_fp4_seed198_s30_g3.5_str0.3.png,fake,0.9827929735183716,0.4804201126098633
sd15_fp8,CLIP-D,patch_majority,/media/CrispyMcMarkInc/fake-images-img2img/00029_sd15_fp8_seed152_s30_g3.5_str0.3.png,fake,1.0,0.48462820053100586
sd3_fp16,CLIP-D,grid_majority,/media/CrispyMcMarkInc/fake-images-img2img/00050_sd3_fp16_seed173_s30_g3.5_str0.3.png,real,0.0,0.19847822189331055
sd3_fp16,CLIP-D,patch_max,/media/CrispyMcMarkInc/fake-images-img2img/00008_sd3_fp16_seed131_s30_g3.5_str0.3.png,fake,0.526242733001709,0.5055620670318604
sd3_fp4,CLIP-D,patch_majority,/media/CrispyMcMarkInc/fake-images-img2img/00043_sd3_fp4_seed166_s30_g3.5_str0.3.png,fake,1.0,0.47666144371032715
sd15_fp16,CLIP-D,grid_majority,/media/CrispyMcMarkInc/fake-images-img2img/00093_sd15_fp16_seed216_s30_g3.5_str0.3.png,fake,1.0,0.20411062240600586
sd3_fp4,CLIP-D,patch_max,/media/CrispyMcMarkInc/fake-images-img2img/00086_sd3_fp4_seed209_s30_g3.5_str0.3.png,fake,0.9848192930221558,0.49675536155700684
sd15_fp16,CLIP-D,patch_majority,/media/CrispyMcMarkInc/fake-images-img2img/00053_sd15_fp16_seed176_s30_g3.5_str0.3.png,real,0.0,0.4908771514892578
sd3_fp16,CLIP-D,grid_majority,/media/CrispyMcMarkInc/fake-images-img2img/00061_sd3_fp16_seed184_s30_g3.5_str0.3.png,real,0.0,0.20096802711486816
sd3_fp8,CLIP-D,patch_max,/media/CrispyMcMarkInc/fake-images-img2img/00079_sd3_fp8_seed202_s30_g3.5_str0.3.png,fake,0.875821590423584,0.47849392890930176
sd15_fp8,CLIP-D,patch_majority,/media/CrispyMcMarkInc/fake-images-img2img/00003_sd15_fp8_seed126_s30_g3.5_str0.3.png,fake,1.0,0.49779462814331055
sd15_fp16,CLIP-D,grid_majority,/media/CrispyMcMarkInc/fake-images-img2img/00006_sd15_fp16_seed129_s30_g3.5_str0.3.png,real,0.0,0.19823360443115234
sd35_fp8,CLIP-D,patch_max,/media/CrispyMcMarkInc/fake-images-img2img/00003_sd35_fp8_seed126_s30_g3.5_str0.3.png,fake,0.9955676198005676,0.4755368232727051
sd15_fp8,CLIP-D,patch_majority,/media/CrispyMcMarkInc/fake-images-img2img/00021_sd15_fp8_seed144_s30_g3.5_str0.3.png,real,0.0,0.4840669631958008
sd35_fp8,CLIP-D,grid_majority,/media/CrispyMcMarkInc/fake-images-img2img/00036_sd35_fp8_seed159_s30_g3.5_str0.3.png,fake,1.0,0.19816112518310547
sd35_fp4,CLIP-D,patch_max,/media/CrispyMcMarkInc/fake-images-img2img/00050_sd35_fp4_seed173_s30_g3.5_str0.3.png,fake,0.9261006116867065,0.49204254150390625
sd15_fp16,CLIP-D,patch_majority,/media/CrispyMcMarkInc/fake-images-img2img/00058_sd15_fp16_seed181_s30_g3.5_str0.3.png,real,0.0,0.4843015670776367
sd15_fp8,CLIP-D,grid_majority,/media/CrispyMcMarkInc/fake-images-img2img/00078_sd15_fp8_seed201_s30_g3.5_str0.3.png,fake,1.0,0.20094561576843262
sd35_fp8,CLIP-D,patch_max,/media/CrispyMcMarkInc/fake-images-img2img/00051_sd35_fp8_seed174_s30_g3.5_str0.3.png,fake,0.9888398051261902,0.4922771453857422
sd35_fp4,CLIP-D,patch_majority,/media/CrispyMcMarkInc/fake-images-img2img/00043_sd35_fp4_seed166_s30_g3.5_str0.3.png,fake,1.0,0.47684788703918457
sd15_fp16,CLIP-D,grid_majority,/media/CrispyMcMarkInc/fake-images-img2img/00041_sd15_fp16_seed164_s30_g3.5_str0.3.png,real,0.0,0.19833827018737793
sd15_fp4,CLIP-D,patch_max,/media/CrispyMcMarkInc/fake-images-img2img/00038_sd15_fp4_seed161_s30_g3.5_str0.3.png,fake,0.990946888923645,0.48894762992858887
sd3_fp4,CLIP-D,patch_majority,/media/CrispyMcMarkInc/fake-images-img2img/00088_sd3_fp4_seed211_s30_g3.5_str0.3.png,fake,1.0,0.4799330234527588
sd15_fp4,CLIP-D,grid_majority,/media/CrispyMcMarkInc/fake-images-img2img/00055_sd15_fp4_seed178_s30_g3.5_str0.3.png,fake,1.0,0.20039892196655273
sd3_fp8,CLIP-D,patch_max,/media/CrispyMcMarkInc/fake-images-img2img/00094_sd3_fp8_seed217_s30_g3.5_str0.3.png,fake,0.9867969751358032,0.48197388648986816
sd3_fp4,CLIP-D,patch_majority,/media/CrispyMcMarkInc/fake-images-img2img/00030_sd3_fp4_seed153_s30_g3.5_str0.3.png,fake,1.0,0.48259615898132324
sd35_fp16,CLIP-D,grid_majority,/media/CrispyMcMarkInc/fake-images-img2img/00083_sd35_fp16_seed206_s30_g3.5_str0.3.png,real,0.0,0.19675564765930176
sd15_fp4,CLIP-D,patch_max,/media/CrispyMcMarkInc/fake-images-img2img/00097_sd15_fp4_seed220_s30_g3.5_str0.3.png,fake,0.9973201155662537,0.4888484477996826
sd35_fp8,CLIP-D,patch_majority,/media/CrispyMcMarkInc/fake-images-img2img/00039_sd35_fp8_seed162_s30_g3.5_str0.3.png,real,0.0,0.48142099380493164
sd35_fp8,CLIP-D,grid_majority,/media/CrispyMcMarkInc/fake-images-img2img/00048_sd35_fp8_seed171_s30_g3.5_str0.3.png,real,0.0,0.19922423362731934
sd3_fp4,CLIP-D,patch_max,/media/CrispyMcMarkInc/fake-images-img2img/00020_sd3_fp4_seed143_s30_g3.5_str0.3.png,fake,0.7586443424224854,0.47799229621887207
sd15_fp8,CLIP-D,patch_majority,/media/CrispyMcMarkInc/fake-images-img2img/00072_sd15_fp8_seed195_s30_g3.5_str0.3.png,fake,1.0,0.482637882232666
sd35_fp4,CLIP-D,grid_majority,/media/CrispyMcMarkInc/fake-images-img2img/00030_sd35_fp4_seed153_s30_g3.5_str0.3.png,fake,1.0,0.19768404960632324
sd35_fp8,CLIP-D,patch_max,/media/CrispyMcMarkInc/fake-images-img2img/00089_sd35_fp8_seed212_s30_g3.5_str0.3.png,fake,0.8912801742553711,0.47751879692077637
sd3_fp8,CLIP-D,patch_majority,/media/CrispyMcMarkInc/fake-images-img2img/00042_sd3_fp8_seed165_s30_g3.5_str0.3.png,real,0.0,0.48241376876831055
sd3_fp8,CLIP-D,grid_majority,/media/CrispyMcMarkInc/fake-images-img2img/00046_sd3_fp8_seed169_s30_g3.5_str0.3.png,real,0.0,0.20158600807189941
sd35_fp8,CLIP-D,patch_max,/media/CrispyMcMarkInc/fake-images-img2img/00091_sd35_fp8_seed214_s30_g3.5_str0.3.png,fake,0.9921430349349976,0.4741544723510742
sd35_fp4,CLIP-D,patch_majority,/media/CrispyMcMarkInc/fake-images-img2img/00087_sd35_fp4_seed210_s30_g3.5_str0.3.png,fake,1.0,0.47812390327453613
sd15_fp4,CLIP-D,grid_majority,/media/CrispyMcMarkInc/fake-images-img2img/00071_sd15_fp4_seed194_s30_g3.5_str0.3.png,fake,1.0,0.23093485832214355
sd35_fp4,CLIP-D,patch_max,/media/CrispyMcMarkInc/fake-images-img2img/00003_sd35_fp4_seed126_s30_g3.5_str0.3.png,fake,0.9927736520767212,0.4776802062988281
sd3_fp16,CLIP-D,patch_majority,/media/CrispyMcMarkInc/fake-images-img2img/00079_sd3_fp16_seed202_s30_g3.5_str0.3.png,real,0.0,0.4869353771209717
sd3_fp8,CLIP-D,grid_majority,/media/CrispyMcMarkInc/fake-images-img2img/00061_sd3_fp8_seed184_s30_g3.5_str0.3.png,real,0.0,0.20460796356201172
sd3_fp16,CLIP-D,patch_max,/media/CrispyMcMarkInc/fake-images-img2img/00012_sd3_fp16_seed135_s30_g3.5_str0.3.png,fake,0.8824137449264526,0.48238420486450195
sd35_fp16,CLIP-D,patch_majority,/media/CrispyMcMarkInc/fake-images-img2img/00081_sd35_fp16_seed204_s30_g3.5_str0.3.png,real,0.0,0.5235788822174072
sd35_fp16,CLIP-D,grid_majority,/media/CrispyMcMarkInc/fake-images-img2img/00027_sd35_fp16_seed150_s30_g3.5_str0.3.png,real,0.0,0.20277690887451172
sd35_fp8,CLIP-D,patch_max,/media/CrispyMcMarkInc/fake-images-img2img/00034_sd35_fp8_seed157_s30_g3.5_str0.3.png,fake,0.900913655757904,0.4830353260040283
sd35_fp8,CLIP-D,patch_majority,/media/CrispyMcMarkInc/fake-images-img2img/00052_sd35_fp8_seed175_s30_g3.5_str0.3.png,real,0.0,0.5201015472412109
sd35_fp8,CLIP-D,grid_majority,/media/CrispyMcMarkInc/fake-images-img2img/00065_sd35_fp8_seed188_s30_g3.5_str0.3.png,real,0.0,0.2037675380706787
sd35_fp8,CLIP-D,patch_max,/media/CrispyMcMarkInc/fake-images-img2img/00009_sd35_fp8_seed132_s30_g3.5_str0.3.png,fake,0.9124242067337036,0.4797649383544922
sd35_fp16,CLIP-D,patch_majority,/media/CrispyMcMarkInc/fake-images-img2img/00020_sd35_fp16_seed143_s30_g3.5_str0.3.png,real,0.0,0.5265684127807617
sd35_fp16,CLIP-D,grid_majority,/media/CrispyMcMarkInc/fake-images-img2img/00009_sd35_fp16_seed132_s30_g3.5_str0.3.png,real,0.0,0.2023627758026123
sd15_fp8,CLIP-D,patch_max,/media/CrispyMcMarkInc/fake-images-img2img/00005_sd15_fp8_seed128_s30_g3.5_str0.3.png,fake,0.9373477101325989,0.48551130294799805
sd15_fp4,CLIP-D,patch_majority,/media/CrispyMcMarkInc/fake-images-img2img/00064_sd15_fp4_seed187_s30_g3.5_str0.3.png,real,0.0,0.5223808288574219
sd3_fp16,CLIP-D,grid_majority,/media/CrispyMcMarkInc/fake-images-img2img/00004_sd3_fp16_seed127_s30_g3.5_str0.3.png,real,0.0,0.20249462127685547
sd15_fp4,CLIP-D,patch_max,/media/CrispyMcMarkInc/fake-images-img2img/00056_sd15_fp4_seed179_s30_g3.5_str0.3.png,fake,0.9682761430740356,0.48914313316345215
sd15_fp4,CLIP-D,patch_majority,/media/CrispyMcMarkInc/fake-images-img2img/00025_sd15_fp4_seed148_s30_g3.5_str0.3.png,real,0.0,0.5199899673461914
sd3_fp16,CLIP-D,grid_majority,/media/CrispyMcMarkInc/fake-images-img2img/00049_sd3_fp16_seed172_s30_g3.5_str0.3.png,fake,1.0,0.20122194290161133
sd3_fp16,CLIP-D,patch_max,/media/CrispyMcMarkInc/fake-images-img2img/00098_sd3_fp16_seed221_s30_g3.5_str0.3.png,fake,0.8543088436126709,0.48992490768432617
sd3_fp16,CLIP-D,patch_majority,/media/CrispyMcMarkInc/fake-images-img2img/00037_sd3_fp16_seed160_s30_g3.5_str0.3.png,real,0.0,0.5208649635314941
sd35_fp16,CLIP-D,grid_majority,/media/CrispyMcMarkInc/fake-images-img2img/00052_sd35_fp16_seed175_s30_g3.5_str0.3.png,real,0.0,0.20271873474121094
sd3_fp4,CLIP-D,patch_max,/media/CrispyMcMarkInc/fake-images-img2img/00033_sd3_fp4_seed156_s30_g3.5_str0.3.png,fake,0.9962624907493591,0.4837064743041992
sd3_fp16,CLIP-D,patch_majority,/media/CrispyMcMarkInc/fake-images-img2img/00050_sd3_fp16_seed173_s30_g3.5_str0.3.png,real,0.0,0.5216152667999268
sd15_fp16,CLIP-D,grid_majority,/media/CrispyMcMarkInc/fake-images-img2img/00034_sd15_fp16_seed157_s30_g3.5_str0.3.png,fake,1.0,0.18763327598571777
sd35_fp16,CLIP-D,patch_max,/media/CrispyMcMarkInc/fake-images-img2img/00025_sd35_fp16_seed148_s30_g3.5_str0.3.png,fake,0.6694008111953735,0.48288893699645996
sd15_fp16,CLIP-D,patch_majority,/media/CrispyMcMarkInc/fake-images-img2img/00093_sd15_fp16_seed216_s30_g3.5_str0.3.png,fake,1.0,0.5578522682189941
sd15_fp8,CLIP-D,grid_majority,/media/CrispyMcMarkInc/fake-images-img2img/00086_sd15_fp8_seed209_s30_g3.5_str0.3.png,fake,1.0,0.3371553421020508
sd35_fp4,CLIP-D,patch_max,/media/CrispyMcMarkInc/fake-images-img2img/00090_sd35_fp4_seed213_s30_g3.5_str0.3.png,fake,0.9384731650352478,0.4816553592681885
sd3_fp16,CLIP-D,grid_majority,/media/CrispyMcMarkInc/fake-images-img2img/00028_sd3_fp16_seed151_s30_g3.5_str0.3.png,real,0.0,0.40038466453552246
sd3_fp16,CLIP-D,patch_majority,/media/CrispyMcMarkInc/fake-images-img2img/00061_sd3_fp16_seed184_s30_g3.5_str0.3.png,real,0.0,0.6173450946807861
sd15_fp16,CLIP-D,patch_max,/media/CrispyMcMarkInc/fake-images-img2img/00043_sd15_fp16_seed166_s30_g3.5_str0.3.png,fake,0.9936829805374146,0.48464250564575195
sd3_fp8,CLIP-D,grid_majority,/media/CrispyMcMarkInc/fake-images-img2img/00022_sd3_fp8_seed145_s30_g3.5_str0.3.png,real,0.0,0.22318673133850098
sd15_fp16,CLIP-D,patch_majority,/media/CrispyMcMarkInc/fake-images-img2img/00006_sd15_fp16_seed129_s30_g3.5_str0.3.png,real,0.0,0.4820377826690674
sd35_fp4,CLIP-D,patch_max,/media/CrispyMcMarkInc/fake-images-img2img/00086_sd35_fp4_seed209_s30_g3.5_str0.3.png,fake,0.9550544619560242,0.5219779014587402
sd35_fp16,CLIP-D,grid_majority,/media/CrispyMcMarkInc/fake-images-img2img/00024_sd35_fp16_seed147_s30_g3.5_str0.3.png,real,0.0,0.2276630401611328
sd35_fp8,CLIP-D,patch_majority,/media/CrispyMcMarkInc/fake-images-img2img/00036_sd35_fp8_seed159_s30_g3.5_str0.3.png,fake,1.0,0.5010418891906738
sd35_fp8,CLIP-D,patch_max,/media/CrispyMcMarkInc/fake-images-img2img/00073_sd35_fp8_seed196_s30_g3.5_str0.3.png,fake,0.9002639055252075,0.5221896171569824
sd15_fp8,CLIP-D,grid_majority,/media/CrispyMcMarkInc/fake-images-img2img/00084_sd15_fp8_seed207_s30_g3.5_str0.3.png,fake,1.0,0.22028207778930664
sd15_fp8,CLIP-D,patch_majority,/media/CrispyMcMarkInc/fake-images-img2img/00078_sd15_fp8_seed201_s30_g3.5_str0.3.png,fake,1.0,0.4818427562713623
sd35_fp4,CLIP-D,patch_max,/media/CrispyMcMarkInc/fake-images-img2img/00018_sd35_fp4_seed141_s30_g3.5_str0.3.png,fake,0.8907907605171204,0.5209457874298096
sd15_fp4,CLIP-D,grid_majority,/media/CrispyMcMarkInc/fake-images-img2img/00057_sd15_fp4_seed180_s30_g3.5_str0.3.png,real,0.0,0.24284100532531738
sd15_fp16,CLIP-D,patch_majority,/media/CrispyMcMarkInc/fake-images-img2img/00041_sd15_fp16_seed164_s30_g3.5_str0.3.png,real,0.0,0.4804387092590332
sd3_fp16,CLIP-D,grid_majority,/media/CrispyMcMarkInc/fake-images-img2img/00006_sd3_fp16_seed129_s30_g3.5_str0.3.png,real,0.0,0.38829994201660156
sd15_fp4,CLIP-D,patch_max,/media/CrispyMcMarkInc/fake-images-img2img/00030_sd15_fp4_seed153_s30_g3.5_str0.3.png,fake,0.9718604683876038,0.6335139274597168
sd15_fp4,CLIP-D,patch_majority,/media/CrispyMcMarkInc/fake-images-img2img/00055_sd15_fp4_seed178_s30_g3.5_str0.3.png,fake,1.0,0.48414063453674316
sd3_fp8,CLIP-D,grid_majority,/media/CrispyMcMarkInc/fake-images-img2img/00029_sd3_fp8_seed152_s30_g3.5_str0.3.png,fake,1.0,0.22336649894714355
sd3_fp4,CLIP-D,patch_max,/media/CrispyMcMarkInc/fake-images-img2img/00082_sd3_fp4_seed205_s30_g3.5_str0.3.png,fake,0.9234198331832886,0.57037353515625
sd35_fp16,CLIP-D,patch_majority,/media/CrispyMcMarkInc/fake-images-img2img/00083_sd35_fp16_seed206_s30_g3.5_str0.3.png,real,0.0,0.5003464221954346
sd35_fp16,CLIP-D,grid_majority,/media/CrispyMcMarkInc/fake-images-img2img/00032_sd35_fp16_seed155_s30_g3.5_str0.3.png,real,0.0,0.2093496322631836
sd15_fp4,CLIP-D,patch_max,/media/CrispyMcMarkInc/fake-images-img2img/00093_sd15_fp4_seed216_s30_g3.5_str0.3.png,fake,0.9556132555007935,0.4897584915161133
sd35_fp8,CLIP-D,patch_majority,/media/CrispyMcMarkInc/fake-images-img2img/00048_sd35_fp8_seed171_s30_g3.5_str0.3.png,real,0.0,0.4789910316467285
sd3_fp16,CLIP-D,grid_majority,/media/CrispyMcMarkInc/fake-images-img2img/00069_sd3_fp16_seed192_s30_g3.5_str0.3.png,fake,1.0,0.19964981079101562
sd3_fp16,CLIP-D,patch_max,/media/CrispyMcMarkInc/fake-images-img2img/00072_sd3_fp16_seed195_s30_g3.5_str0.3.png,fake,0.9930830001831055,0.5207657814025879
sd35_fp4,CLIP-D,patch_majority,/media/CrispyMcMarkInc/fake-images-img2img/00030_sd35_fp4_seed153_s30_g3.5_str0.3.png,fake,1.0,0.4806342124938965
sd3_fp16,CLIP-D,grid_majority,/media/CrispyMcMarkInc/fake-images-img2img/00083_sd3_fp16_seed206_s30_g3.5_str0.3.png,real,0.0,0.20120978355407715
sd3_fp16,CLIP-D,patch_max,/media/CrispyMcMarkInc/fake-images-img2img/00062_sd3_fp16_seed185_s30_g3.5_str0.3.png,fake,0.9854806065559387,0.5048613548278809
sd3_fp8,CLIP-D,patch_majority,/media/CrispyMcMarkInc/fake-images-img2img/00046_sd3_fp8_seed169_s30_g3.5_str0.3.png,real,0.0,0.4794032573699951
sd15_fp8,CLIP-D,grid_majority,/media/CrispyMcMarkInc/fake-images-img2img/00008_sd15_fp8_seed131_s30_g3.5_str0.3.png,real,0.0,0.20142221450805664
sd15_fp4,CLIP-D,patch_max,/media/CrispyMcMarkInc/fake-images-img2img/00007_sd15_fp4_seed130_s30_g3.5_str0.3.png,fake,0.9823779463768005,0.49368929862976074
sd15_fp4,CLIP-D,patch_majority,/media/CrispyMcMarkInc/fake-images-img2img/00071_sd15_fp4_seed194_s30_g3.5_str0.3.png,fake,1.0,0.4918656349182129
sd15_fp8,CLIP-D,grid_majority,/media/CrispyMcMarkInc/fake-images-img2img/00064_sd15_fp8_seed187_s30_g3.5_str0.3.png,real,0.0,0.20193719863891602
sd3_fp16,CLIP-D,patch_max,/media/CrispyMcMarkInc/fake-images-img2img/00053_sd3_fp16_seed176_s30_g3.5_str0.3.png,real,0.3894752264022827,0.48094797134399414
sd3_fp8,CLIP-D,patch_majority,/media/CrispyMcMarkInc/fake-images-img2img/00061_sd3_fp8_seed184_s30_g3.5_str0.3.png,real,0.0,0.4801638126373291
sd3_fp4,CLIP-D,grid_majority,/media/CrispyMcMarkInc/fake-images-img2img/00031_sd3_fp4_seed154_s30_g3.5_str0.3.png,fake,1.0,0.20032024383544922
sd15_fp4,CLIP-D,patch_max,/media/CrispyMcMarkInc/fake-images-img2img/00039_sd15_fp4_seed162_s30_g3.5_str0.3.png,fake,0.8534473180770874,0.48300671577453613
sd35_fp16,CLIP-D,patch_majority,/media/CrispyMcMarkInc/fake-images-img2img/00027_sd35_fp16_seed150_s30_g3.5_str0.3.png,real,0.0,0.48255419731140137
sd35_fp4,CLIP-D,grid_majority,/media/CrispyMcMarkInc/fake-images-img2img/00041_sd35_fp4_seed164_s30_g3.5_str0.3.png,real,0.0,0.2001025676727295
sd3_fp8,CLIP-D,patch_max,/media/CrispyMcMarkInc/fake-images-img2img/00052_sd3_fp8_seed175_s30_g3.5_str0.3.png,fake,0.8306001424789429,0.5166361331939697
sd35_fp8,CLIP-D,patch_majority,/media/CrispyMcMarkInc/fake-images-img2img/00065_sd35_fp8_seed188_s30_g3.5_str0.3.png,real,0.0,0.47817230224609375
sd15_fp16,CLIP-D,grid_majority,/media/CrispyMcMarkInc/fake-images-img2img/00068_sd15_fp16_seed191_s30_g3.5_str0.3.png,real,0.0,0.19845223426818848
sd3_fp8,CLIP-D,patch_max,/media/CrispyMcMarkInc/fake-images-img2img/00021_sd3_fp8_seed144_s30_g3.5_str0.3.png,fake,0.8179082870483398,0.49265575408935547
sd35_fp16,CLIP-D,patch_majority,/media/CrispyMcMarkInc/fake-images-img2img/00009_sd35_fp16_seed132_s30_g3.5_str0.3.png,real,0.0,0.4818398952484131
sd15_fp8,CLIP-D,grid_majority,/media/CrispyMcMarkInc/fake-images-img2img/00055_sd15_fp8_seed178_s30_g3.5_str0.3.png,fake,1.0,0.19911742210388184
sd35_fp16,CLIP-D,patch_max,/media/CrispyMcMarkInc/fake-images-img2img/00054_sd35_fp16_seed177_s30_g3.5_str0.3.png,fake,0.9271459579467773,0.4772157669067383
sd3_fp16,CLIP-D,patch_majority,/media/CrispyMcMarkInc/fake-images-img2img/00004_sd3_fp16_seed127_s30_g3.5_str0.3.png,real,0.0,0.48483967781066895
sd15_fp16,CLIP-D,grid_majority,/media/CrispyMcMarkInc/fake-images-img2img/00044_sd15_fp16_seed167_s30_g3.5_str0.3.png,fake,1.0,0.1995410919189453
sd15_fp16,CLIP-D,patch_max,/media/CrispyMcMarkInc/fake-images-img2img/00096_sd15_fp16_seed219_s30_g3.5_str0.3.png,fake,0.7918983101844788,0.48173022270202637
sd3_fp16,CLIP-D,patch_majority,/media/CrispyMcMarkInc/fake-images-img2img/00049_sd3_fp16_seed172_s30_g3.5_str0.3.png,fake,1.0,0.4813072681427002
sd15_fp8,CLIP-D,grid_majority,/media/CrispyMcMarkInc/fake-images-img2img/00004_sd15_fp8_seed127_s30_g3.5_str0.3.png,real,0.0,0.2011573314666748
sd15_fp16,CLIP-D,patch_max,/media/CrispyMcMarkInc/fake-images-img2img/00079_sd15_fp16_seed202_s30_g3.5_str0.3.png,fake,0.9065024852752686,0.4777212142944336
sd35_fp16,CLIP-D,patch_majority,/media/CrispyMcMarkInc/fake-images-img2img/00052_sd35_fp16_seed175_s30_g3.5_str0.3.png,real,0.0,0.485187292098999
sd15_fp8,CLIP-D,grid_majority,/media/CrispyMcMarkInc/fake-images-img2img/00053_sd15_fp8_seed176_s30_g3.5_str0.3.png,real,0.0,0.20502638816833496
sd3_fp16,CLIP-D,patch_max,/media/CrispyMcMarkInc/fake-images-img2img/00010_sd3_fp16_seed133_s30_g3.5_str0.3.png,fake,0.898672878742218,0.4796147346496582
sd15_fp16,CLIP-D,patch_majority,/media/CrispyMcMarkInc/fake-images-img2img/00034_sd15_fp16_seed157_s30_g3.5_str0.3.png,fake,1.0,0.4656643867492676
sd3_fp4,CLIP-D,grid_majority,/media/CrispyMcMarkInc/fake-images-img2img/00024_sd3_fp4_seed147_s30_g3.5_str0.3.png,fake,1.0,0.2006855010986328
sd15_fp8,CLIP-D,patch_max,/media/CrispyMcMarkInc/fake-images-img2img/00096_sd15_fp8_seed219_s30_g3.5_str0.3.png,fake,0.8009389042854309,0.48099517822265625
sd15_fp8,CLIP-D,patch_majority,/media/CrispyMcMarkInc/fake-images-img2img/00086_sd15_fp8_seed209_s30_g3.5_str0.3.png,fake,1.0,0.4868135452270508
sd35_fp16,CLIP-D,grid_majority,/media/CrispyMcMarkInc/fake-images-img2img/00050_sd35_fp16_seed173_s30_g3.5_str0.3.png,real,0.0,0.19872021675109863
sd3_fp4,CLIP-D,patch_max,/media/CrispyMcMarkInc/fake-images-img2img/00022_sd3_fp4_seed145_s30_g3.5_str0.3.png,fake,0.9645989537239075,0.47788166999816895
sd3_fp16,CLIP-D,patch_majority,/media/CrispyMcMarkInc/fake-images-img2img/00028_sd3_fp16_seed151_s30_g3.5_str0.3.png,real,0.0,0.47826695442199707
sd3_fp16,CLIP-D,grid_majority,/media/CrispyMcMarkInc/fake-images-img2img/00088_sd3_fp16_seed211_s30_g3.5_str0.3.png,real,0.0,0.22344303131103516
sd15_fp8,CLIP-D,patch_max,/media/CrispyMcMarkInc/fake-images-img2img/00039_sd15_fp8_seed162_s30_g3.5_str0.3.png,fake,0.8520199060440063,0.4812021255493164
sd3_fp8,CLIP-D,patch_majority,/media/CrispyMcMarkInc/fake-images-img2img/00022_sd3_fp8_seed145_s30_g3.5_str0.3.png,real,0.0,0.4884457588195801
sd35_fp8,CLIP-D,grid_majority,/media/CrispyMcMarkInc/fake-images-img2img/00056_sd35_fp8_seed179_s30_g3.5_str0.3.png,fake,1.0,0.20237278938293457
sd15_fp16,CLIP-D,patch_max,/media/CrispyMcMarkInc/fake-images-img2img/00091_sd15_fp16_seed214_s30_g3.5_str0.3.png,fake,0.9863476753234863,0.4942784309387207
sd35_fp16,CLIP-D,patch_majority,/media/CrispyMcMarkInc/fake-images-img2img/00024_sd35_fp16_seed147_s30_g3.5_str0.3.png,real,0.0,0.5154078006744385
sd15_fp4,CLIP-D,grid_majority,/media/CrispyMcMarkInc/fake-images-img2img/00003_sd15_fp4_seed126_s30_g3.5_str0.3.png,fake,1.0,0.20153474807739258
sd3_fp8,CLIP-D,patch_max,/media/CrispyMcMarkInc/fake-images-img2img/00031_sd3_fp8_seed154_s30_g3.5_str0.3.png,fake,0.7931366562843323,0.483349084854126
sd15_fp8,CLIP-D,patch_majority,/media/CrispyMcMarkInc/fake-images-img2img/00084_sd15_fp8_seed207_s30_g3.5_str0.3.png,fake,1.0,0.522191047668457
sd3_fp16,CLIP-D,grid_majority,/media/CrispyMcMarkInc/fake-images-img2img/00011_sd3_fp16_seed134_s30_g3.5_str0.3.png,real,0.0,0.2792527675628662
sd3_fp8,CLIP-D,patch_max,/media/CrispyMcMarkInc/fake-images-img2img/00037_sd3_fp8_seed160_s30_g3.5_str0.3.png,fake,0.8703525066375732,0.4786233901977539
sd3_fp4,CLIP-D,grid_majority,/media/CrispyMcMarkInc/fake-images-img2img/00090_sd3_fp4_seed213_s30_g3.5_str0.3.png,real,0.0,0.41220736503601074
sd15_fp4,CLIP-D,patch_majority,/media/CrispyMcMarkInc/fake-images-img2img/00057_sd15_fp4_seed180_s30_g3.5_str0.3.png,real,0.0,0.6344988346099854
sd15_fp16,CLIP-D,patch_max,/media/CrispyMcMarkInc/fake-images-img2img/00030_sd15_fp16_seed153_s30_g3.5_str0.3.png,fake,0.9766075015068054,0.4787871837615967
sd15_fp8,CLIP-D,grid_majority,/media/CrispyMcMarkInc/fake-images-img2img/00061_sd15_fp8_seed184_s30_g3.5_str0.3.png,fake,1.0,0.22745037078857422
sd3_fp16,CLIP-D,patch_majority,/media/CrispyMcMarkInc/fake-images-img2img/00006_sd3_fp16_seed129_s30_g3.5_str0.3.png,real,0.0,0.48581767082214355
sd35_fp4,CLIP-D,patch_max,/media/CrispyMcMarkInc/fake-images-img2img/00001_sd35_fp4_seed124_s30_g3.5_str0.3.png,fake,0.9867963790893555,0.508836030960083
sd3_fp8,CLIP-D,grid_majority,/media/CrispyMcMarkInc/fake-images-img2img/00028_sd3_fp8_seed151_s30_g3.5_str0.3.png,real,0.0,0.22160649299621582
sd3_fp8,CLIP-D,patch_majority,/media/CrispyMcMarkInc/fake-images-img2img/00029_sd3_fp8_seed152_s30_g3.5_str0.3.png,fake,1.0,0.48771071434020996
sd15_fp8,CLIP-D,patch_max,/media/CrispyMcMarkInc/fake-images-img2img/00073_sd15_fp8_seed196_s30_g3.5_str0.3.png,fake,0.8892748355865479,0.5218603610992432
sd15_fp4,CLIP-D,grid_majority,/media/CrispyMcMarkInc/fake-images-img2img/00014_sd15_fp4_seed137_s30_g3.5_str0.3.png,fake,1.0,0.2729911804199219
sd35_fp16,CLIP-D,patch_majority,/media/CrispyMcMarkInc/fake-images-img2img/00032_sd35_fp16_seed155_s30_g3.5_str0.3.png,real,0.0,0.47936463356018066
sd3_fp4,CLIP-D,patch_max,/media/CrispyMcMarkInc/fake-images-img2img/00053_sd3_fp4_seed176_s30_g3.5_str0.3.png,fake,0.9524068236351013,0.5263538360595703
sd15_fp4,CLIP-D,grid_majority,/media/CrispyMcMarkInc/fake-images-img2img/00040_sd15_fp4_seed163_s30_g3.5_str0.3.png,fake,1.0,0.22194719314575195
sd3_fp16,CLIP-D,patch_majority,/media/CrispyMcMarkInc/fake-images-img2img/00069_sd3_fp16_seed192_s30_g3.5_str0.3.png,fake,1.0,0.48235630989074707
sd35_fp4,CLIP-D,grid_majority,/media/CrispyMcMarkInc/fake-images-img2img/00034_sd35_fp4_seed157_s30_g3.5_str0.3.png,fake,1.0,0.38921475410461426
sd15_fp4,CLIP-D,patch_max,/media/CrispyMcMarkInc/fake-images-img2img/00083_sd15_fp4_seed206_s30_g3.5_str0.3.png,fake,0.9849018454551697,0.6299638748168945
sd3_fp16,CLIP-D,patch_majority,/media/CrispyMcMarkInc/fake-images-img2img/00083_sd3_fp16_seed206_s30_g3.5_str0.3.png,real,0.0,0.4788038730621338
sd15_fp4,CLIP-D,grid_majority,/media/CrispyMcMarkInc/fake-images-img2img/00020_sd15_fp4_seed143_s30_g3.5_str0.3.png,real,0.0,0.22632431983947754
sd15_fp8,CLIP-D,patch_max,/media/CrispyMcMarkInc/fake-images-img2img/00063_sd15_fp8_seed186_s30_g3.5_str0.3.png,fake,0.9130287766456604,0.512298583984375
sd15_fp8,CLIP-D,patch_majority,/media/CrispyMcMarkInc/fake-images-img2img/00008_sd15_fp8_seed131_s30_g3.5_str0.3.png,real,0.0,0.4842851161956787
sd35_fp8,CLIP-D,grid_majority,/media/CrispyMcMarkInc/fake-images-img2img/00093_sd35_fp8_seed216_s30_g3.5_str0.3.png,fake,1.0,0.20472502708435059
sd3_fp4,CLIP-D,patch_max,/media/CrispyMcMarkInc/fake-images-img2img/00070_sd3_fp4_seed193_s30_g3.5_str0.3.png,fake,0.9802768230438232,0.4940531253814697
sd15_fp8,CLIP-D,patch_majority,/media/CrispyMcMarkInc/fake-images-img2img/00064_sd15_fp8_seed187_s30_g3.5_str0.3.png,real,0.0,0.48200201988220215
sd15_fp8,CLIP-D,grid_majority,/media/CrispyMcMarkInc/fake-images-img2img/00090_sd15_fp8_seed213_s30_g3.5_str0.3.png,real,0.0,0.2030341625213623
sd15_fp16,CLIP-D,patch_max,/media/CrispyMcMarkInc/fake-images-img2img/00032_sd15_fp16_seed155_s30_g3.5_str0.3.png,fake,0.9909949898719788,0.49758100509643555
sd3_fp4,CLIP-D,patch_majority,/media/CrispyMcMarkInc/fake-images-img2img/00031_sd3_fp4_seed154_s30_g3.5_str0.3.png,fake,1.0,0.4812893867492676
sd35_fp8,CLIP-D,grid_majority,/media/CrispyMcMarkInc/fake-images-img2img/00088_sd35_fp8_seed211_s30_g3.5_str0.3.png,real,0.0,0.20372414588928223
sd3_fp4,CLIP-D,patch_max,/media/CrispyMcMarkInc/fake-images-img2img/00021_sd3_fp4_seed144_s30_g3.5_str0.3.png,fake,0.9890174865722656,0.4934349060058594
sd35_fp4,CLIP-D,patch_majority,/media/CrispyMcMarkInc/fake-images-img2img/00041_sd35_fp4_seed164_s30_g3.5_str0.3.png,real,0.0,0.485595703125
sd3_fp4,CLIP-D,grid_majority,/media/CrispyMcMarkInc/fake-images-img2img/00015_sd3_fp4_seed138_s30_g3.5_str0.3.png,real,0.0,0.20122861862182617
sd15_fp4,CLIP-D,patch_max,/media/CrispyMcMarkInc/fake-images-img2img/00065_sd15_fp4_seed188_s30_g3.5_str0.3.png,fake,0.9872517585754395,0.49399900436401367
sd15_fp16,CLIP-D,patch_majority,/media/CrispyMcMarkInc/fake-images-img2img/00068_sd15_fp16_seed191_s30_g3.5_str0.3.png,real,0.0,0.5077793598175049
sd15_fp16,CLIP-D,grid_majority,/media/CrispyMcMarkInc/fake-images-img2img/00024_sd15_fp16_seed147_s30_g3.5_str0.3.png,real,0.0,0.20146512985229492
sd3_fp4,CLIP-D,patch_max,/media/CrispyMcMarkInc/fake-images-img2img/00019_sd3_fp4_seed142_s30_g3.5_str0.3.png,fake,0.9382672905921936,0.4782412052154541
sd15_fp8,CLIP-D,patch_majority,/media/CrispyMcMarkInc/fake-images-img2img/00055_sd15_fp8_seed178_s30_g3.5_str0.3.png,fake,1.0,0.4819457530975342
sd35_fp16,CLIP-D,grid_majority,/media/CrispyMcMarkInc/fake-images-img2img/00019_sd35_fp16_seed142_s30_g3.5_str0.3.png,real,0.0,0.19943475723266602
sd3_fp8,CLIP-D,patch_max,/media/CrispyMcMarkInc/fake-images-img2img/00018_sd3_fp8_seed141_s30_g3.5_str0.3.png,fake,0.8216638565063477,0.4906895160675049
sd15_fp16,CLIP-D,patch_majority,/media/CrispyMcMarkInc/fake-images-img2img/00044_sd15_fp16_seed167_s30_g3.5_str0.3.png,real,0.0,0.4821290969848633
sd35_fp4,CLIP-D,grid_majority,/media/CrispyMcMarkInc/fake-images-img2img/00067_sd35_fp4_seed190_s30_g3.5_str0.3.png,fake,1.0,0.20062923431396484
sd3_fp8,CLIP-D,patch_max,/media/CrispyMcMarkInc/fake-images-img2img/00041_sd3_fp8_seed164_s30_g3.5_str0.3.png,fake,0.9498207569122314,0.4786956310272217
sd15_fp8,CLIP-D,patch_majority,/media/CrispyMcMarkInc/fake-images-img2img/00004_sd15_fp8_seed127_s30_g3.5_str0.3.png,real,0.0,0.48213624954223633
sd3_fp8,CLIP-D,grid_majority,/media/CrispyMcMarkInc/fake-images-img2img/00017_sd3_fp8_seed140_s30_g3.5_str0.3.png,real,0.0,0.19870781898498535
sd15_fp16,CLIP-D,patch_max,/media/CrispyMcMarkInc/fake-images-img2img/00088_sd15_fp16_seed211_s30_g3.5_str0.3.png,fake,0.9595222473144531,0.4889554977416992
sd15_fp8,CLIP-D,patch_majority,/media/CrispyMcMarkInc/fake-images-img2img/00053_sd15_fp8_seed176_s30_g3.5_str0.3.png,real,0.0,0.48015356063842773
sd15_fp16,CLIP-D,grid_majority,/media/CrispyMcMarkInc/fake-images-img2img/00010_sd15_fp16_seed133_s30_g3.5_str0.3.png,fake,1.0,0.2001495361328125
sd15_fp4,CLIP-D,patch_max,/media/CrispyMcMarkInc/fake-images-img2img/00099_sd15_fp4_seed222_s30_g3.5_str0.3.png,fake,0.851423978805542,0.4765329360961914
sd3_fp4,CLIP-D,patch_majority,/media/CrispyMcMarkInc/fake-images-img2img/00024_sd3_fp4_seed147_s30_g3.5_str0.3.png,real,0.0,0.4806053638458252
sd15_fp4,CLIP-D,grid_majority,/media/CrispyMcMarkInc/fake-images-img2img/00015_sd15_fp4_seed138_s30_g3.5_str0.3.png,real,0.0,0.20221328735351562
sd35_fp16,CLIP-D,patch_max,/media/CrispyMcMarkInc/fake-images-img2img/00072_sd35_fp16_seed195_s30_g3.5_str0.3.png,fake,0.9974270462989807,0.48406124114990234
sd35_fp16,CLIP-D,patch_majority,/media/CrispyMcMarkInc/fake-images-img2img/00050_sd35_fp16_seed173_s30_g3.5_str0.3.png,real,0.0,0.4778118133544922
sd35_fp4,CLIP-D,grid_majority,/media/CrispyMcMarkInc/fake-images-img2img/00075_sd35_fp4_seed198_s30_g3.5_str0.3.png,real,0.0,0.19630861282348633
sd15_fp16,CLIP-D,patch_max,/media/CrispyMcMarkInc/fake-images-img2img/00086_sd15_fp16_seed209_s30_g3.5_str0.3.png,fake,0.8947891592979431,0.48376965522766113
sd3_fp16,CLIP-D,patch_majority,/media/CrispyMcMarkInc/fake-images-img2img/00088_sd3_fp16_seed211_s30_g3.5_str0.3.png,real,0.0,0.48319125175476074
sd3_fp16,CLIP-D,grid_majority,/media/CrispyMcMarkInc/fake-images-img2img/00008_sd3_fp16_seed131_s30_g3.5_str0.3.png,real,0.0,0.20366692543029785
sd15_fp4,CLIP-D,patch_max,/media/CrispyMcMarkInc/fake-images-img2img/00094_sd15_fp4_seed217_s30_g3.5_str0.3.png,fake,0.9914553761482239,0.4854750633239746
sd35_fp8,CLIP-D,patch_majority,/media/CrispyMcMarkInc/fake-images-img2img/00056_sd35_fp8_seed179_s30_g3.5_str0.3.png,real,0.0,0.47621655464172363
sd3_fp4,CLIP-D,grid_majority,/media/CrispyMcMarkInc/fake-images-img2img/00086_sd3_fp4_seed209_s30_g3.5_str0.3.png,fake,1.0,0.20138907432556152
sd35_fp8,CLIP-D,patch_max,/media/CrispyMcMarkInc/fake-images-img2img/00004_sd35_fp8_seed127_s30_g3.5_str0.3.png,fake,0.6620630025863647,0.4817013740539551
sd15_fp4,CLIP-D,patch_majority,/media/CrispyMcMarkInc/fake-images-img2img/00003_sd15_fp4_seed126_s30_g3.5_str0.3.png,fake,1.0,0.48095202445983887
sd3_fp8,CLIP-D,grid_majority,/media/CrispyMcMarkInc/fake-images-img2img/00079_sd3_fp8_seed202_s30_g3.5_str0.3.png,real,0.0,0.20150208473205566
sd3_fp4,CLIP-D,patch_max,/media/CrispyMcMarkInc/fake-images-img2img/00072_sd3_fp4_seed195_s30_g3.5_str0.3.png,fake,0.9956834316253662,0.47586560249328613
sd3_fp16,CLIP-D,patch_majority,/media/CrispyMcMarkInc/fake-images-img2img/00011_sd3_fp16_seed134_s30_g3.5_str0.3.png,real,0.0,0.48494505882263184
sd35_fp8,CLIP-D,grid_majority,/media/CrispyMcMarkInc/fake-images-img2img/00003_sd35_fp8_seed126_s30_g3.5_str0.3.png,fake,1.0,0.20140314102172852
sd15_fp4,CLIP-D,patch_max,/media/CrispyMcMarkInc/fake-images-img2img/00024_sd15_fp4_seed147_s30_g3.5_str0.3.png,fake,0.9496748447418213,0.4823756217956543
sd3_fp4,CLIP-D,patch_majority,/media/CrispyMcMarkInc/fake-images-img2img/00090_sd3_fp4_seed213_s30_g3.5_str0.3.png,real,0.0,0.5111348628997803
sd35_fp4,CLIP-D,grid_majority,/media/CrispyMcMarkInc/fake-images-img2img/00050_sd35_fp4_seed173_s30_g3.5_str0.3.png,real,0.0,0.19989514350891113
sd35_fp8,CLIP-D,patch_max,/media/CrispyMcMarkInc/fake-images-img2img/00005_sd35_fp8_seed128_s30_g3.5_str0.3.png,fake,0.9166857600212097,0.4860379695892334
sd15_fp8,CLIP-D,patch_majority,/media/CrispyMcMarkInc/fake-images-img2img/00061_sd15_fp8_seed184_s30_g3.5_str0.3.png,fake,1.0,0.5241854190826416
sd35_fp8,CLIP-D,grid_majority,/media/CrispyMcMarkInc/fake-images-img2img/00051_sd35_fp8_seed174_s30_g3.5_str0.3.png,fake,1.0,0.20550155639648438
sd15_fp4,CLIP-D,patch_max,/media/CrispyMcMarkInc/fake-images-img2img/00062_sd15_fp4_seed185_s30_g3.5_str0.3.png,fake,0.9555358290672302,0.4895143508911133
sd3_fp8,CLIP-D,patch_majority,/media/CrispyMcMarkInc/fake-images-img2img/00028_sd3_fp8_seed151_s30_g3.5_str0.3.png,real,0.0,0.5264968872070312
sd15_fp4,CLIP-D,grid_majority,/media/CrispyMcMarkInc/fake-images-img2img/00038_sd15_fp4_seed161_s30_g3.5_str0.3.png,fake,1.0,0.20411252975463867
sd35_fp4,CLIP-D,patch_max,/media/CrispyMcMarkInc/fake-images-img2img/00069_sd35_fp4_seed192_s30_g3.5_str0.3.png,fake,0.9789233803749084,0.48937249183654785
sd15_fp4,CLIP-D,patch_majority,/media/CrispyMcMarkInc/fake-images-img2img/00014_sd15_fp4_seed137_s30_g3.5_str0.3.png,real,0.0,0.5288534164428711
sd3_fp8,CLIP-D,grid_majority,/media/CrispyMcMarkInc/fake-images-img2img/00094_sd3_fp8_seed217_s30_g3.5_str0.3.png,fake,1.0,0.20353341102600098
sd15_fp4,CLIP-D,patch_max,/media/CrispyMcMarkInc/fake-images-img2img/00061_sd15_fp4_seed184_s30_g3.5_str0.3.png,fake,0.9531497359275818,0.48755908012390137
sd15_fp4,CLIP-D,patch_majority,/media/CrispyMcMarkInc/fake-images-img2img/00040_sd15_fp4_seed163_s30_g3.5_str0.3.png,fake,1.0,0.5278220176696777
sd15_fp4,CLIP-D,grid_majority,/media/CrispyMcMarkInc/fake-images-img2img/00097_sd15_fp4_seed220_s30_g3.5_str0.3.png,fake,1.0,0.20473051071166992
sd3_fp4,CLIP-D,patch_max,/media/CrispyMcMarkInc/fake-images-img2img/00098_sd3_fp4_seed221_s30_g3.5_str0.3.png,fake,0.9237411618232727,0.481433629989624
sd35_fp4,CLIP-D,patch_majority,/media/CrispyMcMarkInc/fake-images-img2img/00034_sd35_fp4_seed157_s30_g3.5_str0.3.png,real,0.0,0.5314867496490479
sd3_fp4,CLIP-D,grid_majority,/media/CrispyMcMarkInc/fake-images-img2img/00020_sd3_fp4_seed143_s30_g3.5_str0.3.png,real,0.0,0.20621776580810547
sd15_fp8,CLIP-D,patch_max,/media/CrispyMcMarkInc/fake-images-img2img/00081_sd15_fp8_seed204_s30_g3.5_str0.3.png,fake,0.9569047689437866,0.49311065673828125
sd15_fp4,CLIP-D,patch_majority,/media/CrispyMcMarkInc/fake-images-img2img/00020_sd15_fp4_seed143_s30_g3.5_str0.3.png,real,0.0,0.526505708694458
sd35_fp8,CLIP-D,grid_majority,/media/CrispyMcMarkInc/fake-images-img2img/00089_sd35_fp8_seed212_s30_g3.5_str0.3.png,real,0.0,0.20322942733764648
sd35_fp8,CLIP-D,patch_max,/media/CrispyMcMarkInc/fake-images-img2img/00066_sd35_fp8_seed189_s30_g3.5_str0.3.png,fake,0.7387887835502625,0.48874855041503906
sd35_fp8,CLIP-D,patch_majority,/media/CrispyMcMarkInc/fake-images-img2img/00093_sd35_fp8_seed216_s30_g3.5_str0.3.png,fake,1.0,0.531019926071167
sd35_fp8,CLIP-D,grid_majority,/media/CrispyMcMarkInc/fake-images-img2img/00091_sd35_fp8_seed214_s30_g3.5_str0.3.png,fake,1.0,0.20088744163513184
sd3_fp4,CLIP-D,patch_max,/media/CrispyMcMarkInc/fake-images-img2img/00080_sd3_fp4_seed203_s30_g3.5_str0.3.png,fake,0.9986230134963989,0.4771568775177002
sd15_fp8,CLIP-D,patch_majority,/media/CrispyMcMarkInc/fake-images-img2img/00090_sd15_fp8_seed213_s30_g3.5_str0.3.png,real,0.0,0.5296087265014648
sd35_fp4,CLIP-D,grid_majority,/media/CrispyMcMarkInc/fake-images-img2img/00003_sd35_fp4_seed126_s30_g3.5_str0.3.png,fake,1.0,0.20425677299499512
sd15_fp8,CLIP-D,patch_max,/media/CrispyMcMarkInc/fake-images-img2img/00097_sd15_fp8_seed220_s30_g3.5_str0.3.png,fake,0.9974971413612366,0.48351407051086426
sd35_fp8,CLIP-D,patch_majority,/media/CrispyMcMarkInc/fake-images-img2img/00088_sd35_fp8_seed211_s30_g3.5_str0.3.png,real,0.0,0.5263204574584961
sd3_fp16,CLIP-D,grid_majority,/media/CrispyMcMarkInc/fake-images-img2img/00012_sd3_fp16_seed135_s30_g3.5_str0.3.png,real,0.0,0.2009422779083252
sd15_fp8,CLIP-D,patch_max,/media/CrispyMcMarkInc/fake-images-img2img/00028_sd15_fp8_seed151_s30_g3.5_str0.3.png,fake,0.9715025424957275,0.4806630611419678
sd3_fp4,CLIP-D,patch_majority,/media/CrispyMcMarkInc/fake-images-img2img/00015_sd3_fp4_seed138_s30_g3.5_str0.3.png,real,0.0,0.5226261615753174
sd35_fp8,CLIP-D,grid_majority,/media/CrispyMcMarkInc/fake-images-img2img/00034_sd35_fp8_seed157_s30_g3.5_str0.3.png,fake,1.0,0.267319917678833
sd15_fp4,CLIP-D,patch_max,/media/CrispyMcMarkInc/fake-images-img2img/00011_sd15_fp4_seed134_s30_g3.5_str0.3.png,fake,0.9574785232543945,0.48182010650634766
sd35_fp8,CLIP-D,grid_majority,/media/CrispyMcMarkInc/fake-images-img2img/00009_sd35_fp8_seed132_s30_g3.5_str0.3.png,real,0.0,0.3651885986328125
sd15_fp16,CLIP-D,patch_majority,/media/CrispyMcMarkInc/fake-images-img2img/00024_sd15_fp16_seed147_s30_g3.5_str0.3.png,real,0.0,0.6284985542297363
sd15_fp8,CLIP-D,patch_max,/media/CrispyMcMarkInc/fake-images-img2img/00023_sd15_fp8_seed146_s30_g3.5_str0.3.png,fake,0.8834312558174133,0.482907772064209
sd15_fp8,CLIP-D,grid_majority,/media/CrispyMcMarkInc/fake-images-img2img/00005_sd15_fp8_seed128_s30_g3.5_str0.3.png,real,0.0,0.22142553329467773
sd35_fp16,CLIP-D,patch_majority,/media/CrispyMcMarkInc/fake-images-img2img/00019_sd35_fp16_seed142_s30_g3.5_str0.3.png,real,0.0,0.4787142276763916
sd15_fp4,CLIP-D,patch_max,/media/CrispyMcMarkInc/fake-images-img2img/00031_sd15_fp4_seed154_s30_g3.5_str0.3.png,fake,0.7561715245246887,0.5211145877838135
sd15_fp4,CLIP-D,grid_majority,/media/CrispyMcMarkInc/fake-images-img2img/00056_sd15_fp4_seed179_s30_g3.5_str0.3.png,fake,1.0,0.21933722496032715
sd35_fp4,CLIP-D,patch_majority,/media/CrispyMcMarkInc/fake-images-img2img/00067_sd35_fp4_seed190_s30_g3.5_str0.3.png,fake,1.0,0.4783329963684082
sd35_fp16,CLIP-D,patch_max,/media/CrispyMcMarkInc/fake-images-img2img/00078_sd35_fp16_seed201_s30_g3.5_str0.3.png,fake,0.9963994026184082,0.5231151580810547
sd3_fp16,CLIP-D,grid_majority,/media/CrispyMcMarkInc/fake-images-img2img/00098_sd3_fp16_seed221_s30_g3.5_str0.3.png,real,0.0,0.22252750396728516
sd3_fp8,CLIP-D,patch_majority,/media/CrispyMcMarkInc/fake-images-img2img/00017_sd3_fp8_seed140_s30_g3.5_str0.3.png,real,0.0,0.4987039566040039
sd3_fp8,CLIP-D,patch_max,/media/CrispyMcMarkInc/fake-images-img2img/00069_sd3_fp8_seed192_s30_g3.5_str0.3.png,fake,0.9691104292869568,0.5199236869812012
sd3_fp4,CLIP-D,grid_majority,/media/CrispyMcMarkInc/fake-images-img2img/00033_sd3_fp4_seed156_s30_g3.5_str0.3.png,fake,1.0,0.22066998481750488
sd15_fp16,CLIP-D,patch_majority,/media/CrispyMcMarkInc/fake-images-img2img/00010_sd15_fp16_seed133_s30_g3.5_str0.3.png,fake,1.0,0.48027586936950684
sd35_fp16,CLIP-D,grid_majority,/media/CrispyMcMarkInc/fake-images-img2img/00025_sd35_fp16_seed148_s30_g3.5_str0.3.png,real,0.0,0.3910679817199707
sd35_fp16,CLIP-D,patch_max,/media/CrispyMcMarkInc/fake-images-img2img/00012_sd35_fp16_seed135_s30_g3.5_str0.3.png,fake,0.9524459838867188,0.6270959377288818
sd15_fp4,CLIP-D,patch_majority,/media/CrispyMcMarkInc/fake-images-img2img/00015_sd15_fp4_seed138_s30_g3.5_str0.3.png,real,0.0,0.48142433166503906
sd35_fp4,CLIP-D,grid_majority,/media/CrispyMcMarkInc/fake-images-img2img/00090_sd35_fp4_seed213_s30_g3.5_str0.3.png,real,0.0,0.22230029106140137
sd35_fp8,CLIP-D,patch_max,/media/CrispyMcMarkInc/fake-images-img2img/00000_sd35_fp8_seed123_s30_g3.5_str0.3.png,fake,0.9889077544212341,0.5163140296936035
sd35_fp4,CLIP-D,patch_majority,/media/CrispyMcMarkInc/fake-images-img2img/00075_sd35_fp4_seed198_s30_g3.5_str0.3.png,real,0.0,0.4824802875518799
sd15_fp16,CLIP-D,grid_majority,/media/CrispyMcMarkInc/fake-images-img2img/00043_sd15_fp16_seed166_s30_g3.5_str0.3.png,fake,1.0,0.20364141464233398
sd35_fp4,CLIP-D,patch_max,/media/CrispyMcMarkInc/fake-images-img2img/00012_sd35_fp4_seed135_s30_g3.5_str0.3.png,fake,0.9748200178146362,0.48342061042785645
sd3_fp16,CLIP-D,patch_majority,/media/CrispyMcMarkInc/fake-images-img2img/00008_sd3_fp16_seed131_s30_g3.5_str0.3.png,real,0.0,0.4803507328033447
sd35_fp4,CLIP-D,grid_majority,/media/CrispyMcMarkInc/fake-images-img2img/00086_sd35_fp4_seed209_s30_g3.5_str0.3.png,fake,1.0,0.20094609260559082
sd3_fp16,CLIP-D,patch_max,/media/CrispyMcMarkInc/fake-images-img2img/00044_sd3_fp16_seed167_s30_g3.5_str0.3.png,fake,0.9492726922035217,0.48226094245910645
sd3_fp4,CLIP-D,patch_majority,/media/CrispyMcMarkInc/fake-images-img2img/00086_sd3_fp4_seed209_s30_g3.5_str0.3.png,fake,1.0,0.4833817481994629
sd35_fp8,CLIP-D,grid_majority,/media/CrispyMcMarkInc/fake-images-img2img/00073_sd35_fp8_seed196_s30_g3.5_str0.3.png,fake,1.0,0.2039346694946289
sd3_fp16,CLIP-D,patch_max,/media/CrispyMcMarkInc/fake-images-img2img/00073_sd3_fp16_seed196_s30_g3.5_str0.3.png,fake,0.8719563484191895,0.5015895366668701
sd3_fp8,CLIP-D,patch_majority,/media/CrispyMcMarkInc/fake-images-img2img/00079_sd3_fp8_seed202_s30_g3.5_str0.3.png,real,0.0,0.47612500190734863
sd35_fp4,CLIP-D,grid_majority,/media/CrispyMcMarkInc/fake-images-img2img/00018_sd35_fp4_seed141_s30_g3.5_str0.3.png,real,0.0,0.2022228240966797
sd35_fp8,CLIP-D,patch_max,/media/CrispyMcMarkInc/fake-images-img2img/00043_sd35_fp8_seed166_s30_g3.5_str0.3.png,fake,0.9947190284729004,0.49364328384399414
sd35_fp8,CLIP-D,patch_majority,/media/CrispyMcMarkInc/fake-images-img2img/00003_sd35_fp8_seed126_s30_g3.5_str0.3.png,fake,1.0,0.4888267517089844
sd15_fp4,CLIP-D,grid_majority,/media/CrispyMcMarkInc/fake-images-img2img/00030_sd15_fp4_seed153_s30_g3.5_str0.3.png,fake,1.0,0.19980812072753906
sd35_fp16,CLIP-D,patch_max,/media/CrispyMcMarkInc/fake-images-img2img/00076_sd35_fp16_seed199_s30_g3.5_str0.3.png,fake,0.9532710313796997,0.490917444229126
sd35_fp4,CLIP-D,patch_majority,/media/CrispyMcMarkInc/fake-images-img2img/00050_sd35_fp4_seed173_s30_g3.5_str0.3.png,real,0.0,0.47698092460632324
sd3_fp4,CLIP-D,grid_majority,/media/CrispyMcMarkInc/fake-images-img2img/00082_sd3_fp4_seed205_s30_g3.5_str0.3.png,real,0.0,0.19780373573303223
sd15_fp4,CLIP-D,patch_max,/media/CrispyMcMarkInc/fake-images-img2img/00076_sd15_fp4_seed199_s30_g3.5_str0.3.png,fake,0.779280424118042,0.4880094528198242
sd35_fp8,CLIP-D,patch_majority,/media/CrispyMcMarkInc/fake-images-img2img/00051_sd35_fp8_seed174_s30_g3.5_str0.3.png,fake,1.0,0.484968900680542
sd15_fp4,CLIP-D,grid_majority,/media/CrispyMcMarkInc/fake-images-img2img/00093_sd15_fp4_seed216_s30_g3.5_str0.3.png,fake,1.0,0.2006676197052002
sd3_fp4,CLIP-D,patch_max,/media/CrispyMcMarkInc/fake-images-img2img/00096_sd3_fp4_seed219_s30_g3.5_str0.3.png,fake,0.9810115098953247,0.5129995346069336
sd15_fp4,CLIP-D,patch_majority,/media/CrispyMcMarkInc/fake-images-img2img/00038_sd15_fp4_seed161_s30_g3.5_str0.3.png,fake,1.0,0.48263001441955566
sd3_fp16,CLIP-D,grid_majority,/media/CrispyMcMarkInc/fake-images-img2img/00072_sd3_fp16_seed195_s30_g3.5_str0.3.png,fake,1.0,0.19911670684814453
sd3_fp16,CLIP-D,patch_max,/media/CrispyMcMarkInc/fake-images-img2img/00068_sd3_fp16_seed191_s30_g3.5_str0.3.png,fake,0.9531388282775879,0.48058319091796875
sd3_fp8,CLIP-D,patch_majority,/media/CrispyMcMarkInc/fake-images-img2img/00094_sd3_fp8_seed217_s30_g3.5_str0.3.png,fake,1.0,0.48349690437316895
sd3_fp16,CLIP-D,grid_majority,/media/CrispyMcMarkInc/fake-images-img2img/00062_sd3_fp16_seed185_s30_g3.5_str0.3.png,fake,1.0,0.20083212852478027
sd15_fp4,CLIP-D,patch_max,/media/CrispyMcMarkInc/fake-images-img2img/00035_sd15_fp4_seed158_s30_g3.5_str0.3.png,fake,0.9851985573768616,0.4785423278808594
sd15_fp4,CLIP-D,patch_majority,/media/CrispyMcMarkInc/fake-images-img2img/00097_sd15_fp4_seed220_s30_g3.5_str0.3.png,fake,1.0,0.4834878444671631
sd15_fp4,CLIP-D,grid_majority,/media/CrispyMcMarkInc/fake-images-img2img/00007_sd15_fp4_seed130_s30_g3.5_str0.3.png,fake,1.0,0.2011547088623047
sd3_fp8,CLIP-D,patch_max,/media/CrispyMcMarkInc/fake-images-img2img/00035_sd3_fp8_seed158_s30_g3.5_str0.3.png,fake,0.8720165491104126,0.4778261184692383
sd3_fp4,CLIP-D,patch_majority,/media/CrispyMcMarkInc/fake-images-img2img/00020_sd3_fp4_seed143_s30_g3.5_str0.3.png,real,0.0,0.48284077644348145
sd3_fp16,CLIP-D,grid_majority,/media/CrispyMcMarkInc/fake-images-img2img/00053_sd3_fp16_seed176_s30_g3.5_str0.3.png,real,0.0,0.20089292526245117
sd15_fp8,CLIP-D,patch_max,/media/CrispyMcMarkInc/fake-images-img2img/00018_sd15_fp8_seed141_s30_g3.5_str0.3.png,fake,0.9634529948234558,0.4809861183166504
sd35_fp8,CLIP-D,patch_majority,/media/CrispyMcMarkInc/fake-images-img2img/00089_sd35_fp8_seed212_s30_g3.5_str0.3.png,real,0.0,0.48262715339660645
sd15_fp4,CLIP-D,grid_majority,/media/CrispyMcMarkInc/fake-images-img2img/00039_sd15_fp4_seed162_s30_g3.5_str0.3.png,real,0.0,0.20037102699279785
sd15_fp16,CLIP-D,patch_max,/media/CrispyMcMarkInc/fake-images-img2img/00022_sd15_fp16_seed145_s30_g3.5_str0.3.png,fake,0.6214079856872559,0.4894897937774658
sd35_fp8,CLIP-D,patch_majority,/media/CrispyMcMarkInc/fake-images-img2img/00091_sd35_fp8_seed214_s30_g3.5_str0.3.png,fake,1.0,0.4820253849029541
sd3_fp8,CLIP-D,grid_majority,/media/CrispyMcMarkInc/fake-images-img2img/00052_sd3_fp8_seed175_s30_g3.5_str0.3.png,real,0.0,0.1987462043762207
sd35_fp4,CLIP-D,patch_max,/media/CrispyMcMarkInc/fake-images-img2img/00083_sd35_fp4_seed206_s30_g3.5_str0.3.png,fake,0.993780791759491,0.47320103645324707
sd35_fp4,CLIP-D,patch_majority,/media/CrispyMcMarkInc/fake-images-img2img/00003_sd35_fp4_seed126_s30_g3.5_str0.3.png,fake,1.0,0.4787261486053467
sd3_fp8,CLIP-D,grid_majority,/media/CrispyMcMarkInc/fake-images-img2img/00021_sd3_fp8_seed144_s30_g3.5_str0.3.png,real,0.0,0.22217750549316406
sd15_fp16,CLIP-D,patch_max,/media/CrispyMcMarkInc/fake-images-img2img/00015_sd15_fp16_seed138_s30_g3.5_str0.3.png,fake,0.7226224541664124,0.47804927825927734
sd3_fp16,CLIP-D,patch_majority,/media/CrispyMcMarkInc/fake-images-img2img/00012_sd3_fp16_seed135_s30_g3.5_str0.3.png,real,0.0,0.48180460929870605
sd35_fp16,CLIP-D,grid_majority,/media/CrispyMcMarkInc/fake-images-img2img/00054_sd35_fp16_seed177_s30_g3.5_str0.3.png,real,0.0,0.2038273811340332
sd15_fp16,CLIP-D,patch_max,/media/CrispyMcMarkInc/fake-images-img2img/00038_sd15_fp16_seed161_s30_g3.5_str0.3.png,fake,0.983331561088562,0.47714662551879883
sd35_fp8,CLIP-D,patch_majority,/media/CrispyMcMarkInc/fake-images-img2img/00034_sd35_fp8_seed157_s30_g3.5_str0.3.png,fake,1.0,0.4923057556152344
sd15_fp16,CLIP-D,grid_majority,/media/CrispyMcMarkInc/fake-images-img2img/00096_sd15_fp16_seed219_s30_g3.5_str0.3.png,real,0.0,0.20246624946594238
sd35_fp4,CLIP-D,patch_max,/media/CrispyMcMarkInc/fake-images-img2img/00008_sd35_fp4_seed131_s30_g3.5_str0.3.png,real,0.4568674862384796,0.48256468772888184
sd35_fp8,CLIP-D,patch_majority,/media/CrispyMcMarkInc/fake-images-img2img/00009_sd35_fp8_seed132_s30_g3.5_str0.3.png,real,0.0,0.5082643032073975
sd15_fp16,CLIP-D,grid_majority,/media/CrispyMcMarkInc/fake-images-img2img/00079_sd15_fp16_seed202_s30_g3.5_str0.3.png,fake,1.0,0.20373058319091797
sd3_fp8,CLIP-D,patch_max,/media/CrispyMcMarkInc/fake-images-img2img/00062_sd3_fp8_seed185_s30_g3.5_str0.3.png,fake,0.9904696345329285,0.49637365341186523
sd15_fp8,CLIP-D,patch_majority,/media/CrispyMcMarkInc/fake-images-img2img/00005_sd15_fp8_seed128_s30_g3.5_str0.3.png,real,0.0,0.5270602703094482
sd3_fp16,CLIP-D,grid_majority,/media/CrispyMcMarkInc/fake-images-img2img/00010_sd3_fp16_seed133_s30_g3.5_str0.3.png,real,0.0,0.20341038703918457
sd35_fp4,CLIP-D,patch_max,/media/CrispyMcMarkInc/fake-images-img2img/00059_sd35_fp4_seed182_s30_g3.5_str0.3.png,fake,0.6760968565940857,0.48636293411254883
sd15_fp4,CLIP-D,patch_majority,/media/CrispyMcMarkInc/fake-images-img2img/00056_sd15_fp4_seed179_s30_g3.5_str0.3.png,fake,1.0,0.5310239791870117
sd15_fp8,CLIP-D,grid_majority,/media/CrispyMcMarkInc/fake-images-img2img/00096_sd15_fp8_seed219_s30_g3.5_str0.3.png,real,0.0,0.20375847816467285
sd3_fp4,CLIP-D,patch_max,/media/CrispyMcMarkInc/fake-images-img2img/00010_sd3_fp4_seed133_s30_g3.5_str0.3.png,fake,0.9323527812957764,0.4888920783996582
sd3_fp16,CLIP-D,patch_majority,/media/CrispyMcMarkInc/fake-images-img2img/00098_sd3_fp16_seed221_s30_g3.5_str0.3.png,real,0.0,0.5523428916931152
sd3_fp4,CLIP-D,grid_majority,/media/CrispyMcMarkInc/fake-images-img2img/00022_sd3_fp4_seed145_s30_g3.5_str0.3.png,fake,1.0,0.29390692710876465
sd35_fp16,CLIP-D,patch_max,/media/CrispyMcMarkInc/fake-images-img2img/00011_sd35_fp16_seed134_s30_g3.5_str0.3.png,fake,0.8472438454627991,0.4841125011444092
sd15_fp8,CLIP-D,grid_majority,/media/CrispyMcMarkInc/fake-images-img2img/00039_sd15_fp8_seed162_s30_g3.5_str0.3.png,real,0.0,0.39928722381591797
sd3_fp4,CLIP-D,patch_majority,/media/CrispyMcMarkInc/fake-images-img2img/00033_sd3_fp4_seed156_s30_g3.5_str0.3.png,fake,1.0,0.6083686351776123
sd35_fp8,CLIP-D,patch_max,/media/CrispyMcMarkInc/fake-images-img2img/00015_sd35_fp8_seed138_s30_g3.5_str0.3.png,fake,0.9280952215194702,0.48687005043029785
sd15_fp16,CLIP-D,grid_majority,/media/CrispyMcMarkInc/fake-images-img2img/00091_sd15_fp16_seed214_s30_g3.5_str0.3.png,fake,1.0,0.2227327823638916
sd35_fp16,CLIP-D,patch_majority,/media/CrispyMcMarkInc/fake-images-img2img/00025_sd35_fp16_seed148_s30_g3.5_str0.3.png,real,0.0,0.48189449310302734
sd3_fp16,CLIP-D,patch_max,/media/CrispyMcMarkInc/fake-images-img2img/00078_sd3_fp16_seed201_s30_g3.5_str0.3.png,fake,0.9816864728927612,0.5202808380126953
sd3_fp8,CLIP-D,grid_majority,/media/CrispyMcMarkInc/fake-images-img2img/00031_sd3_fp8_seed154_s30_g3.5_str0.3.png,real,0.0,0.21956253051757812
sd35_fp4,CLIP-D,patch_majority,/media/CrispyMcMarkInc/fake-images-img2img/00090_sd35_fp4_seed213_s30_g3.5_str0.3.png,real,0.0,0.49175071716308594
sd35_fp16,CLIP-D,patch_max,/media/CrispyMcMarkInc/fake-images-img2img/00014_sd35_fp16_seed137_s30_g3.5_str0.3.png,fake,0.8819599747657776,0.5223560333251953
sd3_fp8,CLIP-D,grid_majority,/media/CrispyMcMarkInc/fake-images-img2img/00037_sd3_fp8_seed160_s30_g3.5_str0.3.png,real,0.0,0.22154736518859863
sd15_fp16,CLIP-D,patch_majority,/media/CrispyMcMarkInc/fake-images-img2img/00043_sd15_fp16_seed166_s30_g3.5_str0.3.png,fake,1.0,0.4954252243041992
sd3_fp16,CLIP-D,patch_max,/media/CrispyMcMarkInc/fake-images-img2img/00039_sd3_fp16_seed162_s30_g3.5_str0.3.png,fake,0.8686728477478027,0.5852985382080078
sd15_fp16,CLIP-D,grid_majority,/media/CrispyMcMarkInc/fake-images-img2img/00030_sd15_fp16_seed153_s30_g3.5_str0.3.png,fake,1.0,0.34380388259887695
sd35_fp4,CLIP-D,patch_majority,/media/CrispyMcMarkInc/fake-images-img2img/00086_sd35_fp4_seed209_s30_g3.5_str0.3.png,fake,1.0,0.48535990715026855
sd35_fp4,CLIP-D,grid_majority,/media/CrispyMcMarkInc/fake-images-img2img/00001_sd35_fp4_seed124_s30_g3.5_str0.3.png,real,0.0,0.3915591239929199
sd15_fp4,CLIP-D,patch_max,/media/CrispyMcMarkInc/fake-images-img2img/00027_sd15_fp4_seed150_s30_g3.5_str0.3.png,fake,0.9789157509803772,0.6317431926727295
sd35_fp8,CLIP-D,patch_majority,/media/CrispyMcMarkInc/fake-images-img2img/00073_sd35_fp8_seed196_s30_g3.5_str0.3.png,fake,1.0,0.4803626537322998
sd15_fp8,CLIP-D,grid_majority,/media/CrispyMcMarkInc/fake-images-img2img/00073_sd15_fp8_seed196_s30_g3.5_str0.3.png,real,0.0,0.22095489501953125
sd3_fp8,CLIP-D,patch_max,/media/CrispyMcMarkInc/fake-images-img2img/00093_sd3_fp8_seed216_s30_g3.5_str0.3.png,fake,0.9559186697006226,0.516864538192749
sd35_fp4,CLIP-D,patch_majority,/media/CrispyMcMarkInc/fake-images-img2img/00018_sd35_fp4_seed141_s30_g3.5_str0.3.png,real,0.0,0.47774386405944824
sd3_fp4,CLIP-D,grid_majority,/media/CrispyMcMarkInc/fake-images-img2img/00053_sd3_fp4_seed176_s30_g3.5_str0.3.png,real,0.0,0.20577692985534668
sd15_fp8,CLIP-D,patch_max,/media/CrispyMcMarkInc/fake-images-img2img/00074_sd15_fp8_seed197_s30_g3.5_str0.3.png,fake,0.9562299847602844,0.49184703826904297
sd15_fp4,CLIP-D,patch_majority,/media/CrispyMcMarkInc/fake-images-img2img/00030_sd15_fp4_seed153_s30_g3.5_str0.3.png,fake,1.0,0.4818532466888428
sd15_fp4,CLIP-D,grid_majority,/media/CrispyMcMarkInc/fake-images-img2img/00083_sd15_fp4_seed206_s30_g3.5_str0.3.png,fake,1.0,0.20273089408874512
sd35_fp8,CLIP-D,patch_max,/media/CrispyMcMarkInc/fake-images-img2img/00013_sd35_fp8_seed136_s30_g3.5_str0.3.png,fake,0.9011035561561584,0.48714423179626465
sd3_fp4,CLIP-D,patch_majority,/media/CrispyMcMarkInc/fake-images-img2img/00082_sd3_fp4_seed205_s30_g3.5_str0.3.png,real,0.0,0.4775395393371582
sd15_fp8,CLIP-D,grid_majority,/media/CrispyMcMarkInc/fake-images-img2img/00063_sd15_fp8_seed186_s30_g3.5_str0.3.png,fake,1.0,0.2031400203704834
sd3_fp8,CLIP-D,patch_max,/media/CrispyMcMarkInc/fake-images-img2img/00055_sd3_fp8_seed178_s30_g3.5_str0.3.png,fake,0.9155527949333191,0.4992251396179199
sd15_fp4,CLIP-D,patch_majority,/media/CrispyMcMarkInc/fake-images-img2img/00093_sd15_fp4_seed216_s30_g3.5_str0.3.png,fake,1.0,0.4869351387023926
sd3_fp4,CLIP-D,grid_majority,/media/CrispyMcMarkInc/fake-images-img2img/00070_sd3_fp4_seed193_s30_g3.5_str0.3.png,fake,1.0,0.20183277130126953
sd35_fp4,CLIP-D,patch_max,/media/CrispyMcMarkInc/fake-images-img2img/00053_sd35_fp4_seed176_s30_g3.5_str0.3.png,fake,0.7274548411369324,0.483539342880249
sd3_fp16,CLIP-D,patch_majority,/media/CrispyMcMarkInc/fake-images-img2img/00072_sd3_fp16_seed195_s30_g3.5_str0.3.png,fake,1.0,0.48334670066833496
sd15_fp16,CLIP-D,grid_majority,/media/CrispyMcMarkInc/fake-images-img2img/00032_sd15_fp16_seed155_s30_g3.5_str0.3.png,fake,1.0,0.20045995712280273
sd3_fp16,CLIP-D,patch_max,/media/CrispyMcMarkInc/fake-images-img2img/00001_sd3_fp16_seed124_s30_g3.5_str0.3.png,fake,0.9589608907699585,0.47464489936828613
sd3_fp16,CLIP-D,patch_majority,/media/CrispyMcMarkInc/fake-images-img2img/00062_sd3_fp16_seed185_s30_g3.5_str0.3.png,real,0.0,0.4778890609741211
sd3_fp4,CLIP-D,grid_majority,/media/CrispyMcMarkInc/fake-images-img2img/00021_sd3_fp4_seed144_s30_g3.5_str0.3.png,real,0.0,0.19856977462768555
sd15_fp8,CLIP-D,patch_max,/media/CrispyMcMarkInc/fake-images-img2img/00049_sd15_fp8_seed172_s30_g3.5_str0.3.png,fake,0.9870206117630005,0.4871044158935547
sd15_fp4,CLIP-D,patch_majority,/media/CrispyMcMarkInc/fake-images-img2img/00007_sd15_fp4_seed130_s30_g3.5_str0.3.png,real,0.0,0.48127007484436035
sd15_fp4,CLIP-D,grid_majority,/media/CrispyMcMarkInc/fake-images-img2img/00065_sd15_fp4_seed188_s30_g3.5_str0.3.png,fake,1.0,0.20095515251159668
sd3_fp8,CLIP-D,patch_max,/media/CrispyMcMarkInc/fake-images-img2img/00033_sd3_fp8_seed156_s30_g3.5_str0.3.png,fake,0.9925669431686401,0.4925668239593506
sd3_fp16,CLIP-D,patch_majority,/media/CrispyMcMarkInc/fake-images-img2img/00053_sd3_fp16_seed176_s30_g3.5_str0.3.png,real,0.0,0.4833965301513672
sd3_fp4,CLIP-D,grid_majority,/media/CrispyMcMarkInc/fake-images-img2img/00019_sd3_fp4_seed142_s30_g3.5_str0.3.png,real,0.0,0.19859719276428223
sd15_fp4,CLIP-D,patch_max,/media/CrispyMcMarkInc/fake-images-img2img/00037_sd15_fp4_seed160_s30_g3.5_str0.3.png,fake,0.962960958480835,0.4832947254180908
sd15_fp4,CLIP-D,patch_majority,/media/CrispyMcMarkInc/fake-images-img2img/00039_sd15_fp4_seed162_s30_g3.5_str0.3.png,real,0.0,0.4788801670074463
sd3_fp8,CLIP-D,grid_majority,/media/CrispyMcMarkInc/fake-images-img2img/00018_sd3_fp8_seed141_s30_g3.5_str0.3.png,real,0.0,0.20187687873840332
sd15_fp8,CLIP-D,patch_max,/media/CrispyMcMarkInc/fake-images-img2img/00046_sd15_fp8_seed169_s30_g3.5_str0.3.png,fake,0.7569542527198792,0.4865376949310303
sd3_fp8,CLIP-D,patch_majority,/media/CrispyMcMarkInc/fake-images-img2img/00052_sd3_fp8_seed175_s30_g3.5_str0.3.png,real,0.0,0.4847226142883301
sd3_fp8,CLIP-D,grid_majority,/media/CrispyMcMarkInc/fake-images-img2img/00041_sd3_fp8_seed164_s30_g3.5_str0.3.png,real,0.0,0.1985635757446289
sd3_fp8,CLIP-D,patch_max,/media/CrispyMcMarkInc/fake-images-img2img/00005_sd3_fp8_seed128_s30_g3.5_str0.3.png,fake,0.8033407926559448,0.48808884620666504
sd3_fp8,CLIP-D,patch_majority,/media/CrispyMcMarkInc/fake-images-img2img/00021_sd3_fp8_seed144_s30_g3.5_str0.3.png,real,0.0,0.47655510902404785
sd15_fp16,CLIP-D,grid_majority,/media/CrispyMcMarkInc/fake-images-img2img/00088_sd15_fp16_seed211_s30_g3.5_str0.3.png,fake,1.0,0.2023329734802246
sd15_fp8,CLIP-D,patch_max,/media/CrispyMcMarkInc/fake-images-img2img/00031_sd15_fp8_seed154_s30_g3.5_str0.3.png,fake,0.7914963960647583,0.4799187183380127
sd35_fp16,CLIP-D,patch_majority,/media/CrispyMcMarkInc/fake-images-img2img/00054_sd35_fp16_seed177_s30_g3.5_str0.3.png,real,0.0,0.4822731018066406
sd15_fp4,CLIP-D,grid_majority,/media/CrispyMcMarkInc/fake-images-img2img/00099_sd15_fp4_seed222_s30_g3.5_str0.3.png,real,0.0,0.21594452857971191
sd35_fp8,CLIP-D,patch_max,/media/CrispyMcMarkInc/fake-images-img2img/00084_sd35_fp8_seed207_s30_g3.5_str0.3.png,fake,0.887262761592865,0.47487688064575195
sd15_fp16,CLIP-D,patch_majority,/media/CrispyMcMarkInc/fake-images-img2img/00096_sd15_fp16_seed219_s30_g3.5_str0.3.png,real,0.0,0.479825496673584
sd35_fp16,CLIP-D,grid_majority,/media/CrispyMcMarkInc/fake-images-img2img/00072_sd35_fp16_seed195_s30_g3.5_str0.3.png,fake,1.0,0.20002150535583496
sd35_fp4,CLIP-D,patch_max,/media/CrispyMcMarkInc/fake-images-img2img/00073_sd35_fp4_seed196_s30_g3.5_str0.3.png,fake,0.9243702292442322,0.47777462005615234
sd15_fp16,CLIP-D,patch_majority,/media/CrispyMcMarkInc/fake-images-img2img/00079_sd15_fp16_seed202_s30_g3.5_str0.3.png,fake,1.0,0.48076558113098145
sd15_fp16,CLIP-D,grid_majority,/media/CrispyMcMarkInc/fake-images-img2img/00086_sd15_fp16_seed209_s30_g3.5_str0.3.png,fake,1.0,0.20310640335083008
sd15_fp16,CLIP-D,patch_max,/media/CrispyMcMarkInc/fake-images-img2img/00056_sd15_fp16_seed179_s30_g3.5_str0.3.png,fake,0.9592078924179077,0.4785628318786621
sd3_fp16,CLIP-D,patch_majority,/media/CrispyMcMarkInc/fake-images-img2img/00010_sd3_fp16_seed133_s30_g3.5_str0.3.png,real,0.0,0.485975980758667
sd15_fp4,CLIP-D,grid_majority,/media/CrispyMcMarkInc/fake-images-img2img/00094_sd15_fp4_seed217_s30_g3.5_str0.3.png,fake,1.0,0.20401692390441895
sd15_fp8,CLIP-D,patch_max,/media/CrispyMcMarkInc/fake-images-img2img/00034_sd15_fp8_seed157_s30_g3.5_str0.3.png,fake,0.9088396430015564,0.4601325988769531
sd15_fp8,CLIP-D,patch_majority,/media/CrispyMcMarkInc/fake-images-img2img/00096_sd15_fp8_seed219_s30_g3.5_str0.3.png,real,0.0,0.5055725574493408
sd35_fp8,CLIP-D,grid_majority,/media/CrispyMcMarkInc/fake-images-img2img/00004_sd35_fp8_seed127_s30_g3.5_str0.3.png,real,0.0,0.20385313034057617
sd3_fp4,CLIP-D,patch_max,/media/CrispyMcMarkInc/fake-images-img2img/00050_sd3_fp4_seed173_s30_g3.5_str0.3.png,fake,0.936186671257019,0.47605037689208984
sd3_fp4,CLIP-D,patch_majority,/media/CrispyMcMarkInc/fake-images-img2img/00022_sd3_fp4_seed145_s30_g3.5_str0.3.png,real,0.0,0.517784833908081
sd3_fp4,CLIP-D,grid_majority,/media/CrispyMcMarkInc/fake-images-img2img/00072_sd3_fp4_seed195_s30_g3.5_str0.3.png,fake,1.0,0.2031261920928955
sd35_fp8,CLIP-D,patch_max,/media/CrispyMcMarkInc/fake-images-img2img/00046_sd35_fp8_seed169_s30_g3.5_str0.3.png,fake,0.696994423866272,0.47830677032470703
sd15_fp8,CLIP-D,patch_majority,/media/CrispyMcMarkInc/fake-images-img2img/00039_sd15_fp8_seed162_s30_g3.5_str0.3.png,real,0.0,0.5228297710418701
sd15_fp4,CLIP-D,grid_majority,/media/CrispyMcMarkInc/fake-images-img2img/00024_sd15_fp4_seed147_s30_g3.5_str0.3.png,real,0.0,0.20465302467346191
sd15_fp8,CLIP-D,patch_max,/media/CrispyMcMarkInc/fake-images-img2img/00040_sd15_fp8_seed163_s30_g3.5_str0.3.png,fake,0.9768798351287842,0.4809131622314453
sd15_fp16,CLIP-D,patch_majority,/media/CrispyMcMarkInc/fake-images-img2img/00091_sd15_fp16_seed214_s30_g3.5_str0.3.png,fake,1.0,0.5295045375823975
sd35_fp8,CLIP-D,grid_majority,/media/CrispyMcMarkInc/fake-images-img2img/00005_sd35_fp8_seed128_s30_g3.5_str0.3.png,real,0.0,0.20358061790466309
sd3_fp8,CLIP-D,patch_max,/media/CrispyMcMarkInc/fake-images-img2img/00013_sd3_fp8_seed136_s30_g3.5_str0.3.png,fake,0.9355923533439636,0.4762570858001709
sd3_fp8,CLIP-D,patch_majority,/media/CrispyMcMarkInc/fake-images-img2img/00031_sd3_fp8_seed154_s30_g3.5_str0.3.png,real,0.0,0.5248894691467285
sd15_fp4,CLIP-D,grid_majority,/media/CrispyMcMarkInc/fake-images-img2img/00062_sd15_fp4_seed185_s30_g3.5_str0.3.png,real,0.0,0.20580005645751953
sd3_fp16,CLIP-D,patch_max,/media/CrispyMcMarkInc/fake-images-img2img/00035_sd3_fp16_seed158_s30_g3.5_str0.3.png,fake,0.8662434220314026,0.48787617683410645
sd3_fp8,CLIP-D,patch_majority,/media/CrispyMcMarkInc/fake-images-img2img/00037_sd3_fp8_seed160_s30_g3.5_str0.3.png,real,0.0,0.5247249603271484
sd35_fp4,CLIP-D,grid_majority,/media/CrispyMcMarkInc/fake-images-img2img/00069_sd35_fp4_seed192_s30_g3.5_str0.3.png,fake,1.0,0.20238351821899414
sd3_fp4,CLIP-D,patch_max,/media/CrispyMcMarkInc/fake-images-img2img/00066_sd3_fp4_seed189_s30_g3.5_str0.3.png,fake,0.9402601718902588,0.4830965995788574
sd15_fp16,CLIP-D,patch_majority,/media/CrispyMcMarkInc/fake-images-img2img/00030_sd15_fp16_seed153_s30_g3.5_str0.3.png,fake,1.0,0.5826756954193115
sd15_fp4,CLIP-D,grid_majority,/media/CrispyMcMarkInc/fake-images-img2img/00061_sd15_fp4_seed184_s30_g3.5_str0.3.png,fake,1.0,0.32062458992004395
sd3_fp16,CLIP-D,patch_max,/media/CrispyMcMarkInc/fake-images-img2img/00018_sd3_fp16_seed141_s30_g3.5_str0.3.png,fake,0.8257233500480652,0.47890329360961914
sd3_fp4,CLIP-D,grid_majority,/media/CrispyMcMarkInc/fake-images-img2img/00098_sd3_fp4_seed221_s30_g3.5_str0.3.png,real,0.0,0.4072146415710449
sd35_fp4,CLIP-D,patch_majority,/media/CrispyMcMarkInc/fake-images-img2img/00001_sd35_fp4_seed124_s30_g3.5_str0.3.png,real,0.0,0.6276583671569824
sd3_fp4,CLIP-D,patch_max,/media/CrispyMcMarkInc/fake-images-img2img/00023_sd3_fp4_seed146_s30_g3.5_str0.3.png,fake,0.9262135028839111,0.48161959648132324
sd15_fp8,CLIP-D,grid_majority,/media/CrispyMcMarkInc/fake-images-img2img/00081_sd15_fp8_seed204_s30_g3.5_str0.3.png,real,0.0,0.2163219451904297
sd15_fp8,CLIP-D,patch_majority,/media/CrispyMcMarkInc/fake-images-img2img/00073_sd15_fp8_seed196_s30_g3.5_str0.3.png,real,0.0,0.5628273487091064
sd15_fp8,CLIP-D,patch_max,/media/CrispyMcMarkInc/fake-images-img2img/00067_sd15_fp8_seed190_s30_g3.5_str0.3.png,fake,0.9879441261291504,0.5234048366546631
sd35_fp8,CLIP-D,grid_majority,/media/CrispyMcMarkInc/fake-images-img2img/00066_sd35_fp8_seed189_s30_g3.5_str0.3.png,real,0.0,0.22714543342590332
sd3_fp4,CLIP-D,patch_majority,/media/CrispyMcMarkInc/fake-images-img2img/00053_sd3_fp4_seed176_s30_g3.5_str0.3.png,real,0.0,0.5041825771331787
sd15_fp8,CLIP-D,patch_max,/media/CrispyMcMarkInc/fake-images-img2img/00048_sd15_fp8_seed171_s30_g3.5_str0.3.png,fake,0.9878323078155518,0.5271017551422119
sd3_fp4,CLIP-D,grid_majority,/media/CrispyMcMarkInc/fake-images-img2img/00080_sd3_fp4_seed203_s30_g3.5_str0.3.png,fake,1.0,0.21936416625976562
sd15_fp4,CLIP-D,patch_majority,/media/CrispyMcMarkInc/fake-images-img2img/00083_sd15_fp4_seed206_s30_g3.5_str0.3.png,fake,1.0,0.5151026248931885
sd15_fp8,CLIP-D,grid_majority,/media/CrispyMcMarkInc/fake-images-img2img/00097_sd15_fp8_seed220_s30_g3.5_str0.3.png,fake,1.0,0.39389705657958984
sd15_fp8,CLIP-D,patch_max,/media/CrispyMcMarkInc/fake-images-img2img/00044_sd15_fp8_seed167_s30_g3.5_str0.3.png,fake,0.9908459782600403,0.632190465927124
sd15_fp8,CLIP-D,patch_majority,/media/CrispyMcMarkInc/fake-images-img2img/00063_sd15_fp8_seed186_s30_g3.5_str0.3.png,fake,1.0,0.4786043167114258
sd15_fp8,CLIP-D,grid_majority,/media/CrispyMcMarkInc/fake-images-img2img/00028_sd15_fp8_seed151_s30_g3.5_str0.3.png,fake,1.0,0.22844600677490234
sd3_fp16,CLIP-D,patch_max,/media/CrispyMcMarkInc/fake-images-img2img/00099_sd3_fp16_seed222_s30_g3.5_str0.3.png,fake,0.9623717069625854,0.5072860717773438
sd3_fp4,CLIP-D,patch_majority,/media/CrispyMcMarkInc/fake-images-img2img/00070_sd3_fp4_seed193_s30_g3.5_str0.3.png,fake,1.0,0.48323583602905273
sd15_fp4,CLIP-D,grid_majority,/media/CrispyMcMarkInc/fake-images-img2img/00011_sd15_fp4_seed134_s30_g3.5_str0.3.png,real,0.0,0.20361614227294922
sd35_fp4,CLIP-D,patch_max,/media/CrispyMcMarkInc/fake-images-img2img/00013_sd35_fp4_seed136_s30_g3.5_str0.3.png,fake,0.9407454133033752,0.4916849136352539
sd15_fp16,CLIP-D,patch_majority,/media/CrispyMcMarkInc/fake-images-img2img/00032_sd15_fp16_seed155_s30_g3.5_str0.3.png,fake,1.0,0.4854621887207031
sd15_fp8,CLIP-D,grid_majority,/media/CrispyMcMarkInc/fake-images-img2img/00023_sd15_fp8_seed146_s30_g3.5_str0.3.png,fake,1.0,0.2022991180419922
sd35_fp16,CLIP-D,patch_max,/media/CrispyMcMarkInc/fake-images-img2img/00085_sd35_fp16_seed208_s30_g3.5_str0.3.png,fake,0.9317149519920349,0.5125012397766113
sd3_fp4,CLIP-D,patch_majority,/media/CrispyMcMarkInc/fake-images-img2img/00021_sd3_fp4_seed144_s30_g3.5_str0.3.png,real,0.0,0.48126935958862305
sd15_fp4,CLIP-D,grid_majority,/media/CrispyMcMarkInc/fake-images-img2img/00031_sd15_fp4_seed154_s30_g3.5_str0.3.png,real,0.0,0.2001810073852539
sd15_fp16,CLIP-D,patch_max,/media/CrispyMcMarkInc/fake-images-img2img/00097_sd15_fp16_seed220_s30_g3.5_str0.3.png,fake,0.9977349042892456,0.49767065048217773
sd15_fp4,CLIP-D,patch_majority,/media/CrispyMcMarkInc/fake-images-img2img/00065_sd15_fp4_seed188_s30_g3.5_str0.3.png,fake,1.0,0.48923397064208984
sd35_fp16,CLIP-D,grid_majority,/media/CrispyMcMarkInc/fake-images-img2img/00078_sd35_fp16_seed201_s30_g3.5_str0.3.png,fake,1.0,0.20210695266723633
sd15_fp16,CLIP-D,patch_max,/media/CrispyMcMarkInc/fake-images-img2img/00000_sd15_fp16_seed123_s30_g3.5_str0.3.png,fake,0.9216886162757874,0.4903073310852051
sd3_fp4,CLIP-D,patch_majority,/media/CrispyMcMarkInc/fake-images-img2img/00019_sd3_fp4_seed142_s30_g3.5_str0.3.png,real,0.0,0.483142614364624
sd3_fp8,CLIP-D,grid_majority,/media/CrispyMcMarkInc/fake-images-img2img/00069_sd3_fp8_seed192_s30_g3.5_str0.3.png,fake,1.0,0.2006528377532959
sd35_fp16,CLIP-D,patch_max,/media/CrispyMcMarkInc/fake-images-img2img/00017_sd35_fp16_seed140_s30_g3.5_str0.3.png,fake,0.9937663078308105,0.4986231327056885
sd3_fp8,CLIP-D,patch_majority,/media/CrispyMcMarkInc/fake-images-img2img/00018_sd3_fp8_seed141_s30_g3.5_str0.3.png,real,0.0,0.47975683212280273
sd35_fp16,CLIP-D,grid_majority,/media/CrispyMcMarkInc/fake-images-img2img/00012_sd35_fp16_seed135_s30_g3.5_str0.3.png,fake,1.0,0.20076251029968262
sd35_fp4,CLIP-D,patch_max,/media/CrispyMcMarkInc/fake-images-img2img/00057_sd35_fp4_seed180_s30_g3.5_str0.3.png,fake,0.6910927295684814,0.48454713821411133
sd3_fp8,CLIP-D,patch_majority,/media/CrispyMcMarkInc/fake-images-img2img/00041_sd3_fp8_seed164_s30_g3.5_str0.3.png,real,0.0,0.4819529056549072
sd35_fp8,CLIP-D,grid_majority,/media/CrispyMcMarkInc/fake-images-img2img/00000_sd35_fp8_seed123_s30_g3.5_str0.3.png,fake,1.0,0.20232629776000977
sd3_fp8,CLIP-D,patch_max,/media/CrispyMcMarkInc/fake-images-img2img/00014_sd3_fp8_seed137_s30_g3.5_str0.3.png,fake,0.7568420767784119,0.4720766544342041
sd15_fp16,CLIP-D,patch_majority,/media/CrispyMcMarkInc/fake-images-img2img/00088_sd15_fp16_seed211_s30_g3.5_str0.3.png,fake,1.0,0.4851651191711426
sd35_fp4,CLIP-D,grid_majority,/media/CrispyMcMarkInc/fake-images-img2img/00012_sd35_fp4_seed135_s30_g3.5_str0.3.png,fake,1.0,0.19858050346374512
sd35_fp4,CLIP-D,patch_max,/media/CrispyMcMarkInc/fake-images-img2img/00016_sd35_fp4_seed139_s30_g3.5_str0.3.png,fake,0.7713832259178162,0.4777357578277588
sd15_fp4,CLIP-D,patch_majority,/media/CrispyMcMarkInc/fake-images-img2img/00099_sd15_fp4_seed222_s30_g3.5_str0.3.png,real,0.0,0.4798867702484131
sd3_fp16,CLIP-D,grid_majority,/media/CrispyMcMarkInc/fake-images-img2img/00044_sd3_fp16_seed167_s30_g3.5_str0.3.png,real,0.0,0.1985945701599121
sd15_fp4,CLIP-D,patch_max,/media/CrispyMcMarkInc/fake-images-img2img/00034_sd15_fp4_seed157_s30_g3.5_str0.3.png,fake,0.9088396430015564,0.4597504138946533
sd35_fp16,CLIP-D,patch_majority,/media/CrispyMcMarkInc/fake-images-img2img/00072_sd35_fp16_seed195_s30_g3.5_str0.3.png,fake,1.0,0.48419904708862305
sd3_fp16,CLIP-D,grid_majority,/media/CrispyMcMarkInc/fake-images-img2img/00073_sd3_fp16_seed196_s30_g3.5_str0.3.png,real,0.0,0.20039916038513184
sd3_fp16,CLIP-D,patch_max,/media/CrispyMcMarkInc/fake-images-img2img/00041_sd3_fp16_seed164_s30_g3.5_str0.3.png,fake,0.8858005404472351,0.4775550365447998
sd15_fp16,CLIP-D,patch_majority,/media/CrispyMcMarkInc/fake-images-img2img/00086_sd15_fp16_seed209_s30_g3.5_str0.3.png,fake,1.0,0.4851067066192627
sd35_fp8,CLIP-D,grid_majority,/media/CrispyMcMarkInc/fake-images-img2img/00043_sd35_fp8_seed166_s30_g3.5_str0.3.png,fake,1.0,0.22155475616455078
sd3_fp8,CLIP-D,patch_max,/media/CrispyMcMarkInc/fake-images-img2img/00048_sd3_fp8_seed171_s30_g3.5_str0.3.png,fake,0.9953952431678772,0.47677040100097656
sd15_fp4,CLIP-D,patch_majority,/media/CrispyMcMarkInc/fake-images-img2img/00094_sd15_fp4_seed217_s30_g3.5_str0.3.png,fake,1.0,0.48228907585144043
sd35_fp16,CLIP-D,grid_majority,/media/CrispyMcMarkInc/fake-images-img2img/00076_sd35_fp16_seed199_s30_g3.5_str0.3.png,real,0.0,0.20049238204956055
sd3_fp8,CLIP-D,patch_max,/media/CrispyMcMarkInc/fake-images-img2img/00085_sd3_fp8_seed208_s30_g3.5_str0.3.png,fake,0.946674644947052,0.48148322105407715
sd35_fp8,CLIP-D,patch_majority,/media/CrispyMcMarkInc/fake-images-img2img/00004_sd35_fp8_seed127_s30_g3.5_str0.3.png,real,0.0,0.4814150333404541
sd15_fp4,CLIP-D,grid_majority,/media/CrispyMcMarkInc/fake-images-img2img/00076_sd15_fp4_seed199_s30_g3.5_str0.3.png,real,0.0,0.20418882369995117
sd35_fp8,CLIP-D,patch_max,/media/CrispyMcMarkInc/fake-images-img2img/00087_sd35_fp8_seed210_s30_g3.5_str0.3.png,fake,0.9953898191452026,0.47681283950805664
sd3_fp4,CLIP-D,patch_majority,/media/CrispyMcMarkInc/fake-images-img2img/00072_sd3_fp4_seed195_s30_g3.5_str0.3.png,fake,1.0,0.4862997531890869
sd3_fp4,CLIP-D,grid_majority,/media/CrispyMcMarkInc/fake-images-img2img/00096_sd3_fp4_seed219_s30_g3.5_str0.3.png,real,0.0,0.2020890712738037
sd35_fp8,CLIP-D,patch_max,/media/CrispyMcMarkInc/fake-images-img2img/00060_sd35_fp8_seed183_s30_g3.5_str0.3.png,fake,0.9685006141662598,0.48479151725769043
sd15_fp4,CLIP-D,patch_majority,/media/CrispyMcMarkInc/fake-images-img2img/00024_sd15_fp4_seed147_s30_g3.5_str0.3.png,real,0.0,0.5057880878448486
sd3_fp16,CLIP-D,grid_majority,/media/CrispyMcMarkInc/fake-images-img2img/00068_sd3_fp16_seed191_s30_g3.5_str0.3.png,real,0.0,0.20398974418640137
sd35_fp4,CLIP-D,patch_max,/media/CrispyMcMarkInc/fake-images-img2img/00063_sd35_fp4_seed186_s30_g3.5_str0.3.png,fake,0.994178295135498,0.4944002628326416
sd35_fp8,CLIP-D,patch_majority,/media/CrispyMcMarkInc/fake-images-img2img/00005_sd35_fp8_seed128_s30_g3.5_str0.3.png,real,0.0,0.5210559368133545
sd15_fp4,CLIP-D,grid_majority,/media/CrispyMcMarkInc/fake-images-img2img/00035_sd15_fp4_seed158_s30_g3.5_str0.3.png,fake,1.0,0.26920652389526367
sd35_fp8,CLIP-D,patch_max,/media/CrispyMcMarkInc/fake-images-img2img/00012_sd35_fp8_seed135_s30_g3.5_str0.3.png,fake,0.9753367304801941,0.4831888675689697
sd3_fp8,CLIP-D,grid_majority,/media/CrispyMcMarkInc/fake-images-img2img/00035_sd3_fp8_seed158_s30_g3.5_str0.3.png,real,0.0,0.4114410877227783
sd15_fp4,CLIP-D,patch_majority,/media/CrispyMcMarkInc/fake-images-img2img/00062_sd15_fp4_seed185_s30_g3.5_str0.3.png,real,0.0,0.6334266662597656
sd35_fp16,CLIP-D,patch_max,/media/CrispyMcMarkInc/fake-images-img2img/00040_sd35_fp16_seed163_s30_g3.5_str0.3.png,fake,0.9844048619270325,0.48176050186157227
sd15_fp8,CLIP-D,grid_majority,/media/CrispyMcMarkInc/fake-images-img2img/00018_sd15_fp8_seed141_s30_g3.5_str0.3.png,real,0.0,0.21805524826049805
sd35_fp4,CLIP-D,patch_majority,/media/CrispyMcMarkInc/fake-images-img2img/00069_sd35_fp4_seed192_s30_g3.5_str0.3.png,fake,1.0,0.5307996273040771
sd15_fp4,CLIP-D,patch_max,/media/CrispyMcMarkInc/fake-images-img2img/00059_sd15_fp4_seed182_s30_g3.5_str0.3.png,fake,0.8029084801673889,0.5172176361083984
sd15_fp16,CLIP-D,grid_majority,/media/CrispyMcMarkInc/fake-images-img2img/00022_sd15_fp16_seed145_s30_g3.5_str0.3.png,real,0.0,0.22262978553771973
sd15_fp4,CLIP-D,patch_majority,/media/CrispyMcMarkInc/fake-images-img2img/00061_sd15_fp4_seed184_s30_g3.5_str0.3.png,fake,1.0,0.5071923732757568
sd3_fp16,CLIP-D,patch_max,/media/CrispyMcMarkInc/fake-images-img2img/00031_sd3_fp16_seed154_s30_g3.5_str0.3.png,fake,0.8930514454841614,0.5272035598754883
sd35_fp4,CLIP-D,grid_majority,/media/CrispyMcMarkInc/fake-images-img2img/00083_sd35_fp4_seed206_s30_g3.5_str0.3.png,fake,1.0,0.22856664657592773
sd3_fp4,CLIP-D,patch_majority,/media/CrispyMcMarkInc/fake-images-img2img/00098_sd3_fp4_seed221_s30_g3.5_str0.3.png,real,0.0,0.4819767475128174
sd35_fp4,CLIP-D,patch_max,/media/CrispyMcMarkInc/fake-images-img2img/00054_sd35_fp4_seed177_s30_g3.5_str0.3.png,fake,0.9567316770553589,0.5254395008087158
sd15_fp16,CLIP-D,grid_majority,/media/CrispyMcMarkInc/fake-images-img2img/00015_sd15_fp16_seed138_s30_g3.5_str0.3.png,real,0.0,0.22664952278137207
sd15_fp8,CLIP-D,patch_majority,/media/CrispyMcMarkInc/fake-images-img2img/00081_sd15_fp8_seed204_s30_g3.5_str0.3.png,real,0.0,0.4885368347167969
sd15_fp8,CLIP-D,patch_max,/media/CrispyMcMarkInc/fake-images-img2img/00033_sd15_fp8_seed156_s30_g3.5_str0.3.png,fake,0.9512084126472473,0.519768476486206
sd15_fp16,CLIP-D,grid_majority,/media/CrispyMcMarkInc/fake-images-img2img/00038_sd15_fp16_seed161_s30_g3.5_str0.3.png,fake,1.0,0.22835540771484375
sd35_fp8,CLIP-D,patch_majority,/media/CrispyMcMarkInc/fake-images-img2img/00066_sd35_fp8_seed189_s30_g3.5_str0.3.png,real,0.0,0.5116603374481201
sd3_fp8,CLIP-D,patch_max,/media/CrispyMcMarkInc/fake-images-img2img/00053_sd3_fp8_seed176_s30_g3.5_str0.3.png,fake,0.6407204270362854,0.5198357105255127
sd35_fp4,CLIP-D,grid_majority,/media/CrispyMcMarkInc/fake-images-img2img/00008_sd35_fp4_seed131_s30_g3.5_str0.3.png,real,0.0,0.22522187232971191
sd3_fp4,CLIP-D,patch_majority,/media/CrispyMcMarkInc/fake-images-img2img/00080_sd3_fp4_seed203_s30_g3.5_str0.3.png,fake,1.0,0.5027062892913818
sd15_fp16,CLIP-D,patch_max,/media/CrispyMcMarkInc/fake-images-img2img/00084_sd15_fp16_seed207_s30_g3.5_str0.3.png,fake,0.9666349291801453,0.5293703079223633
sd3_fp8,CLIP-D,grid_majority,/media/CrispyMcMarkInc/fake-images-img2img/00062_sd3_fp8_seed185_s30_g3.5_str0.3.png,fake,1.0,0.22617602348327637
sd15_fp8,CLIP-D,patch_majority,/media/CrispyMcMarkInc/fake-images-img2img/00097_sd15_fp8_seed220_s30_g3.5_str0.3.png,fake,1.0,0.4819626808166504
sd3_fp16,CLIP-D,patch_max,/media/CrispyMcMarkInc/fake-images-img2img/00027_sd3_fp16_seed150_s30_g3.5_str0.3.png,fake,0.972610592842102,0.5308027267456055
sd35_fp4,CLIP-D,grid_majority,/media/CrispyMcMarkInc/fake-images-img2img/00059_sd35_fp4_seed182_s30_g3.5_str0.3.png,real,0.0,0.21664142608642578
sd15_fp8,CLIP-D,patch_majority,/media/CrispyMcMarkInc/fake-images-img2img/00028_sd15_fp8_seed151_s30_g3.5_str0.3.png,fake,1.0,0.4821500778198242
sd3_fp4,CLIP-D,grid_majority,/media/CrispyMcMarkInc/fake-images-img2img/00010_sd3_fp4_seed133_s30_g3.5_str0.3.png,real,0.0,0.3913111686706543
sd35_fp8,CLIP-D,patch_max,/media/CrispyMcMarkInc/fake-images-img2img/00083_sd35_fp8_seed206_s30_g3.5_str0.3.png,fake,0.9915521144866943,0.6292629241943359
sd15_fp4,CLIP-D,patch_majority,/media/CrispyMcMarkInc/fake-images-img2img/00011_sd15_fp4_seed134_s30_g3.5_str0.3.png,real,0.0,0.4791417121887207
sd35_fp16,CLIP-D,grid_majority,/media/CrispyMcMarkInc/fake-images-img2img/00011_sd35_fp16_seed134_s30_g3.5_str0.3.png,real,0.0,0.22675132751464844
sd35_fp4,CLIP-D,patch_max,/media/CrispyMcMarkInc/fake-images-img2img/00010_sd35_fp4_seed133_s30_g3.5_str0.3.png,fake,0.9857749938964844,0.5055367946624756
sd15_fp8,CLIP-D,patch_majority,/media/CrispyMcMarkInc/fake-images-img2img/00023_sd15_fp8_seed146_s30_g3.5_str0.3.png,real,0.0,0.48765087127685547
sd35_fp8,CLIP-D,grid_majority,/media/CrispyMcMarkInc/fake-images-img2img/00015_sd35_fp8_seed138_s30_g3.5_str0.3.png,real,0.0,0.20626187324523926
sd15_fp8,CLIP-D,patch_max,/media/CrispyMcMarkInc/fake-images-img2img/00015_sd15_fp8_seed138_s30_g3.5_str0.3.png,fake,0.7204784750938416,0.4960353374481201
sd15_fp4,CLIP-D,patch_majority,/media/CrispyMcMarkInc/fake-images-img2img/00031_sd15_fp4_seed154_s30_g3.5_str0.3.png,real,0.0,0.4801466464996338
sd3_fp16,CLIP-D,grid_majority,/media/CrispyMcMarkInc/fake-images-img2img/00078_sd3_fp16_seed201_s30_g3.5_str0.3.png,fake,1.0,0.20304226875305176
sd15_fp8,CLIP-D,patch_max,/media/CrispyMcMarkInc/fake-images-img2img/00068_sd15_fp8_seed191_s30_g3.5_str0.3.png,fake,0.9268559217453003,0.49875783920288086
sd35_fp16,CLIP-D,patch_majority,/media/CrispyMcMarkInc/fake-images-img2img/00078_sd35_fp16_seed201_s30_g3.5_str0.3.png,fake,1.0,0.48905372619628906
sd35_fp16,CLIP-D,grid_majority,/media/CrispyMcMarkInc/fake-images-img2img/00014_sd35_fp16_seed137_s30_g3.5_str0.3.png,fake,1.0,0.19779729843139648
sd3_fp16,CLIP-D,patch_max,/media/CrispyMcMarkInc/fake-images-img2img/00059_sd3_fp16_seed182_s30_g3.5_str0.3.png,fake,0.5997507572174072,0.48282957077026367
sd3_fp8,CLIP-D,patch_majority,/media/CrispyMcMarkInc/fake-images-img2img/00069_sd3_fp8_seed192_s30_g3.5_str0.3.png,fake,1.0,0.4815254211425781
sd3_fp16,CLIP-D,grid_majority,/media/CrispyMcMarkInc/fake-images-img2img/00039_sd3_fp16_seed162_s30_g3.5_str0.3.png,real,0.0,0.19643831253051758
sd3_fp8,CLIP-D,patch_max,/media/CrispyMcMarkInc/fake-images-img2img/00096_sd3_fp8_seed219_s30_g3.5_str0.3.png,fake,0.7617009282112122,0.48549318313598633
sd35_fp16,CLIP-D,patch_majority,/media/CrispyMcMarkInc/fake-images-img2img/00012_sd35_fp16_seed135_s30_g3.5_str0.3.png,fake,1.0,0.48186445236206055
sd15_fp4,CLIP-D,grid_majority,/media/CrispyMcMarkInc/fake-images-img2img/00027_sd15_fp4_seed150_s30_g3.5_str0.3.png,fake,1.0,0.20252752304077148
sd15_fp4,CLIP-D,patch_max,/media/CrispyMcMarkInc/fake-images-img2img/00073_sd15_fp4_seed196_s30_g3.5_str0.3.png,fake,0.9400227665901184,0.48805904388427734
sd35_fp8,CLIP-D,patch_majority,/media/CrispyMcMarkInc/fake-images-img2img/00000_sd35_fp8_seed123_s30_g3.5_str0.3.png,fake,1.0,0.485335111618042
sd3_fp8,CLIP-D,grid_majority,/media/CrispyMcMarkInc/fake-images-img2img/00093_sd3_fp8_seed216_s30_g3.5_str0.3.png,fake,1.0,0.19939208030700684
sd3_fp16,CLIP-D,patch_max,/media/CrispyMcMarkInc/fake-images-img2img/00057_sd3_fp16_seed180_s30_g3.5_str0.3.png,fake,0.7126050591468811,0.48145413398742676
sd35_fp4,CLIP-D,patch_majority,/media/CrispyMcMarkInc/fake-images-img2img/00012_sd35_fp4_seed135_s30_g3.5_str0.3.png,fake,1.0,0.47584986686706543
sd15_fp8,CLIP-D,grid_majority,/media/CrispyMcMarkInc/fake-images-img2img/00074_sd15_fp8_seed197_s30_g3.5_str0.3.png,real,0.0,0.19713950157165527
sd3_fp16,CLIP-D,patch_majority,/media/CrispyMcMarkInc/fake-images-img2img/00044_sd3_fp16_seed167_s30_g3.5_str0.3.png,real,0.0,0.4721050262451172
sd35_fp8,CLIP-D,grid_majority,/media/CrispyMcMarkInc/fake-images-img2img/00013_sd35_fp8_seed136_s30_g3.5_str0.3.png,real,0.0,0.19635653495788574
sd3_fp16,CLIP-D,patch_majority,/media/CrispyMcMarkInc/fake-images-img2img/00073_sd3_fp16_seed196_s30_g3.5_str0.3.png,real,0.0,0.46584582328796387
sd3_fp8,CLIP-D,grid_majority,/media/CrispyMcMarkInc/fake-images-img2img/00055_sd3_fp8_seed178_s30_g3.5_str0.3.png,real,0.0,0.19661808013916016
sd35_fp8,CLIP-D,patch_majority,/media/CrispyMcMarkInc/fake-images-img2img/00043_sd35_fp8_seed166_s30_g3.5_str0.3.png,fake,1.0,0.4695756435394287
sd35_fp4,CLIP-D,grid_majority,/media/CrispyMcMarkInc/fake-images-img2img/00053_sd35_fp4_seed176_s30_g3.5_str0.3.png,real,0.0,0.20125246047973633
sd35_fp16,CLIP-D,patch_majority,/media/CrispyMcMarkInc/fake-images-img2img/00076_sd35_fp16_seed199_s30_g3.5_str0.3.png,real,0.0,0.4741685390472412
sd3_fp16,CLIP-D,grid_majority,/media/CrispyMcMarkInc/fake-images-img2img/00001_sd3_fp16_seed124_s30_g3.5_str0.3.png,real,0.0,0.2072136402130127
sd15_fp4,CLIP-D,patch_majority,/media/CrispyMcMarkInc/fake-images-img2img/00076_sd15_fp4_seed199_s30_g3.5_str0.3.png,real,0.0,0.47220444679260254
sd15_fp8,CLIP-D,grid_majority,/media/CrispyMcMarkInc/fake-images-img2img/00049_sd15_fp8_seed172_s30_g3.5_str0.3.png,fake,1.0,0.1995236873626709
sd3_fp4,CLIP-D,patch_majority,/media/CrispyMcMarkInc/fake-images-img2img/00096_sd3_fp4_seed219_s30_g3.5_str0.3.png,real,0.0,0.4732987880706787
sd3_fp8,CLIP-D,grid_majority,/media/CrispyMcMarkInc/fake-images-img2img/00033_sd3_fp8_seed156_s30_g3.5_str0.3.png,fake,1.0,0.19901609420776367
sd3_fp16,CLIP-D,patch_majority,/media/CrispyMcMarkInc/fake-images-img2img/00068_sd3_fp16_seed191_s30_g3.5_str0.3.png,real,0.0,0.47475576400756836
sd15_fp4,CLIP-D,grid_majority,/media/CrispyMcMarkInc/fake-images-img2img/00037_sd15_fp4_seed160_s30_g3.5_str0.3.png,fake,1.0,0.22360539436340332
sd15_fp4,CLIP-D,patch_majority,/media/CrispyMcMarkInc/fake-images-img2img/00035_sd15_fp4_seed158_s30_g3.5_str0.3.png,fake,1.0,0.4841165542602539
sd15_fp8,CLIP-D,grid_majority,/media/CrispyMcMarkInc/fake-images-img2img/00046_sd15_fp8_seed169_s30_g3.5_str0.3.png,real,0.0,0.20176219940185547
sd3_fp8,CLIP-D,patch_majority,/media/CrispyMcMarkInc/fake-images-img2img/00035_sd3_fp8_seed158_s30_g3.5_str0.3.png,real,0.0,0.5179252624511719
sd3_fp8,CLIP-D,grid_majority,/media/CrispyMcMarkInc/fake-images-img2img/00005_sd3_fp8_seed128_s30_g3.5_str0.3.png,real,0.0,0.20015192031860352
sd15_fp8,CLIP-D,patch_majority,/media/CrispyMcMarkInc/fake-images-img2img/00018_sd15_fp8_seed141_s30_g3.5_str0.3.png,real,0.0,0.5202836990356445
sd15_fp8,CLIP-D,grid_majority,/media/CrispyMcMarkInc/fake-images-img2img/00031_sd15_fp8_seed154_s30_g3.5_str0.3.png,real,0.0,0.19801855087280273
sd15_fp16,CLIP-D,patch_majority,/media/CrispyMcMarkInc/fake-images-img2img/00022_sd15_fp16_seed145_s30_g3.5_str0.3.png,real,0.0,0.5218894481658936
sd35_fp8,CLIP-D,grid_majority,/media/CrispyMcMarkInc/fake-images-img2img/00084_sd35_fp8_seed207_s30_g3.5_str0.3.png,real,0.0,0.19959664344787598
sd35_fp4,CLIP-D,patch_majority,/media/CrispyMcMarkInc/fake-images-img2img/00083_sd35_fp4_seed206_s30_g3.5_str0.3.png,real,0.0,0.5175337791442871
sd35_fp4,CLIP-D,grid_majority,/media/CrispyMcMarkInc/fake-images-img2img/00073_sd35_fp4_seed196_s30_g3.5_str0.3.png,fake,1.0,0.19875407218933105
sd15_fp16,CLIP-D,patch_majority,/media/CrispyMcMarkInc/fake-images-img2img/00015_sd15_fp16_seed138_s30_g3.5_str0.3.png,real,0.0,0.5193495750427246
sd15_fp16,CLIP-D,grid_majority,/media/CrispyMcMarkInc/fake-images-img2img/00056_sd15_fp16_seed179_s30_g3.5_str0.3.png,fake,1.0,0.20271539688110352
sd15_fp16,CLIP-D,patch_majority,/media/CrispyMcMarkInc/fake-images-img2img/00038_sd15_fp16_seed161_s30_g3.5_str0.3.png,fake,1.0,0.5202693939208984
sd15_fp8,CLIP-D,grid_majority,/media/CrispyMcMarkInc/fake-images-img2img/00034_sd15_fp8_seed157_s30_g3.5_str0.3.png,fake,1.0,0.18421030044555664
sd35_fp4,CLIP-D,patch_majority,/media/CrispyMcMarkInc/fake-images-img2img/00008_sd35_fp4_seed131_s30_g3.5_str0.3.png,real,0.0,0.5197372436523438
sd3_fp4,CLIP-D,grid_majority,/media/CrispyMcMarkInc/fake-images-img2img/00050_sd3_fp4_seed173_s30_g3.5_str0.3.png,real,0.0,0.19849038124084473
sd3_fp8,CLIP-D,patch_majority,/media/CrispyMcMarkInc/fake-images-img2img/00062_sd3_fp8_seed185_s30_g3.5_str0.3.png,real,0.0,0.515618085861206
sd35_fp8,CLIP-D,grid_majority,/media/CrispyMcMarkInc/fake-images-img2img/00046_sd35_fp8_seed169_s30_g3.5_str0.3.png,real,0.0,0.20004916191101074
sd35_fp4,CLIP-D,patch_majority,/media/CrispyMcMarkInc/fake-images-img2img/00059_sd35_fp4_seed182_s30_g3.5_str0.3.png,real,0.0,0.5183506011962891
sd15_fp8,CLIP-D,grid_majority,/media/CrispyMcMarkInc/fake-images-img2img/00040_sd15_fp8_seed163_s30_g3.5_str0.3.png,fake,1.0,0.20453214645385742
sd3_fp4,CLIP-D,patch_majority,/media/CrispyMcMarkInc/fake-images-img2img/00010_sd3_fp4_seed133_s30_g3.5_str0.3.png,real,0.0,0.5156142711639404
sd3_fp8,CLIP-D,grid_majority,/media/CrispyMcMarkInc/fake-images-img2img/00013_sd3_fp8_seed136_s30_g3.5_str0.3.png,real,0.0,0.20128917694091797
sd35_fp16,CLIP-D,patch_majority,/media/CrispyMcMarkInc/fake-images-img2img/00011_sd35_fp16_seed134_s30_g3.5_str0.3.png,real,0.0,0.5206387042999268
sd3_fp16,CLIP-D,grid_majority,/media/CrispyMcMarkInc/fake-images-img2img/00035_sd3_fp16_seed158_s30_g3.5_str0.3.png,real,0.0,0.20211243629455566
sd35_fp8,CLIP-D,patch_majority,/media/CrispyMcMarkInc/fake-images-img2img/00015_sd35_fp8_seed138_s30_g3.5_str0.3.png,real,0.0,0.515141487121582
sd3_fp4,CLIP-D,grid_majority,/media/CrispyMcMarkInc/fake-images-img2img/00066_sd3_fp4_seed189_s30_g3.5_str0.3.png,real,0.0,0.20256590843200684
sd3_fp16,CLIP-D,patch_majority,/media/CrispyMcMarkInc/fake-images-img2img/00078_sd3_fp16_seed201_s30_g3.5_str0.3.png,fake,1.0,0.5165538787841797
sd3_fp16,CLIP-D,grid_majority,/media/CrispyMcMarkInc/fake-images-img2img/00018_sd3_fp16_seed141_s30_g3.5_str0.3.png,real,0.0,0.2033987045288086
sd35_fp16,CLIP-D,patch_majority,/media/CrispyMcMarkInc/fake-images-img2img/00014_sd35_fp16_seed137_s30_g3.5_str0.3.png,fake,1.0,0.5676326751708984
sd3_fp4,CLIP-D,grid_majority,/media/CrispyMcMarkInc/fake-images-img2img/00023_sd3_fp4_seed146_s30_g3.5_str0.3.png,real,0.0,0.30587148666381836
sd15_fp8,CLIP-D,grid_majority,/media/CrispyMcMarkInc/fake-images-img2img/00067_sd15_fp8_seed190_s30_g3.5_str0.3.png,fake,1.0,0.3206002712249756
sd3_fp16,CLIP-D,patch_majority,/media/CrispyMcMarkInc/fake-images-img2img/00039_sd3_fp16_seed162_s30_g3.5_str0.3.png,real,0.0,0.5923423767089844
sd15_fp8,CLIP-D,grid_majority,/media/CrispyMcMarkInc/fake-images-img2img/00048_sd15_fp8_seed171_s30_g3.5_str0.3.png,fake,1.0,0.21535754203796387
sd15_fp4,CLIP-D,patch_majority,/media/CrispyMcMarkInc/fake-images-img2img/00027_sd15_fp4_seed150_s30_g3.5_str0.3.png,fake,1.0,0.48276519775390625
sd15_fp8,CLIP-D,grid_majority,/media/CrispyMcMarkInc/fake-images-img2img/00044_sd15_fp8_seed167_s30_g3.5_str0.3.png,fake,1.0,0.20038104057312012
sd3_fp8,CLIP-D,patch_majority,/media/CrispyMcMarkInc/fake-images-img2img/00093_sd3_fp8_seed216_s30_g3.5_str0.3.png,fake,1.0,0.48238563537597656
sd3_fp16,CLIP-D,grid_majority,/media/CrispyMcMarkInc/fake-images-img2img/00099_sd3_fp16_seed222_s30_g3.5_str0.3.png,real,0.0,0.19618582725524902
sd15_fp8,CLIP-D,patch_majority,/media/CrispyMcMarkInc/fake-images-img2img/00074_sd15_fp8_seed197_s30_g3.5_str0.3.png,real,0.0,0.47383618354797363
sd35_fp4,CLIP-D,grid_majority,/media/CrispyMcMarkInc/fake-images-img2img/00013_sd35_fp4_seed136_s30_g3.5_str0.3.png,real,0.0,0.20514130592346191
sd35_fp8,CLIP-D,patch_majority,/media/CrispyMcMarkInc/fake-images-img2img/00013_sd35_fp8_seed136_s30_g3.5_str0.3.png,real,0.0,0.4697995185852051
sd35_fp16,CLIP-D,grid_majority,/media/CrispyMcMarkInc/fake-images-img2img/00085_sd35_fp16_seed208_s30_g3.5_str0.3.png,fake,1.0,0.19845223426818848
sd3_fp8,CLIP-D,patch_majority,/media/CrispyMcMarkInc/fake-images-img2img/00055_sd3_fp8_seed178_s30_g3.5_str0.3.png,real,0.0,0.47194361686706543
sd15_fp16,CLIP-D,grid_majority,/media/CrispyMcMarkInc/fake-images-img2img/00097_sd15_fp16_seed220_s30_g3.5_str0.3.png,fake,1.0,0.2015237808227539
sd35_fp4,CLIP-D,patch_majority,/media/CrispyMcMarkInc/fake-images-img2img/00053_sd35_fp4_seed176_s30_g3.5_str0.3.png,real,0.0,0.483048677444458
sd15_fp16,CLIP-D,grid_majority,/media/CrispyMcMarkInc/fake-images-img2img/00000_sd15_fp16_seed123_s30_g3.5_str0.3.png,fake,1.0,0.19780945777893066
sd3_fp16,CLIP-D,patch_majority,/media/CrispyMcMarkInc/fake-images-img2img/00001_sd3_fp16_seed124_s30_g3.5_str0.3.png,real,0.0,0.4974536895751953
sd35_fp16,CLIP-D,grid_majority,/media/CrispyMcMarkInc/fake-images-img2img/00017_sd35_fp16_seed140_s30_g3.5_str0.3.png,real,0.0,0.19745755195617676
sd15_fp8,CLIP-D,patch_majority,/media/CrispyMcMarkInc/fake-images-img2img/00049_sd15_fp8_seed172_s30_g3.5_str0.3.png,fake,1.0,0.47490715980529785
sd35_fp4,CLIP-D,grid_majority,/media/CrispyMcMarkInc/fake-images-img2img/00057_sd35_fp4_seed180_s30_g3.5_str0.3.png,real,0.0,0.19679737091064453
sd3_fp8,CLIP-D,patch_majority,/media/CrispyMcMarkInc/fake-images-img2img/00033_sd3_fp8_seed156_s30_g3.5_str0.3.png,fake,1.0,0.4676494598388672
sd3_fp8,CLIP-D,grid_majority,/media/CrispyMcMarkInc/fake-images-img2img/00014_sd3_fp8_seed137_s30_g3.5_str0.3.png,real,0.0,0.1961226463317871
sd15_fp4,CLIP-D,patch_majority,/media/CrispyMcMarkInc/fake-images-img2img/00037_sd15_fp4_seed160_s30_g3.5_str0.3.png,fake,1.0,0.47000694274902344
sd35_fp4,CLIP-D,grid_majority,/media/CrispyMcMarkInc/fake-images-img2img/00016_sd35_fp4_seed139_s30_g3.5_str0.3.png,real,0.0,0.19929218292236328
sd15_fp8,CLIP-D,patch_majority,/media/CrispyMcMarkInc/fake-images-img2img/00046_sd15_fp8_seed169_s30_g3.5_str0.3.png,real,0.0,0.4728090763092041
sd15_fp4,CLIP-D,grid_majority,/media/CrispyMcMarkInc/fake-images-img2img/00034_sd15_fp4_seed157_s30_g3.5_str0.3.png,fake,1.0,0.18284153938293457
sd3_fp8,CLIP-D,patch_majority,/media/CrispyMcMarkInc/fake-images-img2img/00005_sd3_fp8_seed128_s30_g3.5_str0.3.png,real,0.0,0.4678492546081543
sd3_fp16,CLIP-D,grid_majority,/media/CrispyMcMarkInc/fake-images-img2img/00041_sd3_fp16_seed164_s30_g3.5_str0.3.png,real,0.0,0.1973860263824463
sd15_fp8,CLIP-D,patch_majority,/media/CrispyMcMarkInc/fake-images-img2img/00031_sd15_fp8_seed154_s30_g3.5_str0.3.png,real,0.0,0.4711124897003174
sd3_fp8,CLIP-D,grid_majority,/media/CrispyMcMarkInc/fake-images-img2img/00048_sd3_fp8_seed171_s30_g3.5_str0.3.png,fake,1.0,0.19925522804260254
sd35_fp8,CLIP-D,patch_majority,/media/CrispyMcMarkInc/fake-images-img2img/00084_sd35_fp8_seed207_s30_g3.5_str0.3.png,real,0.0,0.46912527084350586
sd3_fp8,CLIP-D,grid_majority,/media/CrispyMcMarkInc/fake-images-img2img/00085_sd3_fp8_seed208_s30_g3.5_str0.3.png,fake,1.0,0.22387170791625977
sd35_fp4,CLIP-D,patch_majority,/media/CrispyMcMarkInc/fake-images-img2img/00073_sd35_fp4_seed196_s30_g3.5_str0.3.png,fake,1.0,0.46738219261169434
sd35_fp8,CLIP-D,grid_majority,/media/CrispyMcMarkInc/fake-images-img2img/00087_sd35_fp8_seed210_s30_g3.5_str0.3.png,fake,1.0,0.1996011734008789
sd15_fp16,CLIP-D,patch_majority,/media/CrispyMcMarkInc/fake-images-img2img/00056_sd15_fp16_seed179_s30_g3.5_str0.3.png,fake,1.0,0.47162914276123047
sd35_fp8,CLIP-D,grid_majority,/media/CrispyMcMarkInc/fake-images-img2img/00060_sd35_fp8_seed183_s30_g3.5_str0.3.png,real,0.0,0.20141077041625977
sd15_fp8,CLIP-D,patch_majority,/media/CrispyMcMarkInc/fake-images-img2img/00034_sd15_fp8_seed157_s30_g3.5_str0.3.png,fake,1.0,0.4557180404663086
sd35_fp4,CLIP-D,grid_majority,/media/CrispyMcMarkInc/fake-images-img2img/00063_sd35_fp4_seed186_s30_g3.5_str0.3.png,fake,1.0,0.20118284225463867
sd3_fp4,CLIP-D,patch_majority,/media/CrispyMcMarkInc/fake-images-img2img/00050_sd3_fp4_seed173_s30_g3.5_str0.3.png,real,0.0,0.48862409591674805
sd35_fp8,CLIP-D,grid_majority,/media/CrispyMcMarkInc/fake-images-img2img/00012_sd35_fp8_seed135_s30_g3.5_str0.3.png,fake,1.0,0.20044231414794922
sd35_fp8,CLIP-D,patch_majority,/media/CrispyMcMarkInc/fake-images-img2img/00046_sd35_fp8_seed169_s30_g3.5_str0.3.png,real,0.0,0.5098533630371094
sd35_fp16,CLIP-D,grid_majority,/media/CrispyMcMarkInc/fake-images-img2img/00040_sd35_fp16_seed163_s30_g3.5_str0.3.png,fake,1.0,0.20068025588989258
sd15_fp8,CLIP-D,patch_majority,/media/CrispyMcMarkInc/fake-images-img2img/00040_sd15_fp8_seed163_s30_g3.5_str0.3.png,fake,1.0,0.5211038589477539
sd15_fp4,CLIP-D,grid_majority,/media/CrispyMcMarkInc/fake-images-img2img/00059_sd15_fp4_seed182_s30_g3.5_str0.3.png,real,0.0,0.20265960693359375
sd3_fp8,CLIP-D,patch_majority,/media/CrispyMcMarkInc/fake-images-img2img/00013_sd3_fp8_seed136_s30_g3.5_str0.3.png,real,0.0,0.5148138999938965
sd3_fp16,CLIP-D,grid_majority,/media/CrispyMcMarkInc/fake-images-img2img/00031_sd3_fp16_seed154_s30_g3.5_str0.3.png,real,0.0,0.20357942581176758
sd3_fp16,CLIP-D,patch_majority,/media/CrispyMcMarkInc/fake-images-img2img/00035_sd3_fp16_seed158_s30_g3.5_str0.3.png,real,0.0,0.5176253318786621
sd35_fp4,CLIP-D,grid_majority,/media/CrispyMcMarkInc/fake-images-img2img/00054_sd35_fp4_seed177_s30_g3.5_str0.3.png,real,0.0,0.20331692695617676
sd3_fp4,CLIP-D,patch_majority,/media/CrispyMcMarkInc/fake-images-img2img/00066_sd3_fp4_seed189_s30_g3.5_str0.3.png,real,0.0,0.5162975788116455
sd15_fp8,CLIP-D,grid_majority,/media/CrispyMcMarkInc/fake-images-img2img/00033_sd15_fp8_seed156_s30_g3.5_str0.3.png,fake,1.0,0.19981884956359863
sd3_fp16,CLIP-D,patch_majority,/media/CrispyMcMarkInc/fake-images-img2img/00018_sd3_fp16_seed141_s30_g3.5_str0.3.png,real,0.0,0.5136857032775879
sd3_fp8,CLIP-D,grid_majority,/media/CrispyMcMarkInc/fake-images-img2img/00053_sd3_fp8_seed176_s30_g3.5_str0.3.png,real,0.0,0.2235264778137207
sd3_fp4,CLIP-D,patch_majority,/media/CrispyMcMarkInc/fake-images-img2img/00023_sd3_fp4_seed146_s30_g3.5_str0.3.png,real,0.0,0.5957810878753662
sd15_fp16,CLIP-D,grid_majority,/media/CrispyMcMarkInc/fake-images-img2img/00084_sd15_fp16_seed207_s30_g3.5_str0.3.png,fake,1.0,0.351917028427124
sd3_fp16,CLIP-D,grid_majority,/media/CrispyMcMarkInc/fake-images-img2img/00027_sd3_fp16_seed150_s30_g3.5_str0.3.png,real,0.0,0.38732290267944336
sd15_fp8,CLIP-D,patch_majority,/media/CrispyMcMarkInc/fake-images-img2img/00067_sd15_fp8_seed190_s30_g3.5_str0.3.png,fake,1.0,0.6072709560394287
sd35_fp8,CLIP-D,grid_majority,/media/CrispyMcMarkInc/fake-images-img2img/00083_sd35_fp8_seed206_s30_g3.5_str0.3.png,real,0.0,0.21819710731506348
sd15_fp8,CLIP-D,patch_majority,/media/CrispyMcMarkInc/fake-images-img2img/00048_sd15_fp8_seed171_s30_g3.5_str0.3.png,fake,1.0,0.5377523899078369
sd35_fp4,CLIP-D,grid_majority,/media/CrispyMcMarkInc/fake-images-img2img/00010_sd35_fp4_seed133_s30_g3.5_str0.3.png,real,0.0,0.20133137702941895
sd15_fp8,CLIP-D,patch_majority,/media/CrispyMcMarkInc/fake-images-img2img/00044_sd15_fp8_seed167_s30_g3.5_str0.3.png,real,0.0,0.4815835952758789
sd15_fp8,CLIP-D,grid_majority,/media/CrispyMcMarkInc/fake-images-img2img/00015_sd15_fp8_seed138_s30_g3.5_str0.3.png,real,0.0,0.20064425468444824
sd3_fp16,CLIP-D,patch_majority,/media/CrispyMcMarkInc/fake-images-img2img/00099_sd3_fp16_seed222_s30_g3.5_str0.3.png,real,0.0,0.4750833511352539
sd15_fp8,CLIP-D,grid_majority,/media/CrispyMcMarkInc/fake-images-img2img/00068_sd15_fp8_seed191_s30_g3.5_str0.3.png,real,0.0,0.20003819465637207
sd35_fp4,CLIP-D,patch_majority,/media/CrispyMcMarkInc/fake-images-img2img/00013_sd35_fp4_seed136_s30_g3.5_str0.3.png,real,0.0,0.4699423313140869
sd3_fp16,CLIP-D,grid_majority,/media/CrispyMcMarkInc/fake-images-img2img/00059_sd3_fp16_seed182_s30_g3.5_str0.3.png,real,0.0,0.20305871963500977
sd35_fp16,CLIP-D,patch_majority,/media/CrispyMcMarkInc/fake-images-img2img/00085_sd35_fp16_seed208_s30_g3.5_str0.3.png,fake,1.0,0.469573974609375
sd3_fp8,CLIP-D,grid_majority,/media/CrispyMcMarkInc/fake-images-img2img/00096_sd3_fp8_seed219_s30_g3.5_str0.3.png,real,0.0,0.1964094638824463
sd15_fp16,CLIP-D,patch_majority,/media/CrispyMcMarkInc/fake-images-img2img/00097_sd15_fp16_seed220_s30_g3.5_str0.3.png,fake,1.0,0.47522568702697754
sd15_fp4,CLIP-D,grid_majority,/media/CrispyMcMarkInc/fake-images-img2img/00073_sd15_fp4_seed196_s30_g3.5_str0.3.png,fake,1.0,0.19835901260375977
sd15_fp16,CLIP-D,patch_majority,/media/CrispyMcMarkInc/fake-images-img2img/00000_sd15_fp16_seed123_s30_g3.5_str0.3.png,fake,1.0,0.4817359447479248
sd3_fp16,CLIP-D,grid_majority,/media/CrispyMcMarkInc/fake-images-img2img/00057_sd3_fp16_seed180_s30_g3.5_str0.3.png,real,0.0,0.19566798210144043
sd35_fp16,CLIP-D,patch_majority,/media/CrispyMcMarkInc/fake-images-img2img/00017_sd35_fp16_seed140_s30_g3.5_str0.3.png,real,0.0,0.46935367584228516
sd35_fp4,CLIP-D,patch_majority,/media/CrispyMcMarkInc/fake-images-img2img/00057_sd35_fp4_seed180_s30_g3.5_str0.3.png,real,0.0,0.46659350395202637
sd3_fp8,CLIP-D,patch_majority,/media/CrispyMcMarkInc/fake-images-img2img/00014_sd3_fp8_seed137_s30_g3.5_str0.3.png,real,0.0,0.46441197395324707
sd35_fp4,CLIP-D,patch_majority,/media/CrispyMcMarkInc/fake-images-img2img/00016_sd35_fp4_seed139_s30_g3.5_str0.3.png,real,0.0,0.46530818939208984
sd3_fp16,CLIP-D,patch_majority,/media/CrispyMcMarkInc/fake-images-img2img/00041_sd3_fp16_seed164_s30_g3.5_str0.3.png,real,0.0,0.46225976943969727
sd3_fp8,CLIP-D,patch_majority,/media/CrispyMcMarkInc/fake-images-img2img/00048_sd3_fp8_seed171_s30_g3.5_str0.3.png,real,0.0,0.46425795555114746
sd3_fp8,CLIP-D,patch_majority,/media/CrispyMcMarkInc/fake-images-img2img/00085_sd3_fp8_seed208_s30_g3.5_str0.3.png,fake,1.0,0.46507811546325684
sd35_fp8,CLIP-D,patch_majority,/media/CrispyMcMarkInc/fake-images-img2img/00087_sd35_fp8_seed210_s30_g3.5_str0.3.png,fake,1.0,0.46784210205078125
sd35_fp8,CLIP-D,patch_majority,/media/CrispyMcMarkInc/fake-images-img2img/00060_sd35_fp8_seed183_s30_g3.5_str0.3.png,real,0.0,0.4713773727416992
sd35_fp4,CLIP-D,patch_majority,/media/CrispyMcMarkInc/fake-images-img2img/00063_sd35_fp4_seed186_s30_g3.5_str0.3.png,fake,1.0,0.4649503231048584
sd35_fp8,CLIP-D,patch_majority,/media/CrispyMcMarkInc/fake-images-img2img/00012_sd35_fp8_seed135_s30_g3.5_str0.3.png,fake,1.0,0.4656860828399658
sd35_fp16,CLIP-D,patch_majority,/media/CrispyMcMarkInc/fake-images-img2img/00040_sd35_fp16_seed163_s30_g3.5_str0.3.png,real,0.0,0.464052677154541
sd15_fp4,CLIP-D,patch_majority,/media/CrispyMcMarkInc/fake-images-img2img/00059_sd15_fp4_seed182_s30_g3.5_str0.3.png,real,0.0,0.4626345634460449
sd3_fp16,CLIP-D,patch_majority,/media/CrispyMcMarkInc/fake-images-img2img/00031_sd3_fp16_seed154_s30_g3.5_str0.3.png,real,0.0,0.4666483402252197
sd35_fp4,CLIP-D,patch_majority,/media/CrispyMcMarkInc/fake-images-img2img/00054_sd35_fp4_seed177_s30_g3.5_str0.3.png,real,0.0,0.4628138542175293
sd15_fp8,CLIP-D,patch_majority,/media/CrispyMcMarkInc/fake-images-img2img/00033_sd15_fp8_seed156_s30_g3.5_str0.3.png,fake,1.0,0.4682881832122803
sd3_fp8,CLIP-D,patch_majority,/media/CrispyMcMarkInc/fake-images-img2img/00053_sd3_fp8_seed176_s30_g3.5_str0.3.png,real,0.0,0.4659078121185303
sd15_fp16,CLIP-D,patch_majority,/media/CrispyMcMarkInc/fake-images-img2img/00084_sd15_fp16_seed207_s30_g3.5_str0.3.png,fake,1.0,0.4635312557220459
sd35_fp8,CLIP-D,patch_majority,/media/CrispyMcMarkInc/fake-images-img2img/00083_sd35_fp8_seed206_s30_g3.5_str0.3.png,real,0.0,0.4625675678253174
sd35_fp4,CLIP-D,patch_majority,/media/CrispyMcMarkInc/fake-images-img2img/00010_sd35_fp4_seed133_s30_g3.5_str0.3.png,real,0.0,0.4654560089111328
sd15_fp8,CLIP-D,patch_majority,/media/CrispyMcMarkInc/fake-images-img2img/00015_sd15_fp8_seed138_s30_g3.5_str0.3.png,real,0.0,0.46700096130371094
sd15_fp8,CLIP-D,patch_majority,/media/CrispyMcMarkInc/fake-images-img2img/00068_sd15_fp8_seed191_s30_g3.5_str0.3.png,real,0.0,0.4637439250946045
sd3_fp16,CLIP-D,patch_majority,/media/CrispyMcMarkInc/fake-images-img2img/00059_sd3_fp16_seed182_s30_g3.5_str0.3.png,real,0.0,0.4681100845336914
sd3_fp16,CLIP-D,patch_majority,/media/CrispyMcMarkInc/fake-images-img2img/00057_sd3_fp16_seed180_s30_g3.5_str0.3.png,real,0.0,0.4671001434326172
