batch_label,detector,image_path,prediction,confidence,elapsed_time
sd3_fp4,CLIP-D,/media/SSD_4TB/crispy_storage/fake-images/sd3_fp4_p97_seed220.png,fake,0.9946786165237427,0.06149554252624512
sd3_fp4,R50_TF,/media/SSD_4TB/crispy_storage/fake-images/sd3_fp4_p97_seed220.png,fake,0.5735,0.181
sd3_fp4,NPR,/media/SSD_4TB/crispy_storage/fake-images/sd3_fp4_p97_seed220.png,real,0.016776010394096375,0.09076952934265137
sd3_fp16,CLIP-D,/media/SSD_4TB/crispy_storage/fake-images/sd3_fp16_p11_seed134.png,fake,0.9677427411079407,0.06146574020385742
sd3_fp16,R50_TF,/media/SSD_4TB/crispy_storage/fake-images/sd3_fp16_p11_seed134.png,fake,0.5332,0.179
sd3_fp16,NPR,/media/SSD_4TB/crispy_storage/fake-images/sd3_fp16_p11_seed134.png,fake,0.9987412095069885,0.08716654777526855
sd3_fp4,CLIP-D,/media/SSD_4TB/crispy_storage/fake-images/sd3_fp4_p89_seed212.png,fake,0.9787845015525818,0.062111854553222656
sd3_fp4,R50_TF,/media/SSD_4TB/crispy_storage/fake-images/sd3_fp4_p89_seed212.png,fake,0.5399,0.18
sd3_fp4,NPR,/media/SSD_4TB/crispy_storage/fake-images/sd3_fp4_p89_seed212.png,fake,0.7307906746864319,0.08939003944396973
sd35_fp16,CLIP-D,/media/SSD_4TB/crispy_storage/fake-images/sd35_fp16_p20_seed143.png,fake,0.9932088255882263,0.06216144561767578
sd35_fp16,R50_TF,/media/SSD_4TB/crispy_storage/fake-images/sd35_fp16_p20_seed143.png,fake,0.5816,0.174
sd35_fp16,NPR,/media/SSD_4TB/crispy_storage/fake-images/sd35_fp16_p20_seed143.png,fake,0.8802506923675537,0.09084296226501465
sd35_fp16,CLIP-D,/media/SSD_4TB/crispy_storage/fake-images/sd35_fp16_p44_seed167.png,fake,0.9654462337493896,0.06148219108581543
sd35_fp16,R50_TF,/media/SSD_4TB/crispy_storage/fake-images/sd35_fp16_p44_seed167.png,real,0.4457,0.18
sd35_fp16,NPR,/media/SSD_4TB/crispy_storage/fake-images/sd35_fp16_p44_seed167.png,fake,0.5379731059074402,0.08839845657348633
sd35_fp4,CLIP-D,/media/SSD_4TB/crispy_storage/fake-images/sd35_fp4_p92_seed215.png,fake,0.912651777267456,0.06212735176086426
sd35_fp4,R50_TF,/media/SSD_4TB/crispy_storage/fake-images/sd35_fp4_p92_seed215.png,fake,0.5866,0.174
sd35_fp4,NPR,/media/SSD_4TB/crispy_storage/fake-images/sd35_fp4_p92_seed215.png,fake,0.8413571119308472,0.09052038192749023
sd35_fp4,CLIP-D,/media/SSD_4TB/crispy_storage/fake-images/sd35_fp4_p65_seed188.png,fake,0.6736159920692444,0.06101274490356445
sd35_fp4,R50_TF,/media/SSD_4TB/crispy_storage/fake-images/sd35_fp4_p65_seed188.png,real,0.4155,0.179
sd35_fp4,NPR,/media/SSD_4TB/crispy_storage/fake-images/sd35_fp4_p65_seed188.png,real,1.4319847529975505e-09,0.0878143310546875
pg25_fp4,CLIP-D,/media/SSD_4TB/crispy_storage/fake-images/pg25_fp4_p28_seed151.png,fake,0.9995049238204956,0.06343793869018555
pg25_fp4,R50_TF,/media/SSD_4TB/crispy_storage/fake-images/pg25_fp4_p28_seed151.png,fake,0.7766,0.178
pg25_fp4,NPR,/media/SSD_4TB/crispy_storage/fake-images/pg25_fp4_p28_seed151.png,fake,0.9999982118606567,0.08923125267028809
sdxl_fp8,CLIP-D,/media/SSD_4TB/crispy_storage/fake-images/sdxl_fp8_p62_seed185.png,fake,0.9985285997390747,0.06138753890991211
sdxl_fp8,R50_TF,/media/SSD_4TB/crispy_storage/fake-images/sdxl_fp8_p62_seed185.png,fake,0.5909,0.176
sdxl_fp8,NPR,/media/SSD_4TB/crispy_storage/fake-images/sdxl_fp8_p62_seed185.png,fake,1.0,0.08853912353515625
sd3_fp8,CLIP-D,/media/SSD_4TB/crispy_storage/fake-images/sd3_fp8_p26_seed149.png,fake,0.9890072345733643,0.0614621639251709
sd3_fp8,R50_TF,/media/SSD_4TB/crispy_storage/fake-images/sd3_fp8_p26_seed149.png,fake,0.5932,0.182
sd3_fp8,NPR,/media/SSD_4TB/crispy_storage/fake-images/sd3_fp8_p26_seed149.png,fake,0.9342907667160034,0.09075379371643066
sd35_fp8,CLIP-D,/media/SSD_4TB/crispy_storage/fake-images/sd35_fp8_p48_seed171.png,fake,0.9676464200019836,0.06290292739868164
sd35_fp8,R50_TF,/media/SSD_4TB/crispy_storage/fake-images/sd35_fp8_p48_seed171.png,fake,0.5868,0.178
sd35_fp8,NPR,/media/SSD_4TB/crispy_storage/fake-images/sd35_fp8_p48_seed171.png,fake,0.999976634979248,0.0914008617401123
sdxl_fp8,CLIP-D,/media/SSD_4TB/crispy_storage/fake-images/sdxl_fp8_p12_seed135.png,fake,0.999363124370575,0.0618133544921875
sdxl_fp8,R50_TF,/media/SSD_4TB/crispy_storage/fake-images/sdxl_fp8_p12_seed135.png,real,0.3802,0.175
sdxl_fp8,NPR,/media/SSD_4TB/crispy_storage/fake-images/sdxl_fp8_p12_seed135.png,fake,0.999994158744812,0.09039902687072754
sd15_fp8,CLIP-D,/media/SSD_4TB/crispy_storage/fake-images/sd15_fp8_p74_seed197.png,fake,0.9842945337295532,0.06074643135070801
sd15_fp8,R50_TF,/media/SSD_4TB/crispy_storage/fake-images/sd15_fp8_p74_seed197.png,fake,0.5432,0.142
sd15_fp8,NPR,/media/SSD_4TB/crispy_storage/fake-images/sd15_fp8_p74_seed197.png,fake,0.9875989556312561,0.09037470817565918
sdxl_fp8,CLIP-D,/media/SSD_4TB/crispy_storage/fake-images/sdxl_fp8_p95_seed218.png,fake,0.9969024062156677,0.06090068817138672
sdxl_fp8,R50_TF,/media/SSD_4TB/crispy_storage/fake-images/sdxl_fp8_p95_seed218.png,fake,0.5951,0.177
sdxl_fp8,NPR,/media/SSD_4TB/crispy_storage/fake-images/sdxl_fp8_p95_seed218.png,real,0.005346701014786959,0.08805704116821289
sdxl_fp8,CLIP-D,/media/SSD_4TB/crispy_storage/fake-images/sdxl_fp8_p9_seed132.png,fake,0.9937830567359924,0.06193208694458008
sdxl_fp8,R50_TF,/media/SSD_4TB/crispy_storage/fake-images/sdxl_fp8_p9_seed132.png,fake,0.6265,0.176
sdxl_fp8,NPR,/media/SSD_4TB/crispy_storage/fake-images/sdxl_fp8_p9_seed132.png,fake,0.9996426105499268,0.09042644500732422
sd15_fp16,CLIP-D,/media/SSD_4TB/crispy_storage/fake-images/sd15_fp16_p89_seed212.png,fake,0.991378903388977,0.06117868423461914
sd15_fp16,R50_TF,/media/SSD_4TB/crispy_storage/fake-images/sd15_fp16_p89_seed212.png,fake,0.5867,0.141
sd15_fp16,NPR,/media/SSD_4TB/crispy_storage/fake-images/sd15_fp16_p89_seed212.png,fake,0.7604864239692688,0.09032702445983887
z-image_fp8,CLIP-D,/media/SSD_4TB/crispy_storage/fake-images/z-image_fp8_p7_seed130.png,real,0.10677580535411835,0.06156516075134277
z-image_fp8,R50_TF,/media/SSD_4TB/crispy_storage/fake-images/z-image_fp8_p7_seed130.png,real,0.4046,0.182
z-image_fp8,NPR,/media/SSD_4TB/crispy_storage/fake-images/z-image_fp8_p7_seed130.png,real,0.004049952141940594,0.0910649299621582
sd35_fp8,CLIP-D,/media/SSD_4TB/crispy_storage/fake-images/sd35_fp8_p29_seed152.png,fake,0.9814691543579102,0.06213998794555664
sd35_fp8,R50_TF,/media/SSD_4TB/crispy_storage/fake-images/sd35_fp8_p29_seed152.png,fake,0.6163,0.18
sd35_fp8,NPR,/media/SSD_4TB/crispy_storage/fake-images/sd35_fp8_p29_seed152.png,real,0.024292051792144775,0.08809566497802734
sdxl_fp4,CLIP-D,/media/SSD_4TB/crispy_storage/fake-images/sdxl_fp4_p91_seed214.png,fake,0.9975232481956482,0.06102633476257324
sdxl_fp4,R50_TF,/media/SSD_4TB/crispy_storage/fake-images/sdxl_fp4_p91_seed214.png,fake,0.665,0.177
sdxl_fp4,NPR,/media/SSD_4TB/crispy_storage/fake-images/sdxl_fp4_p91_seed214.png,fake,0.9999998807907104,0.08783650398254395
sd35_fp8,CLIP-D,/media/SSD_4TB/crispy_storage/fake-images/sd35_fp8_p60_seed183.png,fake,0.6698900461196899,0.0598602294921875
sd35_fp8,R50_TF,/media/SSD_4TB/crispy_storage/fake-images/sd35_fp8_p60_seed183.png,real,0.4401,0.179
sd35_fp8,NPR,/media/SSD_4TB/crispy_storage/fake-images/sd35_fp8_p60_seed183.png,real,0.07039319723844528,0.08981537818908691
sdxl_fp8,CLIP-D,/media/SSD_4TB/crispy_storage/fake-images/sdxl_fp8_p51_seed174.png,fake,0.9787785410881042,0.05976510047912598
sdxl_fp8,R50_TF,/media/SSD_4TB/crispy_storage/fake-images/sdxl_fp8_p51_seed174.png,fake,0.6433,0.168
sdxl_fp8,NPR,/media/SSD_4TB/crispy_storage/fake-images/sdxl_fp8_p51_seed174.png,fake,0.993690013885498,0.09323430061340332
sd3_fp8,CLIP-D,/media/SSD_4TB/crispy_storage/fake-images/sd3_fp8_p91_seed214.png,real,0.08988068997859955,0.06118154525756836
sd3_fp8,R50_TF,/media/SSD_4TB/crispy_storage/fake-images/sd3_fp8_p91_seed214.png,fake,0.5645,0.174
sd3_fp8,NPR,/media/SSD_4TB/crispy_storage/fake-images/sd3_fp8_p91_seed214.png,fake,0.9823393225669861,0.0912632942199707
sd35_fp8,CLIP-D,/media/SSD_4TB/crispy_storage/fake-images/sd35_fp8_p18_seed141.png,real,0.0753469318151474,0.06144356727600098
sd35_fp8,R50_TF,/media/SSD_4TB/crispy_storage/fake-images/sd35_fp8_p18_seed141.png,real,0.4127,0.177
sd35_fp8,NPR,/media/SSD_4TB/crispy_storage/fake-images/sd35_fp8_p18_seed141.png,fake,0.9999465942382812,0.09052538871765137
sdxl_fp4,CLIP-D,/media/SSD_4TB/crispy_storage/fake-images/sdxl_fp4_p40_seed163.png,fake,0.9915931224822998,0.06235384941101074
sdxl_fp4,R50_TF,/media/SSD_4TB/crispy_storage/fake-images/sdxl_fp4_p40_seed163.png,fake,0.6116,0.176
sdxl_fp4,NPR,/media/SSD_4TB/crispy_storage/fake-images/sdxl_fp4_p40_seed163.png,fake,0.9999229907989502,0.08916163444519043
pg25_fp16,CLIP-D,/media/SSD_4TB/crispy_storage/fake-images/pg25_fp16_p56_seed179.png,fake,0.9995064735412598,0.061247825622558594
pg25_fp16,R50_TF,/media/SSD_4TB/crispy_storage/fake-images/pg25_fp16_p56_seed179.png,fake,0.7382,0.175
pg25_fp16,NPR,/media/SSD_4TB/crispy_storage/fake-images/pg25_fp16_p56_seed179.png,fake,1.0,0.08786416053771973
pg25_fp16,CLIP-D,/media/SSD_4TB/crispy_storage/fake-images/pg25_fp16_p77_seed200.png,fake,0.9910672307014465,0.0619504451751709
pg25_fp16,R50_TF,/media/SSD_4TB/crispy_storage/fake-images/pg25_fp16_p77_seed200.png,fake,0.6004,0.188
pg25_fp16,NPR,/media/SSD_4TB/crispy_storage/fake-images/pg25_fp16_p77_seed200.png,fake,1.0,0.09118056297302246
sd35_fp8,CLIP-D,/media/SSD_4TB/crispy_storage/fake-images/sd35_fp8_p66_seed189.png,fake,0.7476576566696167,0.06295895576477051
sd35_fp8,R50_TF,/media/SSD_4TB/crispy_storage/fake-images/sd35_fp8_p66_seed189.png,fake,0.5309,0.175
sd35_fp8,NPR,/media/SSD_4TB/crispy_storage/fake-images/sd35_fp8_p66_seed189.png,fake,0.9999592304229736,0.08922266960144043
sdxl_fp4,CLIP-D,/media/SSD_4TB/crispy_storage/fake-images/sdxl_fp4_p27_seed150.png,fake,0.8958583474159241,0.06088995933532715
sdxl_fp4,R50_TF,/media/SSD_4TB/crispy_storage/fake-images/sdxl_fp4_p27_seed150.png,fake,0.57,0.177
sdxl_fp4,NPR,/media/SSD_4TB/crispy_storage/fake-images/sdxl_fp4_p27_seed150.png,fake,0.9984540939331055,0.09133696556091309
sd3_fp4,CLIP-D,/media/SSD_4TB/crispy_storage/fake-images/sd3_fp4_p11_seed134.png,real,0.12428431957960129,0.06300115585327148
sd3_fp4,R50_TF,/media/SSD_4TB/crispy_storage/fake-images/sd3_fp4_p11_seed134.png,real,0.4613,0.178
sd3_fp4,NPR,/media/SSD_4TB/crispy_storage/fake-images/sd3_fp4_p11_seed134.png,real,0.0023993614595383406,0.09059762954711914
sd3_fp4,CLIP-D,/media/SSD_4TB/crispy_storage/fake-images/sd3_fp4_p8_seed131.png,fake,0.9590493440628052,0.06255316734313965
sd3_fp4,R50_TF,/media/SSD_4TB/crispy_storage/fake-images/sd3_fp4_p8_seed131.png,real,0.4317,0.179
sd3_fp4,NPR,/media/SSD_4TB/crispy_storage/fake-images/sd3_fp4_p8_seed131.png,fake,0.8211066126823425,0.09038400650024414
sdxl_fp8,CLIP-D,/media/SSD_4TB/crispy_storage/fake-images/sdxl_fp8_p93_seed216.png,fake,0.8345863819122314,0.06248140335083008
sdxl_fp8,R50_TF,/media/SSD_4TB/crispy_storage/fake-images/sdxl_fp8_p93_seed216.png,fake,0.5771,0.179
sdxl_fp8,NPR,/media/SSD_4TB/crispy_storage/fake-images/sdxl_fp8_p93_seed216.png,fake,1.0,0.08982992172241211
sd35_fp8,CLIP-D,/media/SSD_4TB/crispy_storage/fake-images/sd35_fp8_p31_seed154.png,fake,0.9917894601821899,0.06153607368469238
sd35_fp8,R50_TF,/media/SSD_4TB/crispy_storage/fake-images/sd35_fp8_p31_seed154.png,fake,0.5667,0.178
sd35_fp8,NPR,/media/SSD_4TB/crispy_storage/fake-images/sd35_fp8_p31_seed154.png,real,0.4285162687301636,0.09154868125915527
sd3_fp8,CLIP-D,/media/SSD_4TB/crispy_storage/fake-images/sd3_fp8_p88_seed211.png,real,0.2359486222267151,0.061199188232421875
sd3_fp8,R50_TF,/media/SSD_4TB/crispy_storage/fake-images/sd3_fp8_p88_seed211.png,real,0.4398,0.18
sd3_fp8,NPR,/media/SSD_4TB/crispy_storage/fake-images/sd3_fp8_p88_seed211.png,real,0.019196512177586555,0.09077620506286621
z-image_fp16,CLIP-D,/media/SSD_4TB/crispy_storage/fake-images/z-image_fp16_p97_seed220.png,real,0.22454847395420074,0.06307792663574219
z-image_fp16,R50_TF,/media/SSD_4TB/crispy_storage/fake-images/z-image_fp16_p97_seed220.png,real,0.396,0.181
z-image_fp16,NPR,/media/SSD_4TB/crispy_storage/fake-images/z-image_fp16_p97_seed220.png,real,0.0013060823548585176,0.08915519714355469
sd35_fp16,CLIP-D,/media/SSD_4TB/crispy_storage/fake-images/sd35_fp16_p63_seed186.png,real,0.05094675347208977,0.06034517288208008
sd35_fp16,R50_TF,/media/SSD_4TB/crispy_storage/fake-images/sd35_fp16_p63_seed186.png,real,0.4511,0.179
sd35_fp16,NPR,/media/SSD_4TB/crispy_storage/fake-images/sd35_fp16_p63_seed186.png,real,1.1514356629049871e-05,0.08740377426147461
sd15_fp8,CLIP-D,/media/SSD_4TB/crispy_storage/fake-images/sd15_fp8_p45_seed168.png,real,0.4149649143218994,0.06235170364379883
sd15_fp8,R50_TF,/media/SSD_4TB/crispy_storage/fake-images/sd15_fp8_p45_seed168.png,real,0.3859,0.142
sd15_fp8,NPR,/media/SSD_4TB/crispy_storage/fake-images/sd15_fp8_p45_seed168.png,real,7.589542150299167e-08,0.09169983863830566
sd3_fp8,CLIP-D,/media/SSD_4TB/crispy_storage/fake-images/sd3_fp8_p85_seed208.png,fake,0.9504033923149109,0.06145358085632324
sd3_fp8,R50_TF,/media/SSD_4TB/crispy_storage/fake-images/sd3_fp8_p85_seed208.png,real,0.4301,0.182
sd3_fp8,NPR,/media/SSD_4TB/crispy_storage/fake-images/sd3_fp8_p85_seed208.png,real,0.09794279932975769,0.08924436569213867
sd3_fp8,CLIP-D,/media/SSD_4TB/crispy_storage/fake-images/sd3_fp8_p62_seed185.png,fake,0.9829673767089844,0.059906721115112305
sd3_fp8,R50_TF,/media/SSD_4TB/crispy_storage/fake-images/sd3_fp8_p62_seed185.png,fake,0.5693,0.171
sd3_fp8,NPR,/media/SSD_4TB/crispy_storage/fake-images/sd3_fp8_p62_seed185.png,fake,0.8916242718696594,0.08963918685913086
sd3_fp8,CLIP-D,/media/SSD_4TB/crispy_storage/fake-images/sd3_fp8_p79_seed202.png,fake,0.7983477115631104,0.061612844467163086
sd3_fp8,R50_TF,/media/SSD_4TB/crispy_storage/fake-images/sd3_fp8_p79_seed202.png,real,0.4069,0.183
sd3_fp8,NPR,/media/SSD_4TB/crispy_storage/fake-images/sd3_fp8_p79_seed202.png,real,2.3285312636289746e-05,0.0870063304901123
pg25_fp16,CLIP-D,/media/SSD_4TB/crispy_storage/fake-images/pg25_fp16_p45_seed168.png,fake,0.9152500629425049,0.06367683410644531
pg25_fp16,R50_TF,/media/SSD_4TB/crispy_storage/fake-images/pg25_fp16_p45_seed168.png,fake,0.5571,0.181
pg25_fp16,NPR,/media/SSD_4TB/crispy_storage/fake-images/pg25_fp16_p45_seed168.png,fake,1.0,0.09260821342468262
sd15_fp16,CLIP-D,/media/SSD_4TB/crispy_storage/fake-images/sd15_fp16_p71_seed194.png,fake,0.7976036071777344,0.06230807304382324
sd15_fp16,R50_TF,/media/SSD_4TB/crispy_storage/fake-images/sd15_fp16_p71_seed194.png,fake,0.5599,0.142
sd15_fp16,NPR,/media/SSD_4TB/crispy_storage/fake-images/sd15_fp16_p71_seed194.png,real,0.0005686889635398984,0.10183429718017578
z-image_fp8,CLIP-D,/media/SSD_4TB/crispy_storage/fake-images/z-image_fp8_p20_seed143.png,fake,0.8637479543685913,0.06162309646606445
z-image_fp8,R50_TF,/media/SSD_4TB/crispy_storage/fake-images/z-image_fp8_p20_seed143.png,fake,0.577,0.179
z-image_fp8,NPR,/media/SSD_4TB/crispy_storage/fake-images/z-image_fp8_p20_seed143.png,fake,0.5726354718208313,0.08956408500671387
pg25_fp4,CLIP-D,/media/SSD_4TB/crispy_storage/fake-images/pg25_fp4_p1_seed124.png,fake,0.9973281621932983,0.06078934669494629
pg25_fp4,R50_TF,/media/SSD_4TB/crispy_storage/fake-images/pg25_fp4_p1_seed124.png,fake,0.5703,0.175
pg25_fp4,NPR,/media/SSD_4TB/crispy_storage/fake-images/pg25_fp4_p1_seed124.png,real,0.06792154908180237,0.09088516235351562
sdxl_fp16,CLIP-D,/media/SSD_4TB/crispy_storage/fake-images/sdxl_fp16_p25_seed148.png,fake,0.9755492210388184,0.0604252815246582
sdxl_fp16,R50_TF,/media/SSD_4TB/crispy_storage/fake-images/sdxl_fp16_p25_seed148.png,fake,0.5898,0.175
sdxl_fp16,NPR,/media/SSD_4TB/crispy_storage/fake-images/sdxl_fp16_p25_seed148.png,fake,0.9998175501823425,0.08962869644165039
z-image_fp16,CLIP-D,/media/SSD_4TB/crispy_storage/fake-images/z-image_fp16_p20_seed143.png,fake,0.9376063942909241,0.06128501892089844
z-image_fp16,R50_TF,/media/SSD_4TB/crispy_storage/fake-images/z-image_fp16_p20_seed143.png,fake,0.5738,0.179
z-image_fp16,NPR,/media/SSD_4TB/crispy_storage/fake-images/z-image_fp16_p20_seed143.png,real,0.12821567058563232,0.09096384048461914
z-image_fp16,CLIP-D,/media/SSD_4TB/crispy_storage/fake-images/z-image_fp16_p42_seed165.png,fake,0.9620402455329895,0.06297659873962402
z-image_fp16,R50_TF,/media/SSD_4TB/crispy_storage/fake-images/z-image_fp16_p42_seed165.png,fake,0.5462,0.179
z-image_fp16,NPR,/media/SSD_4TB/crispy_storage/fake-images/z-image_fp16_p42_seed165.png,fake,0.5154659748077393,0.09010982513427734
z-image_fp16,CLIP-D,/media/SSD_4TB/crispy_storage/fake-images/z-image_fp16_p30_seed153.png,fake,0.872759997844696,0.06292939186096191
z-image_fp16,R50_TF,/media/SSD_4TB/crispy_storage/fake-images/z-image_fp16_p30_seed153.png,fake,0.5871,0.184
z-image_fp16,NPR,/media/SSD_4TB/crispy_storage/fake-images/z-image_fp16_p30_seed153.png,real,0.000767421443015337,0.08927083015441895
sdxl_fp4,CLIP-D,/media/SSD_4TB/crispy_storage/fake-images/sdxl_fp4_p92_seed215.png,fake,0.9973905682563782,0.06124472618103027
sdxl_fp4,R50_TF,/media/SSD_4TB/crispy_storage/fake-images/sdxl_fp4_p92_seed215.png,fake,0.6009,0.176
sdxl_fp4,NPR,/media/SSD_4TB/crispy_storage/fake-images/sdxl_fp4_p92_seed215.png,fake,0.9999997615814209,0.08908605575561523
sd3_fp4,CLIP-D,/media/SSD_4TB/crispy_storage/fake-images/sd3_fp4_p77_seed200.png,fake,0.9961225390434265,0.06246137619018555
sd3_fp4,R50_TF,/media/SSD_4TB/crispy_storage/fake-images/sd3_fp4_p77_seed200.png,fake,0.5595,0.176
sd3_fp4,NPR,/media/SSD_4TB/crispy_storage/fake-images/sd3_fp4_p77_seed200.png,fake,0.9922049641609192,0.08751368522644043
sd15_fp16,CLIP-D,/media/SSD_4TB/crispy_storage/fake-images/sd15_fp16_p18_seed141.png,fake,0.767102062702179,0.062227487564086914
sd15_fp16,R50_TF,/media/SSD_4TB/crispy_storage/fake-images/sd15_fp16_p18_seed141.png,fake,0.537,0.142
sd15_fp16,NPR,/media/SSD_4TB/crispy_storage/fake-images/sd15_fp16_p18_seed141.png,real,0.00437382934615016,0.08984541893005371
sd15_fp4,CLIP-D,/media/SSD_4TB/crispy_storage/fake-images/sd15_fp4_p73_seed196.png,real,0.14153672754764557,0.06106925010681152
sd15_fp4,R50_TF,/media/SSD_4TB/crispy_storage/fake-images/sd15_fp4_p73_seed196.png,fake,0.6089,0.141
sd15_fp4,NPR,/media/SSD_4TB/crispy_storage/fake-images/sd15_fp4_p73_seed196.png,real,0.0032760389149188995,0.09012746810913086
sd35_fp8,CLIP-D,/media/SSD_4TB/crispy_storage/fake-images/sd35_fp8_p11_seed134.png,real,0.04112081229686737,0.06362223625183105
sd35_fp8,R50_TF,/media/SSD_4TB/crispy_storage/fake-images/sd35_fp8_p11_seed134.png,real,0.4779,0.179
sd35_fp8,NPR,/media/SSD_4TB/crispy_storage/fake-images/sd35_fp8_p11_seed134.png,real,0.034033142030239105,0.09068107604980469
sd35_fp8,CLIP-D,/media/SSD_4TB/crispy_storage/fake-images/sd35_fp8_p59_seed182.png,fake,0.9885194897651672,0.06096768379211426
sd35_fp8,R50_TF,/media/SSD_4TB/crispy_storage/fake-images/sd35_fp8_p59_seed182.png,fake,0.5808,0.179
sd35_fp8,NPR,/media/SSD_4TB/crispy_storage/fake-images/sd35_fp8_p59_seed182.png,fake,0.9293645620346069,0.08802986145019531
pg25_fp16,CLIP-D,/media/SSD_4TB/crispy_storage/fake-images/pg25_fp16_p1_seed124.png,fake,0.9979678988456726,0.06289100646972656
pg25_fp16,R50_TF,/media/SSD_4TB/crispy_storage/fake-images/pg25_fp16_p1_seed124.png,fake,0.5857,0.179
pg25_fp16,NPR,/media/SSD_4TB/crispy_storage/fake-images/pg25_fp16_p1_seed124.png,fake,0.9996011853218079,0.08745718002319336
pg25_fp4,CLIP-D,/media/SSD_4TB/crispy_storage/fake-images/pg25_fp4_p59_seed182.png,fake,0.9974371194839478,0.06172657012939453
pg25_fp4,R50_TF,/media/SSD_4TB/crispy_storage/fake-images/pg25_fp4_p59_seed182.png,fake,0.7192,0.177
pg25_fp4,NPR,/media/SSD_4TB/crispy_storage/fake-images/pg25_fp4_p59_seed182.png,fake,1.0,0.09566712379455566
sd3_fp8,CLIP-D,/media/SSD_4TB/crispy_storage/fake-images/sd3_fp8_p37_seed160.png,real,0.3652748167514801,0.06359672546386719
sd3_fp8,R50_TF,/media/SSD_4TB/crispy_storage/fake-images/sd3_fp8_p37_seed160.png,real,0.437,0.176
sd3_fp8,NPR,/media/SSD_4TB/crispy_storage/fake-images/sd3_fp8_p37_seed160.png,real,0.0021268578711897135,0.09020709991455078
sd3_fp4,CLIP-D,/media/SSD_4TB/crispy_storage/fake-images/sd3_fp4_p37_seed160.png,fake,0.9045302271842957,0.06106305122375488
sd3_fp4,R50_TF,/media/SSD_4TB/crispy_storage/fake-images/sd3_fp4_p37_seed160.png,real,0.4007,0.181
sd3_fp4,NPR,/media/SSD_4TB/crispy_storage/fake-images/sd3_fp4_p37_seed160.png,real,0.00010345755435992032,0.08827638626098633
sd3_fp8,CLIP-D,/media/SSD_4TB/crispy_storage/fake-images/sd3_fp8_p52_seed175.png,fake,0.7299680113792419,0.06118154525756836
sd3_fp8,R50_TF,/media/SSD_4TB/crispy_storage/fake-images/sd3_fp8_p52_seed175.png,real,0.4548,0.181
sd3_fp8,NPR,/media/SSD_4TB/crispy_storage/fake-images/sd3_fp8_p52_seed175.png,real,0.00040065101347863674,0.08970308303833008
sdxl_fp8,CLIP-D,/media/SSD_4TB/crispy_storage/fake-images/sdxl_fp8_p46_seed169.png,fake,0.9938153028488159,0.06133079528808594
sdxl_fp8,R50_TF,/media/SSD_4TB/crispy_storage/fake-images/sdxl_fp8_p46_seed169.png,fake,0.5728,0.177
sdxl_fp8,NPR,/media/SSD_4TB/crispy_storage/fake-images/sdxl_fp8_p46_seed169.png,fake,1.0,0.08986210823059082
sd35_fp16,CLIP-D,/media/SSD_4TB/crispy_storage/fake-images/sd35_fp16_p69_seed192.png,fake,0.9936525821685791,0.06308865547180176
sd35_fp16,R50_TF,/media/SSD_4TB/crispy_storage/fake-images/sd35_fp16_p69_seed192.png,fake,0.6162,0.177
sd35_fp16,NPR,/media/SSD_4TB/crispy_storage/fake-images/sd35_fp16_p69_seed192.png,fake,1.0,0.08931660652160645
sd3_fp8,CLIP-D,/media/SSD_4TB/crispy_storage/fake-images/sd3_fp8_p57_seed180.png,real,0.021542679518461227,0.06252264976501465
sd3_fp8,R50_TF,/media/SSD_4TB/crispy_storage/fake-images/sd3_fp8_p57_seed180.png,real,0.4189,0.183
sd3_fp8,NPR,/media/SSD_4TB/crispy_storage/fake-images/sd3_fp8_p57_seed180.png,real,0.0002398608485236764,0.08975338935852051
sd3_fp4,CLIP-D,/media/SSD_4TB/crispy_storage/fake-images/sd3_fp4_p14_seed137.png,fake,0.9500068426132202,0.0598142147064209
sd3_fp4,R50_TF,/media/SSD_4TB/crispy_storage/fake-images/sd3_fp4_p14_seed137.png,fake,0.5722,0.177
sd3_fp4,NPR,/media/SSD_4TB/crispy_storage/fake-images/sd3_fp4_p14_seed137.png,real,6.223930995474802e-06,0.09436655044555664
pg25_fp4,CLIP-D,/media/SSD_4TB/crispy_storage/fake-images/pg25_fp4_p54_seed177.png,fake,0.9813024401664734,0.06070971488952637
pg25_fp4,R50_TF,/media/SSD_4TB/crispy_storage/fake-images/pg25_fp4_p54_seed177.png,fake,0.5786,0.179
pg25_fp4,NPR,/media/SSD_4TB/crispy_storage/fake-images/pg25_fp4_p54_seed177.png,fake,0.9984592199325562,0.0893406867980957
sd35_fp4,CLIP-D,/media/SSD_4TB/crispy_storage/fake-images/sd35_fp4_p10_seed133.png,real,0.10501699149608612,0.061205387115478516
sd35_fp4,R50_TF,/media/SSD_4TB/crispy_storage/fake-images/sd35_fp4_p10_seed133.png,fake,0.5572,0.178
sd35_fp4,NPR,/media/SSD_4TB/crispy_storage/fake-images/sd35_fp4_p10_seed133.png,real,0.001116627361625433,0.08934712409973145
sdxl_fp8,CLIP-D,/media/SSD_4TB/crispy_storage/fake-images/sdxl_fp8_p63_seed186.png,fake,0.7070739269256592,0.06175637245178223
sdxl_fp8,R50_TF,/media/SSD_4TB/crispy_storage/fake-images/sdxl_fp8_p63_seed186.png,real,0.418,0.178
sdxl_fp8,NPR,/media/SSD_4TB/crispy_storage/fake-images/sdxl_fp8_p63_seed186.png,real,0.0024570729583501816,0.09064745903015137
pg25_fp4,CLIP-D,/media/SSD_4TB/crispy_storage/fake-images/pg25_fp4_p94_seed217.png,fake,0.9780561923980713,0.06338024139404297
pg25_fp4,R50_TF,/media/SSD_4TB/crispy_storage/fake-images/pg25_fp4_p94_seed217.png,fake,0.5824,0.183
pg25_fp4,NPR,/media/SSD_4TB/crispy_storage/fake-images/pg25_fp4_p94_seed217.png,fake,0.9994118213653564,0.09159064292907715
sd3_fp8,CLIP-D,/media/SSD_4TB/crispy_storage/fake-images/sd3_fp8_p40_seed163.png,fake,0.9786189198493958,0.0631873607635498
sd3_fp8,R50_TF,/media/SSD_4TB/crispy_storage/fake-images/sd3_fp8_p40_seed163.png,fake,0.6137,0.178
sd3_fp8,NPR,/media/SSD_4TB/crispy_storage/fake-images/sd3_fp8_p40_seed163.png,real,6.965050852159038e-05,0.08903050422668457
pg25_fp4,CLIP-D,/media/SSD_4TB/crispy_storage/fake-images/pg25_fp4_p25_seed148.png,fake,0.9998018145561218,0.061135053634643555
pg25_fp4,R50_TF,/media/SSD_4TB/crispy_storage/fake-images/pg25_fp4_p25_seed148.png,fake,0.6073,0.178
pg25_fp4,NPR,/media/SSD_4TB/crispy_storage/fake-images/pg25_fp4_p25_seed148.png,fake,0.9925615191459656,0.09209823608398438
sd15_fp8,CLIP-D,/media/SSD_4TB/crispy_storage/fake-images/sd15_fp8_p64_seed187.png,fake,0.9761942625045776,0.061261653900146484
sd15_fp8,R50_TF,/media/SSD_4TB/crispy_storage/fake-images/sd15_fp8_p64_seed187.png,fake,0.57,0.139
sd15_fp8,NPR,/media/SSD_4TB/crispy_storage/fake-images/sd15_fp8_p64_seed187.png,fake,0.8667240738868713,0.09030294418334961
sd35_fp4,CLIP-D,/media/SSD_4TB/crispy_storage/fake-images/sd35_fp4_p45_seed168.png,fake,0.9542223811149597,0.0617680549621582
sd35_fp4,R50_TF,/media/SSD_4TB/crispy_storage/fake-images/sd35_fp4_p45_seed168.png,fake,0.5355,0.182
sd35_fp4,NPR,/media/SSD_4TB/crispy_storage/fake-images/sd35_fp4_p45_seed168.png,fake,0.9511048793792725,0.08986878395080566
sd15_fp16,CLIP-D,/media/SSD_4TB/crispy_storage/fake-images/sd15_fp16_p21_seed144.png,fake,0.9967781901359558,0.06263041496276855
sd15_fp16,R50_TF,/media/SSD_4TB/crispy_storage/fake-images/sd15_fp16_p21_seed144.png,fake,0.5936,0.141
sd15_fp16,NPR,/media/SSD_4TB/crispy_storage/fake-images/sd15_fp16_p21_seed144.png,fake,0.999504566192627,0.0913233757019043
sd35_fp16,CLIP-D,/media/SSD_4TB/crispy_storage/fake-images/sd35_fp16_p39_seed162.png,fake,0.9795427322387695,0.06231355667114258
sd35_fp16,R50_TF,/media/SSD_4TB/crispy_storage/fake-images/sd35_fp16_p39_seed162.png,fake,0.5791,0.179
sd35_fp16,NPR,/media/SSD_4TB/crispy_storage/fake-images/sd35_fp16_p39_seed162.png,fake,0.6855243444442749,0.09139108657836914
pg25_fp16,CLIP-D,/media/SSD_4TB/crispy_storage/fake-images/pg25_fp16_p6_seed129.png,fake,0.9909507036209106,0.06101560592651367
pg25_fp16,R50_TF,/media/SSD_4TB/crispy_storage/fake-images/pg25_fp16_p6_seed129.png,fake,0.5932,0.18
pg25_fp16,NPR,/media/SSD_4TB/crispy_storage/fake-images/pg25_fp16_p6_seed129.png,fake,1.0,0.08769011497497559
sd3_fp8,CLIP-D,/media/SSD_4TB/crispy_storage/fake-images/sd3_fp8_p67_seed190.png,real,0.29180702567100525,0.06360816955566406
sd3_fp8,R50_TF,/media/SSD_4TB/crispy_storage/fake-images/sd3_fp8_p67_seed190.png,real,0.4538,0.18
sd3_fp8,NPR,/media/SSD_4TB/crispy_storage/fake-images/sd3_fp8_p67_seed190.png,real,0.01532013714313507,0.09006476402282715
sd15_fp4,CLIP-D,/media/SSD_4TB/crispy_storage/fake-images/sd15_fp4_p10_seed133.png,real,0.3512730002403259,0.06317925453186035
sd15_fp4,R50_TF,/media/SSD_4TB/crispy_storage/fake-images/sd15_fp4_p10_seed133.png,fake,0.5677,0.142
sd15_fp4,NPR,/media/SSD_4TB/crispy_storage/fake-images/sd15_fp4_p10_seed133.png,real,0.05698251351714134,0.08968901634216309
sdxl_fp8,CLIP-D,/media/SSD_4TB/crispy_storage/fake-images/sdxl_fp8_p55_seed178.png,fake,0.9963468909263611,0.061319589614868164
sdxl_fp8,R50_TF,/media/SSD_4TB/crispy_storage/fake-images/sdxl_fp8_p55_seed178.png,fake,0.6063,0.174
sdxl_fp8,NPR,/media/SSD_4TB/crispy_storage/fake-images/sdxl_fp8_p55_seed178.png,real,0.06478413939476013,0.09281563758850098
sd15_fp4,CLIP-D,/media/SSD_4TB/crispy_storage/fake-images/sd15_fp4_p46_seed169.png,fake,0.9781167507171631,0.06109809875488281
sd15_fp4,R50_TF,/media/SSD_4TB/crispy_storage/fake-images/sd15_fp4_p46_seed169.png,fake,0.6077,0.143
sd15_fp4,NPR,/media/SSD_4TB/crispy_storage/fake-images/sd15_fp4_p46_seed169.png,real,2.549499413362355e-06,0.09075045585632324
sd35_fp8,CLIP-D,/media/SSD_4TB/crispy_storage/fake-images/sd35_fp8_p30_seed153.png,real,0.005139352288097143,0.06112337112426758
sd35_fp8,R50_TF,/media/SSD_4TB/crispy_storage/fake-images/sd35_fp8_p30_seed153.png,real,0.3842,0.182
sd35_fp8,NPR,/media/SSD_4TB/crispy_storage/fake-images/sd35_fp8_p30_seed153.png,real,0.0004608500748872757,0.0914309024810791
pg25_fp16,CLIP-D,/media/SSD_4TB/crispy_storage/fake-images/pg25_fp16_p82_seed205.png,fake,0.9954431056976318,0.06113314628601074
pg25_fp16,R50_TF,/media/SSD_4TB/crispy_storage/fake-images/pg25_fp16_p82_seed205.png,fake,0.597,0.174
pg25_fp16,NPR,/media/SSD_4TB/crispy_storage/fake-images/pg25_fp16_p82_seed205.png,fake,0.9797841310501099,0.09121894836425781
sd15_fp16,CLIP-D,/media/SSD_4TB/crispy_storage/fake-images/sd15_fp16_p19_seed142.png,real,0.30774039030075073,0.06465005874633789
sd15_fp16,R50_TF,/media/SSD_4TB/crispy_storage/fake-images/sd15_fp16_p19_seed142.png,fake,0.5897,0.139
sd15_fp16,NPR,/media/SSD_4TB/crispy_storage/fake-images/sd15_fp16_p19_seed142.png,real,3.3854616958706174e-06,0.09122824668884277
sd35_fp16,CLIP-D,/media/SSD_4TB/crispy_storage/fake-images/sd35_fp16_p42_seed165.png,fake,0.9612745046615601,0.06227874755859375
sd35_fp16,R50_TF,/media/SSD_4TB/crispy_storage/fake-images/sd35_fp16_p42_seed165.png,fake,0.5477,0.181
sd35_fp16,NPR,/media/SSD_4TB/crispy_storage/fake-images/sd35_fp16_p42_seed165.png,real,0.47063395380973816,0.0895535945892334
sd35_fp16,CLIP-D,/media/SSD_4TB/crispy_storage/fake-images/sd35_fp16_p18_seed141.png,fake,0.8351947665214539,0.06055879592895508
sd35_fp16,R50_TF,/media/SSD_4TB/crispy_storage/fake-images/sd35_fp16_p18_seed141.png,real,0.4094,0.176
sd35_fp16,NPR,/media/SSD_4TB/crispy_storage/fake-images/sd35_fp16_p18_seed141.png,fake,0.9999986886978149,0.09196782112121582
sd3_fp8,CLIP-D,/media/SSD_4TB/crispy_storage/fake-images/sd3_fp8_p58_seed181.png,fake,0.9386768937110901,0.061455488204956055
sd3_fp8,R50_TF,/media/SSD_4TB/crispy_storage/fake-images/sd3_fp8_p58_seed181.png,fake,0.6028,0.171
sd3_fp8,NPR,/media/SSD_4TB/crispy_storage/fake-images/sd3_fp8_p58_seed181.png,fake,0.8881351351737976,0.09049606323242188
sd15_fp8,CLIP-D,/media/SSD_4TB/crispy_storage/fake-images/sd15_fp8_p18_seed141.png,fake,0.899251401424408,0.06154227256774902
sd15_fp8,R50_TF,/media/SSD_4TB/crispy_storage/fake-images/sd15_fp8_p18_seed141.png,fake,0.5366,0.143
sd15_fp8,NPR,/media/SSD_4TB/crispy_storage/fake-images/sd15_fp8_p18_seed141.png,real,0.0011786449467763305,0.08974194526672363
sd35_fp8,CLIP-D,/media/SSD_4TB/crispy_storage/fake-images/sd35_fp8_p73_seed196.png,fake,0.9953095316886902,0.0634608268737793
sd35_fp8,R50_TF,/media/SSD_4TB/crispy_storage/fake-images/sd35_fp8_p73_seed196.png,fake,0.5432,0.177
sd35_fp8,NPR,/media/SSD_4TB/crispy_storage/fake-images/sd35_fp8_p73_seed196.png,fake,0.9999611377716064,0.08791780471801758
z-image_fp16,CLIP-D,/media/SSD_4TB/crispy_storage/fake-images/z-image_fp16_p93_seed216.png,fake,0.6356136798858643,0.06249856948852539
z-image_fp16,R50_TF,/media/SSD_4TB/crispy_storage/fake-images/z-image_fp16_p93_seed216.png,fake,0.5707,0.181
z-image_fp16,NPR,/media/SSD_4TB/crispy_storage/fake-images/z-image_fp16_p93_seed216.png,fake,0.9944701194763184,0.09381341934204102
sd35_fp16,CLIP-D,/media/SSD_4TB/crispy_storage/fake-images/sd35_fp16_p30_seed153.png,real,0.039869967848062515,0.061038970947265625
sd35_fp16,R50_TF,/media/SSD_4TB/crispy_storage/fake-images/sd35_fp16_p30_seed153.png,real,0.3968,0.181
sd35_fp16,NPR,/media/SSD_4TB/crispy_storage/fake-images/sd35_fp16_p30_seed153.png,real,0.04789399355649948,0.09040713310241699
sd35_fp4,CLIP-D,/media/SSD_4TB/crispy_storage/fake-images/sd35_fp4_p72_seed195.png,fake,0.9832188487052917,0.06105661392211914
sd35_fp4,R50_TF,/media/SSD_4TB/crispy_storage/fake-images/sd35_fp4_p72_seed195.png,real,0.4446,0.175
sd35_fp4,NPR,/media/SSD_4TB/crispy_storage/fake-images/sd35_fp4_p72_seed195.png,fake,0.9913480877876282,0.08899784088134766
z-image_fp8,CLIP-D,/media/SSD_4TB/crispy_storage/fake-images/z-image_fp8_p2_seed125.png,fake,0.9650557637214661,0.06133151054382324
z-image_fp8,R50_TF,/media/SSD_4TB/crispy_storage/fake-images/z-image_fp8_p2_seed125.png,real,0.4555,0.178
z-image_fp8,NPR,/media/SSD_4TB/crispy_storage/fake-images/z-image_fp8_p2_seed125.png,real,0.04049983248114586,0.08916735649108887
pg25_fp4,CLIP-D,/media/SSD_4TB/crispy_storage/fake-images/pg25_fp4_p95_seed218.png,fake,0.9817313551902771,0.061205148696899414
pg25_fp4,R50_TF,/media/SSD_4TB/crispy_storage/fake-images/pg25_fp4_p95_seed218.png,fake,0.5934,0.177
pg25_fp4,NPR,/media/SSD_4TB/crispy_storage/fake-images/pg25_fp4_p95_seed218.png,real,0.22711187601089478,0.0891411304473877
sd3_fp8,CLIP-D,/media/SSD_4TB/crispy_storage/fake-images/sd3_fp8_p74_seed197.png,fake,0.8281673192977905,0.06171154975891113
sd3_fp8,R50_TF,/media/SSD_4TB/crispy_storage/fake-images/sd3_fp8_p74_seed197.png,real,0.4561,0.178
sd3_fp8,NPR,/media/SSD_4TB/crispy_storage/fake-images/sd3_fp8_p74_seed197.png,real,0.00018958486907649785,0.08932852745056152
sd15_fp8,CLIP-D,/media/SSD_4TB/crispy_storage/fake-images/sd15_fp8_p19_seed142.png,real,0.15346695482730865,0.06136608123779297
sd15_fp8,R50_TF,/media/SSD_4TB/crispy_storage/fake-images/sd15_fp8_p19_seed142.png,fake,0.5907,0.141
sd15_fp8,NPR,/media/SSD_4TB/crispy_storage/fake-images/sd15_fp8_p19_seed142.png,real,1.3513958663224912e-07,0.09125995635986328
sd35_fp4,CLIP-D,/media/SSD_4TB/crispy_storage/fake-images/sd35_fp4_p22_seed145.png,fake,0.957306981086731,0.06158804893493652
sd35_fp4,R50_TF,/media/SSD_4TB/crispy_storage/fake-images/sd35_fp4_p22_seed145.png,fake,0.5309,0.174
sd35_fp4,NPR,/media/SSD_4TB/crispy_storage/fake-images/sd35_fp4_p22_seed145.png,real,0.006197778508067131,0.09024286270141602
sdxl_fp4,CLIP-D,/media/SSD_4TB/crispy_storage/fake-images/sdxl_fp4_p84_seed207.png,fake,0.9541692137718201,0.0615384578704834
sdxl_fp4,R50_TF,/media/SSD_4TB/crispy_storage/fake-images/sdxl_fp4_p84_seed207.png,fake,0.5664,0.174
sdxl_fp4,NPR,/media/SSD_4TB/crispy_storage/fake-images/sdxl_fp4_p84_seed207.png,fake,0.8238785862922668,0.09027862548828125
sd3_fp4,CLIP-D,/media/SSD_4TB/crispy_storage/fake-images/sd3_fp4_p60_seed183.png,fake,0.8922708034515381,0.06175589561462402
sd3_fp4,R50_TF,/media/SSD_4TB/crispy_storage/fake-images/sd3_fp4_p60_seed183.png,real,0.455,0.18
sd3_fp4,NPR,/media/SSD_4TB/crispy_storage/fake-images/sd3_fp4_p60_seed183.png,real,0.09570115804672241,0.08858561515808105
sd35_fp4,CLIP-D,/media/SSD_4TB/crispy_storage/fake-images/sd35_fp4_p98_seed221.png,real,0.21020902693271637,0.06342864036560059
sd35_fp4,R50_TF,/media/SSD_4TB/crispy_storage/fake-images/sd35_fp4_p98_seed221.png,real,0.4454,0.176
sd35_fp4,NPR,/media/SSD_4TB/crispy_storage/fake-images/sd35_fp4_p98_seed221.png,fake,0.9999957084655762,0.08768033981323242
sdxl_fp4,CLIP-D,/media/SSD_4TB/crispy_storage/fake-images/sdxl_fp4_p61_seed184.png,fake,0.9973668456077576,0.06600260734558105
sdxl_fp4,R50_TF,/media/SSD_4TB/crispy_storage/fake-images/sdxl_fp4_p61_seed184.png,fake,0.638,0.179
sdxl_fp4,NPR,/media/SSD_4TB/crispy_storage/fake-images/sdxl_fp4_p61_seed184.png,real,0.17239131033420563,0.08834457397460938
pg25_fp4,CLIP-D,/media/SSD_4TB/crispy_storage/fake-images/pg25_fp4_p20_seed143.png,fake,0.9991655349731445,0.06230473518371582
pg25_fp4,R50_TF,/media/SSD_4TB/crispy_storage/fake-images/pg25_fp4_p20_seed143.png,fake,0.5505,0.18
pg25_fp4,NPR,/media/SSD_4TB/crispy_storage/fake-images/pg25_fp4_p20_seed143.png,fake,0.9993948936462402,0.08852267265319824
sdxl_fp4,CLIP-D,/media/SSD_4TB/crispy_storage/fake-images/sdxl_fp4_p36_seed159.png,fake,0.9893378019332886,0.06105637550354004
sdxl_fp4,R50_TF,/media/SSD_4TB/crispy_storage/fake-images/sdxl_fp4_p36_seed159.png,fake,0.5648,0.178
sdxl_fp4,NPR,/media/SSD_4TB/crispy_storage/fake-images/sdxl_fp4_p36_seed159.png,fake,0.9981525540351868,0.08987879753112793
sd15_fp8,CLIP-D,/media/SSD_4TB/crispy_storage/fake-images/sd15_fp8_p30_seed153.png,real,0.24861277639865875,0.06090402603149414
sd15_fp8,R50_TF,/media/SSD_4TB/crispy_storage/fake-images/sd15_fp8_p30_seed153.png,fake,0.582,0.142
sd15_fp8,NPR,/media/SSD_4TB/crispy_storage/fake-images/sd15_fp8_p30_seed153.png,real,0.0010575761552900076,0.0899815559387207
sd15_fp16,CLIP-D,/media/SSD_4TB/crispy_storage/fake-images/sd15_fp16_p10_seed133.png,fake,0.5408446788787842,0.06089949607849121
sd15_fp16,R50_TF,/media/SSD_4TB/crispy_storage/fake-images/sd15_fp16_p10_seed133.png,fake,0.607,0.145
sd15_fp16,NPR,/media/SSD_4TB/crispy_storage/fake-images/sd15_fp16_p10_seed133.png,fake,0.9550136923789978,0.09119653701782227
pg25_fp16,CLIP-D,/media/SSD_4TB/crispy_storage/fake-images/pg25_fp16_p25_seed148.png,fake,0.9976486563682556,0.06151628494262695
pg25_fp16,R50_TF,/media/SSD_4TB/crispy_storage/fake-images/pg25_fp16_p25_seed148.png,fake,0.6034,0.178
pg25_fp16,NPR,/media/SSD_4TB/crispy_storage/fake-images/pg25_fp16_p25_seed148.png,fake,0.9925923347473145,0.08774995803833008
sd35_fp16,CLIP-D,/media/SSD_4TB/crispy_storage/fake-images/sd35_fp16_p45_seed168.png,fake,0.9460939168930054,0.06360578536987305
sd35_fp16,R50_TF,/media/SSD_4TB/crispy_storage/fake-images/sd35_fp16_p45_seed168.png,fake,0.554,0.178
sd35_fp16,NPR,/media/SSD_4TB/crispy_storage/fake-images/sd35_fp16_p45_seed168.png,fake,0.9936835765838623,0.08951163291931152
pg25_fp4,CLIP-D,/media/SSD_4TB/crispy_storage/fake-images/pg25_fp4_p22_seed145.png,fake,0.9936301112174988,0.06243085861206055
pg25_fp4,R50_TF,/media/SSD_4TB/crispy_storage/fake-images/pg25_fp4_p22_seed145.png,fake,0.6423,0.181
pg25_fp4,NPR,/media/SSD_4TB/crispy_storage/fake-images/pg25_fp4_p22_seed145.png,fake,0.9473308324813843,0.09069418907165527
sd35_fp4,CLIP-D,/media/SSD_4TB/crispy_storage/fake-images/sd35_fp4_p16_seed139.png,fake,0.9114363789558411,0.06188559532165527
sd35_fp4,R50_TF,/media/SSD_4TB/crispy_storage/fake-images/sd35_fp4_p16_seed139.png,real,0.384,0.176
sd35_fp4,NPR,/media/SSD_4TB/crispy_storage/fake-images/sd35_fp4_p16_seed139.png,real,0.0005044044810347259,0.09148573875427246
pg25_fp16,CLIP-D,/media/SSD_4TB/crispy_storage/fake-images/pg25_fp16_p94_seed217.png,fake,0.9668022990226746,0.06017756462097168
pg25_fp16,R50_TF,/media/SSD_4TB/crispy_storage/fake-images/pg25_fp16_p94_seed217.png,fake,0.5777,0.18
pg25_fp16,NPR,/media/SSD_4TB/crispy_storage/fake-images/pg25_fp16_p94_seed217.png,fake,0.9999972581863403,0.08843517303466797
pg25_fp4,CLIP-D,/media/SSD_4TB/crispy_storage/fake-images/pg25_fp4_p18_seed141.png,fake,0.993523120880127,0.060949087142944336
pg25_fp4,R50_TF,/media/SSD_4TB/crispy_storage/fake-images/pg25_fp4_p18_seed141.png,fake,0.5768,0.178
pg25_fp4,NPR,/media/SSD_4TB/crispy_storage/fake-images/pg25_fp4_p18_seed141.png,fake,0.9696318507194519,0.0879814624786377
sd35_fp16,CLIP-D,/media/SSD_4TB/crispy_storage/fake-images/sd35_fp16_p93_seed216.png,fake,0.835224986076355,0.0610811710357666
sd35_fp16,R50_TF,/media/SSD_4TB/crispy_storage/fake-images/sd35_fp16_p93_seed216.png,fake,0.5648,0.181
sd35_fp16,NPR,/media/SSD_4TB/crispy_storage/fake-images/sd35_fp16_p93_seed216.png,fake,0.9766002893447876,0.09053683280944824
sd35_fp8,CLIP-D,/media/SSD_4TB/crispy_storage/fake-images/sd35_fp8_p78_seed201.png,fake,0.8742168545722961,0.06219148635864258
sd35_fp8,R50_TF,/media/SSD_4TB/crispy_storage/fake-images/sd35_fp8_p78_seed201.png,real,0.4254,0.177
sd35_fp8,NPR,/media/SSD_4TB/crispy_storage/fake-images/sd35_fp8_p78_seed201.png,fake,0.9586440324783325,0.08935785293579102
sd3_fp16,CLIP-D,/media/SSD_4TB/crispy_storage/fake-images/sd3_fp16_p97_seed220.png,fake,0.9975606203079224,0.0615687370300293
sd3_fp16,R50_TF,/media/SSD_4TB/crispy_storage/fake-images/sd3_fp16_p97_seed220.png,fake,0.552,0.179
sd3_fp16,NPR,/media/SSD_4TB/crispy_storage/fake-images/sd3_fp16_p97_seed220.png,fake,0.9994584918022156,0.09174442291259766
sdxl_fp4,CLIP-D,/media/SSD_4TB/crispy_storage/fake-images/sdxl_fp4_p20_seed143.png,fake,0.9982424974441528,0.062230587005615234
sdxl_fp4,R50_TF,/media/SSD_4TB/crispy_storage/fake-images/sdxl_fp4_p20_seed143.png,fake,0.5879,0.179
sdxl_fp4,NPR,/media/SSD_4TB/crispy_storage/fake-images/sdxl_fp4_p20_seed143.png,fake,0.9999067783355713,0.09007978439331055
sdxl_fp16,CLIP-D,/media/SSD_4TB/crispy_storage/fake-images/sdxl_fp16_p80_seed203.png,fake,0.9874888062477112,0.06214308738708496
sdxl_fp16,R50_TF,/media/SSD_4TB/crispy_storage/fake-images/sdxl_fp16_p80_seed203.png,real,0.449,0.18
sdxl_fp16,NPR,/media/SSD_4TB/crispy_storage/fake-images/sdxl_fp16_p80_seed203.png,fake,0.9993218183517456,0.09195852279663086
sd35_fp16,CLIP-D,/media/SSD_4TB/crispy_storage/fake-images/sd35_fp16_p8_seed131.png,real,0.26017236709594727,0.06106376647949219
sd35_fp16,R50_TF,/media/SSD_4TB/crispy_storage/fake-images/sd35_fp16_p8_seed131.png,real,0.4397,0.179
sd35_fp16,NPR,/media/SSD_4TB/crispy_storage/fake-images/sd35_fp16_p8_seed131.png,real,0.07220032811164856,0.08933162689208984
sd35_fp16,CLIP-D,/media/SSD_4TB/crispy_storage/fake-images/sd35_fp16_p77_seed200.png,fake,0.9952620267868042,0.062485694885253906
sd35_fp16,R50_TF,/media/SSD_4TB/crispy_storage/fake-images/sd35_fp16_p77_seed200.png,fake,0.5891,0.18
sd35_fp16,NPR,/media/SSD_4TB/crispy_storage/fake-images/sd35_fp16_p77_seed200.png,fake,0.9395977258682251,0.09015226364135742
z-image_fp16,CLIP-D,/media/SSD_4TB/crispy_storage/fake-images/z-image_fp16_p56_seed179.png,fake,0.9912434816360474,0.06184697151184082
z-image_fp16,R50_TF,/media/SSD_4TB/crispy_storage/fake-images/z-image_fp16_p56_seed179.png,fake,0.5902,0.177
z-image_fp16,NPR,/media/SSD_4TB/crispy_storage/fake-images/z-image_fp16_p56_seed179.png,real,0.06582275032997131,0.08860182762145996
sd15_fp16,CLIP-D,/media/SSD_4TB/crispy_storage/fake-images/sd15_fp16_p90_seed213.png,fake,0.5754687786102295,0.06210780143737793
sd15_fp16,R50_TF,/media/SSD_4TB/crispy_storage/fake-images/sd15_fp16_p90_seed213.png,fake,0.5959,0.141
sd15_fp16,NPR,/media/SSD_4TB/crispy_storage/fake-images/sd15_fp16_p90_seed213.png,real,0.0330834835767746,0.09011387825012207
pg25_fp4,CLIP-D,/media/SSD_4TB/crispy_storage/fake-images/pg25_fp4_p17_seed140.png,fake,0.9299062490463257,0.06073713302612305
pg25_fp4,R50_TF,/media/SSD_4TB/crispy_storage/fake-images/pg25_fp4_p17_seed140.png,fake,0.5624,0.176
pg25_fp4,NPR,/media/SSD_4TB/crispy_storage/fake-images/pg25_fp4_p17_seed140.png,fake,0.9997054934501648,0.09399843215942383
sd35_fp8,CLIP-D,/media/SSD_4TB/crispy_storage/fake-images/sd35_fp8_p43_seed166.png,fake,0.9719247817993164,0.06300950050354004
sd35_fp8,R50_TF,/media/SSD_4TB/crispy_storage/fake-images/sd35_fp8_p43_seed166.png,fake,0.5803,0.175
sd35_fp8,NPR,/media/SSD_4TB/crispy_storage/fake-images/sd35_fp8_p43_seed166.png,real,0.020754478871822357,0.09134101867675781
sdxl_fp8,CLIP-D,/media/SSD_4TB/crispy_storage/fake-images/sdxl_fp8_p99_seed222.png,fake,0.9816857576370239,0.06116437911987305
sdxl_fp8,R50_TF,/media/SSD_4TB/crispy_storage/fake-images/sdxl_fp8_p99_seed222.png,fake,0.5584,0.18
sdxl_fp8,NPR,/media/SSD_4TB/crispy_storage/fake-images/sdxl_fp8_p99_seed222.png,fake,0.999998927116394,0.09113121032714844
sd15_fp16,CLIP-D,/media/SSD_4TB/crispy_storage/fake-images/sd15_fp16_p59_seed182.png,fake,0.9906354546546936,0.062319040298461914
sd15_fp16,R50_TF,/media/SSD_4TB/crispy_storage/fake-images/sd15_fp16_p59_seed182.png,fake,0.613,0.146
sd15_fp16,NPR,/media/SSD_4TB/crispy_storage/fake-images/sd15_fp16_p59_seed182.png,fake,0.5069882273674011,0.0901792049407959
sdxl_fp16,CLIP-D,/media/SSD_4TB/crispy_storage/fake-images/sdxl_fp16_p52_seed175.png,fake,0.9974270462989807,0.061571359634399414
sdxl_fp16,R50_TF,/media/SSD_4TB/crispy_storage/fake-images/sdxl_fp16_p52_seed175.png,fake,0.5632,0.179
sdxl_fp16,NPR,/media/SSD_4TB/crispy_storage/fake-images/sdxl_fp16_p52_seed175.png,fake,0.9991517066955566,0.09122753143310547
sdxl_fp16,CLIP-D,/media/SSD_4TB/crispy_storage/fake-images/sdxl_fp16_p96_seed219.png,fake,0.9993934631347656,0.06295609474182129
sdxl_fp16,R50_TF,/media/SSD_4TB/crispy_storage/fake-images/sdxl_fp16_p96_seed219.png,fake,0.6066,0.179
sdxl_fp16,NPR,/media/SSD_4TB/crispy_storage/fake-images/sdxl_fp16_p96_seed219.png,fake,1.0,0.09214997291564941
sd15_fp16,CLIP-D,/media/SSD_4TB/crispy_storage/fake-images/sd15_fp16_p68_seed191.png,fake,0.980494499206543,0.06395363807678223
sd15_fp16,R50_TF,/media/SSD_4TB/crispy_storage/fake-images/sd15_fp16_p68_seed191.png,fake,0.5857,0.144
sd15_fp16,NPR,/media/SSD_4TB/crispy_storage/fake-images/sd15_fp16_p68_seed191.png,real,0.00010547260899329558,0.09029960632324219
sd35_fp4,CLIP-D,/media/SSD_4TB/crispy_storage/fake-images/sd35_fp4_p11_seed134.png,fake,0.9721835255622864,0.06397294998168945
sd35_fp4,R50_TF,/media/SSD_4TB/crispy_storage/fake-images/sd35_fp4_p11_seed134.png,real,0.4731,0.182
sd35_fp4,NPR,/media/SSD_4TB/crispy_storage/fake-images/sd35_fp4_p11_seed134.png,real,0.42930105328559875,0.09196591377258301
sd15_fp16,CLIP-D,/media/SSD_4TB/crispy_storage/fake-images/sd15_fp16_p24_seed147.png,fake,0.7592605948448181,0.06221795082092285
sd15_fp16,R50_TF,/media/SSD_4TB/crispy_storage/fake-images/sd15_fp16_p24_seed147.png,fake,0.6708,0.142
sd15_fp16,NPR,/media/SSD_4TB/crispy_storage/fake-images/sd15_fp16_p24_seed147.png,real,0.0076934038661420345,0.0901176929473877
sd35_fp8,CLIP-D,/media/SSD_4TB/crispy_storage/fake-images/sd35_fp8_p0_seed123.png,fake,0.8196507096290588,0.06055784225463867
sd35_fp8,R50_TF,/media/SSD_4TB/crispy_storage/fake-images/sd35_fp8_p0_seed123.png,real,0.4279,0.177
sd35_fp8,NPR,/media/SSD_4TB/crispy_storage/fake-images/sd35_fp8_p0_seed123.png,real,0.027260996401309967,0.09108805656433105
sd3_fp16,CLIP-D,/media/SSD_4TB/crispy_storage/fake-images/sd3_fp16_p95_seed218.png,fake,0.7681075930595398,0.06389307975769043
sd3_fp16,R50_TF,/media/SSD_4TB/crispy_storage/fake-images/sd3_fp16_p95_seed218.png,fake,0.5518,0.177
sd3_fp16,NPR,/media/SSD_4TB/crispy_storage/fake-images/sd3_fp16_p95_seed218.png,real,1.390194029227132e-06,0.09034204483032227
sd15_fp8,CLIP-D,/media/SSD_4TB/crispy_storage/fake-images/sd15_fp8_p13_seed136.png,fake,0.7742670774459839,0.06167936325073242
sd15_fp8,R50_TF,/media/SSD_4TB/crispy_storage/fake-images/sd15_fp8_p13_seed136.png,real,0.4619,0.139
sd15_fp8,NPR,/media/SSD_4TB/crispy_storage/fake-images/sd15_fp8_p13_seed136.png,real,1.0022815786214778e-06,0.09232854843139648
sdxl_fp16,CLIP-D,/media/SSD_4TB/crispy_storage/fake-images/sdxl_fp16_p59_seed182.png,fake,0.9941565990447998,0.06120634078979492
sdxl_fp16,R50_TF,/media/SSD_4TB/crispy_storage/fake-images/sdxl_fp16_p59_seed182.png,fake,0.6053,0.175
sdxl_fp16,NPR,/media/SSD_4TB/crispy_storage/fake-images/sdxl_fp16_p59_seed182.png,fake,1.0,0.09130120277404785
sd35_fp4,CLIP-D,/media/SSD_4TB/crispy_storage/fake-images/sd35_fp4_p24_seed147.png,fake,0.9592701196670532,0.06089425086975098
sd35_fp4,R50_TF,/media/SSD_4TB/crispy_storage/fake-images/sd35_fp4_p24_seed147.png,fake,0.6311,0.182
sd35_fp4,NPR,/media/SSD_4TB/crispy_storage/fake-images/sd35_fp4_p24_seed147.png,real,1.8630769318406237e-06,0.09064769744873047
sd3_fp16,CLIP-D,/media/SSD_4TB/crispy_storage/fake-images/sd3_fp16_p39_seed162.png,fake,0.9705438017845154,0.06312441825866699
sd3_fp16,R50_TF,/media/SSD_4TB/crispy_storage/fake-images/sd3_fp16_p39_seed162.png,real,0.4285,0.179
sd3_fp16,NPR,/media/SSD_4TB/crispy_storage/fake-images/sd3_fp16_p39_seed162.png,real,0.008174441754817963,0.08931708335876465
sd3_fp16,CLIP-D,/media/SSD_4TB/crispy_storage/fake-images/sd3_fp16_p72_seed195.png,fake,0.9791984558105469,0.061296939849853516
sd3_fp16,R50_TF,/media/SSD_4TB/crispy_storage/fake-images/sd3_fp16_p72_seed195.png,real,0.4348,0.177
sd3_fp16,NPR,/media/SSD_4TB/crispy_storage/fake-images/sd3_fp16_p72_seed195.png,fake,0.6918589472770691,0.08715105056762695
sd15_fp16,CLIP-D,/media/SSD_4TB/crispy_storage/fake-images/sd15_fp16_p76_seed199.png,fake,0.952388346195221,0.0604093074798584
sd15_fp16,R50_TF,/media/SSD_4TB/crispy_storage/fake-images/sd15_fp16_p76_seed199.png,fake,0.5694,0.143
sd15_fp16,NPR,/media/SSD_4TB/crispy_storage/fake-images/sd15_fp16_p76_seed199.png,fake,0.5143089890480042,0.09217691421508789
sd3_fp4,CLIP-D,/media/SSD_4TB/crispy_storage/fake-images/sd3_fp4_p57_seed180.png,fake,0.9769369959831238,0.06325197219848633
sd3_fp4,R50_TF,/media/SSD_4TB/crispy_storage/fake-images/sd3_fp4_p57_seed180.png,fake,0.6138,0.179
sd3_fp4,NPR,/media/SSD_4TB/crispy_storage/fake-images/sd3_fp4_p57_seed180.png,fake,0.6773195862770081,0.08967781066894531
sd15_fp16,CLIP-D,/media/SSD_4TB/crispy_storage/fake-images/sd15_fp16_p95_seed218.png,fake,0.9957135915756226,0.06266522407531738
sd15_fp16,R50_TF,/media/SSD_4TB/crispy_storage/fake-images/sd15_fp16_p95_seed218.png,fake,0.5815,0.139
sd15_fp16,NPR,/media/SSD_4TB/crispy_storage/fake-images/sd15_fp16_p95_seed218.png,real,0.0054028574377298355,0.09075474739074707
sdxl_fp4,CLIP-D,/media/SSD_4TB/crispy_storage/fake-images/sdxl_fp4_p48_seed171.png,fake,0.9917274713516235,0.06119537353515625
sdxl_fp4,R50_TF,/media/SSD_4TB/crispy_storage/fake-images/sdxl_fp4_p48_seed171.png,fake,0.5929,0.179
sdxl_fp4,NPR,/media/SSD_4TB/crispy_storage/fake-images/sdxl_fp4_p48_seed171.png,fake,1.0,0.09067606925964355
sd15_fp16,CLIP-D,/media/SSD_4TB/crispy_storage/fake-images/sd15_fp16_p40_seed163.png,fake,0.9923393726348877,0.06107664108276367
sd15_fp16,R50_TF,/media/SSD_4TB/crispy_storage/fake-images/sd15_fp16_p40_seed163.png,fake,0.6936,0.143
sd15_fp16,NPR,/media/SSD_4TB/crispy_storage/fake-images/sd15_fp16_p40_seed163.png,real,0.10268940776586533,0.09041094779968262
sd15_fp4,CLIP-D,/media/SSD_4TB/crispy_storage/fake-images/sd15_fp4_p5_seed128.png,fake,0.9595072269439697,0.06228160858154297
sd15_fp4,R50_TF,/media/SSD_4TB/crispy_storage/fake-images/sd15_fp4_p5_seed128.png,fake,0.5874,0.143
sd15_fp4,NPR,/media/SSD_4TB/crispy_storage/fake-images/sd15_fp4_p5_seed128.png,real,0.007510400377213955,0.0903317928314209
z-image_fp16,CLIP-D,/media/SSD_4TB/crispy_storage/fake-images/z-image_fp16_p61_seed184.png,fake,0.963726282119751,0.06147336959838867
z-image_fp16,R50_TF,/media/SSD_4TB/crispy_storage/fake-images/z-image_fp16_p61_seed184.png,fake,0.604,0.18
z-image_fp16,NPR,/media/SSD_4TB/crispy_storage/fake-images/z-image_fp16_p61_seed184.png,real,0.012090716511011124,0.08995771408081055
sd35_fp16,CLIP-D,/media/SSD_4TB/crispy_storage/fake-images/sd35_fp16_p31_seed154.png,fake,0.9851344227790833,0.0635986328125
sd35_fp16,R50_TF,/media/SSD_4TB/crispy_storage/fake-images/sd35_fp16_p31_seed154.png,real,0.4367,0.176
sd35_fp16,NPR,/media/SSD_4TB/crispy_storage/fake-images/sd35_fp16_p31_seed154.png,real,0.11588826030492783,0.09066390991210938
pg25_fp16,CLIP-D,/media/SSD_4TB/crispy_storage/fake-images/pg25_fp16_p8_seed131.png,fake,0.9561565518379211,0.06114673614501953
pg25_fp16,R50_TF,/media/SSD_4TB/crispy_storage/fake-images/pg25_fp16_p8_seed131.png,fake,0.5969,0.178
pg25_fp16,NPR,/media/SSD_4TB/crispy_storage/fake-images/pg25_fp16_p8_seed131.png,fake,0.8678987622261047,0.09072351455688477
sd35_fp4,CLIP-D,/media/SSD_4TB/crispy_storage/fake-images/sd35_fp4_p97_seed220.png,fake,0.9722834825515747,0.06218743324279785
sd35_fp4,R50_TF,/media/SSD_4TB/crispy_storage/fake-images/sd35_fp4_p97_seed220.png,real,0.4464,0.178
sd35_fp4,NPR,/media/SSD_4TB/crispy_storage/fake-images/sd35_fp4_p97_seed220.png,fake,0.9671122431755066,0.09006667137145996
sd15_fp4,CLIP-D,/media/SSD_4TB/crispy_storage/fake-images/sd15_fp4_p40_seed163.png,fake,0.9827856421470642,0.06224417686462402
sd15_fp4,R50_TF,/media/SSD_4TB/crispy_storage/fake-images/sd15_fp4_p40_seed163.png,fake,0.7131,0.139
sd15_fp4,NPR,/media/SSD_4TB/crispy_storage/fake-images/sd15_fp4_p40_seed163.png,real,0.00030365007114596665,0.09097790718078613
sdxl_fp4,CLIP-D,/media/SSD_4TB/crispy_storage/fake-images/sdxl_fp4_p12_seed135.png,fake,0.999467670917511,0.06085634231567383
sdxl_fp4,R50_TF,/media/SSD_4TB/crispy_storage/fake-images/sdxl_fp4_p12_seed135.png,fake,0.6196,0.173
sdxl_fp4,NPR,/media/SSD_4TB/crispy_storage/fake-images/sdxl_fp4_p12_seed135.png,fake,1.0,0.09035158157348633
pg25_fp16,CLIP-D,/media/SSD_4TB/crispy_storage/fake-images/pg25_fp16_p72_seed195.png,fake,0.9759137034416199,0.062078237533569336
pg25_fp16,R50_TF,/media/SSD_4TB/crispy_storage/fake-images/pg25_fp16_p72_seed195.png,fake,0.5967,0.177
pg25_fp16,NPR,/media/SSD_4TB/crispy_storage/fake-images/pg25_fp16_p72_seed195.png,fake,0.9999995231628418,0.0897665023803711
sd35_fp4,CLIP-D,/media/SSD_4TB/crispy_storage/fake-images/sd35_fp4_p55_seed178.png,fake,0.8134030103683472,0.06131458282470703
sd35_fp4,R50_TF,/media/SSD_4TB/crispy_storage/fake-images/sd35_fp4_p55_seed178.png,real,0.4584,0.177
sd35_fp4,NPR,/media/SSD_4TB/crispy_storage/fake-images/sd35_fp4_p55_seed178.png,real,0.20353955030441284,0.09168004989624023
pg25_fp16,CLIP-D,/media/SSD_4TB/crispy_storage/fake-images/pg25_fp16_p35_seed158.png,fake,0.964016318321228,0.061292409896850586
pg25_fp16,R50_TF,/media/SSD_4TB/crispy_storage/fake-images/pg25_fp16_p35_seed158.png,fake,0.6338,0.177
pg25_fp16,NPR,/media/SSD_4TB/crispy_storage/fake-images/pg25_fp16_p35_seed158.png,fake,0.9999995231628418,0.09171533584594727
pg25_fp4,CLIP-D,/media/SSD_4TB/crispy_storage/fake-images/pg25_fp4_p82_seed205.png,fake,0.9963611960411072,0.06100869178771973
pg25_fp4,R50_TF,/media/SSD_4TB/crispy_storage/fake-images/pg25_fp4_p82_seed205.png,fake,0.5879,0.174
pg25_fp4,NPR,/media/SSD_4TB/crispy_storage/fake-images/pg25_fp4_p82_seed205.png,fake,0.9984461665153503,0.08937191963195801
sdxl_fp8,CLIP-D,/media/SSD_4TB/crispy_storage/fake-images/sdxl_fp8_p89_seed212.png,fake,0.9997178912162781,0.061391353607177734
sdxl_fp8,R50_TF,/media/SSD_4TB/crispy_storage/fake-images/sdxl_fp8_p89_seed212.png,fake,0.6253,0.171
sdxl_fp8,NPR,/media/SSD_4TB/crispy_storage/fake-images/sdxl_fp8_p89_seed212.png,real,0.1247723400592804,0.0928792953491211
sdxl_fp8,CLIP-D,/media/SSD_4TB/crispy_storage/fake-images/sdxl_fp8_p80_seed203.png,fake,0.9865487217903137,0.06074666976928711
sdxl_fp8,R50_TF,/media/SSD_4TB/crispy_storage/fake-images/sdxl_fp8_p80_seed203.png,real,0.4407,0.18
sdxl_fp8,NPR,/media/SSD_4TB/crispy_storage/fake-images/sdxl_fp8_p80_seed203.png,fake,0.6245462894439697,0.08992958068847656
sdxl_fp4,CLIP-D,/media/SSD_4TB/crispy_storage/fake-images/sdxl_fp4_p68_seed191.png,fake,0.9690595865249634,0.061370849609375
sdxl_fp4,R50_TF,/media/SSD_4TB/crispy_storage/fake-images/sdxl_fp4_p68_seed191.png,fake,0.6251,0.176
sdxl_fp4,NPR,/media/SSD_4TB/crispy_storage/fake-images/sdxl_fp4_p68_seed191.png,fake,0.5462926626205444,0.08904242515563965
sd3_fp8,CLIP-D,/media/SSD_4TB/crispy_storage/fake-images/sd3_fp8_p53_seed176.png,fake,0.5960814952850342,0.059812068939208984
sd3_fp8,R50_TF,/media/SSD_4TB/crispy_storage/fake-images/sd3_fp8_p53_seed176.png,real,0.4082,0.177
sd3_fp8,NPR,/media/SSD_4TB/crispy_storage/fake-images/sd3_fp8_p53_seed176.png,fake,0.6782833337783813,0.08835387229919434
sdxl_fp4,CLIP-D,/media/SSD_4TB/crispy_storage/fake-images/sdxl_fp4_p49_seed172.png,fake,0.8434965014457703,0.06284022331237793
sdxl_fp4,R50_TF,/media/SSD_4TB/crispy_storage/fake-images/sdxl_fp4_p49_seed172.png,fake,0.5606,0.18
sdxl_fp4,NPR,/media/SSD_4TB/crispy_storage/fake-images/sdxl_fp4_p49_seed172.png,fake,0.9999396800994873,0.08929777145385742
sd35_fp16,CLIP-D,/media/SSD_4TB/crispy_storage/fake-images/sd35_fp16_p11_seed134.png,fake,0.9550241231918335,0.06251215934753418
sd35_fp16,R50_TF,/media/SSD_4TB/crispy_storage/fake-images/sd35_fp16_p11_seed134.png,fake,0.5278,0.179
sd35_fp16,NPR,/media/SSD_4TB/crispy_storage/fake-images/sd35_fp16_p11_seed134.png,fake,0.9147449135780334,0.09020018577575684
sd15_fp4,CLIP-D,/media/SSD_4TB/crispy_storage/fake-images/sd15_fp4_p17_seed140.png,fake,0.8856332898139954,0.06104254722595215
sd15_fp4,R50_TF,/media/SSD_4TB/crispy_storage/fake-images/sd15_fp4_p17_seed140.png,fake,0.7447,0.143
sd15_fp4,NPR,/media/SSD_4TB/crispy_storage/fake-images/sd15_fp4_p17_seed140.png,real,0.0495695099234581,0.09085917472839355
z-image_fp16,CLIP-D,/media/SSD_4TB/crispy_storage/fake-images/z-image_fp16_p98_seed221.png,fake,0.739004373550415,0.06385087966918945
z-image_fp16,R50_TF,/media/SSD_4TB/crispy_storage/fake-images/z-image_fp16_p98_seed221.png,real,0.378,0.181
z-image_fp16,NPR,/media/SSD_4TB/crispy_storage/fake-images/z-image_fp16_p98_seed221.png,real,0.16456449031829834,0.08960390090942383
z-image_fp16,CLIP-D,/media/SSD_4TB/crispy_storage/fake-images/z-image_fp16_p21_seed144.png,fake,0.9842628836631775,0.06314444541931152
z-image_fp16,R50_TF,/media/SSD_4TB/crispy_storage/fake-images/z-image_fp16_p21_seed144.png,real,0.4013,0.178
z-image_fp16,NPR,/media/SSD_4TB/crispy_storage/fake-images/z-image_fp16_p21_seed144.png,fake,0.9999978542327881,0.08926105499267578
sd35_fp16,CLIP-D,/media/SSD_4TB/crispy_storage/fake-images/sd35_fp16_p96_seed219.png,fake,0.9993818998336792,0.061068058013916016
sd35_fp16,R50_TF,/media/SSD_4TB/crispy_storage/fake-images/sd35_fp16_p96_seed219.png,fake,0.5534,0.173
sd35_fp16,NPR,/media/SSD_4TB/crispy_storage/fake-images/sd35_fp16_p96_seed219.png,fake,0.9945805668830872,0.09345555305480957
pg25_fp4,CLIP-D,/media/SSD_4TB/crispy_storage/fake-images/pg25_fp4_p26_seed149.png,fake,0.997161865234375,0.06141352653503418
pg25_fp4,R50_TF,/media/SSD_4TB/crispy_storage/fake-images/pg25_fp4_p26_seed149.png,fake,0.6835,0.174
pg25_fp4,NPR,/media/SSD_4TB/crispy_storage/fake-images/pg25_fp4_p26_seed149.png,fake,0.9999618530273438,0.08827543258666992
sdxl_fp4,CLIP-D,/media/SSD_4TB/crispy_storage/fake-images/sdxl_fp4_p13_seed136.png,fake,0.9961665272712708,0.06057548522949219
sdxl_fp4,R50_TF,/media/SSD_4TB/crispy_storage/fake-images/sdxl_fp4_p13_seed136.png,fake,0.571,0.177
sdxl_fp4,NPR,/media/SSD_4TB/crispy_storage/fake-images/sdxl_fp4_p13_seed136.png,fake,0.9999983310699463,0.08923196792602539
z-image_fp8,CLIP-D,/media/SSD_4TB/crispy_storage/fake-images/z-image_fp8_p12_seed135.png,fake,0.9989456534385681,0.06176614761352539
z-image_fp8,R50_TF,/media/SSD_4TB/crispy_storage/fake-images/z-image_fp8_p12_seed135.png,real,0.4056,0.183
z-image_fp8,NPR,/media/SSD_4TB/crispy_storage/fake-images/z-image_fp8_p12_seed135.png,real,0.0035832514986395836,0.08973360061645508
sd35_fp8,CLIP-D,/media/SSD_4TB/crispy_storage/fake-images/sd35_fp8_p55_seed178.png,real,0.4750402867794037,0.06254172325134277
sd35_fp8,R50_TF,/media/SSD_4TB/crispy_storage/fake-images/sd35_fp8_p55_seed178.png,real,0.4533,0.178
sd35_fp8,NPR,/media/SSD_4TB/crispy_storage/fake-images/sd35_fp8_p55_seed178.png,real,0.2929192781448364,0.0889747142791748
z-image_fp4,CLIP-D,/media/SSD_4TB/crispy_storage/fake-images/z-image_fp4_p12_seed135.png,fake,0.9996695518493652,0.06150245666503906
z-image_fp4,R50_TF,/media/SSD_4TB/crispy_storage/fake-images/z-image_fp4_p12_seed135.png,fake,0.5808,0.178
z-image_fp4,NPR,/media/SSD_4TB/crispy_storage/fake-images/z-image_fp4_p12_seed135.png,fake,0.9979557991027832,0.09058666229248047
z-image_fp16,CLIP-D,/media/SSD_4TB/crispy_storage/fake-images/z-image_fp16_p68_seed191.png,fake,0.7389419078826904,0.06187796592712402
z-image_fp16,R50_TF,/media/SSD_4TB/crispy_storage/fake-images/z-image_fp16_p68_seed191.png,real,0.3962,0.176
z-image_fp16,NPR,/media/SSD_4TB/crispy_storage/fake-images/z-image_fp16_p68_seed191.png,real,7.482382352463901e-05,0.08794903755187988
sd15_fp16,CLIP-D,/media/SSD_4TB/crispy_storage/fake-images/sd15_fp16_p22_seed145.png,fake,0.9431387186050415,0.062310218811035156
sd15_fp16,R50_TF,/media/SSD_4TB/crispy_storage/fake-images/sd15_fp16_p22_seed145.png,fake,0.5454,0.142
sd15_fp16,NPR,/media/SSD_4TB/crispy_storage/fake-images/sd15_fp16_p22_seed145.png,real,0.005554189905524254,0.09038686752319336
sd15_fp16,CLIP-D,/media/SSD_4TB/crispy_storage/fake-images/sd15_fp16_p73_seed196.png,fake,0.9044245481491089,0.0607607364654541
sd15_fp16,R50_TF,/media/SSD_4TB/crispy_storage/fake-images/sd15_fp16_p73_seed196.png,fake,0.5889,0.141
sd15_fp16,NPR,/media/SSD_4TB/crispy_storage/fake-images/sd15_fp16_p73_seed196.png,real,0.0016868967795744538,0.09057831764221191
sd15_fp4,CLIP-D,/media/SSD_4TB/crispy_storage/fake-images/sd15_fp4_p78_seed201.png,real,0.32941365242004395,0.06240057945251465
sd15_fp4,R50_TF,/media/SSD_4TB/crispy_storage/fake-images/sd15_fp4_p78_seed201.png,real,0.4094,0.141
sd15_fp4,NPR,/media/SSD_4TB/crispy_storage/fake-images/sd15_fp4_p78_seed201.png,real,3.066210774704814e-05,0.09013986587524414
pg25_fp4,CLIP-D,/media/SSD_4TB/crispy_storage/fake-images/pg25_fp4_p80_seed203.png,fake,0.9942635893821716,0.06295299530029297
pg25_fp4,R50_TF,/media/SSD_4TB/crispy_storage/fake-images/pg25_fp4_p80_seed203.png,fake,0.6069,0.181
pg25_fp4,NPR,/media/SSD_4TB/crispy_storage/fake-images/pg25_fp4_p80_seed203.png,real,0.006777835078537464,0.09028840065002441
pg25_fp8,CLIP-D,/media/SSD_4TB/crispy_storage/fake-images/pg25_fp8_p2_seed125.png,fake,0.93842613697052,0.06087994575500488
pg25_fp8,R50_TF,/media/SSD_4TB/crispy_storage/fake-images/pg25_fp8_p2_seed125.png,fake,0.6009,0.18
pg25_fp8,NPR,/media/SSD_4TB/crispy_storage/fake-images/pg25_fp8_p2_seed125.png,fake,0.9999998807907104,0.08947038650512695
sd35_fp8,CLIP-D,/media/SSD_4TB/crispy_storage/fake-images/sd35_fp8_p52_seed175.png,fake,0.9830679297447205,0.06093716621398926
sd35_fp8,R50_TF,/media/SSD_4TB/crispy_storage/fake-images/sd35_fp8_p52_seed175.png,fake,0.5549,0.179
sd35_fp8,NPR,/media/SSD_4TB/crispy_storage/fake-images/sd35_fp8_p52_seed175.png,real,0.0003994481812696904,0.0922088623046875
sd3_fp16,CLIP-D,/media/SSD_4TB/crispy_storage/fake-images/sd3_fp16_p91_seed214.png,fake,0.5007489323616028,0.06081652641296387
sd3_fp16,R50_TF,/media/SSD_4TB/crispy_storage/fake-images/sd3_fp16_p91_seed214.png,real,0.4194,0.178
sd3_fp16,NPR,/media/SSD_4TB/crispy_storage/fake-images/sd3_fp16_p91_seed214.png,real,0.013779700733721256,0.08945631980895996
sdxl_fp4,CLIP-D,/media/SSD_4TB/crispy_storage/fake-images/sdxl_fp4_p46_seed169.png,fake,0.9957346320152283,0.06156730651855469
sdxl_fp4,R50_TF,/media/SSD_4TB/crispy_storage/fake-images/sdxl_fp4_p46_seed169.png,fake,0.5856,0.178
sdxl_fp4,NPR,/media/SSD_4TB/crispy_storage/fake-images/sdxl_fp4_p46_seed169.png,fake,1.0,0.0919656753540039
sd15_fp4,CLIP-D,/media/SSD_4TB/crispy_storage/fake-images/sd15_fp4_p50_seed173.png,fake,0.9552745819091797,0.06162095069885254
sd15_fp4,R50_TF,/media/SSD_4TB/crispy_storage/fake-images/sd15_fp4_p50_seed173.png,real,0.4648,0.143
sd15_fp4,NPR,/media/SSD_4TB/crispy_storage/fake-images/sd15_fp4_p50_seed173.png,real,0.3777104914188385,0.08783531188964844
sd35_fp8,CLIP-D,/media/SSD_4TB/crispy_storage/fake-images/sd35_fp8_p54_seed177.png,real,0.012424230575561523,0.0630025863647461
sd35_fp8,R50_TF,/media/SSD_4TB/crispy_storage/fake-images/sd35_fp8_p54_seed177.png,real,0.4449,0.184
sd35_fp8,NPR,/media/SSD_4TB/crispy_storage/fake-images/sd35_fp8_p54_seed177.png,real,2.5289882614742965e-06,0.08985519409179688
sdxl_fp4,CLIP-D,/media/SSD_4TB/crispy_storage/fake-images/sdxl_fp4_p8_seed131.png,fake,0.9842148423194885,0.06346273422241211
sdxl_fp4,R50_TF,/media/SSD_4TB/crispy_storage/fake-images/sdxl_fp4_p8_seed131.png,fake,0.5819,0.178
sdxl_fp4,NPR,/media/SSD_4TB/crispy_storage/fake-images/sdxl_fp4_p8_seed131.png,fake,0.9998186230659485,0.09007787704467773
sd35_fp8,CLIP-D,/media/SSD_4TB/crispy_storage/fake-images/sd35_fp8_p83_seed206.png,fake,0.7344608902931213,0.06309652328491211
sd35_fp8,R50_TF,/media/SSD_4TB/crispy_storage/fake-images/sd35_fp8_p83_seed206.png,real,0.3981,0.177
sd35_fp8,NPR,/media/SSD_4TB/crispy_storage/fake-images/sd35_fp8_p83_seed206.png,real,0.0006861570291221142,0.0913400650024414
sd3_fp4,CLIP-D,/media/SSD_4TB/crispy_storage/fake-images/sd3_fp4_p30_seed153.png,real,0.0723860040307045,0.06102871894836426
sd3_fp4,R50_TF,/media/SSD_4TB/crispy_storage/fake-images/sd3_fp4_p30_seed153.png,fake,0.5721,0.179
sd3_fp4,NPR,/media/SSD_4TB/crispy_storage/fake-images/sd3_fp4_p30_seed153.png,fake,0.8722109198570251,0.08987617492675781
z-image_fp8,CLIP-D,/media/SSD_4TB/crispy_storage/fake-images/z-image_fp8_p13_seed136.png,fake,0.9646022915840149,0.061102867126464844
z-image_fp8,R50_TF,/media/SSD_4TB/crispy_storage/fake-images/z-image_fp8_p13_seed136.png,real,0.4355,0.176
z-image_fp8,NPR,/media/SSD_4TB/crispy_storage/fake-images/z-image_fp8_p13_seed136.png,real,1.3757055967289489e-05,0.09165334701538086
sd15_fp8,CLIP-D,/media/SSD_4TB/crispy_storage/fake-images/sd15_fp8_p83_seed206.png,fake,0.9489345550537109,0.06270146369934082
sd15_fp8,R50_TF,/media/SSD_4TB/crispy_storage/fake-images/sd15_fp8_p83_seed206.png,fake,0.5704,0.142
sd15_fp8,NPR,/media/SSD_4TB/crispy_storage/fake-images/sd15_fp8_p83_seed206.png,real,0.0066924672573804855,0.09032011032104492
z-image_fp16,CLIP-D,/media/SSD_4TB/crispy_storage/fake-images/z-image_fp16_p85_seed208.png,real,0.096880704164505,0.06259441375732422
z-image_fp16,R50_TF,/media/SSD_4TB/crispy_storage/fake-images/z-image_fp16_p85_seed208.png,real,0.3586,0.183
z-image_fp16,NPR,/media/SSD_4TB/crispy_storage/fake-images/z-image_fp16_p85_seed208.png,real,0.23385518789291382,0.09093356132507324
sdxl_fp8,CLIP-D,/media/SSD_4TB/crispy_storage/fake-images/sdxl_fp8_p82_seed205.png,fake,0.9975054860115051,0.06659960746765137
sdxl_fp8,R50_TF,/media/SSD_4TB/crispy_storage/fake-images/sdxl_fp8_p82_seed205.png,fake,0.5415,0.176
sdxl_fp8,NPR,/media/SSD_4TB/crispy_storage/fake-images/sdxl_fp8_p82_seed205.png,fake,0.999985933303833,0.08911013603210449
sd15_fp16,CLIP-D,/media/SSD_4TB/crispy_storage/fake-images/sd15_fp16_p44_seed167.png,fake,0.9924814701080322,0.060953617095947266
sd15_fp16,R50_TF,/media/SSD_4TB/crispy_storage/fake-images/sd15_fp16_p44_seed167.png,fake,0.5508,0.141
sd15_fp16,NPR,/media/SSD_4TB/crispy_storage/fake-images/sd15_fp16_p44_seed167.png,real,0.038602035492658615,0.09181046485900879
sd15_fp4,CLIP-D,/media/SSD_4TB/crispy_storage/fake-images/sd15_fp4_p85_seed208.png,fake,0.9960340857505798,0.061017513275146484
sd15_fp4,R50_TF,/media/SSD_4TB/crispy_storage/fake-images/sd15_fp4_p85_seed208.png,fake,0.7479,0.144
sd15_fp4,NPR,/media/SSD_4TB/crispy_storage/fake-images/sd15_fp4_p85_seed208.png,fake,0.695194661617279,0.0907440185546875
sd35_fp16,CLIP-D,/media/SSD_4TB/crispy_storage/fake-images/sd35_fp16_p47_seed170.png,fake,0.8814720511436462,0.06330561637878418
sd35_fp16,R50_TF,/media/SSD_4TB/crispy_storage/fake-images/sd35_fp16_p47_seed170.png,fake,0.628,0.177
sd35_fp16,NPR,/media/SSD_4TB/crispy_storage/fake-images/sd35_fp16_p47_seed170.png,fake,0.9988507032394409,0.09192299842834473
pg25_fp4,CLIP-D,/media/SSD_4TB/crispy_storage/fake-images/pg25_fp4_p58_seed181.png,fake,0.9972825050354004,0.061678409576416016
pg25_fp4,R50_TF,/media/SSD_4TB/crispy_storage/fake-images/pg25_fp4_p58_seed181.png,fake,0.6066,0.17
pg25_fp4,NPR,/media/SSD_4TB/crispy_storage/fake-images/pg25_fp4_p58_seed181.png,fake,0.9017413854598999,0.08941793441772461
z-image_fp8,CLIP-D,/media/SSD_4TB/crispy_storage/fake-images/z-image_fp8_p9_seed132.png,real,0.07000187039375305,0.06429004669189453
z-image_fp8,R50_TF,/media/SSD_4TB/crispy_storage/fake-images/z-image_fp8_p9_seed132.png,real,0.3973,0.18
z-image_fp8,NPR,/media/SSD_4TB/crispy_storage/fake-images/z-image_fp8_p9_seed132.png,real,2.5674961534605245e-07,0.0902097225189209
sd35_fp16,CLIP-D,/media/SSD_4TB/crispy_storage/fake-images/sd35_fp16_p64_seed187.png,fake,0.9915410876274109,0.0608522891998291
sd35_fp16,R50_TF,/media/SSD_4TB/crispy_storage/fake-images/sd35_fp16_p64_seed187.png,fake,0.5627,0.176
sd35_fp16,NPR,/media/SSD_4TB/crispy_storage/fake-images/sd35_fp16_p64_seed187.png,fake,0.9928585290908813,0.08732080459594727
sdxl_fp16,CLIP-D,/media/SSD_4TB/crispy_storage/fake-images/sdxl_fp16_p42_seed165.png,fake,0.9888589382171631,0.06233811378479004
sdxl_fp16,R50_TF,/media/SSD_4TB/crispy_storage/fake-images/sdxl_fp16_p42_seed165.png,fake,0.5773,0.181
sdxl_fp16,NPR,/media/SSD_4TB/crispy_storage/fake-images/sdxl_fp16_p42_seed165.png,fake,1.0,0.09099626541137695
sd15_fp4,CLIP-D,/media/SSD_4TB/crispy_storage/fake-images/sd15_fp4_p82_seed205.png,fake,0.9859423041343689,0.06265902519226074
sd15_fp4,R50_TF,/media/SSD_4TB/crispy_storage/fake-images/sd15_fp4_p82_seed205.png,real,0.4301,0.144
sd15_fp4,NPR,/media/SSD_4TB/crispy_storage/fake-images/sd15_fp4_p82_seed205.png,fake,0.9996604919433594,0.09146714210510254
pg25_fp16,CLIP-D,/media/SSD_4TB/crispy_storage/fake-images/pg25_fp16_p76_seed199.png,fake,0.995522141456604,0.06162381172180176
pg25_fp16,R50_TF,/media/SSD_4TB/crispy_storage/fake-images/pg25_fp16_p76_seed199.png,fake,0.5711,0.177
pg25_fp16,NPR,/media/SSD_4TB/crispy_storage/fake-images/pg25_fp16_p76_seed199.png,fake,0.9994605183601379,0.08749675750732422
sd15_fp16,CLIP-D,/media/SSD_4TB/crispy_storage/fake-images/sd15_fp16_p94_seed217.png,fake,0.9708526730537415,0.06068062782287598
sd15_fp16,R50_TF,/media/SSD_4TB/crispy_storage/fake-images/sd15_fp16_p94_seed217.png,fake,0.5487,0.145
sd15_fp16,NPR,/media/SSD_4TB/crispy_storage/fake-images/sd15_fp16_p94_seed217.png,real,0.00010839361493708566,0.08906769752502441
z-image_fp16,CLIP-D,/media/SSD_4TB/crispy_storage/fake-images/z-image_fp16_p74_seed197.png,fake,0.9689826965332031,0.06151890754699707
z-image_fp16,R50_TF,/media/SSD_4TB/crispy_storage/fake-images/z-image_fp16_p74_seed197.png,real,0.4447,0.178
z-image_fp16,NPR,/media/SSD_4TB/crispy_storage/fake-images/z-image_fp16_p74_seed197.png,real,1.1670698768284637e-05,0.09067344665527344
sd15_fp4,CLIP-D,/media/SSD_4TB/crispy_storage/fake-images/sd15_fp4_p76_seed199.png,fake,0.9764135479927063,0.05976557731628418
sd15_fp4,R50_TF,/media/SSD_4TB/crispy_storage/fake-images/sd15_fp4_p76_seed199.png,fake,0.5907,0.141
sd15_fp4,NPR,/media/SSD_4TB/crispy_storage/fake-images/sd15_fp4_p76_seed199.png,fake,0.9999852180480957,0.08996939659118652
sd15_fp16,CLIP-D,/media/SSD_4TB/crispy_storage/fake-images/sd15_fp16_p49_seed172.png,real,0.19927945733070374,0.06081795692443848
sd15_fp16,R50_TF,/media/SSD_4TB/crispy_storage/fake-images/sd15_fp16_p49_seed172.png,fake,0.5744,0.14
sd15_fp16,NPR,/media/SSD_4TB/crispy_storage/fake-images/sd15_fp16_p49_seed172.png,real,0.003638684283941984,0.08986353874206543
sd15_fp4,CLIP-D,/media/SSD_4TB/crispy_storage/fake-images/sd15_fp4_p34_seed157.png,fake,0.964016318321228,0.06237173080444336
sd15_fp4,R50_TF,/media/SSD_4TB/crispy_storage/fake-images/sd15_fp4_p34_seed157.png,fake,0.7125,0.142
sd15_fp4,NPR,/media/SSD_4TB/crispy_storage/fake-images/sd15_fp4_p34_seed157.png,real,0.13436339795589447,0.08968806266784668
sdxl_fp4,CLIP-D,/media/SSD_4TB/crispy_storage/fake-images/sdxl_fp4_p26_seed149.png,fake,0.9941266775131226,0.06524658203125
sdxl_fp4,R50_TF,/media/SSD_4TB/crispy_storage/fake-images/sdxl_fp4_p26_seed149.png,fake,0.5787,0.175
sdxl_fp4,NPR,/media/SSD_4TB/crispy_storage/fake-images/sdxl_fp4_p26_seed149.png,fake,0.995688259601593,0.09057497978210449
sd35_fp16,CLIP-D,/media/SSD_4TB/crispy_storage/fake-images/sd35_fp16_p72_seed195.png,fake,0.8505769968032837,0.06165146827697754
sd35_fp16,R50_TF,/media/SSD_4TB/crispy_storage/fake-images/sd35_fp16_p72_seed195.png,real,0.4303,0.173
sd35_fp16,NPR,/media/SSD_4TB/crispy_storage/fake-images/sd35_fp16_p72_seed195.png,fake,0.9999113082885742,0.08988237380981445
sd3_fp8,CLIP-D,/media/SSD_4TB/crispy_storage/fake-images/sd3_fp8_p30_seed153.png,real,0.34457817673683167,0.06209588050842285
sd3_fp8,R50_TF,/media/SSD_4TB/crispy_storage/fake-images/sd3_fp8_p30_seed153.png,real,0.4342,0.184
sd3_fp8,NPR,/media/SSD_4TB/crispy_storage/fake-images/sd3_fp8_p30_seed153.png,real,0.11741984635591507,0.08947992324829102
sd35_fp16,CLIP-D,/media/SSD_4TB/crispy_storage/fake-images/sd35_fp16_p35_seed158.png,fake,0.9848073720932007,0.06120562553405762
sd35_fp16,R50_TF,/media/SSD_4TB/crispy_storage/fake-images/sd35_fp16_p35_seed158.png,fake,0.5475,0.176
sd35_fp16,NPR,/media/SSD_4TB/crispy_storage/fake-images/sd35_fp16_p35_seed158.png,fake,0.9992746710777283,0.09043407440185547
sdxl_fp8,CLIP-D,/media/SSD_4TB/crispy_storage/fake-images/sdxl_fp8_p65_seed188.png,fake,0.9808660745620728,0.061403751373291016
sdxl_fp8,R50_TF,/media/SSD_4TB/crispy_storage/fake-images/sdxl_fp8_p65_seed188.png,real,0.4087,0.178
sdxl_fp8,NPR,/media/SSD_4TB/crispy_storage/fake-images/sdxl_fp8_p65_seed188.png,fake,0.9984360337257385,0.08989214897155762
z-image_fp16,CLIP-D,/media/SSD_4TB/crispy_storage/fake-images/z-image_fp16_p58_seed181.png,fake,0.9108439683914185,0.06190776824951172
z-image_fp16,R50_TF,/media/SSD_4TB/crispy_storage/fake-images/z-image_fp16_p58_seed181.png,real,0.3829,0.181
z-image_fp16,NPR,/media/SSD_4TB/crispy_storage/fake-images/z-image_fp16_p58_seed181.png,fake,0.7479767203330994,0.08735513687133789
sd35_fp8,CLIP-D,/media/SSD_4TB/crispy_storage/fake-images/sd35_fp8_p67_seed190.png,real,0.13065990805625916,0.061295270919799805
sd35_fp8,R50_TF,/media/SSD_4TB/crispy_storage/fake-images/sd35_fp8_p67_seed190.png,real,0.4585,0.177
sd35_fp8,NPR,/media/SSD_4TB/crispy_storage/fake-images/sd35_fp8_p67_seed190.png,real,0.034023135900497437,0.0891420841217041
sdxl_fp8,CLIP-D,/media/SSD_4TB/crispy_storage/fake-images/sdxl_fp8_p35_seed158.png,fake,0.9816400408744812,0.06150197982788086
sdxl_fp8,R50_TF,/media/SSD_4TB/crispy_storage/fake-images/sdxl_fp8_p35_seed158.png,fake,0.5503,0.178
sdxl_fp8,NPR,/media/SSD_4TB/crispy_storage/fake-images/sdxl_fp8_p35_seed158.png,fake,0.9999992847442627,0.08963203430175781
pg25_fp16,CLIP-D,/media/SSD_4TB/crispy_storage/fake-images/pg25_fp16_p71_seed194.png,fake,0.9962496161460876,0.06132698059082031
pg25_fp16,R50_TF,/media/SSD_4TB/crispy_storage/fake-images/pg25_fp16_p71_seed194.png,fake,0.5732,0.177
pg25_fp16,NPR,/media/SSD_4TB/crispy_storage/fake-images/pg25_fp16_p71_seed194.png,fake,1.0,0.08896613121032715
sd15_fp8,CLIP-D,/media/SSD_4TB/crispy_storage/fake-images/sd15_fp8_p15_seed138.png,fake,0.972377598285675,0.060835838317871094
sd15_fp8,R50_TF,/media/SSD_4TB/crispy_storage/fake-images/sd15_fp8_p15_seed138.png,real,0.3869,0.141
sd15_fp8,NPR,/media/SSD_4TB/crispy_storage/fake-images/sd15_fp8_p15_seed138.png,real,3.449702853686176e-05,0.0889589786529541
sd35_fp8,CLIP-D,/media/SSD_4TB/crispy_storage/fake-images/sd35_fp8_p62_seed185.png,fake,0.9953859448432922,0.06221437454223633
sd35_fp8,R50_TF,/media/SSD_4TB/crispy_storage/fake-images/sd35_fp8_p62_seed185.png,fake,0.6323,0.175
sd35_fp8,NPR,/media/SSD_4TB/crispy_storage/fake-images/sd35_fp8_p62_seed185.png,fake,0.9993744492530823,0.08992600440979004
sd3_fp8,CLIP-D,/media/SSD_4TB/crispy_storage/fake-images/sd3_fp8_p14_seed137.png,fake,0.9823876619338989,0.06199502944946289
sd3_fp8,R50_TF,/media/SSD_4TB/crispy_storage/fake-images/sd3_fp8_p14_seed137.png,real,0.4403,0.181
sd3_fp8,NPR,/media/SSD_4TB/crispy_storage/fake-images/sd3_fp8_p14_seed137.png,real,0.004050081130117178,0.09052586555480957
pg25_fp16,CLIP-D,/media/SSD_4TB/crispy_storage/fake-images/pg25_fp16_p44_seed167.png,fake,0.9949487447738647,0.06032609939575195
pg25_fp16,R50_TF,/media/SSD_4TB/crispy_storage/fake-images/pg25_fp16_p44_seed167.png,real,0.4633,0.178
pg25_fp16,NPR,/media/SSD_4TB/crispy_storage/fake-images/pg25_fp16_p44_seed167.png,real,0.3793948292732239,0.08947944641113281
pg25_fp16,CLIP-D,/media/SSD_4TB/crispy_storage/fake-images/pg25_fp16_p7_seed130.png,fake,0.9994356036186218,0.060480594635009766
pg25_fp16,R50_TF,/media/SSD_4TB/crispy_storage/fake-images/pg25_fp16_p7_seed130.png,fake,0.6689,0.175
pg25_fp16,NPR,/media/SSD_4TB/crispy_storage/fake-images/pg25_fp16_p7_seed130.png,fake,0.853530764579773,0.09218764305114746
sdxl_fp4,CLIP-D,/media/SSD_4TB/crispy_storage/fake-images/sdxl_fp4_p65_seed188.png,fake,0.9849829077720642,0.06263184547424316
sdxl_fp4,R50_TF,/media/SSD_4TB/crispy_storage/fake-images/sdxl_fp4_p65_seed188.png,real,0.4088,0.179
sdxl_fp4,NPR,/media/SSD_4TB/crispy_storage/fake-images/sdxl_fp4_p65_seed188.png,fake,0.9986918568611145,0.0891876220703125
sd35_fp8,CLIP-D,/media/SSD_4TB/crispy_storage/fake-images/sd35_fp8_p40_seed163.png,fake,0.979904294013977,0.06099963188171387
sd35_fp8,R50_TF,/media/SSD_4TB/crispy_storage/fake-images/sd35_fp8_p40_seed163.png,fake,0.6021,0.179
sd35_fp8,NPR,/media/SSD_4TB/crispy_storage/fake-images/sd35_fp8_p40_seed163.png,real,0.0019022885244339705,0.08930516242980957
sd15_fp4,CLIP-D,/media/SSD_4TB/crispy_storage/fake-images/sd15_fp4_p55_seed178.png,fake,0.9690065979957581,0.061612844467163086
sd15_fp4,R50_TF,/media/SSD_4TB/crispy_storage/fake-images/sd15_fp4_p55_seed178.png,fake,0.5542,0.143
sd15_fp4,NPR,/media/SSD_4TB/crispy_storage/fake-images/sd15_fp4_p55_seed178.png,real,0.023451685905456543,0.09050774574279785
sd35_fp4,CLIP-D,/media/SSD_4TB/crispy_storage/fake-images/sd35_fp4_p89_seed212.png,fake,0.920037031173706,0.06293892860412598
sd35_fp4,R50_TF,/media/SSD_4TB/crispy_storage/fake-images/sd35_fp4_p89_seed212.png,real,0.4644,0.183
sd35_fp4,NPR,/media/SSD_4TB/crispy_storage/fake-images/sd35_fp4_p89_seed212.png,real,0.00024598059826530516,0.09172844886779785
sd15_fp16,CLIP-D,/media/SSD_4TB/crispy_storage/fake-images/sd15_fp16_p93_seed216.png,real,0.09374195337295532,0.06126832962036133
sd15_fp16,R50_TF,/media/SSD_4TB/crispy_storage/fake-images/sd15_fp16_p93_seed216.png,real,0.3891,0.141
sd15_fp16,NPR,/media/SSD_4TB/crispy_storage/fake-images/sd15_fp16_p93_seed216.png,real,3.0410510589717887e-06,0.091156005859375
sd3_fp16,CLIP-D,/media/SSD_4TB/crispy_storage/fake-images/sd3_fp16_p94_seed217.png,fake,0.831013023853302,0.06311202049255371
sd3_fp16,R50_TF,/media/SSD_4TB/crispy_storage/fake-images/sd3_fp16_p94_seed217.png,fake,0.5504,0.18
sd3_fp16,NPR,/media/SSD_4TB/crispy_storage/fake-images/sd3_fp16_p94_seed217.png,real,0.07583710551261902,0.09493398666381836
sdxl_fp8,CLIP-D,/media/SSD_4TB/crispy_storage/fake-images/sdxl_fp8_p92_seed215.png,fake,0.9929966330528259,0.060454607009887695
sdxl_fp8,R50_TF,/media/SSD_4TB/crispy_storage/fake-images/sdxl_fp8_p92_seed215.png,fake,0.6574,0.178
sdxl_fp8,NPR,/media/SSD_4TB/crispy_storage/fake-images/sdxl_fp8_p92_seed215.png,fake,0.9999995231628418,0.08917117118835449
sd35_fp16,CLIP-D,/media/SSD_4TB/crispy_storage/fake-images/sd35_fp16_p33_seed156.png,fake,0.9904877543449402,0.06285548210144043
sd35_fp16,R50_TF,/media/SSD_4TB/crispy_storage/fake-images/sd35_fp16_p33_seed156.png,real,0.4596,0.171
sd35_fp16,NPR,/media/SSD_4TB/crispy_storage/fake-images/sd35_fp16_p33_seed156.png,real,0.009515808895230293,0.08640146255493164
sd15_fp4,CLIP-D,/media/SSD_4TB/crispy_storage/fake-images/sd15_fp4_p71_seed194.png,fake,0.5616686940193176,0.06122279167175293
sd15_fp4,R50_TF,/media/SSD_4TB/crispy_storage/fake-images/sd15_fp4_p71_seed194.png,real,0.4275,0.143
sd15_fp4,NPR,/media/SSD_4TB/crispy_storage/fake-images/sd15_fp4_p71_seed194.png,real,2.6375491870567203e-05,0.09045195579528809
sd3_fp16,CLIP-D,/media/SSD_4TB/crispy_storage/fake-images/sd3_fp16_p68_seed191.png,fake,0.8184648156166077,0.061599016189575195
sd3_fp16,R50_TF,/media/SSD_4TB/crispy_storage/fake-images/sd3_fp16_p68_seed191.png,real,0.4012,0.179
sd3_fp16,NPR,/media/SSD_4TB/crispy_storage/fake-images/sd3_fp16_p68_seed191.png,real,0.012265399098396301,0.08906841278076172
sd15_fp16,CLIP-D,/media/SSD_4TB/crispy_storage/fake-images/sd15_fp16_p82_seed205.png,fake,0.9928890466690063,0.06101822853088379
sd15_fp16,R50_TF,/media/SSD_4TB/crispy_storage/fake-images/sd15_fp16_p82_seed205.png,real,0.4588,0.142
sd15_fp16,NPR,/media/SSD_4TB/crispy_storage/fake-images/sd15_fp16_p82_seed205.png,fake,0.9960536956787109,0.09186267852783203
sd15_fp4,CLIP-D,/media/SSD_4TB/crispy_storage/fake-images/sd15_fp4_p0_seed123.png,fake,0.6100005507469177,0.061480045318603516
sd15_fp4,R50_TF,/media/SSD_4TB/crispy_storage/fake-images/sd15_fp4_p0_seed123.png,fake,0.567,0.146
sd15_fp4,NPR,/media/SSD_4TB/crispy_storage/fake-images/sd15_fp4_p0_seed123.png,real,2.500230402802117e-05,0.0878758430480957
sd35_fp4,CLIP-D,/media/SSD_4TB/crispy_storage/fake-images/sd35_fp4_p32_seed155.png,fake,0.8423498868942261,0.06292605400085449
sd35_fp4,R50_TF,/media/SSD_4TB/crispy_storage/fake-images/sd35_fp4_p32_seed155.png,real,0.4595,0.178
sd35_fp4,NPR,/media/SSD_4TB/crispy_storage/fake-images/sd35_fp4_p32_seed155.png,real,0.07929586619138718,0.09049391746520996
sd35_fp8,CLIP-D,/media/SSD_4TB/crispy_storage/fake-images/sd35_fp8_p46_seed169.png,fake,0.9964130520820618,0.06199979782104492
sd35_fp8,R50_TF,/media/SSD_4TB/crispy_storage/fake-images/sd35_fp8_p46_seed169.png,real,0.4554,0.179
sd35_fp8,NPR,/media/SSD_4TB/crispy_storage/fake-images/sd35_fp8_p46_seed169.png,fake,0.9930946826934814,0.09090161323547363
sd3_fp16,CLIP-D,/media/SSD_4TB/crispy_storage/fake-images/sd3_fp16_p26_seed149.png,fake,0.9806097149848938,0.0619809627532959
sd3_fp16,R50_TF,/media/SSD_4TB/crispy_storage/fake-images/sd3_fp16_p26_seed149.png,fake,0.591,0.184
sd3_fp16,NPR,/media/SSD_4TB/crispy_storage/fake-images/sd3_fp16_p26_seed149.png,fake,0.5525224208831787,0.08975672721862793
sd15_fp8,CLIP-D,/media/SSD_4TB/crispy_storage/fake-images/sd15_fp8_p14_seed137.png,fake,0.80136638879776,0.06136465072631836
sd15_fp8,R50_TF,/media/SSD_4TB/crispy_storage/fake-images/sd15_fp8_p14_seed137.png,fake,0.6134,0.142
sd15_fp8,NPR,/media/SSD_4TB/crispy_storage/fake-images/sd15_fp8_p14_seed137.png,real,0.0001756721903802827,0.09803891181945801
sdxl_fp16,CLIP-D,/media/SSD_4TB/crispy_storage/fake-images/sdxl_fp16_p19_seed142.png,fake,0.9914007782936096,0.06285929679870605
sdxl_fp16,R50_TF,/media/SSD_4TB/crispy_storage/fake-images/sdxl_fp16_p19_seed142.png,fake,0.6034,0.179
sdxl_fp16,NPR,/media/SSD_4TB/crispy_storage/fake-images/sdxl_fp16_p19_seed142.png,fake,0.9999945163726807,0.09035205841064453
sdxl_fp4,CLIP-D,/media/SSD_4TB/crispy_storage/fake-images/sdxl_fp4_p81_seed204.png,fake,0.9943634271621704,0.061872005462646484
sdxl_fp4,R50_TF,/media/SSD_4TB/crispy_storage/fake-images/sdxl_fp4_p81_seed204.png,fake,0.7032,0.18
sdxl_fp4,NPR,/media/SSD_4TB/crispy_storage/fake-images/sdxl_fp4_p81_seed204.png,fake,0.9994291663169861,0.08816003799438477
sdxl_fp8,CLIP-D,/media/SSD_4TB/crispy_storage/fake-images/sdxl_fp8_p90_seed213.png,fake,0.9535886645317078,0.06134462356567383
sdxl_fp8,R50_TF,/media/SSD_4TB/crispy_storage/fake-images/sdxl_fp8_p90_seed213.png,fake,0.6046,0.179
sdxl_fp8,NPR,/media/SSD_4TB/crispy_storage/fake-images/sdxl_fp8_p90_seed213.png,fake,1.0,0.08980965614318848
sd3_fp8,CLIP-D,/media/SSD_4TB/crispy_storage/fake-images/sd3_fp8_p61_seed184.png,real,0.05792570114135742,0.06143498420715332
sd3_fp8,R50_TF,/media/SSD_4TB/crispy_storage/fake-images/sd3_fp8_p61_seed184.png,real,0.3692,0.18
sd3_fp8,NPR,/media/SSD_4TB/crispy_storage/fake-images/sd3_fp8_p61_seed184.png,real,5.124859853822272e-06,0.08997893333435059
sd35_fp4,CLIP-D,/media/SSD_4TB/crispy_storage/fake-images/sd35_fp4_p29_seed152.png,fake,0.9509620070457458,0.06284403800964355
sd35_fp4,R50_TF,/media/SSD_4TB/crispy_storage/fake-images/sd35_fp4_p29_seed152.png,fake,0.6168,0.182
sd35_fp4,NPR,/media/SSD_4TB/crispy_storage/fake-images/sd35_fp4_p29_seed152.png,real,0.13466668128967285,0.08916044235229492
sd15_fp8,CLIP-D,/media/SSD_4TB/crispy_storage/fake-images/sd15_fp8_p26_seed149.png,fake,0.9804107546806335,0.0616455078125
sd15_fp8,R50_TF,/media/SSD_4TB/crispy_storage/fake-images/sd15_fp8_p26_seed149.png,fake,0.6263,0.14
sd15_fp8,NPR,/media/SSD_4TB/crispy_storage/fake-images/sd15_fp8_p26_seed149.png,real,0.020930321887135506,0.09018921852111816
z-image_fp16,CLIP-D,/media/SSD_4TB/crispy_storage/fake-images/z-image_fp16_p77_seed200.png,fake,0.8042300343513489,0.06074023246765137
z-image_fp16,R50_TF,/media/SSD_4TB/crispy_storage/fake-images/z-image_fp16_p77_seed200.png,fake,0.5646,0.18
z-image_fp16,NPR,/media/SSD_4TB/crispy_storage/fake-images/z-image_fp16_p77_seed200.png,fake,0.9989981055259705,0.09160709381103516
sd3_fp4,CLIP-D,/media/SSD_4TB/crispy_storage/fake-images/sd3_fp4_p95_seed218.png,fake,0.5396851897239685,0.06322956085205078
sd3_fp4,R50_TF,/media/SSD_4TB/crispy_storage/fake-images/sd3_fp4_p95_seed218.png,fake,0.5748,0.179
sd3_fp4,NPR,/media/SSD_4TB/crispy_storage/fake-images/sd3_fp4_p95_seed218.png,real,5.503448807786526e-09,0.08999133110046387
sd35_fp16,CLIP-D,/media/SSD_4TB/crispy_storage/fake-images/sd35_fp16_p50_seed173.png,fake,0.8804740905761719,0.05989718437194824
sd35_fp16,R50_TF,/media/SSD_4TB/crispy_storage/fake-images/sd35_fp16_p50_seed173.png,fake,0.5329,0.179
sd35_fp16,NPR,/media/SSD_4TB/crispy_storage/fake-images/sd35_fp16_p50_seed173.png,fake,0.945266604423523,0.09089422225952148
sd15_fp8,CLIP-D,/media/SSD_4TB/crispy_storage/fake-images/sd15_fp8_p51_seed174.png,fake,0.9497310519218445,0.06280708312988281
sd15_fp8,R50_TF,/media/SSD_4TB/crispy_storage/fake-images/sd15_fp8_p51_seed174.png,fake,0.5943,0.145
sd15_fp8,NPR,/media/SSD_4TB/crispy_storage/fake-images/sd15_fp8_p51_seed174.png,real,0.0024167047813534737,0.09165096282958984
sdxl_fp4,CLIP-D,/media/SSD_4TB/crispy_storage/fake-images/sdxl_fp4_p79_seed202.png,fake,0.9862885475158691,0.06184053421020508
sdxl_fp4,R50_TF,/media/SSD_4TB/crispy_storage/fake-images/sdxl_fp4_p79_seed202.png,fake,0.5758,0.182
sdxl_fp4,NPR,/media/SSD_4TB/crispy_storage/fake-images/sdxl_fp4_p79_seed202.png,fake,0.9999754428863525,0.08844947814941406
pg25_fp16,CLIP-D,/media/SSD_4TB/crispy_storage/fake-images/pg25_fp16_p62_seed185.png,fake,0.9877342581748962,0.06153273582458496
pg25_fp16,R50_TF,/media/SSD_4TB/crispy_storage/fake-images/pg25_fp16_p62_seed185.png,fake,0.6035,0.177
pg25_fp16,NPR,/media/SSD_4TB/crispy_storage/fake-images/pg25_fp16_p62_seed185.png,fake,0.9998112320899963,0.09056282043457031
pg25_fp8,CLIP-D,/media/SSD_4TB/crispy_storage/fake-images/pg25_fp8_p3_seed126.png,fake,0.9420654773712158,0.06157827377319336
pg25_fp8,R50_TF,/media/SSD_4TB/crispy_storage/fake-images/pg25_fp8_p3_seed126.png,fake,0.57,0.182
pg25_fp8,NPR,/media/SSD_4TB/crispy_storage/fake-images/pg25_fp8_p3_seed126.png,fake,0.9999977350234985,0.0893397331237793
sd3_fp8,CLIP-D,/media/SSD_4TB/crispy_storage/fake-images/sd3_fp8_p42_seed165.png,fake,0.9071221947669983,0.061963558197021484
sd3_fp8,R50_TF,/media/SSD_4TB/crispy_storage/fake-images/sd3_fp8_p42_seed165.png,real,0.4741,0.179
sd3_fp8,NPR,/media/SSD_4TB/crispy_storage/fake-images/sd3_fp8_p42_seed165.png,real,0.013613232411444187,0.08999824523925781
sdxl_fp4,CLIP-D,/media/SSD_4TB/crispy_storage/fake-images/sdxl_fp4_p0_seed123.png,fake,0.9985274076461792,0.06187796592712402
sdxl_fp4,R50_TF,/media/SSD_4TB/crispy_storage/fake-images/sdxl_fp4_p0_seed123.png,fake,0.6102,0.179
sdxl_fp4,NPR,/media/SSD_4TB/crispy_storage/fake-images/sdxl_fp4_p0_seed123.png,fake,0.9999790191650391,0.09054803848266602
sd35_fp8,CLIP-D,/media/SSD_4TB/crispy_storage/fake-images/sd35_fp8_p75_seed198.png,fake,0.9442541003227234,0.06210064888000488
sd35_fp8,R50_TF,/media/SSD_4TB/crispy_storage/fake-images/sd35_fp8_p75_seed198.png,fake,0.5516,0.18
sd35_fp8,NPR,/media/SSD_4TB/crispy_storage/fake-images/sd35_fp8_p75_seed198.png,fake,0.8168944120407104,0.09012031555175781
sd35_fp4,CLIP-D,/media/SSD_4TB/crispy_storage/fake-images/sd35_fp4_p59_seed182.png,fake,0.9923287034034729,0.06180310249328613
sd35_fp4,R50_TF,/media/SSD_4TB/crispy_storage/fake-images/sd35_fp4_p59_seed182.png,fake,0.5944,0.18
sd35_fp4,NPR,/media/SSD_4TB/crispy_storage/fake-images/sd35_fp4_p59_seed182.png,fake,0.870753288269043,0.08833503723144531
sd15_fp4,CLIP-D,/media/SSD_4TB/crispy_storage/fake-images/sd15_fp4_p91_seed214.png,real,0.4492400288581848,0.06277060508728027
sd15_fp4,R50_TF,/media/SSD_4TB/crispy_storage/fake-images/sd15_fp4_p91_seed214.png,fake,0.5836,0.141
sd15_fp4,NPR,/media/SSD_4TB/crispy_storage/fake-images/sd15_fp4_p91_seed214.png,real,1.3065329085293342e-07,0.09062743186950684
sd35_fp4,CLIP-D,/media/SSD_4TB/crispy_storage/fake-images/sd35_fp4_p36_seed159.png,fake,0.7474572658538818,0.061284780502319336
sd35_fp4,R50_TF,/media/SSD_4TB/crispy_storage/fake-images/sd35_fp4_p36_seed159.png,real,0.4636,0.181
sd35_fp4,NPR,/media/SSD_4TB/crispy_storage/fake-images/sd35_fp4_p36_seed159.png,fake,0.8916396498680115,0.09319448471069336
z-image_fp4,CLIP-D,/media/SSD_4TB/crispy_storage/fake-images/z-image_fp4_p6_seed129.png,fake,0.5185823440551758,0.061429738998413086
z-image_fp4,R50_TF,/media/SSD_4TB/crispy_storage/fake-images/z-image_fp4_p6_seed129.png,real,0.4533,0.179
z-image_fp4,NPR,/media/SSD_4TB/crispy_storage/fake-images/z-image_fp4_p6_seed129.png,real,0.00024870267952792346,0.0912935733795166
sd35_fp8,CLIP-D,/media/SSD_4TB/crispy_storage/fake-images/sd35_fp8_p58_seed181.png,fake,0.9912035465240479,0.061281442642211914
sd35_fp8,R50_TF,/media/SSD_4TB/crispy_storage/fake-images/sd35_fp8_p58_seed181.png,fake,0.6231,0.175
sd35_fp8,NPR,/media/SSD_4TB/crispy_storage/fake-images/sd35_fp8_p58_seed181.png,fake,0.7827668190002441,0.08849883079528809
sd35_fp4,CLIP-D,/media/SSD_4TB/crispy_storage/fake-images/sd35_fp4_p7_seed130.png,fake,0.961456835269928,0.061907291412353516
sd35_fp4,R50_TF,/media/SSD_4TB/crispy_storage/fake-images/sd35_fp4_p7_seed130.png,fake,0.6202,0.182
sd35_fp4,NPR,/media/SSD_4TB/crispy_storage/fake-images/sd35_fp4_p7_seed130.png,fake,0.9999253749847412,0.08826708793640137
sd35_fp16,CLIP-D,/media/SSD_4TB/crispy_storage/fake-images/sd35_fp16_p92_seed215.png,fake,0.9969242215156555,0.058705806732177734
sd35_fp16,R50_TF,/media/SSD_4TB/crispy_storage/fake-images/sd35_fp16_p92_seed215.png,fake,0.6365,0.176
sd35_fp16,NPR,/media/SSD_4TB/crispy_storage/fake-images/sd35_fp16_p92_seed215.png,fake,0.9999446868896484,0.09049510955810547
sd3_fp8,CLIP-D,/media/SSD_4TB/crispy_storage/fake-images/sd3_fp8_p35_seed158.png,fake,0.9993958473205566,0.06131625175476074
sd3_fp8,R50_TF,/media/SSD_4TB/crispy_storage/fake-images/sd3_fp8_p35_seed158.png,fake,0.5805,0.175
sd3_fp8,NPR,/media/SSD_4TB/crispy_storage/fake-images/sd3_fp8_p35_seed158.png,fake,0.9983188509941101,0.08847594261169434
sd35_fp16,CLIP-D,/media/SSD_4TB/crispy_storage/fake-images/sd35_fp16_p71_seed194.png,real,0.44757699966430664,0.06324601173400879
sd35_fp16,R50_TF,/media/SSD_4TB/crispy_storage/fake-images/sd35_fp16_p71_seed194.png,real,0.4466,0.179
sd35_fp16,NPR,/media/SSD_4TB/crispy_storage/fake-images/sd35_fp16_p71_seed194.png,fake,0.5252336263656616,0.08996152877807617
z-image_fp8,CLIP-D,/media/SSD_4TB/crispy_storage/fake-images/z-image_fp8_p25_seed148.png,fake,0.7490487098693848,0.061240196228027344
z-image_fp8,R50_TF,/media/SSD_4TB/crispy_storage/fake-images/z-image_fp8_p25_seed148.png,fake,0.5868,0.179
z-image_fp8,NPR,/media/SSD_4TB/crispy_storage/fake-images/z-image_fp8_p25_seed148.png,real,0.03069702535867691,0.09269499778747559
sd3_fp4,CLIP-D,/media/SSD_4TB/crispy_storage/fake-images/sd3_fp4_p71_seed194.png,fake,0.9121353626251221,0.062183380126953125
sd3_fp4,R50_TF,/media/SSD_4TB/crispy_storage/fake-images/sd3_fp4_p71_seed194.png,fake,0.5612,0.181
sd3_fp4,NPR,/media/SSD_4TB/crispy_storage/fake-images/sd3_fp4_p71_seed194.png,real,0.0003163147484883666,0.08856010437011719
sdxl_fp4,CLIP-D,/media/SSD_4TB/crispy_storage/fake-images/sdxl_fp4_p39_seed162.png,fake,0.9944456815719604,0.06171894073486328
sdxl_fp4,R50_TF,/media/SSD_4TB/crispy_storage/fake-images/sdxl_fp4_p39_seed162.png,fake,0.6525,0.176
sdxl_fp4,NPR,/media/SSD_4TB/crispy_storage/fake-images/sdxl_fp4_p39_seed162.png,fake,0.9999970197677612,0.08804702758789062
sdxl_fp16,CLIP-D,/media/SSD_4TB/crispy_storage/fake-images/sdxl_fp16_p73_seed196.png,fake,0.9979827404022217,0.06241345405578613
sdxl_fp16,R50_TF,/media/SSD_4TB/crispy_storage/fake-images/sdxl_fp16_p73_seed196.png,fake,0.5847,0.178
sdxl_fp16,NPR,/media/SSD_4TB/crispy_storage/fake-images/sdxl_fp16_p73_seed196.png,fake,1.0,0.08991432189941406
pg25_fp16,CLIP-D,/media/SSD_4TB/crispy_storage/fake-images/pg25_fp16_p88_seed211.png,fake,0.9950593709945679,0.06116199493408203
pg25_fp16,R50_TF,/media/SSD_4TB/crispy_storage/fake-images/pg25_fp16_p88_seed211.png,fake,0.6935,0.184
pg25_fp16,NPR,/media/SSD_4TB/crispy_storage/fake-images/pg25_fp16_p88_seed211.png,fake,0.9999979734420776,0.09111189842224121
sd3_fp16,CLIP-D,/media/SSD_4TB/crispy_storage/fake-images/sd3_fp16_p35_seed158.png,fake,0.9947836995124817,0.06123042106628418
sd3_fp16,R50_TF,/media/SSD_4TB/crispy_storage/fake-images/sd3_fp16_p35_seed158.png,fake,0.5607,0.176
sd3_fp16,NPR,/media/SSD_4TB/crispy_storage/fake-images/sd3_fp16_p35_seed158.png,fake,0.9247331619262695,0.0882725715637207
sd3_fp16,CLIP-D,/media/SSD_4TB/crispy_storage/fake-images/sd3_fp16_p90_seed213.png,fake,0.5613244771957397,0.06674432754516602
sd3_fp16,R50_TF,/media/SSD_4TB/crispy_storage/fake-images/sd3_fp16_p90_seed213.png,fake,0.5505,0.177
sd3_fp16,NPR,/media/SSD_4TB/crispy_storage/fake-images/sd3_fp16_p90_seed213.png,fake,0.9973315000534058,0.09086370468139648
sd15_fp16,CLIP-D,/media/SSD_4TB/crispy_storage/fake-images/sd15_fp16_p67_seed190.png,fake,0.9697816371917725,0.060880184173583984
sd15_fp16,R50_TF,/media/SSD_4TB/crispy_storage/fake-images/sd15_fp16_p67_seed190.png,fake,0.5571,0.143
sd15_fp16,NPR,/media/SSD_4TB/crispy_storage/fake-images/sd15_fp16_p67_seed190.png,real,0.002126930747181177,0.08995580673217773
sd35_fp8,CLIP-D,/media/SSD_4TB/crispy_storage/fake-images/sd35_fp8_p13_seed136.png,fake,0.9074105620384216,0.06177687644958496
sd35_fp8,R50_TF,/media/SSD_4TB/crispy_storage/fake-images/sd35_fp8_p13_seed136.png,real,0.4674,0.178
sd35_fp8,NPR,/media/SSD_4TB/crispy_storage/fake-images/sd35_fp8_p13_seed136.png,fake,0.996778666973114,0.08932781219482422
sd35_fp8,CLIP-D,/media/SSD_4TB/crispy_storage/fake-images/sd35_fp8_p72_seed195.png,fake,0.983744204044342,0.06106281280517578
sd35_fp8,R50_TF,/media/SSD_4TB/crispy_storage/fake-images/sd35_fp8_p72_seed195.png,real,0.4427,0.173
sd35_fp8,NPR,/media/SSD_4TB/crispy_storage/fake-images/sd35_fp8_p72_seed195.png,fake,0.9978658556938171,0.09125018119812012
sd35_fp4,CLIP-D,/media/SSD_4TB/crispy_storage/fake-images/sd35_fp4_p25_seed148.png,fake,0.9995348453521729,0.06127429008483887
sd35_fp4,R50_TF,/media/SSD_4TB/crispy_storage/fake-images/sd35_fp4_p25_seed148.png,fake,0.6082,0.182
sd35_fp4,NPR,/media/SSD_4TB/crispy_storage/fake-images/sd35_fp4_p25_seed148.png,fake,0.999982476234436,0.08889412879943848
sd15_fp8,CLIP-D,/media/SSD_4TB/crispy_storage/fake-images/sd15_fp8_p61_seed184.png,fake,0.9824175238609314,0.06484222412109375
sd15_fp8,R50_TF,/media/SSD_4TB/crispy_storage/fake-images/sd15_fp8_p61_seed184.png,fake,0.6453,0.142
sd15_fp8,NPR,/media/SSD_4TB/crispy_storage/fake-images/sd15_fp8_p61_seed184.png,real,0.00010943050438072532,0.09051752090454102
pg25_fp16,CLIP-D,/media/SSD_4TB/crispy_storage/fake-images/pg25_fp16_p30_seed153.png,fake,0.9964033365249634,0.061002492904663086
pg25_fp16,R50_TF,/media/SSD_4TB/crispy_storage/fake-images/pg25_fp16_p30_seed153.png,fake,0.6642,0.18
pg25_fp16,NPR,/media/SSD_4TB/crispy_storage/fake-images/pg25_fp16_p30_seed153.png,fake,1.0,0.09072732925415039
sd15_fp8,CLIP-D,/media/SSD_4TB/crispy_storage/fake-images/sd15_fp8_p91_seed214.png,real,0.1874905526638031,0.06068730354309082
sd15_fp8,R50_TF,/media/SSD_4TB/crispy_storage/fake-images/sd15_fp8_p91_seed214.png,fake,0.586,0.14
sd15_fp8,NPR,/media/SSD_4TB/crispy_storage/fake-images/sd15_fp8_p91_seed214.png,real,1.287718021103501e-07,0.09119319915771484
sdxl_fp4,CLIP-D,/media/SSD_4TB/crispy_storage/fake-images/sdxl_fp4_p37_seed160.png,fake,0.9070219397544861,0.06104779243469238
sdxl_fp4,R50_TF,/media/SSD_4TB/crispy_storage/fake-images/sdxl_fp4_p37_seed160.png,fake,0.5756,0.177
sdxl_fp4,NPR,/media/SSD_4TB/crispy_storage/fake-images/sdxl_fp4_p37_seed160.png,fake,0.9204540848731995,0.09172892570495605
sd15_fp16,CLIP-D,/media/SSD_4TB/crispy_storage/fake-images/sd15_fp16_p11_seed134.png,fake,0.9080746173858643,0.061541080474853516
sd15_fp16,R50_TF,/media/SSD_4TB/crispy_storage/fake-images/sd15_fp16_p11_seed134.png,real,0.4242,0.143
sd15_fp16,NPR,/media/SSD_4TB/crispy_storage/fake-images/sd15_fp16_p11_seed134.png,real,0.00043279293458908796,0.09165763854980469
sd35_fp8,CLIP-D,/media/SSD_4TB/crispy_storage/fake-images/sd35_fp8_p27_seed150.png,fake,0.7135974764823914,0.06306314468383789
sd35_fp8,R50_TF,/media/SSD_4TB/crispy_storage/fake-images/sd35_fp8_p27_seed150.png,fake,0.5368,0.178
sd35_fp8,NPR,/media/SSD_4TB/crispy_storage/fake-images/sd35_fp8_p27_seed150.png,fake,0.9959022402763367,0.09219813346862793
sdxl_fp16,CLIP-D,/media/SSD_4TB/crispy_storage/fake-images/sdxl_fp16_p98_seed221.png,fake,0.9670718908309937,0.0599207878112793
sdxl_fp16,R50_TF,/media/SSD_4TB/crispy_storage/fake-images/sdxl_fp16_p98_seed221.png,fake,0.5841,0.18
sdxl_fp16,NPR,/media/SSD_4TB/crispy_storage/fake-images/sdxl_fp16_p98_seed221.png,fake,0.9997057318687439,0.09218382835388184
sd3_fp16,CLIP-D,/media/SSD_4TB/crispy_storage/fake-images/sd3_fp16_p56_seed179.png,real,0.11096211522817612,0.061638832092285156
sd3_fp16,R50_TF,/media/SSD_4TB/crispy_storage/fake-images/sd3_fp16_p56_seed179.png,real,0.4316,0.176
sd3_fp16,NPR,/media/SSD_4TB/crispy_storage/fake-images/sd3_fp16_p56_seed179.png,real,5.8768696362676565e-06,0.09052038192749023
sd15_fp4,CLIP-D,/media/SSD_4TB/crispy_storage/fake-images/sd15_fp4_p45_seed168.png,fake,0.5519493818283081,0.06063437461853027
sd15_fp4,R50_TF,/media/SSD_4TB/crispy_storage/fake-images/sd15_fp4_p45_seed168.png,fake,0.5537,0.143
sd15_fp4,NPR,/media/SSD_4TB/crispy_storage/fake-images/sd15_fp4_p45_seed168.png,real,1.5062602187754237e-07,0.08953404426574707
z-image_fp16,CLIP-D,/media/SSD_4TB/crispy_storage/fake-images/z-image_fp16_p25_seed148.png,fake,0.7344112396240234,0.06356096267700195
z-image_fp16,R50_TF,/media/SSD_4TB/crispy_storage/fake-images/z-image_fp16_p25_seed148.png,fake,0.5981,0.182
z-image_fp16,NPR,/media/SSD_4TB/crispy_storage/fake-images/z-image_fp16_p25_seed148.png,fake,0.8772770166397095,0.09074187278747559
sd3_fp4,CLIP-D,/media/SSD_4TB/crispy_storage/fake-images/sd3_fp4_p27_seed150.png,fake,0.8883350491523743,0.061133623123168945
sd3_fp4,R50_TF,/media/SSD_4TB/crispy_storage/fake-images/sd3_fp4_p27_seed150.png,real,0.4555,0.178
sd3_fp4,NPR,/media/SSD_4TB/crispy_storage/fake-images/sd3_fp4_p27_seed150.png,real,0.025162814185023308,0.0909414291381836
sd3_fp4,CLIP-D,/media/SSD_4TB/crispy_storage/fake-images/sd3_fp4_p70_seed193.png,fake,0.9869043231010437,0.06261968612670898
sd3_fp4,R50_TF,/media/SSD_4TB/crispy_storage/fake-images/sd3_fp4_p70_seed193.png,fake,0.5782,0.176
sd3_fp4,NPR,/media/SSD_4TB/crispy_storage/fake-images/sd3_fp4_p70_seed193.png,real,0.06704053282737732,0.08930635452270508
sdxl_fp4,CLIP-D,/media/SSD_4TB/crispy_storage/fake-images/sdxl_fp4_p31_seed154.png,fake,0.9754258990287781,0.061089515686035156
sdxl_fp4,R50_TF,/media/SSD_4TB/crispy_storage/fake-images/sdxl_fp4_p31_seed154.png,fake,0.5881,0.176
sdxl_fp4,NPR,/media/SSD_4TB/crispy_storage/fake-images/sdxl_fp4_p31_seed154.png,fake,0.9999943971633911,0.09353017807006836
sd3_fp8,CLIP-D,/media/SSD_4TB/crispy_storage/fake-images/sd3_fp8_p70_seed193.png,fake,0.995112955570221,0.0614161491394043
sd3_fp8,R50_TF,/media/SSD_4TB/crispy_storage/fake-images/sd3_fp8_p70_seed193.png,real,0.4287,0.183
sd3_fp8,NPR,/media/SSD_4TB/crispy_storage/fake-images/sd3_fp8_p70_seed193.png,fake,0.9332588315010071,0.09169721603393555
pg25_fp16,CLIP-D,/media/SSD_4TB/crispy_storage/fake-images/pg25_fp16_p19_seed142.png,fake,0.9755650758743286,0.05986928939819336
pg25_fp16,R50_TF,/media/SSD_4TB/crispy_storage/fake-images/pg25_fp16_p19_seed142.png,fake,0.592,0.176
pg25_fp16,NPR,/media/SSD_4TB/crispy_storage/fake-images/pg25_fp16_p19_seed142.png,fake,0.9998134970664978,0.08688831329345703
pg25_fp16,CLIP-D,/media/SSD_4TB/crispy_storage/fake-images/pg25_fp16_p79_seed202.png,fake,0.9798423647880554,0.06173563003540039
pg25_fp16,R50_TF,/media/SSD_4TB/crispy_storage/fake-images/pg25_fp16_p79_seed202.png,fake,0.5684,0.182
pg25_fp16,NPR,/media/SSD_4TB/crispy_storage/fake-images/pg25_fp16_p79_seed202.png,fake,0.9999788999557495,0.09041047096252441
sdxl_fp16,CLIP-D,/media/SSD_4TB/crispy_storage/fake-images/sdxl_fp16_p36_seed159.png,fake,0.9081769585609436,0.06182694435119629
sdxl_fp16,R50_TF,/media/SSD_4TB/crispy_storage/fake-images/sdxl_fp16_p36_seed159.png,fake,0.5785,0.186
sdxl_fp16,NPR,/media/SSD_4TB/crispy_storage/fake-images/sdxl_fp16_p36_seed159.png,fake,1.0,0.08989381790161133
sd15_fp4,CLIP-D,/media/SSD_4TB/crispy_storage/fake-images/sd15_fp4_p99_seed222.png,fake,0.959226667881012,0.062252044677734375
sd15_fp4,R50_TF,/media/SSD_4TB/crispy_storage/fake-images/sd15_fp4_p99_seed222.png,fake,0.5745,0.142
sd15_fp4,NPR,/media/SSD_4TB/crispy_storage/fake-images/sd15_fp4_p99_seed222.png,real,0.006054691504687071,0.0879659652709961
sd15_fp8,CLIP-D,/media/SSD_4TB/crispy_storage/fake-images/sd15_fp8_p7_seed130.png,fake,0.9935117363929749,0.06224179267883301
sd15_fp8,R50_TF,/media/SSD_4TB/crispy_storage/fake-images/sd15_fp8_p7_seed130.png,fake,0.694,0.144
sd15_fp8,NPR,/media/SSD_4TB/crispy_storage/fake-images/sd15_fp8_p7_seed130.png,fake,0.9689483046531677,0.08964323997497559
sd15_fp4,CLIP-D,/media/SSD_4TB/crispy_storage/fake-images/sd15_fp4_p3_seed126.png,fake,0.807614803314209,0.06169271469116211
sd15_fp4,R50_TF,/media/SSD_4TB/crispy_storage/fake-images/sd15_fp4_p3_seed126.png,fake,0.5557,0.142
sd15_fp4,NPR,/media/SSD_4TB/crispy_storage/fake-images/sd15_fp4_p3_seed126.png,real,0.07550957798957825,0.08968114852905273
sdxl_fp16,CLIP-D,/media/SSD_4TB/crispy_storage/fake-images/sdxl_fp16_p23_seed146.png,real,0.20677143335342407,0.06104612350463867
sdxl_fp16,R50_TF,/media/SSD_4TB/crispy_storage/fake-images/sdxl_fp16_p23_seed146.png,fake,0.5572,0.178
sdxl_fp16,NPR,/media/SSD_4TB/crispy_storage/fake-images/sdxl_fp16_p23_seed146.png,fake,0.6648833155632019,0.08852195739746094
sd35_fp16,CLIP-D,/media/SSD_4TB/crispy_storage/fake-images/sd35_fp16_p60_seed183.png,fake,0.9320546984672546,0.06062030792236328
sd35_fp16,R50_TF,/media/SSD_4TB/crispy_storage/fake-images/sd35_fp16_p60_seed183.png,fake,0.5461,0.179
sd35_fp16,NPR,/media/SSD_4TB/crispy_storage/fake-images/sd35_fp16_p60_seed183.png,real,0.011655762791633606,0.09098672866821289
sd35_fp4,CLIP-D,/media/SSD_4TB/crispy_storage/fake-images/sd35_fp4_p2_seed125.png,real,0.39679908752441406,0.06320333480834961
sd35_fp4,R50_TF,/media/SSD_4TB/crispy_storage/fake-images/sd35_fp4_p2_seed125.png,real,0.4622,0.179
sd35_fp4,NPR,/media/SSD_4TB/crispy_storage/fake-images/sd35_fp4_p2_seed125.png,real,7.094619377312483e-06,0.09048151969909668
sd35_fp4,CLIP-D,/media/SSD_4TB/crispy_storage/fake-images/sd35_fp4_p54_seed177.png,real,0.051548998802900314,0.06360101699829102
sd35_fp4,R50_TF,/media/SSD_4TB/crispy_storage/fake-images/sd35_fp4_p54_seed177.png,real,0.4476,0.179
sd35_fp4,NPR,/media/SSD_4TB/crispy_storage/fake-images/sd35_fp4_p54_seed177.png,real,3.60682264499701e-07,0.09090852737426758
sdxl_fp16,CLIP-D,/media/SSD_4TB/crispy_storage/fake-images/sdxl_fp16_p37_seed160.png,fake,0.9789355993270874,0.06251788139343262
sdxl_fp16,R50_TF,/media/SSD_4TB/crispy_storage/fake-images/sdxl_fp16_p37_seed160.png,fake,0.5755,0.176
sdxl_fp16,NPR,/media/SSD_4TB/crispy_storage/fake-images/sdxl_fp16_p37_seed160.png,fake,0.9882843494415283,0.09262394905090332
sd3_fp16,CLIP-D,/media/SSD_4TB/crispy_storage/fake-images/sd3_fp16_p19_seed142.png,fake,0.95253586769104,0.06300568580627441
sd3_fp16,R50_TF,/media/SSD_4TB/crispy_storage/fake-images/sd3_fp16_p19_seed142.png,real,0.4204,0.177
sd3_fp16,NPR,/media/SSD_4TB/crispy_storage/fake-images/sd3_fp16_p19_seed142.png,real,0.043768975883722305,0.09126615524291992
sd3_fp4,CLIP-D,/media/SSD_4TB/crispy_storage/fake-images/sd3_fp4_p31_seed154.png,fake,0.9763568639755249,0.06322407722473145
sd3_fp4,R50_TF,/media/SSD_4TB/crispy_storage/fake-images/sd3_fp4_p31_seed154.png,fake,0.5935,0.179
sd3_fp4,NPR,/media/SSD_4TB/crispy_storage/fake-images/sd3_fp4_p31_seed154.png,real,0.3770032227039337,0.09137296676635742
pg25_fp4,CLIP-D,/media/SSD_4TB/crispy_storage/fake-images/pg25_fp4_p60_seed183.png,fake,0.8944917321205139,0.06404590606689453
pg25_fp4,R50_TF,/media/SSD_4TB/crispy_storage/fake-images/pg25_fp4_p60_seed183.png,fake,0.5597,0.178
pg25_fp4,NPR,/media/SSD_4TB/crispy_storage/fake-images/pg25_fp4_p60_seed183.png,real,0.41107141971588135,0.09093594551086426
z-image_fp16,CLIP-D,/media/SSD_4TB/crispy_storage/fake-images/z-image_fp16_p41_seed164.png,fake,0.6608995199203491,0.060413360595703125
z-image_fp16,R50_TF,/media/SSD_4TB/crispy_storage/fake-images/z-image_fp16_p41_seed164.png,real,0.4281,0.18
z-image_fp16,NPR,/media/SSD_4TB/crispy_storage/fake-images/z-image_fp16_p41_seed164.png,fake,0.9999281167984009,0.09043669700622559
sd3_fp16,CLIP-D,/media/SSD_4TB/crispy_storage/fake-images/sd3_fp16_p12_seed135.png,fake,0.9748679399490356,0.06204938888549805
sd3_fp16,R50_TF,/media/SSD_4TB/crispy_storage/fake-images/sd3_fp16_p12_seed135.png,fake,0.5548,0.179
sd3_fp16,NPR,/media/SSD_4TB/crispy_storage/fake-images/sd3_fp16_p12_seed135.png,fake,0.999934196472168,0.08894610404968262
sd15_fp4,CLIP-D,/media/SSD_4TB/crispy_storage/fake-images/sd15_fp4_p15_seed138.png,fake,0.7956550717353821,0.06389451026916504
sd15_fp4,R50_TF,/media/SSD_4TB/crispy_storage/fake-images/sd15_fp4_p15_seed138.png,real,0.3703,0.143
sd15_fp4,NPR,/media/SSD_4TB/crispy_storage/fake-images/sd15_fp4_p15_seed138.png,real,1.0043291922556818e-06,0.08939933776855469
pg25_fp4,CLIP-D,/media/SSD_4TB/crispy_storage/fake-images/pg25_fp4_p55_seed178.png,fake,0.9962005019187927,0.06134319305419922
pg25_fp4,R50_TF,/media/SSD_4TB/crispy_storage/fake-images/pg25_fp4_p55_seed178.png,fake,0.5748,0.18
pg25_fp4,NPR,/media/SSD_4TB/crispy_storage/fake-images/pg25_fp4_p55_seed178.png,fake,0.9999992847442627,0.09037971496582031
sdxl_fp16,CLIP-D,/media/SSD_4TB/crispy_storage/fake-images/sdxl_fp16_p58_seed181.png,fake,0.9954735636711121,0.06371593475341797
sdxl_fp16,R50_TF,/media/SSD_4TB/crispy_storage/fake-images/sdxl_fp16_p58_seed181.png,real,0.4009,0.174
sdxl_fp16,NPR,/media/SSD_4TB/crispy_storage/fake-images/sdxl_fp16_p58_seed181.png,fake,0.942558228969574,0.08985328674316406
sd15_fp8,CLIP-D,/media/SSD_4TB/crispy_storage/fake-images/sd15_fp8_p4_seed127.png,fake,0.9070678353309631,0.06040644645690918
sd15_fp8,R50_TF,/media/SSD_4TB/crispy_storage/fake-images/sd15_fp8_p4_seed127.png,fake,0.5508,0.143
sd15_fp8,NPR,/media/SSD_4TB/crispy_storage/fake-images/sd15_fp8_p4_seed127.png,real,0.03679574653506279,0.09132552146911621
sdxl_fp8,CLIP-D,/media/SSD_4TB/crispy_storage/fake-images/sdxl_fp8_p31_seed154.png,fake,0.9827986359596252,0.06391239166259766
sdxl_fp8,R50_TF,/media/SSD_4TB/crispy_storage/fake-images/sdxl_fp8_p31_seed154.png,fake,0.5927,0.178
sdxl_fp8,NPR,/media/SSD_4TB/crispy_storage/fake-images/sdxl_fp8_p31_seed154.png,fake,0.9986448884010315,0.09002017974853516
sd35_fp16,CLIP-D,/media/SSD_4TB/crispy_storage/fake-images/sd35_fp16_p34_seed157.png,fake,0.9709459543228149,0.06116080284118652
sd35_fp16,R50_TF,/media/SSD_4TB/crispy_storage/fake-images/sd35_fp16_p34_seed157.png,fake,0.5992,0.181
sd35_fp16,NPR,/media/SSD_4TB/crispy_storage/fake-images/sd35_fp16_p34_seed157.png,fake,0.9797682166099548,0.09096097946166992
sd3_fp16,CLIP-D,/media/SSD_4TB/crispy_storage/fake-images/sd3_fp16_p69_seed192.png,fake,0.9853297472000122,0.061296939849853516
sd3_fp16,R50_TF,/media/SSD_4TB/crispy_storage/fake-images/sd3_fp16_p69_seed192.png,real,0.4537,0.177
sd3_fp16,NPR,/media/SSD_4TB/crispy_storage/fake-images/sd3_fp16_p69_seed192.png,fake,0.6374695301055908,0.08788800239562988
pg25_fp16,CLIP-D,/media/SSD_4TB/crispy_storage/fake-images/pg25_fp16_p67_seed190.png,fake,0.9929215312004089,0.0614626407623291
pg25_fp16,R50_TF,/media/SSD_4TB/crispy_storage/fake-images/pg25_fp16_p67_seed190.png,fake,0.5783,0.176
pg25_fp16,NPR,/media/SSD_4TB/crispy_storage/fake-images/pg25_fp16_p67_seed190.png,fake,0.9999991655349731,0.0912637710571289
sd35_fp16,CLIP-D,/media/SSD_4TB/crispy_storage/fake-images/sd35_fp16_p78_seed201.png,fake,0.9655267000198364,0.06268191337585449
sd35_fp16,R50_TF,/media/SSD_4TB/crispy_storage/fake-images/sd35_fp16_p78_seed201.png,real,0.4305,0.179
sd35_fp16,NPR,/media/SSD_4TB/crispy_storage/fake-images/sd35_fp16_p78_seed201.png,fake,0.9411032795906067,0.09054327011108398
sdxl_fp8,CLIP-D,/media/SSD_4TB/crispy_storage/fake-images/sdxl_fp8_p81_seed204.png,fake,0.9953450560569763,0.060272216796875
sdxl_fp8,R50_TF,/media/SSD_4TB/crispy_storage/fake-images/sdxl_fp8_p81_seed204.png,fake,0.69,0.176
sdxl_fp8,NPR,/media/SSD_4TB/crispy_storage/fake-images/sdxl_fp8_p81_seed204.png,fake,0.9998602867126465,0.08822059631347656
pg25_fp4,CLIP-D,/media/SSD_4TB/crispy_storage/fake-images/pg25_fp4_p51_seed174.png,fake,0.9951205849647522,0.06044411659240723
pg25_fp4,R50_TF,/media/SSD_4TB/crispy_storage/fake-images/pg25_fp4_p51_seed174.png,fake,0.6047,0.182
pg25_fp4,NPR,/media/SSD_4TB/crispy_storage/fake-images/pg25_fp4_p51_seed174.png,fake,0.996736466884613,0.08933067321777344
sd35_fp16,CLIP-D,/media/SSD_4TB/crispy_storage/fake-images/sd35_fp16_p51_seed174.png,fake,0.9560826420783997,0.06110382080078125
sd35_fp16,R50_TF,/media/SSD_4TB/crispy_storage/fake-images/sd35_fp16_p51_seed174.png,fake,0.5456,0.179
sd35_fp16,NPR,/media/SSD_4TB/crispy_storage/fake-images/sd35_fp16_p51_seed174.png,fake,0.9999316930770874,0.09039902687072754
z-image_fp8,CLIP-D,/media/SSD_4TB/crispy_storage/fake-images/z-image_fp8_p24_seed147.png,fake,0.9606463313102722,0.062047481536865234
z-image_fp8,R50_TF,/media/SSD_4TB/crispy_storage/fake-images/z-image_fp8_p24_seed147.png,real,0.3509,0.179
z-image_fp8,NPR,/media/SSD_4TB/crispy_storage/fake-images/z-image_fp8_p24_seed147.png,real,0.024971675127744675,0.09069585800170898
sd35_fp4,CLIP-D,/media/SSD_4TB/crispy_storage/fake-images/sd35_fp4_p75_seed198.png,real,0.45030003786087036,0.06143045425415039
sd35_fp4,R50_TF,/media/SSD_4TB/crispy_storage/fake-images/sd35_fp4_p75_seed198.png,real,0.4541,0.18
sd35_fp4,NPR,/media/SSD_4TB/crispy_storage/fake-images/sd35_fp4_p75_seed198.png,real,0.002679854864254594,0.08986973762512207
sd35_fp4,CLIP-D,/media/SSD_4TB/crispy_storage/fake-images/sd35_fp4_p5_seed128.png,fake,0.9998025298118591,0.06136894226074219
sd35_fp4,R50_TF,/media/SSD_4TB/crispy_storage/fake-images/sd35_fp4_p5_seed128.png,fake,0.5658,0.174
sd35_fp4,NPR,/media/SSD_4TB/crispy_storage/fake-images/sd35_fp4_p5_seed128.png,fake,0.9767274260520935,0.08795571327209473
sd15_fp16,CLIP-D,/media/SSD_4TB/crispy_storage/fake-images/sd15_fp16_p92_seed215.png,fake,0.9525078535079956,0.061728715896606445
sd15_fp16,R50_TF,/media/SSD_4TB/crispy_storage/fake-images/sd15_fp16_p92_seed215.png,fake,0.6297,0.141
sd15_fp16,NPR,/media/SSD_4TB/crispy_storage/fake-images/sd15_fp16_p92_seed215.png,fake,0.9991644620895386,0.08952140808105469
pg25_fp4,CLIP-D,/media/SSD_4TB/crispy_storage/fake-images/pg25_fp4_p90_seed213.png,fake,0.9198358058929443,0.064422607421875
pg25_fp4,R50_TF,/media/SSD_4TB/crispy_storage/fake-images/pg25_fp4_p90_seed213.png,fake,0.6111,0.179
pg25_fp4,NPR,/media/SSD_4TB/crispy_storage/fake-images/pg25_fp4_p90_seed213.png,fake,1.0,0.09018373489379883
sd15_fp4,CLIP-D,/media/SSD_4TB/crispy_storage/fake-images/sd15_fp4_p39_seed162.png,fake,0.9287391901016235,0.0613863468170166
sd15_fp4,R50_TF,/media/SSD_4TB/crispy_storage/fake-images/sd15_fp4_p39_seed162.png,fake,0.5859,0.141
sd15_fp4,NPR,/media/SSD_4TB/crispy_storage/fake-images/sd15_fp4_p39_seed162.png,real,0.0024809096939861774,0.08992934226989746
sd3_fp16,CLIP-D,/media/SSD_4TB/crispy_storage/fake-images/sd3_fp16_p60_seed183.png,fake,0.9193648099899292,0.06356644630432129
sd3_fp16,R50_TF,/media/SSD_4TB/crispy_storage/fake-images/sd3_fp16_p60_seed183.png,fake,0.56,0.179
sd3_fp16,NPR,/media/SSD_4TB/crispy_storage/fake-images/sd3_fp16_p60_seed183.png,fake,0.9945637583732605,0.09488296508789062
sd15_fp8,CLIP-D,/media/SSD_4TB/crispy_storage/fake-images/sd15_fp8_p10_seed133.png,fake,0.7287108898162842,0.060689687728881836
sd15_fp8,R50_TF,/media/SSD_4TB/crispy_storage/fake-images/sd15_fp8_p10_seed133.png,fake,0.6141,0.137
sd15_fp8,NPR,/media/SSD_4TB/crispy_storage/fake-images/sd15_fp8_p10_seed133.png,fake,0.9965068697929382,0.08836889266967773
sd35_fp4,CLIP-D,/media/SSD_4TB/crispy_storage/fake-images/sd35_fp4_p47_seed170.png,fake,0.9648849964141846,0.06142473220825195
sd35_fp4,R50_TF,/media/SSD_4TB/crispy_storage/fake-images/sd35_fp4_p47_seed170.png,fake,0.5897,0.175
sd35_fp4,NPR,/media/SSD_4TB/crispy_storage/fake-images/sd35_fp4_p47_seed170.png,fake,0.9532447457313538,0.09005451202392578
pg25_fp4,CLIP-D,/media/SSD_4TB/crispy_storage/fake-images/pg25_fp4_p99_seed222.png,fake,0.9960298538208008,0.0634608268737793
pg25_fp4,R50_TF,/media/SSD_4TB/crispy_storage/fake-images/pg25_fp4_p99_seed222.png,fake,0.5587,0.18
pg25_fp4,NPR,/media/SSD_4TB/crispy_storage/fake-images/pg25_fp4_p99_seed222.png,fake,0.9999704360961914,0.09092998504638672
sd35_fp16,CLIP-D,/media/SSD_4TB/crispy_storage/fake-images/sd35_fp16_p49_seed172.png,real,0.3461492359638214,0.06221771240234375
sd35_fp16,R50_TF,/media/SSD_4TB/crispy_storage/fake-images/sd35_fp16_p49_seed172.png,fake,0.5538,0.181
sd35_fp16,NPR,/media/SSD_4TB/crispy_storage/fake-images/sd35_fp16_p49_seed172.png,fake,0.9994893074035645,0.09054994583129883
z-image_fp16,CLIP-D,/media/SSD_4TB/crispy_storage/fake-images/z-image_fp16_p2_seed125.png,fake,0.8788591623306274,0.06115412712097168
z-image_fp16,R50_TF,/media/SSD_4TB/crispy_storage/fake-images/z-image_fp16_p2_seed125.png,real,0.4457,0.178
z-image_fp16,NPR,/media/SSD_4TB/crispy_storage/fake-images/z-image_fp16_p2_seed125.png,real,0.03558506444096565,0.08937597274780273
sdxl_fp16,CLIP-D,/media/SSD_4TB/crispy_storage/fake-images/sdxl_fp16_p41_seed164.png,fake,0.9529229998588562,0.0609278678894043
sdxl_fp16,R50_TF,/media/SSD_4TB/crispy_storage/fake-images/sdxl_fp16_p41_seed164.png,fake,0.6022,0.179
sdxl_fp16,NPR,/media/SSD_4TB/crispy_storage/fake-images/sdxl_fp16_p41_seed164.png,fake,0.9999758005142212,0.09018445014953613
sd15_fp16,CLIP-D,/media/SSD_4TB/crispy_storage/fake-images/sd15_fp16_p9_seed132.png,real,0.4801550805568695,0.062381744384765625
sd15_fp16,R50_TF,/media/SSD_4TB/crispy_storage/fake-images/sd15_fp16_p9_seed132.png,real,0.4364,0.141
sd15_fp16,NPR,/media/SSD_4TB/crispy_storage/fake-images/sd15_fp16_p9_seed132.png,real,0.0015251697041094303,0.09304022789001465
sdxl_fp8,CLIP-D,/media/SSD_4TB/crispy_storage/fake-images/sdxl_fp8_p24_seed147.png,fake,0.9877349734306335,0.06136322021484375
sdxl_fp8,R50_TF,/media/SSD_4TB/crispy_storage/fake-images/sdxl_fp8_p24_seed147.png,fake,0.6006,0.174
sdxl_fp8,NPR,/media/SSD_4TB/crispy_storage/fake-images/sdxl_fp8_p24_seed147.png,real,0.0029191593639552593,0.09017229080200195
sdxl_fp4,CLIP-D,/media/SSD_4TB/crispy_storage/fake-images/sdxl_fp4_p5_seed128.png,fake,0.996694803237915,0.061083078384399414
sdxl_fp4,R50_TF,/media/SSD_4TB/crispy_storage/fake-images/sdxl_fp4_p5_seed128.png,fake,0.6626,0.176
sdxl_fp4,NPR,/media/SSD_4TB/crispy_storage/fake-images/sdxl_fp4_p5_seed128.png,fake,0.9985119700431824,0.08739995956420898
sd35_fp4,CLIP-D,/media/SSD_4TB/crispy_storage/fake-images/sd35_fp4_p12_seed135.png,fake,0.9914162755012512,0.062078237533569336
sd35_fp4,R50_TF,/media/SSD_4TB/crispy_storage/fake-images/sd35_fp4_p12_seed135.png,fake,0.5366,0.181
sd35_fp4,NPR,/media/SSD_4TB/crispy_storage/fake-images/sd35_fp4_p12_seed135.png,fake,0.9990336894989014,0.09130263328552246
sd15_fp8,CLIP-D,/media/SSD_4TB/crispy_storage/fake-images/sd15_fp8_p54_seed177.png,fake,0.8052382469177246,0.06078815460205078
sd15_fp8,R50_TF,/media/SSD_4TB/crispy_storage/fake-images/sd15_fp8_p54_seed177.png,real,0.449,0.145
sd15_fp8,NPR,/media/SSD_4TB/crispy_storage/fake-images/sd15_fp8_p54_seed177.png,real,5.685355790774338e-05,0.09015107154846191
sdxl_fp16,CLIP-D,/media/SSD_4TB/crispy_storage/fake-images/sdxl_fp16_p46_seed169.png,fake,0.9929416179656982,0.06118607521057129
sdxl_fp16,R50_TF,/media/SSD_4TB/crispy_storage/fake-images/sdxl_fp16_p46_seed169.png,fake,0.5737,0.175
sdxl_fp16,NPR,/media/SSD_4TB/crispy_storage/fake-images/sdxl_fp16_p46_seed169.png,fake,1.0,0.09193062782287598
sdxl_fp8,CLIP-D,/media/SSD_4TB/crispy_storage/fake-images/sdxl_fp8_p84_seed207.png,fake,0.9857354760169983,0.060582876205444336
sdxl_fp8,R50_TF,/media/SSD_4TB/crispy_storage/fake-images/sdxl_fp8_p84_seed207.png,fake,0.5684,0.172
sdxl_fp8,NPR,/media/SSD_4TB/crispy_storage/fake-images/sdxl_fp8_p84_seed207.png,fake,0.9386916756629944,0.0893552303314209
sd15_fp8,CLIP-D,/media/SSD_4TB/crispy_storage/fake-images/sd15_fp8_p78_seed201.png,fake,0.6290460228919983,0.06007719039916992
sd15_fp8,R50_TF,/media/SSD_4TB/crispy_storage/fake-images/sd15_fp8_p78_seed201.png,real,0.3986,0.144
sd15_fp8,NPR,/media/SSD_4TB/crispy_storage/fake-images/sd15_fp8_p78_seed201.png,real,0.0002249716781079769,0.09089016914367676
sd3_fp16,CLIP-D,/media/SSD_4TB/crispy_storage/fake-images/sd3_fp16_p66_seed189.png,fake,0.955603301525116,0.06102705001831055
sd3_fp16,R50_TF,/media/SSD_4TB/crispy_storage/fake-images/sd3_fp16_p66_seed189.png,real,0.4271,0.174
sd3_fp16,NPR,/media/SSD_4TB/crispy_storage/fake-images/sd3_fp16_p66_seed189.png,fake,0.5140443444252014,0.0905756950378418
sd3_fp8,CLIP-D,/media/SSD_4TB/crispy_storage/fake-images/sd3_fp8_p99_seed222.png,fake,0.97612464427948,0.06302881240844727
sd3_fp8,R50_TF,/media/SSD_4TB/crispy_storage/fake-images/sd3_fp8_p99_seed222.png,fake,0.5434,0.181
sd3_fp8,NPR,/media/SSD_4TB/crispy_storage/fake-images/sd3_fp8_p99_seed222.png,fake,0.6159437298774719,0.09116792678833008
sd35_fp16,CLIP-D,/media/SSD_4TB/crispy_storage/fake-images/sd35_fp16_p81_seed204.png,fake,0.9778924584388733,0.06224513053894043
sd35_fp16,R50_TF,/media/SSD_4TB/crispy_storage/fake-images/sd35_fp16_p81_seed204.png,fake,0.6405,0.183
sd35_fp16,NPR,/media/SSD_4TB/crispy_storage/fake-images/sd35_fp16_p81_seed204.png,fake,0.8138687014579773,0.08964657783508301
sd15_fp16,CLIP-D,/media/SSD_4TB/crispy_storage/fake-images/sd15_fp16_p31_seed154.png,fake,0.97380530834198,0.061763763427734375
sd15_fp16,R50_TF,/media/SSD_4TB/crispy_storage/fake-images/sd15_fp16_p31_seed154.png,fake,0.6329,0.142
sd15_fp16,NPR,/media/SSD_4TB/crispy_storage/fake-images/sd15_fp16_p31_seed154.png,fake,0.9951404333114624,0.08886003494262695
sd15_fp16,CLIP-D,/media/SSD_4TB/crispy_storage/fake-images/sd15_fp16_p15_seed138.png,fake,0.9570709466934204,0.060678958892822266
sd15_fp16,R50_TF,/media/SSD_4TB/crispy_storage/fake-images/sd15_fp16_p15_seed138.png,real,0.3872,0.141
sd15_fp16,NPR,/media/SSD_4TB/crispy_storage/fake-images/sd15_fp16_p15_seed138.png,real,1.1371047321517835e-06,0.09056496620178223
sd3_fp8,CLIP-D,/media/SSD_4TB/crispy_storage/fake-images/sd3_fp8_p38_seed161.png,fake,0.9747540950775146,0.061014652252197266
sd3_fp8,R50_TF,/media/SSD_4TB/crispy_storage/fake-images/sd3_fp8_p38_seed161.png,fake,0.5319,0.177
sd3_fp8,NPR,/media/SSD_4TB/crispy_storage/fake-images/sd3_fp8_p38_seed161.png,fake,0.6690298318862915,0.08939433097839355
sd35_fp8,CLIP-D,/media/SSD_4TB/crispy_storage/fake-images/sd35_fp8_p97_seed220.png,fake,0.9635193943977356,0.06090188026428223
sd35_fp8,R50_TF,/media/SSD_4TB/crispy_storage/fake-images/sd35_fp8_p97_seed220.png,real,0.4387,0.179
sd35_fp8,NPR,/media/SSD_4TB/crispy_storage/fake-images/sd35_fp8_p97_seed220.png,real,0.22046373784542084,0.08844685554504395
sd15_fp8,CLIP-D,/media/SSD_4TB/crispy_storage/fake-images/sd15_fp8_p84_seed207.png,fake,0.9979519248008728,0.06305575370788574
sd15_fp8,R50_TF,/media/SSD_4TB/crispy_storage/fake-images/sd15_fp8_p84_seed207.png,real,0.3782,0.142
sd15_fp8,NPR,/media/SSD_4TB/crispy_storage/fake-images/sd15_fp8_p84_seed207.png,fake,0.814113438129425,0.09064865112304688
sd35_fp16,CLIP-D,/media/SSD_4TB/crispy_storage/fake-images/sd35_fp16_p23_seed146.png,fake,0.6505718231201172,0.06121492385864258
sd35_fp16,R50_TF,/media/SSD_4TB/crispy_storage/fake-images/sd35_fp16_p23_seed146.png,fake,0.6125,0.181
sd35_fp16,NPR,/media/SSD_4TB/crispy_storage/fake-images/sd35_fp16_p23_seed146.png,real,0.25060874223709106,0.09216022491455078
sd15_fp8,CLIP-D,/media/SSD_4TB/crispy_storage/fake-images/sd15_fp8_p0_seed123.png,fake,0.8678999543190002,0.06168198585510254
sd15_fp8,R50_TF,/media/SSD_4TB/crispy_storage/fake-images/sd15_fp8_p0_seed123.png,fake,0.5699,0.144
sd15_fp8,NPR,/media/SSD_4TB/crispy_storage/fake-images/sd15_fp8_p0_seed123.png,real,0.2947250306606293,0.08976078033447266
sd35_fp16,CLIP-D,/media/SSD_4TB/crispy_storage/fake-images/sd35_fp16_p21_seed144.png,fake,0.996113657951355,0.062181949615478516
sd35_fp16,R50_TF,/media/SSD_4TB/crispy_storage/fake-images/sd35_fp16_p21_seed144.png,real,0.3431,0.172
sd35_fp16,NPR,/media/SSD_4TB/crispy_storage/fake-images/sd35_fp16_p21_seed144.png,fake,0.9925854802131653,0.08968091011047363
sdxl_fp16,CLIP-D,/media/SSD_4TB/crispy_storage/fake-images/sdxl_fp16_p60_seed183.png,fake,0.9488977193832397,0.06159687042236328
sdxl_fp16,R50_TF,/media/SSD_4TB/crispy_storage/fake-images/sdxl_fp16_p60_seed183.png,fake,0.5522,0.179
sdxl_fp16,NPR,/media/SSD_4TB/crispy_storage/fake-images/sdxl_fp16_p60_seed183.png,fake,0.9701935648918152,0.0881197452545166
sd15_fp16,CLIP-D,/media/SSD_4TB/crispy_storage/fake-images/sd15_fp16_p78_seed201.png,fake,0.566704273223877,0.062223196029663086
sd15_fp16,R50_TF,/media/SSD_4TB/crispy_storage/fake-images/sd15_fp16_p78_seed201.png,real,0.3962,0.145
sd15_fp16,NPR,/media/SSD_4TB/crispy_storage/fake-images/sd15_fp16_p78_seed201.png,real,0.0002419535449007526,0.09069705009460449
sd35_fp8,CLIP-D,/media/SSD_4TB/crispy_storage/fake-images/sd35_fp8_p26_seed149.png,fake,0.9892936944961548,0.060683250427246094
sd35_fp8,R50_TF,/media/SSD_4TB/crispy_storage/fake-images/sd35_fp8_p26_seed149.png,fake,0.6674,0.18
sd35_fp8,NPR,/media/SSD_4TB/crispy_storage/fake-images/sd35_fp8_p26_seed149.png,real,0.22019651532173157,0.09447216987609863
pg25_fp4,CLIP-D,/media/SSD_4TB/crispy_storage/fake-images/pg25_fp4_p57_seed180.png,fake,0.9698572754859924,0.0608363151550293
pg25_fp4,R50_TF,/media/SSD_4TB/crispy_storage/fake-images/pg25_fp4_p57_seed180.png,fake,0.7295,0.177
pg25_fp4,NPR,/media/SSD_4TB/crispy_storage/fake-images/pg25_fp4_p57_seed180.png,fake,1.0,0.08984971046447754
sd3_fp4,CLIP-D,/media/SSD_4TB/crispy_storage/fake-images/sd3_fp4_p52_seed175.png,fake,0.9747158288955688,0.06169462203979492
sd3_fp4,R50_TF,/media/SSD_4TB/crispy_storage/fake-images/sd3_fp4_p52_seed175.png,fake,0.5655,0.177
sd3_fp4,NPR,/media/SSD_4TB/crispy_storage/fake-images/sd3_fp4_p52_seed175.png,real,0.007419338915497065,0.08948612213134766
sdxl_fp8,CLIP-D,/media/SSD_4TB/crispy_storage/fake-images/sdxl_fp8_p68_seed191.png,fake,0.9607528448104858,0.06107926368713379
sdxl_fp8,R50_TF,/media/SSD_4TB/crispy_storage/fake-images/sdxl_fp8_p68_seed191.png,fake,0.599,0.18
sdxl_fp8,NPR,/media/SSD_4TB/crispy_storage/fake-images/sdxl_fp8_p68_seed191.png,real,0.06899699568748474,0.09018158912658691
z-image_fp8,CLIP-D,/media/SSD_4TB/crispy_storage/fake-images/z-image_fp8_p0_seed123.png,fake,0.9744676351547241,0.060990333557128906
z-image_fp8,R50_TF,/media/SSD_4TB/crispy_storage/fake-images/z-image_fp8_p0_seed123.png,real,0.4107,0.182
z-image_fp8,NPR,/media/SSD_4TB/crispy_storage/fake-images/z-image_fp8_p0_seed123.png,fake,0.735878586769104,0.08739805221557617
sd3_fp8,CLIP-D,/media/SSD_4TB/crispy_storage/fake-images/sd3_fp8_p64_seed187.png,fake,0.9678585529327393,0.06081414222717285
sd3_fp8,R50_TF,/media/SSD_4TB/crispy_storage/fake-images/sd3_fp8_p64_seed187.png,fake,0.5631,0.176
sd3_fp8,NPR,/media/SSD_4TB/crispy_storage/fake-images/sd3_fp8_p64_seed187.png,real,0.13311487436294556,0.09126710891723633
z-image_fp16,CLIP-D,/media/SSD_4TB/crispy_storage/fake-images/z-image_fp16_p57_seed180.png,real,0.12224291265010834,0.061531782150268555
z-image_fp16,R50_TF,/media/SSD_4TB/crispy_storage/fake-images/z-image_fp16_p57_seed180.png,real,0.41,0.179
z-image_fp16,NPR,/media/SSD_4TB/crispy_storage/fake-images/z-image_fp16_p57_seed180.png,fake,0.9160469174385071,0.08996772766113281
sd15_fp4,CLIP-D,/media/SSD_4TB/crispy_storage/fake-images/sd15_fp4_p1_seed124.png,fake,0.9943389296531677,0.06122589111328125
sd15_fp4,R50_TF,/media/SSD_4TB/crispy_storage/fake-images/sd15_fp4_p1_seed124.png,fake,0.5801,0.141
sd15_fp4,NPR,/media/SSD_4TB/crispy_storage/fake-images/sd15_fp4_p1_seed124.png,fake,0.9770621061325073,0.09010839462280273
sd3_fp16,CLIP-D,/media/SSD_4TB/crispy_storage/fake-images/sd3_fp16_p50_seed173.png,fake,0.9519189596176147,0.06108450889587402
sd3_fp16,R50_TF,/media/SSD_4TB/crispy_storage/fake-images/sd3_fp16_p50_seed173.png,real,0.4557,0.177
sd3_fp16,NPR,/media/SSD_4TB/crispy_storage/fake-images/sd3_fp16_p50_seed173.png,real,0.006018869578838348,0.08741497993469238
sd35_fp4,CLIP-D,/media/SSD_4TB/crispy_storage/fake-images/sd35_fp4_p85_seed208.png,fake,0.8965340256690979,0.06156039237976074
sd35_fp4,R50_TF,/media/SSD_4TB/crispy_storage/fake-images/sd35_fp4_p85_seed208.png,real,0.3648,0.18
sd35_fp4,NPR,/media/SSD_4TB/crispy_storage/fake-images/sd35_fp4_p85_seed208.png,real,1.8246655599796213e-05,0.08972287178039551
sd15_fp16,CLIP-D,/media/SSD_4TB/crispy_storage/fake-images/sd15_fp16_p70_seed193.png,fake,0.9965147972106934,0.0616610050201416
sd15_fp16,R50_TF,/media/SSD_4TB/crispy_storage/fake-images/sd15_fp16_p70_seed193.png,fake,0.5685,0.146
sd15_fp16,NPR,/media/SSD_4TB/crispy_storage/fake-images/sd15_fp16_p70_seed193.png,real,0.484750360250473,0.09035205841064453
sd3_fp16,CLIP-D,/media/SSD_4TB/crispy_storage/fake-images/sd3_fp16_p23_seed146.png,real,0.004151925444602966,0.06391334533691406
sd3_fp16,R50_TF,/media/SSD_4TB/crispy_storage/fake-images/sd3_fp16_p23_seed146.png,real,0.4134,0.18
sd3_fp16,NPR,/media/SSD_4TB/crispy_storage/fake-images/sd3_fp16_p23_seed146.png,real,0.0031284112483263016,0.09033322334289551
sdxl_fp16,CLIP-D,/media/SSD_4TB/crispy_storage/fake-images/sdxl_fp16_p43_seed166.png,fake,0.9970499277114868,0.06226849555969238
sdxl_fp16,R50_TF,/media/SSD_4TB/crispy_storage/fake-images/sdxl_fp16_p43_seed166.png,fake,0.582,0.175
sdxl_fp16,NPR,/media/SSD_4TB/crispy_storage/fake-images/sdxl_fp16_p43_seed166.png,fake,0.9999864101409912,0.0897059440612793
z-image_fp16,CLIP-D,/media/SSD_4TB/crispy_storage/fake-images/z-image_fp16_p15_seed138.png,fake,0.9738298058509827,0.06258869171142578
z-image_fp16,R50_TF,/media/SSD_4TB/crispy_storage/fake-images/z-image_fp16_p15_seed138.png,fake,0.5472,0.177
z-image_fp16,NPR,/media/SSD_4TB/crispy_storage/fake-images/z-image_fp16_p15_seed138.png,fake,0.9999992847442627,0.09177231788635254
sd3_fp4,CLIP-D,/media/SSD_4TB/crispy_storage/fake-images/sd3_fp4_p80_seed203.png,fake,0.9724226593971252,0.06261706352233887
sd3_fp4,R50_TF,/media/SSD_4TB/crispy_storage/fake-images/sd3_fp4_p80_seed203.png,real,0.4046,0.183
sd3_fp4,NPR,/media/SSD_4TB/crispy_storage/fake-images/sd3_fp4_p80_seed203.png,real,0.004994048736989498,0.09025120735168457
z-image_fp16,CLIP-D,/media/SSD_4TB/crispy_storage/fake-images/z-image_fp16_p0_seed123.png,fake,0.8773426413536072,0.06282472610473633
z-image_fp16,R50_TF,/media/SSD_4TB/crispy_storage/fake-images/z-image_fp16_p0_seed123.png,real,0.4107,0.177
z-image_fp16,NPR,/media/SSD_4TB/crispy_storage/fake-images/z-image_fp16_p0_seed123.png,fake,0.9997637867927551,0.09110331535339355
sdxl_fp4,CLIP-D,/media/SSD_4TB/crispy_storage/fake-images/sdxl_fp4_p55_seed178.png,fake,0.9960026144981384,0.06153988838195801
sdxl_fp4,R50_TF,/media/SSD_4TB/crispy_storage/fake-images/sdxl_fp4_p55_seed178.png,fake,0.6046,0.179
sdxl_fp4,NPR,/media/SSD_4TB/crispy_storage/fake-images/sdxl_fp4_p55_seed178.png,real,0.2686600089073181,0.08883428573608398
pg25_fp16,CLIP-D,/media/SSD_4TB/crispy_storage/fake-images/pg25_fp16_p37_seed160.png,fake,0.9862577319145203,0.06324219703674316
pg25_fp16,R50_TF,/media/SSD_4TB/crispy_storage/fake-images/pg25_fp16_p37_seed160.png,fake,0.6322,0.183
pg25_fp16,NPR,/media/SSD_4TB/crispy_storage/fake-images/pg25_fp16_p37_seed160.png,fake,0.9999979734420776,0.09207344055175781
sd3_fp16,CLIP-D,/media/SSD_4TB/crispy_storage/fake-images/sd3_fp16_p82_seed205.png,fake,0.9742843508720398,0.06337976455688477
sd3_fp16,R50_TF,/media/SSD_4TB/crispy_storage/fake-images/sd3_fp16_p82_seed205.png,real,0.4779,0.179
sd3_fp16,NPR,/media/SSD_4TB/crispy_storage/fake-images/sd3_fp16_p82_seed205.png,fake,0.9999984502792358,0.08922529220581055
z-image_fp16,CLIP-D,/media/SSD_4TB/crispy_storage/fake-images/z-image_fp16_p70_seed193.png,fake,0.932959258556366,0.06217813491821289
z-image_fp16,R50_TF,/media/SSD_4TB/crispy_storage/fake-images/z-image_fp16_p70_seed193.png,real,0.4003,0.181
z-image_fp16,NPR,/media/SSD_4TB/crispy_storage/fake-images/z-image_fp16_p70_seed193.png,real,0.0707654058933258,0.08954358100891113
sdxl_fp8,CLIP-D,/media/SSD_4TB/crispy_storage/fake-images/sdxl_fp8_p47_seed170.png,fake,0.9936390519142151,0.060929059982299805
sdxl_fp8,R50_TF,/media/SSD_4TB/crispy_storage/fake-images/sdxl_fp8_p47_seed170.png,fake,0.585,0.177
sdxl_fp8,NPR,/media/SSD_4TB/crispy_storage/fake-images/sdxl_fp8_p47_seed170.png,fake,0.9999986886978149,0.08903336524963379
sd15_fp8,CLIP-D,/media/SSD_4TB/crispy_storage/fake-images/sd15_fp8_p38_seed161.png,fake,0.9675896167755127,0.06257081031799316
sd15_fp8,R50_TF,/media/SSD_4TB/crispy_storage/fake-images/sd15_fp8_p38_seed161.png,real,0.4043,0.138
sd15_fp8,NPR,/media/SSD_4TB/crispy_storage/fake-images/sd15_fp8_p38_seed161.png,real,6.550204125232995e-05,0.09135079383850098
sdxl_fp8,CLIP-D,/media/SSD_4TB/crispy_storage/fake-images/sdxl_fp8_p41_seed164.png,fake,0.9354671239852905,0.0636138916015625
sdxl_fp8,R50_TF,/media/SSD_4TB/crispy_storage/fake-images/sdxl_fp8_p41_seed164.png,fake,0.5583,0.183
sdxl_fp8,NPR,/media/SSD_4TB/crispy_storage/fake-images/sdxl_fp8_p41_seed164.png,fake,0.9999270439147949,0.09068703651428223
sd35_fp8,CLIP-D,/media/SSD_4TB/crispy_storage/fake-images/sd35_fp8_p69_seed192.png,fake,0.9830581545829773,0.06302905082702637
sd35_fp8,R50_TF,/media/SSD_4TB/crispy_storage/fake-images/sd35_fp8_p69_seed192.png,fake,0.6297,0.174
sd35_fp8,NPR,/media/SSD_4TB/crispy_storage/fake-images/sd35_fp8_p69_seed192.png,fake,0.9994555115699768,0.08943819999694824
sd3_fp4,CLIP-D,/media/SSD_4TB/crispy_storage/fake-images/sd3_fp4_p32_seed155.png,fake,0.9613130688667297,0.0623631477355957
sd3_fp4,R50_TF,/media/SSD_4TB/crispy_storage/fake-images/sd3_fp4_p32_seed155.png,real,0.4387,0.178
sd3_fp4,NPR,/media/SSD_4TB/crispy_storage/fake-images/sd3_fp4_p32_seed155.png,real,0.31553229689598083,0.08874702453613281
pg25_fp16,CLIP-D,/media/SSD_4TB/crispy_storage/fake-images/pg25_fp16_p46_seed169.png,fake,0.994392991065979,0.061101675033569336
pg25_fp16,R50_TF,/media/SSD_4TB/crispy_storage/fake-images/pg25_fp16_p46_seed169.png,fake,0.5936,0.179
pg25_fp16,NPR,/media/SSD_4TB/crispy_storage/fake-images/pg25_fp16_p46_seed169.png,fake,0.9999617338180542,0.09148216247558594
sd3_fp8,CLIP-D,/media/SSD_4TB/crispy_storage/fake-images/sd3_fp8_p1_seed124.png,fake,0.9969742298126221,0.061248779296875
sd3_fp8,R50_TF,/media/SSD_4TB/crispy_storage/fake-images/sd3_fp8_p1_seed124.png,fake,0.6129,0.173
sd3_fp8,NPR,/media/SSD_4TB/crispy_storage/fake-images/sd3_fp8_p1_seed124.png,fake,0.9998371601104736,0.09007692337036133
sd35_fp8,CLIP-D,/media/SSD_4TB/crispy_storage/fake-images/sd35_fp8_p15_seed138.png,fake,0.9832557439804077,0.06114625930786133
sd35_fp8,R50_TF,/media/SSD_4TB/crispy_storage/fake-images/sd35_fp8_p15_seed138.png,real,0.4438,0.175
sd35_fp8,NPR,/media/SSD_4TB/crispy_storage/fake-images/sd35_fp8_p15_seed138.png,fake,0.9998303651809692,0.09116387367248535
sd15_fp4,CLIP-D,/media/SSD_4TB/crispy_storage/fake-images/sd15_fp4_p27_seed150.png,fake,0.9126055240631104,0.062432289123535156
sd15_fp4,R50_TF,/media/SSD_4TB/crispy_storage/fake-images/sd15_fp4_p27_seed150.png,fake,0.5619,0.141
sd15_fp4,NPR,/media/SSD_4TB/crispy_storage/fake-images/sd15_fp4_p27_seed150.png,fake,0.9068059325218201,0.09051346778869629
sd15_fp16,CLIP-D,/media/SSD_4TB/crispy_storage/fake-images/sd15_fp16_p66_seed189.png,fake,0.5658599138259888,0.0610353946685791
sd15_fp16,R50_TF,/media/SSD_4TB/crispy_storage/fake-images/sd15_fp16_p66_seed189.png,fake,0.531,0.143
sd15_fp16,NPR,/media/SSD_4TB/crispy_storage/fake-images/sd15_fp16_p66_seed189.png,real,3.0056653486099094e-05,0.08775901794433594
z-image_fp4,CLIP-D,/media/SSD_4TB/crispy_storage/fake-images/z-image_fp4_p5_seed128.png,fake,0.8344751596450806,0.06488394737243652
z-image_fp4,R50_TF,/media/SSD_4TB/crispy_storage/fake-images/z-image_fp4_p5_seed128.png,fake,0.5574,0.178
z-image_fp4,NPR,/media/SSD_4TB/crispy_storage/fake-images/z-image_fp4_p5_seed128.png,fake,0.9756098985671997,0.09001708030700684
sdxl_fp16,CLIP-D,/media/SSD_4TB/crispy_storage/fake-images/sdxl_fp16_p11_seed134.png,fake,0.9948849081993103,0.06219625473022461
sdxl_fp16,R50_TF,/media/SSD_4TB/crispy_storage/fake-images/sdxl_fp16_p11_seed134.png,fake,0.603,0.177
sdxl_fp16,NPR,/media/SSD_4TB/crispy_storage/fake-images/sdxl_fp16_p11_seed134.png,fake,0.9998778104782104,0.08952856063842773
sd35_fp4,CLIP-D,/media/SSD_4TB/crispy_storage/fake-images/sd35_fp4_p96_seed219.png,fake,0.9986371397972107,0.06127762794494629
sd35_fp4,R50_TF,/media/SSD_4TB/crispy_storage/fake-images/sd35_fp4_p96_seed219.png,fake,0.5613,0.174
sd35_fp4,NPR,/media/SSD_4TB/crispy_storage/fake-images/sd35_fp4_p96_seed219.png,fake,0.9981999397277832,0.09217715263366699
pg25_fp16,CLIP-D,/media/SSD_4TB/crispy_storage/fake-images/pg25_fp16_p84_seed207.png,fake,0.9958677291870117,0.07989096641540527
pg25_fp16,R50_TF,/media/SSD_4TB/crispy_storage/fake-images/pg25_fp16_p84_seed207.png,real,0.3839,0.179
pg25_fp16,NPR,/media/SSD_4TB/crispy_storage/fake-images/pg25_fp16_p84_seed207.png,fake,0.922329306602478,0.09019351005554199
sdxl_fp8,CLIP-D,/media/SSD_4TB/crispy_storage/fake-images/sdxl_fp8_p57_seed180.png,fake,0.9863590598106384,0.06271529197692871
sdxl_fp8,R50_TF,/media/SSD_4TB/crispy_storage/fake-images/sdxl_fp8_p57_seed180.png,fake,0.631,0.179
sdxl_fp8,NPR,/media/SSD_4TB/crispy_storage/fake-images/sdxl_fp8_p57_seed180.png,fake,1.0,0.09028482437133789
sd35_fp16,CLIP-D,/media/SSD_4TB/crispy_storage/fake-images/sd35_fp16_p22_seed145.png,fake,0.970404326915741,0.06094551086425781
sd35_fp16,R50_TF,/media/SSD_4TB/crispy_storage/fake-images/sd35_fp16_p22_seed145.png,fake,0.5479,0.176
sd35_fp16,NPR,/media/SSD_4TB/crispy_storage/fake-images/sd35_fp16_p22_seed145.png,real,0.004747526720166206,0.09017109870910645
z-image_fp16,CLIP-D,/media/SSD_4TB/crispy_storage/fake-images/z-image_fp16_p32_seed155.png,fake,0.5035625696182251,0.06154751777648926
z-image_fp16,R50_TF,/media/SSD_4TB/crispy_storage/fake-images/z-image_fp16_p32_seed155.png,real,0.4437,0.179
z-image_fp16,NPR,/media/SSD_4TB/crispy_storage/fake-images/z-image_fp16_p32_seed155.png,fake,0.5238575339317322,0.08949065208435059
sdxl_fp4,CLIP-D,/media/SSD_4TB/crispy_storage/fake-images/sdxl_fp4_p94_seed217.png,fake,0.9594602584838867,0.06078672409057617
sdxl_fp4,R50_TF,/media/SSD_4TB/crispy_storage/fake-images/sdxl_fp4_p94_seed217.png,fake,0.5798,0.175
sdxl_fp4,NPR,/media/SSD_4TB/crispy_storage/fake-images/sdxl_fp4_p94_seed217.png,fake,1.0,0.08925390243530273
sdxl_fp16,CLIP-D,/media/SSD_4TB/crispy_storage/fake-images/sdxl_fp16_p63_seed186.png,real,0.12507547438144684,0.061423301696777344
sdxl_fp16,R50_TF,/media/SSD_4TB/crispy_storage/fake-images/sdxl_fp16_p63_seed186.png,real,0.4182,0.179
sdxl_fp16,NPR,/media/SSD_4TB/crispy_storage/fake-images/sdxl_fp16_p63_seed186.png,real,1.9373432635916288e-08,0.09317398071289062
z-image_fp16,CLIP-D,/media/SSD_4TB/crispy_storage/fake-images/z-image_fp16_p66_seed189.png,real,0.10817494988441467,0.06152939796447754
z-image_fp16,R50_TF,/media/SSD_4TB/crispy_storage/fake-images/z-image_fp16_p66_seed189.png,real,0.3873,0.18
z-image_fp16,NPR,/media/SSD_4TB/crispy_storage/fake-images/z-image_fp16_p66_seed189.png,real,5.600137598094079e-08,0.09114432334899902
sd35_fp8,CLIP-D,/media/SSD_4TB/crispy_storage/fake-images/sd35_fp8_p95_seed218.png,fake,0.9756818413734436,0.06150364875793457
sd35_fp8,R50_TF,/media/SSD_4TB/crispy_storage/fake-images/sd35_fp8_p95_seed218.png,fake,0.5554,0.178
sd35_fp8,NPR,/media/SSD_4TB/crispy_storage/fake-images/sd35_fp8_p95_seed218.png,real,0.026873447000980377,0.09140205383300781
sdxl_fp16,CLIP-D,/media/SSD_4TB/crispy_storage/fake-images/sdxl_fp16_p10_seed133.png,fake,0.9804407358169556,0.06171059608459473
sdxl_fp16,R50_TF,/media/SSD_4TB/crispy_storage/fake-images/sdxl_fp16_p10_seed133.png,fake,0.5747,0.18
sdxl_fp16,NPR,/media/SSD_4TB/crispy_storage/fake-images/sdxl_fp16_p10_seed133.png,fake,1.0,0.0896608829498291
sd15_fp4,CLIP-D,/media/SSD_4TB/crispy_storage/fake-images/sd15_fp4_p51_seed174.png,fake,0.9772465229034424,0.0607457160949707
sd15_fp4,R50_TF,/media/SSD_4TB/crispy_storage/fake-images/sd15_fp4_p51_seed174.png,fake,0.6051,0.141
sd15_fp4,NPR,/media/SSD_4TB/crispy_storage/fake-images/sd15_fp4_p51_seed174.png,real,0.2697734236717224,0.08966445922851562
sd15_fp16,CLIP-D,/media/SSD_4TB/crispy_storage/fake-images/sd15_fp16_p87_seed210.png,fake,0.9843214750289917,0.06058239936828613
sd15_fp16,R50_TF,/media/SSD_4TB/crispy_storage/fake-images/sd15_fp16_p87_seed210.png,fake,0.5713,0.143
sd15_fp16,NPR,/media/SSD_4TB/crispy_storage/fake-images/sd15_fp16_p87_seed210.png,fake,0.7662478685379028,0.09040451049804688
sd35_fp4,CLIP-D,/media/SSD_4TB/crispy_storage/fake-images/sd35_fp4_p73_seed196.png,fake,0.9920271039009094,0.06287360191345215
sd35_fp4,R50_TF,/media/SSD_4TB/crispy_storage/fake-images/sd35_fp4_p73_seed196.png,real,0.4653,0.176
sd35_fp4,NPR,/media/SSD_4TB/crispy_storage/fake-images/sd35_fp4_p73_seed196.png,fake,0.9941884279251099,0.08950018882751465
z-image_fp4,CLIP-D,/media/SSD_4TB/crispy_storage/fake-images/z-image_fp4_p4_seed127.png,fake,0.9795761108398438,0.06260204315185547
z-image_fp4,R50_TF,/media/SSD_4TB/crispy_storage/fake-images/z-image_fp4_p4_seed127.png,real,0.4362,0.179
z-image_fp4,NPR,/media/SSD_4TB/crispy_storage/fake-images/z-image_fp4_p4_seed127.png,real,0.0016225390136241913,0.09299468994140625
sd3_fp4,CLIP-D,/media/SSD_4TB/crispy_storage/fake-images/sd3_fp4_p83_seed206.png,fake,0.9668794870376587,0.06280970573425293
sd3_fp4,R50_TF,/media/SSD_4TB/crispy_storage/fake-images/sd3_fp4_p83_seed206.png,real,0.4035,0.176
sd3_fp4,NPR,/media/SSD_4TB/crispy_storage/fake-images/sd3_fp4_p83_seed206.png,real,4.2719502744148485e-06,0.09119749069213867
sdxl_fp16,CLIP-D,/media/SSD_4TB/crispy_storage/fake-images/sdxl_fp16_p77_seed200.png,fake,0.9963963627815247,0.06150317192077637
sdxl_fp16,R50_TF,/media/SSD_4TB/crispy_storage/fake-images/sdxl_fp16_p77_seed200.png,fake,0.6375,0.178
sdxl_fp16,NPR,/media/SSD_4TB/crispy_storage/fake-images/sdxl_fp16_p77_seed200.png,fake,0.9999991655349731,0.08952713012695312
pg25_fp16,CLIP-D,/media/SSD_4TB/crispy_storage/fake-images/pg25_fp16_p22_seed145.png,fake,0.9885128736495972,0.0620884895324707
pg25_fp16,R50_TF,/media/SSD_4TB/crispy_storage/fake-images/pg25_fp16_p22_seed145.png,fake,0.7052,0.18
pg25_fp16,NPR,/media/SSD_4TB/crispy_storage/fake-images/pg25_fp16_p22_seed145.png,fake,0.9995288848876953,0.08778738975524902
sd3_fp16,CLIP-D,/media/SSD_4TB/crispy_storage/fake-images/sd3_fp16_p92_seed215.png,fake,0.9953820109367371,0.06103992462158203
sd3_fp16,R50_TF,/media/SSD_4TB/crispy_storage/fake-images/sd3_fp16_p92_seed215.png,fake,0.5732,0.176
sd3_fp16,NPR,/media/SSD_4TB/crispy_storage/fake-images/sd3_fp16_p92_seed215.png,fake,0.9999967813491821,0.09171557426452637
sd35_fp16,CLIP-D,/media/SSD_4TB/crispy_storage/fake-images/sd35_fp16_p48_seed171.png,fake,0.9892621636390686,0.06373429298400879
sd35_fp16,R50_TF,/media/SSD_4TB/crispy_storage/fake-images/sd35_fp16_p48_seed171.png,fake,0.5813,0.182
sd35_fp16,NPR,/media/SSD_4TB/crispy_storage/fake-images/sd35_fp16_p48_seed171.png,fake,1.0,0.09058284759521484
sd15_fp8,CLIP-D,/media/SSD_4TB/crispy_storage/fake-images/sd15_fp8_p65_seed188.png,fake,0.8956223726272583,0.06124997138977051
sd15_fp8,R50_TF,/media/SSD_4TB/crispy_storage/fake-images/sd15_fp8_p65_seed188.png,real,0.4383,0.146
sd15_fp8,NPR,/media/SSD_4TB/crispy_storage/fake-images/sd15_fp8_p65_seed188.png,real,0.0015808128518983722,0.09147953987121582
sd35_fp16,CLIP-D,/media/SSD_4TB/crispy_storage/fake-images/sd35_fp16_p55_seed178.png,fake,0.7931262254714966,0.06253337860107422
sd35_fp16,R50_TF,/media/SSD_4TB/crispy_storage/fake-images/sd35_fp16_p55_seed178.png,real,0.4488,0.177
sd35_fp16,NPR,/media/SSD_4TB/crispy_storage/fake-images/sd35_fp16_p55_seed178.png,real,0.09731784462928772,0.09301233291625977
sd15_fp16,CLIP-D,/media/SSD_4TB/crispy_storage/fake-images/sd15_fp16_p36_seed159.png,fake,0.7463369369506836,0.06071281433105469
sd15_fp16,R50_TF,/media/SSD_4TB/crispy_storage/fake-images/sd15_fp16_p36_seed159.png,real,0.4149,0.144
sd15_fp16,NPR,/media/SSD_4TB/crispy_storage/fake-images/sd15_fp16_p36_seed159.png,real,1.2097585567971691e-05,0.08754873275756836
sdxl_fp16,CLIP-D,/media/SSD_4TB/crispy_storage/fake-images/sdxl_fp16_p40_seed163.png,fake,0.9984278678894043,0.062407493591308594
sdxl_fp16,R50_TF,/media/SSD_4TB/crispy_storage/fake-images/sdxl_fp16_p40_seed163.png,fake,0.5886,0.179
sdxl_fp16,NPR,/media/SSD_4TB/crispy_storage/fake-images/sdxl_fp16_p40_seed163.png,fake,1.0,0.09052848815917969
sd35_fp4,CLIP-D,/media/SSD_4TB/crispy_storage/fake-images/sd35_fp4_p60_seed183.png,fake,0.8715454339981079,0.06328678131103516
sd35_fp4,R50_TF,/media/SSD_4TB/crispy_storage/fake-images/sd35_fp4_p60_seed183.png,fake,0.5594,0.181
sd35_fp4,NPR,/media/SSD_4TB/crispy_storage/fake-images/sd35_fp4_p60_seed183.png,real,0.0023062219843268394,0.08911561965942383
pg25_fp4,CLIP-D,/media/SSD_4TB/crispy_storage/fake-images/pg25_fp4_p13_seed136.png,fake,0.927344799041748,0.06250166893005371
pg25_fp4,R50_TF,/media/SSD_4TB/crispy_storage/fake-images/pg25_fp4_p13_seed136.png,fake,0.5805,0.185
pg25_fp4,NPR,/media/SSD_4TB/crispy_storage/fake-images/pg25_fp4_p13_seed136.png,fake,0.9835354089736938,0.09074234962463379
pg25_fp4,CLIP-D,/media/SSD_4TB/crispy_storage/fake-images/pg25_fp4_p47_seed170.png,fake,0.994615375995636,0.06133604049682617
pg25_fp4,R50_TF,/media/SSD_4TB/crispy_storage/fake-images/pg25_fp4_p47_seed170.png,fake,0.5982,0.179
pg25_fp4,NPR,/media/SSD_4TB/crispy_storage/fake-images/pg25_fp4_p47_seed170.png,real,0.06165032088756561,0.09050965309143066
sd15_fp8,CLIP-D,/media/SSD_4TB/crispy_storage/fake-images/sd15_fp8_p77_seed200.png,fake,0.9504704475402832,0.06327056884765625
sd15_fp8,R50_TF,/media/SSD_4TB/crispy_storage/fake-images/sd15_fp8_p77_seed200.png,fake,0.582,0.142
sd15_fp8,NPR,/media/SSD_4TB/crispy_storage/fake-images/sd15_fp8_p77_seed200.png,fake,0.9999175071716309,0.09026360511779785
pg25_fp4,CLIP-D,/media/SSD_4TB/crispy_storage/fake-images/pg25_fp4_p29_seed152.png,fake,0.9971625208854675,0.06142067909240723
pg25_fp4,R50_TF,/media/SSD_4TB/crispy_storage/fake-images/pg25_fp4_p29_seed152.png,fake,0.7208,0.178
pg25_fp4,NPR,/media/SSD_4TB/crispy_storage/fake-images/pg25_fp4_p29_seed152.png,fake,0.9997277855873108,0.09288883209228516
sd35_fp4,CLIP-D,/media/SSD_4TB/crispy_storage/fake-images/sd35_fp4_p66_seed189.png,fake,0.9184935688972473,0.06108236312866211
sd35_fp4,R50_TF,/media/SSD_4TB/crispy_storage/fake-images/sd35_fp4_p66_seed189.png,real,0.4621,0.175
sd35_fp4,NPR,/media/SSD_4TB/crispy_storage/fake-images/sd35_fp4_p66_seed189.png,fake,0.900945782661438,0.09010815620422363
sd3_fp8,CLIP-D,/media/SSD_4TB/crispy_storage/fake-images/sd3_fp8_p63_seed186.png,real,0.16582238674163818,0.06246042251586914
sd3_fp8,R50_TF,/media/SSD_4TB/crispy_storage/fake-images/sd3_fp8_p63_seed186.png,real,0.4742,0.18
sd3_fp8,NPR,/media/SSD_4TB/crispy_storage/fake-images/sd3_fp8_p63_seed186.png,real,9.7764738526962e-09,0.08899378776550293
sd3_fp4,CLIP-D,/media/SSD_4TB/crispy_storage/fake-images/sd3_fp4_p64_seed187.png,fake,0.959138035774231,0.061254024505615234
sd3_fp4,R50_TF,/media/SSD_4TB/crispy_storage/fake-images/sd3_fp4_p64_seed187.png,fake,0.5508,0.178
sd3_fp4,NPR,/media/SSD_4TB/crispy_storage/fake-images/sd3_fp4_p64_seed187.png,real,0.0370575375854969,0.09099936485290527
sd35_fp16,CLIP-D,/media/SSD_4TB/crispy_storage/fake-images/sd35_fp16_p17_seed140.png,fake,0.9524291157722473,0.06128334999084473
sd35_fp16,R50_TF,/media/SSD_4TB/crispy_storage/fake-images/sd35_fp16_p17_seed140.png,fake,0.5458,0.181
sd35_fp16,NPR,/media/SSD_4TB/crispy_storage/fake-images/sd35_fp16_p17_seed140.png,fake,0.9999579191207886,0.0897057056427002
pg25_fp4,CLIP-D,/media/SSD_4TB/crispy_storage/fake-images/pg25_fp4_p0_seed123.png,fake,0.9949048757553101,0.0628805160522461
pg25_fp4,R50_TF,/media/SSD_4TB/crispy_storage/fake-images/pg25_fp4_p0_seed123.png,fake,0.6092,0.179
pg25_fp4,NPR,/media/SSD_4TB/crispy_storage/fake-images/pg25_fp4_p0_seed123.png,fake,0.998573899269104,0.08788061141967773
sd35_fp4,CLIP-D,/media/SSD_4TB/crispy_storage/fake-images/sd35_fp4_p40_seed163.png,fake,0.9940235018730164,0.061342477798461914
sd35_fp4,R50_TF,/media/SSD_4TB/crispy_storage/fake-images/sd35_fp4_p40_seed163.png,fake,0.5947,0.172
sd35_fp4,NPR,/media/SSD_4TB/crispy_storage/fake-images/sd35_fp4_p40_seed163.png,real,5.410258745541796e-05,0.09542012214660645
sd15_fp8,CLIP-D,/media/SSD_4TB/crispy_storage/fake-images/sd15_fp8_p73_seed196.png,fake,0.8598645329475403,0.061559438705444336
sd15_fp8,R50_TF,/media/SSD_4TB/crispy_storage/fake-images/sd15_fp8_p73_seed196.png,fake,0.5942,0.143
sd15_fp8,NPR,/media/SSD_4TB/crispy_storage/fake-images/sd15_fp8_p73_seed196.png,real,0.006201989017426968,0.08943367004394531
sd15_fp4,CLIP-D,/media/SSD_4TB/crispy_storage/fake-images/sd15_fp4_p64_seed187.png,fake,0.8034954071044922,0.06090283393859863
sd15_fp4,R50_TF,/media/SSD_4TB/crispy_storage/fake-images/sd15_fp4_p64_seed187.png,fake,0.5539,0.142
sd15_fp4,NPR,/media/SSD_4TB/crispy_storage/fake-images/sd15_fp4_p64_seed187.png,fake,0.980639636516571,0.09044456481933594
z-image_fp4,CLIP-D,/media/SSD_4TB/crispy_storage/fake-images/z-image_fp4_p0_seed123.png,fake,0.9921926856040955,0.061835527420043945
z-image_fp4,R50_TF,/media/SSD_4TB/crispy_storage/fake-images/z-image_fp4_p0_seed123.png,fake,0.5617,0.186
z-image_fp4,NPR,/media/SSD_4TB/crispy_storage/fake-images/z-image_fp4_p0_seed123.png,fake,0.9868735671043396,0.09162569046020508
z-image_fp8,CLIP-D,/media/SSD_4TB/crispy_storage/fake-images/z-image_fp8_p3_seed126.png,real,0.4495495855808258,0.06289935111999512
z-image_fp8,R50_TF,/media/SSD_4TB/crispy_storage/fake-images/z-image_fp8_p3_seed126.png,fake,0.5341,0.18
z-image_fp8,NPR,/media/SSD_4TB/crispy_storage/fake-images/z-image_fp8_p3_seed126.png,fake,0.9929882884025574,0.0889747142791748
sdxl_fp16,CLIP-D,/media/SSD_4TB/crispy_storage/fake-images/sdxl_fp16_p92_seed215.png,fake,0.9983495473861694,0.0633382797241211
sdxl_fp16,R50_TF,/media/SSD_4TB/crispy_storage/fake-images/sdxl_fp16_p92_seed215.png,fake,0.6039,0.172
sdxl_fp16,NPR,/media/SSD_4TB/crispy_storage/fake-images/sdxl_fp16_p92_seed215.png,fake,0.9999465942382812,0.0891122817993164
sd15_fp4,CLIP-D,/media/SSD_4TB/crispy_storage/fake-images/sd15_fp4_p49_seed172.png,real,0.3838646411895752,0.06323671340942383
sd15_fp4,R50_TF,/media/SSD_4TB/crispy_storage/fake-images/sd15_fp4_p49_seed172.png,fake,0.5786,0.14
sd15_fp4,NPR,/media/SSD_4TB/crispy_storage/fake-images/sd15_fp4_p49_seed172.png,real,0.2058706432580948,0.09459996223449707
sd3_fp8,CLIP-D,/media/SSD_4TB/crispy_storage/fake-images/sd3_fp8_p23_seed146.png,real,0.0086417431011796,0.06186819076538086
sd3_fp8,R50_TF,/media/SSD_4TB/crispy_storage/fake-images/sd3_fp8_p23_seed146.png,fake,0.5806,0.179
sd3_fp8,NPR,/media/SSD_4TB/crispy_storage/fake-images/sd3_fp8_p23_seed146.png,real,0.0003141296620015055,0.08923482894897461
pg25_fp4,CLIP-D,/media/SSD_4TB/crispy_storage/fake-images/pg25_fp4_p2_seed125.png,fake,0.9358174800872803,0.06178903579711914
pg25_fp4,R50_TF,/media/SSD_4TB/crispy_storage/fake-images/pg25_fp4_p2_seed125.png,fake,0.5774,0.182
pg25_fp4,NPR,/media/SSD_4TB/crispy_storage/fake-images/pg25_fp4_p2_seed125.png,fake,0.9997345805168152,0.09140706062316895
z-image_fp16,CLIP-D,/media/SSD_4TB/crispy_storage/fake-images/z-image_fp16_p59_seed182.png,fake,0.8775179982185364,0.06229972839355469
z-image_fp16,R50_TF,/media/SSD_4TB/crispy_storage/fake-images/z-image_fp16_p59_seed182.png,real,0.4258,0.18
z-image_fp16,NPR,/media/SSD_4TB/crispy_storage/fake-images/z-image_fp16_p59_seed182.png,fake,0.9926553964614868,0.08912420272827148
sd15_fp4,CLIP-D,/media/SSD_4TB/crispy_storage/fake-images/sd15_fp4_p94_seed217.png,fake,0.9300872087478638,0.062288522720336914
sd15_fp4,R50_TF,/media/SSD_4TB/crispy_storage/fake-images/sd15_fp4_p94_seed217.png,fake,0.5474,0.144
sd15_fp4,NPR,/media/SSD_4TB/crispy_storage/fake-images/sd15_fp4_p94_seed217.png,fake,0.8398052453994751,0.09006166458129883
sd35_fp8,CLIP-D,/media/SSD_4TB/crispy_storage/fake-images/sd35_fp8_p82_seed205.png,fake,0.9969556331634521,0.06104755401611328
sd35_fp8,R50_TF,/media/SSD_4TB/crispy_storage/fake-images/sd35_fp8_p82_seed205.png,real,0.4606,0.174
sd35_fp8,NPR,/media/SSD_4TB/crispy_storage/fake-images/sd35_fp8_p82_seed205.png,fake,0.9974347949028015,0.08959388732910156
sd15_fp4,CLIP-D,/media/SSD_4TB/crispy_storage/fake-images/sd15_fp4_p98_seed221.png,real,0.4796494245529175,0.06315875053405762
sd15_fp4,R50_TF,/media/SSD_4TB/crispy_storage/fake-images/sd15_fp4_p98_seed221.png,real,0.3959,0.143
sd15_fp4,NPR,/media/SSD_4TB/crispy_storage/fake-images/sd15_fp4_p98_seed221.png,real,0.03681647777557373,0.08988332748413086
z-image_fp16,CLIP-D,/media/SSD_4TB/crispy_storage/fake-images/z-image_fp16_p33_seed156.png,fake,0.9768709540367126,0.0614619255065918
z-image_fp16,R50_TF,/media/SSD_4TB/crispy_storage/fake-images/z-image_fp16_p33_seed156.png,real,0.3893,0.18
z-image_fp16,NPR,/media/SSD_4TB/crispy_storage/fake-images/z-image_fp16_p33_seed156.png,fake,0.991517961025238,0.09024763107299805
sd35_fp8,CLIP-D,/media/SSD_4TB/crispy_storage/fake-images/sd35_fp8_p76_seed199.png,fake,0.9976040720939636,0.06195402145385742
sd35_fp8,R50_TF,/media/SSD_4TB/crispy_storage/fake-images/sd35_fp8_p76_seed199.png,real,0.4182,0.175
sd35_fp8,NPR,/media/SSD_4TB/crispy_storage/fake-images/sd35_fp8_p76_seed199.png,fake,1.0,0.08951234817504883
sdxl_fp4,CLIP-D,/media/SSD_4TB/crispy_storage/fake-images/sdxl_fp4_p72_seed195.png,fake,0.9987947940826416,0.06160902976989746
sdxl_fp4,R50_TF,/media/SSD_4TB/crispy_storage/fake-images/sdxl_fp4_p72_seed195.png,fake,0.6194,0.175
sdxl_fp4,NPR,/media/SSD_4TB/crispy_storage/fake-images/sdxl_fp4_p72_seed195.png,fake,0.999915361404419,0.08966922760009766
pg25_fp4,CLIP-D,/media/SSD_4TB/crispy_storage/fake-images/pg25_fp4_p73_seed196.png,fake,0.993638813495636,0.06118416786193848
pg25_fp4,R50_TF,/media/SSD_4TB/crispy_storage/fake-images/pg25_fp4_p73_seed196.png,fake,0.5791,0.176
pg25_fp4,NPR,/media/SSD_4TB/crispy_storage/fake-images/pg25_fp4_p73_seed196.png,fake,0.9999635219573975,0.08935046195983887
z-image_fp16,CLIP-D,/media/SSD_4TB/crispy_storage/fake-images/z-image_fp16_p54_seed177.png,real,0.0033857906237244606,0.06231498718261719
z-image_fp16,R50_TF,/media/SSD_4TB/crispy_storage/fake-images/z-image_fp16_p54_seed177.png,real,0.4364,0.182
z-image_fp16,NPR,/media/SSD_4TB/crispy_storage/fake-images/z-image_fp16_p54_seed177.png,real,9.839995618676767e-05,0.09047889709472656
sd35_fp4,CLIP-D,/media/SSD_4TB/crispy_storage/fake-images/sd35_fp4_p67_seed190.png,real,0.02881442941725254,0.06042623519897461
sd35_fp4,R50_TF,/media/SSD_4TB/crispy_storage/fake-images/sd35_fp4_p67_seed190.png,real,0.4593,0.178
sd35_fp4,NPR,/media/SSD_4TB/crispy_storage/fake-images/sd35_fp4_p67_seed190.png,real,0.00018256546172779053,0.09000587463378906
sd3_fp4,CLIP-D,/media/SSD_4TB/crispy_storage/fake-images/sd3_fp4_p41_seed164.png,fake,0.9548755884170532,0.0609736442565918
sd3_fp4,R50_TF,/media/SSD_4TB/crispy_storage/fake-images/sd3_fp4_p41_seed164.png,fake,0.5595,0.179
sd3_fp4,NPR,/media/SSD_4TB/crispy_storage/fake-images/sd3_fp4_p41_seed164.png,real,0.030970122665166855,0.09277224540710449
pg25_fp4,CLIP-D,/media/SSD_4TB/crispy_storage/fake-images/pg25_fp4_p4_seed127.png,fake,0.9885163307189941,0.06160569190979004
pg25_fp4,R50_TF,/media/SSD_4TB/crispy_storage/fake-images/pg25_fp4_p4_seed127.png,fake,0.5657,0.179
pg25_fp4,NPR,/media/SSD_4TB/crispy_storage/fake-images/pg25_fp4_p4_seed127.png,fake,0.9977317452430725,0.09063458442687988
sd15_fp16,CLIP-D,/media/SSD_4TB/crispy_storage/fake-images/sd15_fp16_p2_seed125.png,fake,0.9877107739448547,0.0632939338684082
sd15_fp16,R50_TF,/media/SSD_4TB/crispy_storage/fake-images/sd15_fp16_p2_seed125.png,fake,0.6253,0.142
sd15_fp16,NPR,/media/SSD_4TB/crispy_storage/fake-images/sd15_fp16_p2_seed125.png,real,0.12307735532522202,0.091522216796875
sd35_fp4,CLIP-D,/media/SSD_4TB/crispy_storage/fake-images/sd35_fp4_p15_seed138.png,fake,0.9861059188842773,0.06153750419616699
sd35_fp4,R50_TF,/media/SSD_4TB/crispy_storage/fake-images/sd35_fp4_p15_seed138.png,real,0.4324,0.177
sd35_fp4,NPR,/media/SSD_4TB/crispy_storage/fake-images/sd35_fp4_p15_seed138.png,real,0.050346165895462036,0.09085798263549805
z-image_fp16,CLIP-D,/media/SSD_4TB/crispy_storage/fake-images/z-image_fp16_p87_seed210.png,fake,0.7390126585960388,0.0616302490234375
z-image_fp16,R50_TF,/media/SSD_4TB/crispy_storage/fake-images/z-image_fp16_p87_seed210.png,fake,0.5611,0.179
z-image_fp16,NPR,/media/SSD_4TB/crispy_storage/fake-images/z-image_fp16_p87_seed210.png,fake,0.9997408986091614,0.09160542488098145
sd15_fp8,CLIP-D,/media/SSD_4TB/crispy_storage/fake-images/sd15_fp8_p76_seed199.png,fake,0.9556043148040771,0.062041521072387695
sd15_fp8,R50_TF,/media/SSD_4TB/crispy_storage/fake-images/sd15_fp8_p76_seed199.png,fake,0.572,0.143
sd15_fp8,NPR,/media/SSD_4TB/crispy_storage/fake-images/sd15_fp8_p76_seed199.png,real,0.2778867483139038,0.08762049674987793
sd3_fp4,CLIP-D,/media/SSD_4TB/crispy_storage/fake-images/sd3_fp4_p91_seed214.png,real,0.2819674611091614,0.06053662300109863
sd3_fp4,R50_TF,/media/SSD_4TB/crispy_storage/fake-images/sd3_fp4_p91_seed214.png,real,0.4464,0.179
sd3_fp4,NPR,/media/SSD_4TB/crispy_storage/fake-images/sd3_fp4_p91_seed214.png,real,5.494305514730513e-05,0.09106183052062988
sdxl_fp4,CLIP-D,/media/SSD_4TB/crispy_storage/fake-images/sdxl_fp4_p3_seed126.png,fake,0.7861064672470093,0.06192803382873535
sdxl_fp4,R50_TF,/media/SSD_4TB/crispy_storage/fake-images/sdxl_fp4_p3_seed126.png,fake,0.565,0.183
sdxl_fp4,NPR,/media/SSD_4TB/crispy_storage/fake-images/sdxl_fp4_p3_seed126.png,fake,0.9864627718925476,0.0908803939819336
sd3_fp8,CLIP-D,/media/SSD_4TB/crispy_storage/fake-images/sd3_fp8_p69_seed192.png,fake,0.8186733722686768,0.06114387512207031
sd3_fp8,R50_TF,/media/SSD_4TB/crispy_storage/fake-images/sd3_fp8_p69_seed192.png,real,0.4457,0.176
sd3_fp8,NPR,/media/SSD_4TB/crispy_storage/fake-images/sd3_fp8_p69_seed192.png,real,0.00229593925178051,0.09078168869018555
z-image_fp16,CLIP-D,/media/SSD_4TB/crispy_storage/fake-images/z-image_fp16_p12_seed135.png,fake,0.9973722696304321,0.062261104583740234
z-image_fp16,R50_TF,/media/SSD_4TB/crispy_storage/fake-images/z-image_fp16_p12_seed135.png,fake,0.5717,0.179
z-image_fp16,NPR,/media/SSD_4TB/crispy_storage/fake-images/z-image_fp16_p12_seed135.png,real,0.0003866315237246454,0.08947420120239258
z-image_fp8,CLIP-D,/media/SSD_4TB/crispy_storage/fake-images/z-image_fp8_p4_seed127.png,fake,0.9578280448913574,0.06181144714355469
z-image_fp8,R50_TF,/media/SSD_4TB/crispy_storage/fake-images/z-image_fp8_p4_seed127.png,fake,0.5534,0.178
z-image_fp8,NPR,/media/SSD_4TB/crispy_storage/fake-images/z-image_fp8_p4_seed127.png,real,0.2722744941711426,0.08893346786499023
sdxl_fp4,CLIP-D,/media/SSD_4TB/crispy_storage/fake-images/sdxl_fp4_p17_seed140.png,fake,0.9828855991363525,0.06278276443481445
sdxl_fp4,R50_TF,/media/SSD_4TB/crispy_storage/fake-images/sdxl_fp4_p17_seed140.png,fake,0.6479,0.173
sdxl_fp4,NPR,/media/SSD_4TB/crispy_storage/fake-images/sdxl_fp4_p17_seed140.png,fake,1.0,0.08909869194030762
sd35_fp16,CLIP-D,/media/SSD_4TB/crispy_storage/fake-images/sd35_fp16_p54_seed177.png,real,0.009467101655900478,0.06096172332763672
sd35_fp16,R50_TF,/media/SSD_4TB/crispy_storage/fake-images/sd35_fp16_p54_seed177.png,real,0.4325,0.182
sd35_fp16,NPR,/media/SSD_4TB/crispy_storage/fake-images/sd35_fp16_p54_seed177.png,real,0.000727222126442939,0.08931446075439453
sd3_fp16,CLIP-D,/media/SSD_4TB/crispy_storage/fake-images/sd3_fp16_p85_seed208.png,fake,0.926083505153656,0.06284880638122559
sd3_fp16,R50_TF,/media/SSD_4TB/crispy_storage/fake-images/sd3_fp16_p85_seed208.png,real,0.4149,0.181
sd3_fp16,NPR,/media/SSD_4TB/crispy_storage/fake-images/sd3_fp16_p85_seed208.png,real,0.01700555346906185,0.08849239349365234
sdxl_fp16,CLIP-D,/media/SSD_4TB/crispy_storage/fake-images/sdxl_fp16_p55_seed178.png,fake,0.996431827545166,0.06539392471313477
sdxl_fp16,R50_TF,/media/SSD_4TB/crispy_storage/fake-images/sdxl_fp16_p55_seed178.png,fake,0.6115,0.174
sdxl_fp16,NPR,/media/SSD_4TB/crispy_storage/fake-images/sdxl_fp16_p55_seed178.png,fake,0.8499366641044617,0.09074664115905762
sd3_fp4,CLIP-D,/media/SSD_4TB/crispy_storage/fake-images/sd3_fp4_p93_seed216.png,fake,0.7593520879745483,0.06131315231323242
sd3_fp4,R50_TF,/media/SSD_4TB/crispy_storage/fake-images/sd3_fp4_p93_seed216.png,fake,0.5439,0.182
sd3_fp4,NPR,/media/SSD_4TB/crispy_storage/fake-images/sd3_fp4_p93_seed216.png,fake,0.8116748929023743,0.0912930965423584
sdxl_fp8,CLIP-D,/media/SSD_4TB/crispy_storage/fake-images/sdxl_fp8_p72_seed195.png,fake,0.9986769556999207,0.06139850616455078
sdxl_fp8,R50_TF,/media/SSD_4TB/crispy_storage/fake-images/sdxl_fp8_p72_seed195.png,fake,0.6069,0.175
sdxl_fp8,NPR,/media/SSD_4TB/crispy_storage/fake-images/sdxl_fp8_p72_seed195.png,fake,0.9999786615371704,0.09018492698669434
pg25_fp16,CLIP-D,/media/SSD_4TB/crispy_storage/fake-images/pg25_fp16_p9_seed132.png,fake,0.9419739842414856,0.06270790100097656
pg25_fp16,R50_TF,/media/SSD_4TB/crispy_storage/fake-images/pg25_fp16_p9_seed132.png,fake,0.6163,0.177
pg25_fp16,NPR,/media/SSD_4TB/crispy_storage/fake-images/pg25_fp16_p9_seed132.png,fake,0.9999990463256836,0.09081363677978516
sd35_fp16,CLIP-D,/media/SSD_4TB/crispy_storage/fake-images/sd35_fp16_p67_seed190.png,real,0.2479473054409027,0.06148648262023926
sd35_fp16,R50_TF,/media/SSD_4TB/crispy_storage/fake-images/sd35_fp16_p67_seed190.png,real,0.4505,0.179
sd35_fp16,NPR,/media/SSD_4TB/crispy_storage/fake-images/sd35_fp16_p67_seed190.png,real,0.001801585196517408,0.08964228630065918
z-image_fp16,CLIP-D,/media/SSD_4TB/crispy_storage/fake-images/z-image_fp16_p11_seed134.png,fake,0.9831063747406006,0.06116032600402832
z-image_fp16,R50_TF,/media/SSD_4TB/crispy_storage/fake-images/z-image_fp16_p11_seed134.png,fake,0.5483,0.171
z-image_fp16,NPR,/media/SSD_4TB/crispy_storage/fake-images/z-image_fp16_p11_seed134.png,fake,0.6115900874137878,0.08996796607971191
sd3_fp8,CLIP-D,/media/SSD_4TB/crispy_storage/fake-images/sd3_fp8_p21_seed144.png,fake,0.9944788217544556,0.061228275299072266
sd3_fp8,R50_TF,/media/SSD_4TB/crispy_storage/fake-images/sd3_fp8_p21_seed144.png,real,0.3471,0.179
sd3_fp8,NPR,/media/SSD_4TB/crispy_storage/fake-images/sd3_fp8_p21_seed144.png,fake,0.998508632183075,0.08758258819580078
pg25_fp4,CLIP-D,/media/SSD_4TB/crispy_storage/fake-images/pg25_fp4_p76_seed199.png,fake,0.9973044395446777,0.06230616569519043
pg25_fp4,R50_TF,/media/SSD_4TB/crispy_storage/fake-images/pg25_fp4_p76_seed199.png,fake,0.5537,0.175
pg25_fp4,NPR,/media/SSD_4TB/crispy_storage/fake-images/pg25_fp4_p76_seed199.png,fake,0.9998114705085754,0.09127092361450195
z-image_fp8,CLIP-D,/media/SSD_4TB/crispy_storage/fake-images/z-image_fp8_p23_seed146.png,real,0.0026792369317263365,0.06204414367675781
z-image_fp8,R50_TF,/media/SSD_4TB/crispy_storage/fake-images/z-image_fp8_p23_seed146.png,real,0.4288,0.181
z-image_fp8,NPR,/media/SSD_4TB/crispy_storage/fake-images/z-image_fp8_p23_seed146.png,real,0.00028560886858031154,0.08931756019592285
sd35_fp4,CLIP-D,/media/SSD_4TB/crispy_storage/fake-images/sd35_fp4_p61_seed184.png,fake,0.6249796152114868,0.06163740158081055
sd35_fp4,R50_TF,/media/SSD_4TB/crispy_storage/fake-images/sd35_fp4_p61_seed184.png,real,0.3797,0.178
sd35_fp4,NPR,/media/SSD_4TB/crispy_storage/fake-images/sd35_fp4_p61_seed184.png,real,6.327493338176282e-06,0.08898043632507324
sd15_fp8,CLIP-D,/media/SSD_4TB/crispy_storage/fake-images/sd15_fp8_p66_seed189.png,real,0.49547186493873596,0.06257462501525879
sd15_fp8,R50_TF,/media/SSD_4TB/crispy_storage/fake-images/sd15_fp8_p66_seed189.png,fake,0.5307,0.14
sd15_fp8,NPR,/media/SSD_4TB/crispy_storage/fake-images/sd15_fp8_p66_seed189.png,real,0.00026065148995257914,0.0912024974822998
pg25_fp16,CLIP-D,/media/SSD_4TB/crispy_storage/fake-images/pg25_fp16_p98_seed221.png,fake,0.9936951994895935,0.06137490272521973
pg25_fp16,R50_TF,/media/SSD_4TB/crispy_storage/fake-images/pg25_fp16_p98_seed221.png,fake,0.5854,0.182
pg25_fp16,NPR,/media/SSD_4TB/crispy_storage/fake-images/pg25_fp16_p98_seed221.png,fake,0.9999668598175049,0.08958935737609863
sd35_fp8,CLIP-D,/media/SSD_4TB/crispy_storage/fake-images/sd35_fp8_p61_seed184.png,real,0.12656737864017487,0.060498952865600586
sd35_fp8,R50_TF,/media/SSD_4TB/crispy_storage/fake-images/sd35_fp8_p61_seed184.png,fake,0.6258,0.185
sd35_fp8,NPR,/media/SSD_4TB/crispy_storage/fake-images/sd35_fp8_p61_seed184.png,real,5.825758489663713e-05,0.08795762062072754
sd15_fp4,CLIP-D,/media/SSD_4TB/crispy_storage/fake-images/sd15_fp4_p30_seed153.png,real,0.2594355344772339,0.0613255500793457
sd15_fp4,R50_TF,/media/SSD_4TB/crispy_storage/fake-images/sd15_fp4_p30_seed153.png,fake,0.5934,0.142
sd15_fp4,NPR,/media/SSD_4TB/crispy_storage/fake-images/sd15_fp4_p30_seed153.png,real,0.0013922785874456167,0.09124302864074707
pg25_fp16,CLIP-D,/media/SSD_4TB/crispy_storage/fake-images/pg25_fp16_p4_seed127.png,fake,0.9820305705070496,0.06145453453063965
pg25_fp16,R50_TF,/media/SSD_4TB/crispy_storage/fake-images/pg25_fp16_p4_seed127.png,fake,0.5797,0.179
pg25_fp16,NPR,/media/SSD_4TB/crispy_storage/fake-images/pg25_fp16_p4_seed127.png,fake,0.9999901056289673,0.09048986434936523
sd15_fp4,CLIP-D,/media/SSD_4TB/crispy_storage/fake-images/sd15_fp4_p68_seed191.png,fake,0.7190773487091064,0.06204700469970703
sd15_fp4,R50_TF,/media/SSD_4TB/crispy_storage/fake-images/sd15_fp4_p68_seed191.png,fake,0.5852,0.143
sd15_fp4,NPR,/media/SSD_4TB/crispy_storage/fake-images/sd15_fp4_p68_seed191.png,real,0.0014006363926455379,0.09035015106201172
sd15_fp4,CLIP-D,/media/SSD_4TB/crispy_storage/fake-images/sd15_fp4_p88_seed211.png,fake,0.9235360026359558,0.06160926818847656
sd15_fp4,R50_TF,/media/SSD_4TB/crispy_storage/fake-images/sd15_fp4_p88_seed211.png,fake,0.5676,0.146
sd15_fp4,NPR,/media/SSD_4TB/crispy_storage/fake-images/sd15_fp4_p88_seed211.png,real,6.034617399564013e-06,0.08761334419250488
pg25_fp16,CLIP-D,/media/SSD_4TB/crispy_storage/fake-images/pg25_fp16_p95_seed218.png,fake,0.8826687335968018,0.06304454803466797
pg25_fp16,R50_TF,/media/SSD_4TB/crispy_storage/fake-images/pg25_fp16_p95_seed218.png,fake,0.6808,0.177
pg25_fp16,NPR,/media/SSD_4TB/crispy_storage/fake-images/pg25_fp16_p95_seed218.png,fake,1.0,0.08992719650268555
sd3_fp4,CLIP-D,/media/SSD_4TB/crispy_storage/fake-images/sd3_fp4_p35_seed158.png,fake,0.9977273344993591,0.061437129974365234
sd3_fp4,R50_TF,/media/SSD_4TB/crispy_storage/fake-images/sd3_fp4_p35_seed158.png,fake,0.5762,0.181
sd3_fp4,NPR,/media/SSD_4TB/crispy_storage/fake-images/sd3_fp4_p35_seed158.png,fake,0.8910179734230042,0.09337544441223145
sd15_fp4,CLIP-D,/media/SSD_4TB/crispy_storage/fake-images/sd15_fp4_p95_seed218.png,fake,0.9928125739097595,0.06300806999206543
sd15_fp4,R50_TF,/media/SSD_4TB/crispy_storage/fake-images/sd15_fp4_p95_seed218.png,fake,0.6929,0.142
sd15_fp4,NPR,/media/SSD_4TB/crispy_storage/fake-images/sd15_fp4_p95_seed218.png,real,0.006539091933518648,0.0915672779083252
pg25_fp4,CLIP-D,/media/SSD_4TB/crispy_storage/fake-images/pg25_fp4_p78_seed201.png,fake,0.9927148222923279,0.06298637390136719
pg25_fp4,R50_TF,/media/SSD_4TB/crispy_storage/fake-images/pg25_fp4_p78_seed201.png,fake,0.5457,0.179
pg25_fp4,NPR,/media/SSD_4TB/crispy_storage/fake-images/pg25_fp4_p78_seed201.png,real,0.01201159879565239,0.08949637413024902
sd35_fp4,CLIP-D,/media/SSD_4TB/crispy_storage/fake-images/sd35_fp4_p1_seed124.png,fake,0.9977871179580688,0.06111741065979004
sd35_fp4,R50_TF,/media/SSD_4TB/crispy_storage/fake-images/sd35_fp4_p1_seed124.png,fake,0.6321,0.17
sd35_fp4,NPR,/media/SSD_4TB/crispy_storage/fake-images/sd35_fp4_p1_seed124.png,fake,0.9992755055427551,0.09174299240112305
sdxl_fp4,CLIP-D,/media/SSD_4TB/crispy_storage/fake-images/sdxl_fp4_p90_seed213.png,fake,0.9678011536598206,0.0632023811340332
sdxl_fp4,R50_TF,/media/SSD_4TB/crispy_storage/fake-images/sdxl_fp4_p90_seed213.png,fake,0.5712,0.182
sdxl_fp4,NPR,/media/SSD_4TB/crispy_storage/fake-images/sdxl_fp4_p90_seed213.png,fake,0.9999842643737793,0.08992218971252441
sdxl_fp4,CLIP-D,/media/SSD_4TB/crispy_storage/fake-images/sdxl_fp4_p67_seed190.png,fake,0.9928389191627502,0.06330561637878418
sdxl_fp4,R50_TF,/media/SSD_4TB/crispy_storage/fake-images/sdxl_fp4_p67_seed190.png,fake,0.5488,0.183
sdxl_fp4,NPR,/media/SSD_4TB/crispy_storage/fake-images/sdxl_fp4_p67_seed190.png,fake,0.9999370574951172,0.09090924263000488
sdxl_fp8,CLIP-D,/media/SSD_4TB/crispy_storage/fake-images/sdxl_fp8_p66_seed189.png,fake,0.9689991474151611,0.061498165130615234
sdxl_fp8,R50_TF,/media/SSD_4TB/crispy_storage/fake-images/sdxl_fp8_p66_seed189.png,real,0.4708,0.171
sdxl_fp8,NPR,/media/SSD_4TB/crispy_storage/fake-images/sdxl_fp8_p66_seed189.png,real,0.013553219847381115,0.09101748466491699
sd35_fp4,CLIP-D,/media/SSD_4TB/crispy_storage/fake-images/sd35_fp4_p64_seed187.png,fake,0.9662448167800903,0.06775712966918945
sd35_fp4,R50_TF,/media/SSD_4TB/crispy_storage/fake-images/sd35_fp4_p64_seed187.png,fake,0.5579,0.179
sd35_fp4,NPR,/media/SSD_4TB/crispy_storage/fake-images/sd35_fp4_p64_seed187.png,fake,0.9473531246185303,0.09152436256408691
sd35_fp4,CLIP-D,/media/SSD_4TB/crispy_storage/fake-images/sd35_fp4_p27_seed150.png,fake,0.7235883474349976,0.06136202812194824
sd35_fp4,R50_TF,/media/SSD_4TB/crispy_storage/fake-images/sd35_fp4_p27_seed150.png,fake,0.5274,0.179
sd35_fp4,NPR,/media/SSD_4TB/crispy_storage/fake-images/sd35_fp4_p27_seed150.png,real,0.01386271696537733,0.09207296371459961
sd35_fp4,CLIP-D,/media/SSD_4TB/crispy_storage/fake-images/sd35_fp4_p46_seed169.png,fake,0.9954090714454651,0.06174159049987793
sd35_fp4,R50_TF,/media/SSD_4TB/crispy_storage/fake-images/sd35_fp4_p46_seed169.png,real,0.4536,0.18
sd35_fp4,NPR,/media/SSD_4TB/crispy_storage/fake-images/sd35_fp4_p46_seed169.png,real,0.10101253539323807,0.09096336364746094
sd15_fp8,CLIP-D,/media/SSD_4TB/crispy_storage/fake-images/sd15_fp8_p94_seed217.png,fake,0.9522777199745178,0.06211590766906738
sd15_fp8,R50_TF,/media/SSD_4TB/crispy_storage/fake-images/sd15_fp8_p94_seed217.png,fake,0.5546,0.142
sd15_fp8,NPR,/media/SSD_4TB/crispy_storage/fake-images/sd15_fp8_p94_seed217.png,real,0.000846141017973423,0.08813285827636719
sd35_fp16,CLIP-D,/media/SSD_4TB/crispy_storage/fake-images/sd35_fp16_p46_seed169.png,fake,0.9986652135848999,0.06116199493408203
sd35_fp16,R50_TF,/media/SSD_4TB/crispy_storage/fake-images/sd35_fp16_p46_seed169.png,real,0.4617,0.179
sd35_fp16,NPR,/media/SSD_4TB/crispy_storage/fake-images/sd35_fp16_p46_seed169.png,fake,0.9997243285179138,0.08945560455322266
pg25_fp4,CLIP-D,/media/SSD_4TB/crispy_storage/fake-images/pg25_fp4_p49_seed172.png,fake,0.9646293520927429,0.06281709671020508
pg25_fp4,R50_TF,/media/SSD_4TB/crispy_storage/fake-images/pg25_fp4_p49_seed172.png,fake,0.5498,0.181
pg25_fp4,NPR,/media/SSD_4TB/crispy_storage/fake-images/pg25_fp4_p49_seed172.png,fake,0.9999974966049194,0.0895545482635498
sd15_fp4,CLIP-D,/media/SSD_4TB/crispy_storage/fake-images/sd15_fp4_p2_seed125.png,fake,0.9159109592437744,0.06075859069824219
sd15_fp4,R50_TF,/media/SSD_4TB/crispy_storage/fake-images/sd15_fp4_p2_seed125.png,fake,0.6344,0.142
sd15_fp4,NPR,/media/SSD_4TB/crispy_storage/fake-images/sd15_fp4_p2_seed125.png,real,6.760062387911603e-05,0.09081673622131348
sdxl_fp4,CLIP-D,/media/SSD_4TB/crispy_storage/fake-images/sdxl_fp4_p9_seed132.png,fake,0.9519278407096863,0.06011676788330078
sdxl_fp4,R50_TF,/media/SSD_4TB/crispy_storage/fake-images/sdxl_fp4_p9_seed132.png,fake,0.6051,0.177
sdxl_fp4,NPR,/media/SSD_4TB/crispy_storage/fake-images/sdxl_fp4_p9_seed132.png,fake,0.9936821460723877,0.09585380554199219
pg25_fp16,CLIP-D,/media/SSD_4TB/crispy_storage/fake-images/pg25_fp16_p18_seed141.png,fake,0.9941250085830688,0.06146359443664551
pg25_fp16,R50_TF,/media/SSD_4TB/crispy_storage/fake-images/pg25_fp16_p18_seed141.png,fake,0.58,0.181
pg25_fp16,NPR,/media/SSD_4TB/crispy_storage/fake-images/pg25_fp16_p18_seed141.png,fake,0.999997615814209,0.09060454368591309
sd15_fp8,CLIP-D,/media/SSD_4TB/crispy_storage/fake-images/sd15_fp8_p22_seed145.png,fake,0.9707735776901245,0.06138920783996582
sd15_fp8,R50_TF,/media/SSD_4TB/crispy_storage/fake-images/sd15_fp8_p22_seed145.png,fake,0.5379,0.145
sd15_fp8,NPR,/media/SSD_4TB/crispy_storage/fake-images/sd15_fp8_p22_seed145.png,real,0.0030082089360803366,0.0903012752532959
sd35_fp8,CLIP-D,/media/SSD_4TB/crispy_storage/fake-images/sd35_fp8_p86_seed209.png,fake,0.96978360414505,0.06109046936035156
sd35_fp8,R50_TF,/media/SSD_4TB/crispy_storage/fake-images/sd35_fp8_p86_seed209.png,fake,0.6088,0.183
sd35_fp8,NPR,/media/SSD_4TB/crispy_storage/fake-images/sd35_fp8_p86_seed209.png,real,0.029358524829149246,0.08915233612060547
sd15_fp8,CLIP-D,/media/SSD_4TB/crispy_storage/fake-images/sd15_fp8_p27_seed150.png,fake,0.8986493945121765,0.0627295970916748
sd15_fp8,R50_TF,/media/SSD_4TB/crispy_storage/fake-images/sd15_fp8_p27_seed150.png,fake,0.5665,0.143
sd15_fp8,NPR,/media/SSD_4TB/crispy_storage/fake-images/sd15_fp8_p27_seed150.png,fake,0.9928531050682068,0.09049129486083984
sd3_fp4,CLIP-D,/media/SSD_4TB/crispy_storage/fake-images/sd3_fp4_p54_seed177.png,real,0.21094685792922974,0.06154036521911621
sd3_fp4,R50_TF,/media/SSD_4TB/crispy_storage/fake-images/sd3_fp4_p54_seed177.png,real,0.4319,0.18
sd3_fp4,NPR,/media/SSD_4TB/crispy_storage/fake-images/sd3_fp4_p54_seed177.png,real,5.5819992184069633e-08,0.08847832679748535
sd35_fp16,CLIP-D,/media/SSD_4TB/crispy_storage/fake-images/sd35_fp16_p52_seed175.png,fake,0.9921776652336121,0.06443119049072266
sd35_fp16,R50_TF,/media/SSD_4TB/crispy_storage/fake-images/sd35_fp16_p52_seed175.png,fake,0.556,0.18
sd35_fp16,NPR,/media/SSD_4TB/crispy_storage/fake-images/sd35_fp16_p52_seed175.png,fake,0.7670003771781921,0.08911728858947754
sd15_fp8,CLIP-D,/media/SSD_4TB/crispy_storage/fake-images/sd15_fp8_p50_seed173.png,fake,0.9950248599052429,0.0608372688293457
sd15_fp8,R50_TF,/media/SSD_4TB/crispy_storage/fake-images/sd15_fp8_p50_seed173.png,fake,0.5497,0.143
sd15_fp8,NPR,/media/SSD_4TB/crispy_storage/fake-images/sd15_fp8_p50_seed173.png,real,0.010551908053457737,0.09027552604675293
sd3_fp16,CLIP-D,/media/SSD_4TB/crispy_storage/fake-images/sd3_fp16_p88_seed211.png,real,0.4780113697052002,0.06214308738708496
sd3_fp16,R50_TF,/media/SSD_4TB/crispy_storage/fake-images/sd3_fp16_p88_seed211.png,real,0.4405,0.176
sd3_fp16,NPR,/media/SSD_4TB/crispy_storage/fake-images/sd3_fp16_p88_seed211.png,real,0.004805422388017178,0.08966374397277832
z-image_fp16,CLIP-D,/media/SSD_4TB/crispy_storage/fake-images/z-image_fp16_p46_seed169.png,fake,0.9583948850631714,0.06089353561401367
z-image_fp16,R50_TF,/media/SSD_4TB/crispy_storage/fake-images/z-image_fp16_p46_seed169.png,fake,0.5412,0.179
z-image_fp16,NPR,/media/SSD_4TB/crispy_storage/fake-images/z-image_fp16_p46_seed169.png,fake,0.9998408555984497,0.09012246131896973
pg25_fp4,CLIP-D,/media/SSD_4TB/crispy_storage/fake-images/pg25_fp4_p14_seed137.png,fake,0.9939159750938416,0.06244993209838867
pg25_fp4,R50_TF,/media/SSD_4TB/crispy_storage/fake-images/pg25_fp4_p14_seed137.png,fake,0.609,0.178
pg25_fp4,NPR,/media/SSD_4TB/crispy_storage/fake-images/pg25_fp4_p14_seed137.png,fake,1.0,0.09081768989562988
sd15_fp16,CLIP-D,/media/SSD_4TB/crispy_storage/fake-images/sd15_fp16_p34_seed157.png,fake,0.9894465208053589,0.06214761734008789
sd15_fp16,R50_TF,/media/SSD_4TB/crispy_storage/fake-images/sd15_fp16_p34_seed157.png,fake,0.5881,0.143
sd15_fp16,NPR,/media/SSD_4TB/crispy_storage/fake-images/sd15_fp16_p34_seed157.png,real,0.07260336726903915,0.08864784240722656
sd15_fp16,CLIP-D,/media/SSD_4TB/crispy_storage/fake-images/sd15_fp16_p58_seed181.png,fake,0.9941748976707458,0.06246066093444824
sd15_fp16,R50_TF,/media/SSD_4TB/crispy_storage/fake-images/sd15_fp16_p58_seed181.png,fake,0.5839,0.139
sd15_fp16,NPR,/media/SSD_4TB/crispy_storage/fake-images/sd15_fp16_p58_seed181.png,real,0.3973066806793213,0.08944034576416016
pg25_fp16,CLIP-D,/media/SSD_4TB/crispy_storage/fake-images/pg25_fp16_p57_seed180.png,fake,0.9642903804779053,0.061415672302246094
pg25_fp16,R50_TF,/media/SSD_4TB/crispy_storage/fake-images/pg25_fp16_p57_seed180.png,fake,0.7319,0.177
pg25_fp16,NPR,/media/SSD_4TB/crispy_storage/fake-images/pg25_fp16_p57_seed180.png,fake,1.0,0.09175300598144531
sdxl_fp4,CLIP-D,/media/SSD_4TB/crispy_storage/fake-images/sdxl_fp4_p45_seed168.png,fake,0.9603895545005798,0.06168818473815918
sdxl_fp4,R50_TF,/media/SSD_4TB/crispy_storage/fake-images/sdxl_fp4_p45_seed168.png,fake,0.5655,0.179
sdxl_fp4,NPR,/media/SSD_4TB/crispy_storage/fake-images/sdxl_fp4_p45_seed168.png,fake,0.9999996423721313,0.08971786499023438
sd15_fp16,CLIP-D,/media/SSD_4TB/crispy_storage/fake-images/sd15_fp16_p54_seed177.png,fake,0.8054308891296387,0.06241273880004883
sd15_fp16,R50_TF,/media/SSD_4TB/crispy_storage/fake-images/sd15_fp16_p54_seed177.png,real,0.4485,0.143
sd15_fp16,NPR,/media/SSD_4TB/crispy_storage/fake-images/sd15_fp16_p54_seed177.png,real,0.0021526578348129988,0.09229278564453125
sd3_fp16,CLIP-D,/media/SSD_4TB/crispy_storage/fake-images/sd3_fp16_p63_seed186.png,real,0.021233687177300453,0.06125688552856445
sd3_fp16,R50_TF,/media/SSD_4TB/crispy_storage/fake-images/sd3_fp16_p63_seed186.png,real,0.4416,0.182
sd3_fp16,NPR,/media/SSD_4TB/crispy_storage/fake-images/sd3_fp16_p63_seed186.png,real,3.213062882423401e-08,0.09017109870910645
sdxl_fp4,CLIP-D,/media/SSD_4TB/crispy_storage/fake-images/sdxl_fp4_p29_seed152.png,fake,0.9941457509994507,0.06330490112304688
sdxl_fp4,R50_TF,/media/SSD_4TB/crispy_storage/fake-images/sdxl_fp4_p29_seed152.png,fake,0.6064,0.179
sdxl_fp4,NPR,/media/SSD_4TB/crispy_storage/fake-images/sdxl_fp4_p29_seed152.png,fake,0.8352142572402954,0.09120059013366699
sd35_fp4,CLIP-D,/media/SSD_4TB/crispy_storage/fake-images/sd35_fp4_p6_seed129.png,real,0.019757069647312164,0.06145906448364258
sd35_fp4,R50_TF,/media/SSD_4TB/crispy_storage/fake-images/sd35_fp4_p6_seed129.png,real,0.4113,0.177
sd35_fp4,NPR,/media/SSD_4TB/crispy_storage/fake-images/sd35_fp4_p6_seed129.png,real,0.03448060527443886,0.08961772918701172
sd35_fp8,CLIP-D,/media/SSD_4TB/crispy_storage/fake-images/sd35_fp8_p85_seed208.png,fake,0.9336244463920593,0.06929731369018555
sd35_fp8,R50_TF,/media/SSD_4TB/crispy_storage/fake-images/sd35_fp8_p85_seed208.png,fake,0.6347,0.179
sd35_fp8,NPR,/media/SSD_4TB/crispy_storage/fake-images/sd35_fp8_p85_seed208.png,real,4.2591378587530926e-05,0.09065127372741699
sdxl_fp4,CLIP-D,/media/SSD_4TB/crispy_storage/fake-images/sdxl_fp4_p23_seed146.png,real,0.4372727572917938,0.06218433380126953
sdxl_fp4,R50_TF,/media/SSD_4TB/crispy_storage/fake-images/sdxl_fp4_p23_seed146.png,fake,0.5683,0.179
sdxl_fp4,NPR,/media/SSD_4TB/crispy_storage/fake-images/sdxl_fp4_p23_seed146.png,fake,0.9991391897201538,0.09104490280151367
sd15_fp8,CLIP-D,/media/SSD_4TB/crispy_storage/fake-images/sd15_fp8_p63_seed186.png,real,0.057515695691108704,0.06193137168884277
sd15_fp8,R50_TF,/media/SSD_4TB/crispy_storage/fake-images/sd15_fp8_p63_seed186.png,real,0.4184,0.149
sd15_fp8,NPR,/media/SSD_4TB/crispy_storage/fake-images/sd15_fp8_p63_seed186.png,real,0.002321971347555518,0.08776497840881348
sd3_fp8,CLIP-D,/media/SSD_4TB/crispy_storage/fake-images/sd3_fp8_p96_seed219.png,fake,0.9936771988868713,0.061864376068115234
sd3_fp8,R50_TF,/media/SSD_4TB/crispy_storage/fake-images/sd3_fp8_p96_seed219.png,fake,0.5481,0.179
sd3_fp8,NPR,/media/SSD_4TB/crispy_storage/fake-images/sd3_fp8_p96_seed219.png,fake,0.9621456265449524,0.09014129638671875
sd35_fp4,CLIP-D,/media/SSD_4TB/crispy_storage/fake-images/sd35_fp4_p13_seed136.png,fake,0.9731908440589905,0.06328129768371582
sd35_fp4,R50_TF,/media/SSD_4TB/crispy_storage/fake-images/sd35_fp4_p13_seed136.png,real,0.4595,0.183
sd35_fp4,NPR,/media/SSD_4TB/crispy_storage/fake-images/sd35_fp4_p13_seed136.png,real,0.1229894831776619,0.09064459800720215
sd15_fp16,CLIP-D,/media/SSD_4TB/crispy_storage/fake-images/sd15_fp16_p51_seed174.png,fake,0.9367240071296692,0.06319451332092285
sd15_fp16,R50_TF,/media/SSD_4TB/crispy_storage/fake-images/sd15_fp16_p51_seed174.png,fake,0.6163,0.143
sd15_fp16,NPR,/media/SSD_4TB/crispy_storage/fake-images/sd15_fp16_p51_seed174.png,real,0.15997005999088287,0.08991646766662598
pg25_fp4,CLIP-D,/media/SSD_4TB/crispy_storage/fake-images/pg25_fp4_p5_seed128.png,fake,0.99345463514328,0.0632023811340332
pg25_fp4,R50_TF,/media/SSD_4TB/crispy_storage/fake-images/pg25_fp4_p5_seed128.png,fake,0.6217,0.172
pg25_fp4,NPR,/media/SSD_4TB/crispy_storage/fake-images/pg25_fp4_p5_seed128.png,fake,0.9998883008956909,0.0897681713104248
pg25_fp16,CLIP-D,/media/SSD_4TB/crispy_storage/fake-images/pg25_fp16_p63_seed186.png,fake,0.6948406100273132,0.06537342071533203
pg25_fp16,R50_TF,/media/SSD_4TB/crispy_storage/fake-images/pg25_fp16_p63_seed186.png,real,0.4424,0.18
pg25_fp16,NPR,/media/SSD_4TB/crispy_storage/fake-images/pg25_fp16_p63_seed186.png,real,0.012214469723403454,0.09211587905883789
sdxl_fp8,CLIP-D,/media/SSD_4TB/crispy_storage/fake-images/sdxl_fp8_p94_seed217.png,fake,0.9361558556556702,0.06120443344116211
sdxl_fp8,R50_TF,/media/SSD_4TB/crispy_storage/fake-images/sdxl_fp8_p94_seed217.png,fake,0.5912,0.179
sdxl_fp8,NPR,/media/SSD_4TB/crispy_storage/fake-images/sdxl_fp8_p94_seed217.png,fake,0.9999997615814209,0.09337329864501953
sdxl_fp4,CLIP-D,/media/SSD_4TB/crispy_storage/fake-images/sdxl_fp4_p77_seed200.png,fake,0.989667534828186,0.06126546859741211
sdxl_fp4,R50_TF,/media/SSD_4TB/crispy_storage/fake-images/sdxl_fp4_p77_seed200.png,fake,0.6712,0.18
sdxl_fp4,NPR,/media/SSD_4TB/crispy_storage/fake-images/sdxl_fp4_p77_seed200.png,fake,0.997853696346283,0.08776569366455078
z-image_fp16,CLIP-D,/media/SSD_4TB/crispy_storage/fake-images/z-image_fp16_p81_seed204.png,real,0.02974086068570614,0.06137347221374512
z-image_fp16,R50_TF,/media/SSD_4TB/crispy_storage/fake-images/z-image_fp16_p81_seed204.png,fake,0.6501,0.181
z-image_fp16,NPR,/media/SSD_4TB/crispy_storage/fake-images/z-image_fp16_p81_seed204.png,real,0.013821389526128769,0.08956480026245117
pg25_fp4,CLIP-D,/media/SSD_4TB/crispy_storage/fake-images/pg25_fp4_p42_seed165.png,fake,0.9892549514770508,0.06116318702697754
pg25_fp4,R50_TF,/media/SSD_4TB/crispy_storage/fake-images/pg25_fp4_p42_seed165.png,fake,0.5601,0.179
pg25_fp4,NPR,/media/SSD_4TB/crispy_storage/fake-images/pg25_fp4_p42_seed165.png,fake,0.9999517202377319,0.08975434303283691
sd3_fp16,CLIP-D,/media/SSD_4TB/crispy_storage/fake-images/sd3_fp16_p43_seed166.png,fake,0.9719710946083069,0.06304478645324707
sd3_fp16,R50_TF,/media/SSD_4TB/crispy_storage/fake-images/sd3_fp16_p43_seed166.png,real,0.3955,0.177
sd3_fp16,NPR,/media/SSD_4TB/crispy_storage/fake-images/sd3_fp16_p43_seed166.png,fake,0.9985356330871582,0.08970880508422852
sd3_fp16,CLIP-D,/media/SSD_4TB/crispy_storage/fake-images/sd3_fp16_p18_seed141.png,real,0.06066672131419182,0.06418752670288086
sd3_fp16,R50_TF,/media/SSD_4TB/crispy_storage/fake-images/sd3_fp16_p18_seed141.png,real,0.3797,0.179
sd3_fp16,NPR,/media/SSD_4TB/crispy_storage/fake-images/sd3_fp16_p18_seed141.png,real,0.00039985470357351005,0.08759117126464844
sd15_fp16,CLIP-D,/media/SSD_4TB/crispy_storage/fake-images/sd15_fp16_p81_seed204.png,fake,0.9814183115959167,0.06279778480529785
sd15_fp16,R50_TF,/media/SSD_4TB/crispy_storage/fake-images/sd15_fp16_p81_seed204.png,fake,0.6516,0.143
sd15_fp16,NPR,/media/SSD_4TB/crispy_storage/fake-images/sd15_fp16_p81_seed204.png,real,0.002737640868872404,0.09043741226196289
pg25_fp4,CLIP-D,/media/SSD_4TB/crispy_storage/fake-images/pg25_fp4_p44_seed167.png,fake,0.9937536120414734,0.05987286567687988
pg25_fp4,R50_TF,/media/SSD_4TB/crispy_storage/fake-images/pg25_fp4_p44_seed167.png,real,0.4594,0.181
pg25_fp4,NPR,/media/SSD_4TB/crispy_storage/fake-images/pg25_fp4_p44_seed167.png,real,0.10201898962259293,0.0902101993560791
sd3_fp4,CLIP-D,/media/SSD_4TB/crispy_storage/fake-images/sd3_fp4_p94_seed217.png,fake,0.8327605128288269,0.06299567222595215
sd3_fp4,R50_TF,/media/SSD_4TB/crispy_storage/fake-images/sd3_fp4_p94_seed217.png,fake,0.5463,0.183
sd3_fp4,NPR,/media/SSD_4TB/crispy_storage/fake-images/sd3_fp4_p94_seed217.png,real,0.3629990220069885,0.09093689918518066
sd3_fp8,CLIP-D,/media/SSD_4TB/crispy_storage/fake-images/sd3_fp8_p49_seed172.png,real,0.489200621843338,0.06115984916687012
sd3_fp8,R50_TF,/media/SSD_4TB/crispy_storage/fake-images/sd3_fp8_p49_seed172.png,fake,0.5573,0.179
sd3_fp8,NPR,/media/SSD_4TB/crispy_storage/fake-images/sd3_fp8_p49_seed172.png,fake,0.9795964956283569,0.09046483039855957
pg25_fp4,CLIP-D,/media/SSD_4TB/crispy_storage/fake-images/pg25_fp4_p89_seed212.png,fake,0.9972391128540039,0.06088733673095703
pg25_fp4,R50_TF,/media/SSD_4TB/crispy_storage/fake-images/pg25_fp4_p89_seed212.png,fake,0.5902,0.179
pg25_fp4,NPR,/media/SSD_4TB/crispy_storage/fake-images/pg25_fp4_p89_seed212.png,fake,0.9730041027069092,0.08844232559204102
sdxl_fp8,CLIP-D,/media/SSD_4TB/crispy_storage/fake-images/sdxl_fp8_p21_seed144.png,fake,0.9964665174484253,0.06266069412231445
sdxl_fp8,R50_TF,/media/SSD_4TB/crispy_storage/fake-images/sdxl_fp8_p21_seed144.png,fake,0.6186,0.174
sdxl_fp8,NPR,/media/SSD_4TB/crispy_storage/fake-images/sdxl_fp8_p21_seed144.png,fake,0.9569172263145447,0.09096550941467285
sd35_fp4,CLIP-D,/media/SSD_4TB/crispy_storage/fake-images/sd35_fp4_p71_seed194.png,real,0.4171610474586487,0.061326026916503906
sd35_fp4,R50_TF,/media/SSD_4TB/crispy_storage/fake-images/sd35_fp4_p71_seed194.png,real,0.4443,0.176
sd35_fp4,NPR,/media/SSD_4TB/crispy_storage/fake-images/sd35_fp4_p71_seed194.png,real,3.4608867281349376e-05,0.09335064888000488
sd15_fp4,CLIP-D,/media/SSD_4TB/crispy_storage/fake-images/sd15_fp4_p16_seed139.png,fake,0.9047183394432068,0.06196856498718262
sd15_fp4,R50_TF,/media/SSD_4TB/crispy_storage/fake-images/sd15_fp4_p16_seed139.png,fake,0.5758,0.142
sd15_fp4,NPR,/media/SSD_4TB/crispy_storage/fake-images/sd15_fp4_p16_seed139.png,real,0.00013125099940225482,0.08752846717834473
sd3_fp4,CLIP-D,/media/SSD_4TB/crispy_storage/fake-images/sd3_fp4_p48_seed171.png,fake,0.8982715606689453,0.061766862869262695
sd3_fp4,R50_TF,/media/SSD_4TB/crispy_storage/fake-images/sd3_fp4_p48_seed171.png,fake,0.5768,0.179
sd3_fp4,NPR,/media/SSD_4TB/crispy_storage/fake-images/sd3_fp4_p48_seed171.png,real,0.08681336045265198,0.09055376052856445
sd15_fp8,CLIP-D,/media/SSD_4TB/crispy_storage/fake-images/sd15_fp8_p49_seed172.png,real,0.1637924164533615,0.06142616271972656
sd15_fp8,R50_TF,/media/SSD_4TB/crispy_storage/fake-images/sd15_fp8_p49_seed172.png,fake,0.5781,0.142
sd15_fp8,NPR,/media/SSD_4TB/crispy_storage/fake-images/sd15_fp8_p49_seed172.png,real,0.010479114018380642,0.09145784378051758
sdxl_fp4,CLIP-D,/media/SSD_4TB/crispy_storage/fake-images/sdxl_fp4_p71_seed194.png,fake,0.9953859448432922,0.0614469051361084
sdxl_fp4,R50_TF,/media/SSD_4TB/crispy_storage/fake-images/sdxl_fp4_p71_seed194.png,fake,0.5689,0.178
sdxl_fp4,NPR,/media/SSD_4TB/crispy_storage/fake-images/sdxl_fp4_p71_seed194.png,fake,1.0,0.09167361259460449
sd3_fp8,CLIP-D,/media/SSD_4TB/crispy_storage/fake-images/sd3_fp8_p17_seed140.png,fake,0.8989474177360535,0.06377553939819336
sd3_fp8,R50_TF,/media/SSD_4TB/crispy_storage/fake-images/sd3_fp8_p17_seed140.png,fake,0.5328,0.181
sd3_fp8,NPR,/media/SSD_4TB/crispy_storage/fake-images/sd3_fp8_p17_seed140.png,fake,0.9999995231628418,0.08752894401550293
sdxl_fp16,CLIP-D,/media/SSD_4TB/crispy_storage/fake-images/sdxl_fp16_p32_seed155.png,fake,0.568525493144989,0.06125664710998535
sdxl_fp16,R50_TF,/media/SSD_4TB/crispy_storage/fake-images/sdxl_fp16_p32_seed155.png,fake,0.5822,0.181
sdxl_fp16,NPR,/media/SSD_4TB/crispy_storage/fake-images/sdxl_fp16_p32_seed155.png,fake,1.0,0.09276294708251953
sd3_fp16,CLIP-D,/media/SSD_4TB/crispy_storage/fake-images/sd3_fp16_p87_seed210.png,real,0.11843041330575943,0.06229376792907715
sd3_fp16,R50_TF,/media/SSD_4TB/crispy_storage/fake-images/sd3_fp16_p87_seed210.png,real,0.459,0.179
sd3_fp16,NPR,/media/SSD_4TB/crispy_storage/fake-images/sd3_fp16_p87_seed210.png,real,0.0029264313634485006,0.08989906311035156
z-image_fp8,CLIP-D,/media/SSD_4TB/crispy_storage/fake-images/z-image_fp8_p5_seed128.png,fake,0.9985124468803406,0.06014227867126465
z-image_fp8,R50_TF,/media/SSD_4TB/crispy_storage/fake-images/z-image_fp8_p5_seed128.png,fake,0.5645,0.175
z-image_fp8,NPR,/media/SSD_4TB/crispy_storage/fake-images/z-image_fp8_p5_seed128.png,real,0.12340694665908813,0.09138703346252441
sdxl_fp8,CLIP-D,/media/SSD_4TB/crispy_storage/fake-images/sdxl_fp8_p85_seed208.png,fake,0.9980573058128357,0.06146955490112305
sdxl_fp8,R50_TF,/media/SSD_4TB/crispy_storage/fake-images/sdxl_fp8_p85_seed208.png,fake,0.7105,0.177
sdxl_fp8,NPR,/media/SSD_4TB/crispy_storage/fake-images/sdxl_fp8_p85_seed208.png,fake,0.99998939037323,0.08957266807556152
sd3_fp4,CLIP-D,/media/SSD_4TB/crispy_storage/fake-images/sd3_fp4_p17_seed140.png,fake,0.9947911500930786,0.06365251541137695
sd3_fp4,R50_TF,/media/SSD_4TB/crispy_storage/fake-images/sd3_fp4_p17_seed140.png,fake,0.5334,0.182
sd3_fp4,NPR,/media/SSD_4TB/crispy_storage/fake-images/sd3_fp4_p17_seed140.png,fake,0.9996706247329712,0.08722376823425293
pg25_fp4,CLIP-D,/media/SSD_4TB/crispy_storage/fake-images/pg25_fp4_p92_seed215.png,fake,0.9958851933479309,0.06085085868835449
pg25_fp4,R50_TF,/media/SSD_4TB/crispy_storage/fake-images/pg25_fp4_p92_seed215.png,fake,0.5962,0.184
pg25_fp4,NPR,/media/SSD_4TB/crispy_storage/fake-images/pg25_fp4_p92_seed215.png,fake,0.999447762966156,0.09072685241699219
z-image_fp16,CLIP-D,/media/SSD_4TB/crispy_storage/fake-images/z-image_fp16_p31_seed154.png,fake,0.980804979801178,0.06114077568054199
z-image_fp16,R50_TF,/media/SSD_4TB/crispy_storage/fake-images/z-image_fp16_p31_seed154.png,real,0.4286,0.18
z-image_fp16,NPR,/media/SSD_4TB/crispy_storage/fake-images/z-image_fp16_p31_seed154.png,fake,0.9992109537124634,0.08818578720092773
sdxl_fp8,CLIP-D,/media/SSD_4TB/crispy_storage/fake-images/sdxl_fp8_p52_seed175.png,fake,0.9950095415115356,0.06099748611450195
sdxl_fp8,R50_TF,/media/SSD_4TB/crispy_storage/fake-images/sdxl_fp8_p52_seed175.png,fake,0.5748,0.181
sdxl_fp8,NPR,/media/SSD_4TB/crispy_storage/fake-images/sdxl_fp8_p52_seed175.png,fake,0.9986270666122437,0.09278535842895508
sd35_fp16,CLIP-D,/media/SSD_4TB/crispy_storage/fake-images/sd35_fp16_p16_seed139.png,fake,0.9625388383865356,0.06162905693054199
sd35_fp16,R50_TF,/media/SSD_4TB/crispy_storage/fake-images/sd35_fp16_p16_seed139.png,fake,0.5982,0.178
sd35_fp16,NPR,/media/SSD_4TB/crispy_storage/fake-images/sd35_fp16_p16_seed139.png,real,0.1589721441268921,0.09251618385314941
sdxl_fp8,CLIP-D,/media/SSD_4TB/crispy_storage/fake-images/sdxl_fp8_p40_seed163.png,fake,0.9880000948905945,0.06239914894104004
sdxl_fp8,R50_TF,/media/SSD_4TB/crispy_storage/fake-images/sdxl_fp8_p40_seed163.png,fake,0.5651,0.177
sdxl_fp8,NPR,/media/SSD_4TB/crispy_storage/fake-images/sdxl_fp8_p40_seed163.png,fake,0.9906803965568542,0.08951711654663086
sdxl_fp8,CLIP-D,/media/SSD_4TB/crispy_storage/fake-images/sdxl_fp8_p5_seed128.png,fake,0.9971317052841187,0.06124591827392578
sdxl_fp8,R50_TF,/media/SSD_4TB/crispy_storage/fake-images/sdxl_fp8_p5_seed128.png,fake,0.6986,0.177
sdxl_fp8,NPR,/media/SSD_4TB/crispy_storage/fake-images/sdxl_fp8_p5_seed128.png,fake,0.9983863830566406,0.08719301223754883
pg25_fp16,CLIP-D,/media/SSD_4TB/crispy_storage/fake-images/pg25_fp16_p93_seed216.png,fake,0.8489106297492981,0.06060457229614258
pg25_fp16,R50_TF,/media/SSD_4TB/crispy_storage/fake-images/pg25_fp16_p93_seed216.png,fake,0.5775,0.179
pg25_fp16,NPR,/media/SSD_4TB/crispy_storage/fake-images/pg25_fp16_p93_seed216.png,fake,0.9999961853027344,0.09066963195800781
sd3_fp4,CLIP-D,/media/SSD_4TB/crispy_storage/fake-images/sd3_fp4_p29_seed152.png,fake,0.9839122891426086,0.06124711036682129
sd3_fp4,R50_TF,/media/SSD_4TB/crispy_storage/fake-images/sd3_fp4_p29_seed152.png,fake,0.613,0.184
sd3_fp4,NPR,/media/SSD_4TB/crispy_storage/fake-images/sd3_fp4_p29_seed152.png,real,0.002662728074938059,0.09103822708129883
pg25_fp4,CLIP-D,/media/SSD_4TB/crispy_storage/fake-images/pg25_fp4_p67_seed190.png,fake,0.9887115955352783,0.06249809265136719
pg25_fp4,R50_TF,/media/SSD_4TB/crispy_storage/fake-images/pg25_fp4_p67_seed190.png,fake,0.5681,0.179
pg25_fp4,NPR,/media/SSD_4TB/crispy_storage/fake-images/pg25_fp4_p67_seed190.png,fake,0.9987249970436096,0.09044003486633301
sd15_fp8,CLIP-D,/media/SSD_4TB/crispy_storage/fake-images/sd15_fp8_p39_seed162.png,fake,0.9442993998527527,0.06113290786743164
sd15_fp8,R50_TF,/media/SSD_4TB/crispy_storage/fake-images/sd15_fp8_p39_seed162.png,fake,0.5699,0.145
sd15_fp8,NPR,/media/SSD_4TB/crispy_storage/fake-images/sd15_fp8_p39_seed162.png,real,0.037965405732393265,0.0916285514831543
pg25_fp4,CLIP-D,/media/SSD_4TB/crispy_storage/fake-images/pg25_fp4_p33_seed156.png,fake,0.9943903088569641,0.06209397315979004
pg25_fp4,R50_TF,/media/SSD_4TB/crispy_storage/fake-images/pg25_fp4_p33_seed156.png,fake,0.5839,0.18
pg25_fp4,NPR,/media/SSD_4TB/crispy_storage/fake-images/pg25_fp4_p33_seed156.png,real,0.00802602432668209,0.09256410598754883
sdxl_fp16,CLIP-D,/media/SSD_4TB/crispy_storage/fake-images/sdxl_fp16_p64_seed187.png,fake,0.9929714798927307,0.062177181243896484
sdxl_fp16,R50_TF,/media/SSD_4TB/crispy_storage/fake-images/sdxl_fp16_p64_seed187.png,fake,0.5821,0.178
sdxl_fp16,NPR,/media/SSD_4TB/crispy_storage/fake-images/sdxl_fp16_p64_seed187.png,fake,1.0,0.09172987937927246
sdxl_fp4,CLIP-D,/media/SSD_4TB/crispy_storage/fake-images/sdxl_fp4_p28_seed151.png,fake,0.9968822002410889,0.06068110466003418
sdxl_fp4,R50_TF,/media/SSD_4TB/crispy_storage/fake-images/sdxl_fp4_p28_seed151.png,fake,0.7635,0.171
sdxl_fp4,NPR,/media/SSD_4TB/crispy_storage/fake-images/sdxl_fp4_p28_seed151.png,fake,0.9999942779541016,0.08823633193969727
sdxl_fp16,CLIP-D,/media/SSD_4TB/crispy_storage/fake-images/sdxl_fp16_p86_seed209.png,fake,0.8839159607887268,0.06125807762145996
sdxl_fp16,R50_TF,/media/SSD_4TB/crispy_storage/fake-images/sdxl_fp16_p86_seed209.png,fake,0.689,0.174
sdxl_fp16,NPR,/media/SSD_4TB/crispy_storage/fake-images/sdxl_fp16_p86_seed209.png,fake,0.9998112320899963,0.08989787101745605
sdxl_fp8,CLIP-D,/media/SSD_4TB/crispy_storage/fake-images/sdxl_fp8_p11_seed134.png,fake,0.9809852838516235,0.06163907051086426
sdxl_fp8,R50_TF,/media/SSD_4TB/crispy_storage/fake-images/sdxl_fp8_p11_seed134.png,fake,0.583,0.18
sdxl_fp8,NPR,/media/SSD_4TB/crispy_storage/fake-images/sdxl_fp8_p11_seed134.png,fake,0.9999963045120239,0.08731627464294434
pg25_fp16,CLIP-D,/media/SSD_4TB/crispy_storage/fake-images/pg25_fp16_p73_seed196.png,fake,0.9900031089782715,0.061575889587402344
pg25_fp16,R50_TF,/media/SSD_4TB/crispy_storage/fake-images/pg25_fp16_p73_seed196.png,fake,0.5776,0.179
pg25_fp16,NPR,/media/SSD_4TB/crispy_storage/fake-images/pg25_fp16_p73_seed196.png,fake,0.9999996423721313,0.09032249450683594
sd35_fp8,CLIP-D,/media/SSD_4TB/crispy_storage/fake-images/sd35_fp8_p45_seed168.png,fake,0.9495841264724731,0.06204795837402344
sd35_fp8,R50_TF,/media/SSD_4TB/crispy_storage/fake-images/sd35_fp8_p45_seed168.png,fake,0.5473,0.18
sd35_fp8,NPR,/media/SSD_4TB/crispy_storage/fake-images/sd35_fp8_p45_seed168.png,fake,0.999974250793457,0.09349322319030762
sdxl_fp8,CLIP-D,/media/SSD_4TB/crispy_storage/fake-images/sdxl_fp8_p6_seed129.png,fake,0.9943769574165344,0.06135702133178711
sdxl_fp8,R50_TF,/media/SSD_4TB/crispy_storage/fake-images/sdxl_fp8_p6_seed129.png,real,0.4428,0.176
sdxl_fp8,NPR,/media/SSD_4TB/crispy_storage/fake-images/sdxl_fp8_p6_seed129.png,fake,0.9988905787467957,0.09095454216003418
sd3_fp4,CLIP-D,/media/SSD_4TB/crispy_storage/fake-images/sd3_fp4_p96_seed219.png,fake,0.9997559189796448,0.06151914596557617
sd3_fp4,R50_TF,/media/SSD_4TB/crispy_storage/fake-images/sd3_fp4_p96_seed219.png,fake,0.562,0.177
sd3_fp4,NPR,/media/SSD_4TB/crispy_storage/fake-images/sd3_fp4_p96_seed219.png,real,0.26392489671707153,0.090667724609375
sdxl_fp8,CLIP-D,/media/SSD_4TB/crispy_storage/fake-images/sdxl_fp8_p59_seed182.png,fake,0.994321346282959,0.06158328056335449
sdxl_fp8,R50_TF,/media/SSD_4TB/crispy_storage/fake-images/sdxl_fp8_p59_seed182.png,fake,0.6218,0.176
sdxl_fp8,NPR,/media/SSD_4TB/crispy_storage/fake-images/sdxl_fp8_p59_seed182.png,fake,1.0,0.08966541290283203
sd3_fp4,CLIP-D,/media/SSD_4TB/crispy_storage/fake-images/sd3_fp4_p3_seed126.png,real,0.4449399709701538,0.06062579154968262
sd3_fp4,R50_TF,/media/SSD_4TB/crispy_storage/fake-images/sd3_fp4_p3_seed126.png,real,0.439,0.182
sd3_fp4,NPR,/media/SSD_4TB/crispy_storage/fake-images/sd3_fp4_p3_seed126.png,real,3.000026254085242e-06,0.08747696876525879
sd15_fp4,CLIP-D,/media/SSD_4TB/crispy_storage/fake-images/sd15_fp4_p44_seed167.png,fake,0.9798691868782043,0.06202888488769531
sd15_fp4,R50_TF,/media/SSD_4TB/crispy_storage/fake-images/sd15_fp4_p44_seed167.png,fake,0.5552,0.143
sd15_fp4,NPR,/media/SSD_4TB/crispy_storage/fake-images/sd15_fp4_p44_seed167.png,real,6.598692561965436e-05,0.09017086029052734
sd35_fp16,CLIP-D,/media/SSD_4TB/crispy_storage/fake-images/sd35_fp16_p97_seed220.png,fake,0.9561375975608826,0.06143522262573242
sd35_fp16,R50_TF,/media/SSD_4TB/crispy_storage/fake-images/sd35_fp16_p97_seed220.png,real,0.4382,0.178
sd35_fp16,NPR,/media/SSD_4TB/crispy_storage/fake-images/sd35_fp16_p97_seed220.png,fake,0.619346022605896,0.08827900886535645
sd15_fp16,CLIP-D,/media/SSD_4TB/crispy_storage/fake-images/sd15_fp16_p41_seed164.png,fake,0.5255231857299805,0.06192374229431152
sd15_fp16,R50_TF,/media/SSD_4TB/crispy_storage/fake-images/sd15_fp16_p41_seed164.png,fake,0.5579,0.143
sd15_fp16,NPR,/media/SSD_4TB/crispy_storage/fake-images/sd15_fp16_p41_seed164.png,fake,0.9987748265266418,0.0917043685913086
sd3_fp16,CLIP-D,/media/SSD_4TB/crispy_storage/fake-images/sd3_fp16_p54_seed177.png,real,0.021465547382831573,0.06188249588012695
sd3_fp16,R50_TF,/media/SSD_4TB/crispy_storage/fake-images/sd3_fp16_p54_seed177.png,real,0.4332,0.178
sd3_fp16,NPR,/media/SSD_4TB/crispy_storage/fake-images/sd3_fp16_p54_seed177.png,real,2.679371675640141e-07,0.08768844604492188
pg25_fp16,CLIP-D,/media/SSD_4TB/crispy_storage/fake-images/pg25_fp16_p69_seed192.png,fake,0.995080828666687,0.060742855072021484
pg25_fp16,R50_TF,/media/SSD_4TB/crispy_storage/fake-images/pg25_fp16_p69_seed192.png,fake,0.563,0.173
pg25_fp16,NPR,/media/SSD_4TB/crispy_storage/fake-images/pg25_fp16_p69_seed192.png,fake,0.7575985193252563,0.09095358848571777
sdxl_fp16,CLIP-D,/media/SSD_4TB/crispy_storage/fake-images/sdxl_fp16_p61_seed184.png,fake,0.9979908466339111,0.06296777725219727
sdxl_fp16,R50_TF,/media/SSD_4TB/crispy_storage/fake-images/sdxl_fp16_p61_seed184.png,fake,0.5649,0.181
sdxl_fp16,NPR,/media/SSD_4TB/crispy_storage/fake-images/sdxl_fp16_p61_seed184.png,fake,0.8044546842575073,0.09094452857971191
sd35_fp16,CLIP-D,/media/SSD_4TB/crispy_storage/fake-images/sd35_fp16_p13_seed136.png,fake,0.9705017805099487,0.06295442581176758
sd35_fp16,R50_TF,/media/SSD_4TB/crispy_storage/fake-images/sd35_fp16_p13_seed136.png,fake,0.5595,0.18
sd35_fp16,NPR,/media/SSD_4TB/crispy_storage/fake-images/sd35_fp16_p13_seed136.png,fake,0.9998372793197632,0.09096217155456543
sd3_fp4,CLIP-D,/media/SSD_4TB/crispy_storage/fake-images/sd3_fp4_p1_seed124.png,fake,0.9990474581718445,0.06135988235473633
sd3_fp4,R50_TF,/media/SSD_4TB/crispy_storage/fake-images/sd3_fp4_p1_seed124.png,fake,0.5401,0.177
sd3_fp4,NPR,/media/SSD_4TB/crispy_storage/fake-images/sd3_fp4_p1_seed124.png,real,0.13391508162021637,0.08713483810424805
pg25_fp16,CLIP-D,/media/SSD_4TB/crispy_storage/fake-images/pg25_fp16_p86_seed209.png,fake,0.954670786857605,0.06514835357666016
pg25_fp16,R50_TF,/media/SSD_4TB/crispy_storage/fake-images/pg25_fp16_p86_seed209.png,fake,0.6126,0.177
pg25_fp16,NPR,/media/SSD_4TB/crispy_storage/fake-images/pg25_fp16_p86_seed209.png,fake,0.9999901056289673,0.08886003494262695
sdxl_fp16,CLIP-D,/media/SSD_4TB/crispy_storage/fake-images/sdxl_fp16_p74_seed197.png,fake,0.9915177226066589,0.061292409896850586
sdxl_fp16,R50_TF,/media/SSD_4TB/crispy_storage/fake-images/sdxl_fp16_p74_seed197.png,fake,0.5898,0.179
sdxl_fp16,NPR,/media/SSD_4TB/crispy_storage/fake-images/sdxl_fp16_p74_seed197.png,fake,1.0,0.09521913528442383
sd35_fp4,CLIP-D,/media/SSD_4TB/crispy_storage/fake-images/sd35_fp4_p51_seed174.png,fake,0.7774873375892639,0.06245541572570801
sd35_fp4,R50_TF,/media/SSD_4TB/crispy_storage/fake-images/sd35_fp4_p51_seed174.png,fake,0.5794,0.179
sd35_fp4,NPR,/media/SSD_4TB/crispy_storage/fake-images/sd35_fp4_p51_seed174.png,real,0.020366303622722626,0.0878000259399414
sd3_fp16,CLIP-D,/media/SSD_4TB/crispy_storage/fake-images/sd3_fp16_p53_seed176.png,real,0.41400066018104553,0.06268501281738281
sd3_fp16,R50_TF,/media/SSD_4TB/crispy_storage/fake-images/sd3_fp16_p53_seed176.png,real,0.4637,0.173
sd3_fp16,NPR,/media/SSD_4TB/crispy_storage/fake-images/sd3_fp16_p53_seed176.png,fake,0.9445542693138123,0.08937644958496094
sd35_fp8,CLIP-D,/media/SSD_4TB/crispy_storage/fake-images/sd35_fp8_p12_seed135.png,fake,0.9922285676002502,0.06193828582763672
sd35_fp8,R50_TF,/media/SSD_4TB/crispy_storage/fake-images/sd35_fp8_p12_seed135.png,fake,0.5527,0.177
sd35_fp8,NPR,/media/SSD_4TB/crispy_storage/fake-images/sd35_fp8_p12_seed135.png,fake,0.8698956370353699,0.09018731117248535
sdxl_fp4,CLIP-D,/media/SSD_4TB/crispy_storage/fake-images/sdxl_fp4_p96_seed219.png,fake,0.995392918586731,0.06076931953430176
sdxl_fp4,R50_TF,/media/SSD_4TB/crispy_storage/fake-images/sdxl_fp4_p96_seed219.png,fake,0.6024,0.176
sdxl_fp4,NPR,/media/SSD_4TB/crispy_storage/fake-images/sdxl_fp4_p96_seed219.png,fake,0.9999266862869263,0.08842897415161133
sd35_fp16,CLIP-D,/media/SSD_4TB/crispy_storage/fake-images/sd35_fp16_p5_seed128.png,fake,0.9998244643211365,0.06266117095947266
sd35_fp16,R50_TF,/media/SSD_4TB/crispy_storage/fake-images/sd35_fp16_p5_seed128.png,fake,0.5993,0.176
sd35_fp16,NPR,/media/SSD_4TB/crispy_storage/fake-images/sd35_fp16_p5_seed128.png,fake,0.9719865918159485,0.09004950523376465
sd3_fp8,CLIP-D,/media/SSD_4TB/crispy_storage/fake-images/sd3_fp8_p11_seed134.png,fake,0.9365702867507935,0.06348609924316406
sd3_fp8,R50_TF,/media/SSD_4TB/crispy_storage/fake-images/sd3_fp8_p11_seed134.png,fake,0.5297,0.184
sd3_fp8,NPR,/media/SSD_4TB/crispy_storage/fake-images/sd3_fp8_p11_seed134.png,fake,0.9792305827140808,0.09023094177246094
sd15_fp8,CLIP-D,/media/SSD_4TB/crispy_storage/fake-images/sd15_fp8_p69_seed192.png,fake,0.9967606663703918,0.06121540069580078
sd15_fp8,R50_TF,/media/SSD_4TB/crispy_storage/fake-images/sd15_fp8_p69_seed192.png,fake,0.5534,0.143
sd15_fp8,NPR,/media/SSD_4TB/crispy_storage/fake-images/sd15_fp8_p69_seed192.png,real,0.33468517661094666,0.09289073944091797
sd35_fp8,CLIP-D,/media/SSD_4TB/crispy_storage/fake-images/sd35_fp8_p99_seed222.png,fake,0.978168785572052,0.06278800964355469
sd35_fp8,R50_TF,/media/SSD_4TB/crispy_storage/fake-images/sd35_fp8_p99_seed222.png,fake,0.5804,0.181
sd35_fp8,NPR,/media/SSD_4TB/crispy_storage/fake-images/sd35_fp8_p99_seed222.png,fake,0.9706435203552246,0.09031391143798828
pg25_fp16,CLIP-D,/media/SSD_4TB/crispy_storage/fake-images/pg25_fp16_p65_seed188.png,fake,0.9926537275314331,0.06129264831542969
pg25_fp16,R50_TF,/media/SSD_4TB/crispy_storage/fake-images/pg25_fp16_p65_seed188.png,fake,0.5625,0.181
pg25_fp16,NPR,/media/SSD_4TB/crispy_storage/fake-images/pg25_fp16_p65_seed188.png,fake,0.9999997615814209,0.08793306350708008
sdxl_fp16,CLIP-D,/media/SSD_4TB/crispy_storage/fake-images/sdxl_fp16_p13_seed136.png,fake,0.996840238571167,0.061044931411743164
sdxl_fp16,R50_TF,/media/SSD_4TB/crispy_storage/fake-images/sdxl_fp16_p13_seed136.png,fake,0.5734,0.179
sdxl_fp16,NPR,/media/SSD_4TB/crispy_storage/fake-images/sdxl_fp16_p13_seed136.png,fake,1.0,0.09185099601745605
sdxl_fp16,CLIP-D,/media/SSD_4TB/crispy_storage/fake-images/sdxl_fp16_p29_seed152.png,fake,0.9908272624015808,0.06085014343261719
sdxl_fp16,R50_TF,/media/SSD_4TB/crispy_storage/fake-images/sdxl_fp16_p29_seed152.png,fake,0.6245,0.176
sdxl_fp16,NPR,/media/SSD_4TB/crispy_storage/fake-images/sdxl_fp16_p29_seed152.png,fake,0.9980534315109253,0.09074807167053223
sd3_fp4,CLIP-D,/media/SSD_4TB/crispy_storage/fake-images/sd3_fp4_p86_seed209.png,fake,0.8554978966712952,0.06259274482727051
sd3_fp4,R50_TF,/media/SSD_4TB/crispy_storage/fake-images/sd3_fp4_p86_seed209.png,real,0.4128,0.18
sd3_fp4,NPR,/media/SSD_4TB/crispy_storage/fake-images/sd3_fp4_p86_seed209.png,real,0.2983832061290741,0.09093689918518066
sd15_fp16,CLIP-D,/media/SSD_4TB/crispy_storage/fake-images/sd15_fp16_p45_seed168.png,real,0.3400910496711731,0.061313629150390625
sd15_fp16,R50_TF,/media/SSD_4TB/crispy_storage/fake-images/sd15_fp16_p45_seed168.png,real,0.4022,0.143
sd15_fp16,NPR,/media/SSD_4TB/crispy_storage/fake-images/sd15_fp16_p45_seed168.png,real,4.511824691633137e-09,0.09181475639343262
sdxl_fp8,CLIP-D,/media/SSD_4TB/crispy_storage/fake-images/sdxl_fp8_p2_seed125.png,fake,0.9921173453330994,0.06232190132141113
sdxl_fp8,R50_TF,/media/SSD_4TB/crispy_storage/fake-images/sdxl_fp8_p2_seed125.png,fake,0.5793,0.178
sdxl_fp8,NPR,/media/SSD_4TB/crispy_storage/fake-images/sdxl_fp8_p2_seed125.png,fake,0.9998601675033569,0.09028935432434082
sdxl_fp8,CLIP-D,/media/SSD_4TB/crispy_storage/fake-images/sdxl_fp8_p25_seed148.png,fake,0.9708935022354126,0.06242823600769043
sdxl_fp8,R50_TF,/media/SSD_4TB/crispy_storage/fake-images/sdxl_fp8_p25_seed148.png,fake,0.6044,0.178
sdxl_fp8,NPR,/media/SSD_4TB/crispy_storage/fake-images/sdxl_fp8_p25_seed148.png,fake,0.9912129044532776,0.08964896202087402
pg25_fp16,CLIP-D,/media/SSD_4TB/crispy_storage/fake-images/pg25_fp16_p14_seed137.png,fake,0.9940659999847412,0.06235337257385254
pg25_fp16,R50_TF,/media/SSD_4TB/crispy_storage/fake-images/pg25_fp16_p14_seed137.png,fake,0.6073,0.179
pg25_fp16,NPR,/media/SSD_4TB/crispy_storage/fake-images/pg25_fp16_p14_seed137.png,fake,1.0,0.0894625186920166
z-image_fp16,CLIP-D,/media/SSD_4TB/crispy_storage/fake-images/z-image_fp16_p60_seed183.png,fake,0.7886833548545837,0.06182599067687988
z-image_fp16,R50_TF,/media/SSD_4TB/crispy_storage/fake-images/z-image_fp16_p60_seed183.png,real,0.4411,0.183
z-image_fp16,NPR,/media/SSD_4TB/crispy_storage/fake-images/z-image_fp16_p60_seed183.png,fake,0.9983277916908264,0.09237980842590332
pg25_fp16,CLIP-D,/media/SSD_4TB/crispy_storage/fake-images/pg25_fp16_p96_seed219.png,fake,0.9988724589347839,0.061807870864868164
pg25_fp16,R50_TF,/media/SSD_4TB/crispy_storage/fake-images/pg25_fp16_p96_seed219.png,fake,0.6104,0.177
pg25_fp16,NPR,/media/SSD_4TB/crispy_storage/fake-images/pg25_fp16_p96_seed219.png,fake,0.9762884378433228,0.09000396728515625
sdxl_fp4,CLIP-D,/media/SSD_4TB/crispy_storage/fake-images/sdxl_fp4_p35_seed158.png,fake,0.9961702227592468,0.06005716323852539
sdxl_fp4,R50_TF,/media/SSD_4TB/crispy_storage/fake-images/sdxl_fp4_p35_seed158.png,fake,0.5342,0.181
sdxl_fp4,NPR,/media/SSD_4TB/crispy_storage/fake-images/sdxl_fp4_p35_seed158.png,fake,0.9999784231185913,0.08922696113586426
sd15_fp16,CLIP-D,/media/SSD_4TB/crispy_storage/fake-images/sd15_fp16_p29_seed152.png,fake,0.5913801789283752,0.05996823310852051
sd15_fp16,R50_TF,/media/SSD_4TB/crispy_storage/fake-images/sd15_fp16_p29_seed152.png,fake,0.6028,0.142
sd15_fp16,NPR,/media/SSD_4TB/crispy_storage/fake-images/sd15_fp16_p29_seed152.png,real,0.011984748765826225,0.09116458892822266
sd15_fp8,CLIP-D,/media/SSD_4TB/crispy_storage/fake-images/sd15_fp8_p23_seed146.png,real,0.4591386318206787,0.06200361251831055
sd15_fp8,R50_TF,/media/SSD_4TB/crispy_storage/fake-images/sd15_fp8_p23_seed146.png,real,0.4339,0.143
sd15_fp8,NPR,/media/SSD_4TB/crispy_storage/fake-images/sd15_fp8_p23_seed146.png,real,5.186100679566152e-06,0.09130358695983887
sd3_fp16,CLIP-D,/media/SSD_4TB/crispy_storage/fake-images/sd3_fp16_p27_seed150.png,fake,0.9528661966323853,0.06311988830566406
sd3_fp16,R50_TF,/media/SSD_4TB/crispy_storage/fake-images/sd3_fp16_p27_seed150.png,fake,0.5303,0.181
sd3_fp16,NPR,/media/SSD_4TB/crispy_storage/fake-images/sd3_fp16_p27_seed150.png,fake,0.960433840751648,0.08994913101196289
z-image_fp16,CLIP-D,/media/SSD_4TB/crispy_storage/fake-images/z-image_fp16_p7_seed130.png,real,0.11623939126729965,0.061007022857666016
z-image_fp16,R50_TF,/media/SSD_4TB/crispy_storage/fake-images/z-image_fp16_p7_seed130.png,real,0.4088,0.18
z-image_fp16,NPR,/media/SSD_4TB/crispy_storage/fake-images/z-image_fp16_p7_seed130.png,fake,0.6908551454544067,0.0900266170501709
sd35_fp8,CLIP-D,/media/SSD_4TB/crispy_storage/fake-images/sd35_fp8_p23_seed146.png,real,0.2000151425600052,0.06348752975463867
sd35_fp8,R50_TF,/media/SSD_4TB/crispy_storage/fake-images/sd35_fp8_p23_seed146.png,fake,0.6058,0.176
sd35_fp8,NPR,/media/SSD_4TB/crispy_storage/fake-images/sd35_fp8_p23_seed146.png,fake,0.999221682548523,0.09130454063415527
sd3_fp16,CLIP-D,/media/SSD_4TB/crispy_storage/fake-images/sd3_fp16_p84_seed207.png,fake,0.9580538272857666,0.06188178062438965
sd3_fp16,R50_TF,/media/SSD_4TB/crispy_storage/fake-images/sd3_fp16_p84_seed207.png,fake,0.5685,0.173
sd3_fp16,NPR,/media/SSD_4TB/crispy_storage/fake-images/sd3_fp16_p84_seed207.png,fake,0.9997662901878357,0.09034943580627441
sd15_fp8,CLIP-D,/media/SSD_4TB/crispy_storage/fake-images/sd15_fp8_p12_seed135.png,fake,0.9546240568161011,0.06086897850036621
sd15_fp8,R50_TF,/media/SSD_4TB/crispy_storage/fake-images/sd15_fp8_p12_seed135.png,fake,0.6076,0.147
sd15_fp8,NPR,/media/SSD_4TB/crispy_storage/fake-images/sd15_fp8_p12_seed135.png,fake,0.9999805688858032,0.09005355834960938
sd15_fp4,CLIP-D,/media/SSD_4TB/crispy_storage/fake-images/sd15_fp4_p4_seed127.png,fake,0.9192512631416321,0.0607454776763916
sd15_fp4,R50_TF,/media/SSD_4TB/crispy_storage/fake-images/sd15_fp4_p4_seed127.png,fake,0.5711,0.143
sd15_fp4,NPR,/media/SSD_4TB/crispy_storage/fake-images/sd15_fp4_p4_seed127.png,fake,0.9951127171516418,0.0898139476776123
sd3_fp16,CLIP-D,/media/SSD_4TB/crispy_storage/fake-images/sd3_fp16_p81_seed204.png,fake,0.9761219024658203,0.06106710433959961
sd3_fp16,R50_TF,/media/SSD_4TB/crispy_storage/fake-images/sd3_fp16_p81_seed204.png,fake,0.657,0.183
sd3_fp16,NPR,/media/SSD_4TB/crispy_storage/fake-images/sd3_fp16_p81_seed204.png,real,0.03334527090191841,0.08732724189758301
sd15_fp4,CLIP-D,/media/SSD_4TB/crispy_storage/fake-images/sd15_fp4_p8_seed131.png,fake,0.517895519733429,0.06312870979309082
sd15_fp4,R50_TF,/media/SSD_4TB/crispy_storage/fake-images/sd15_fp4_p8_seed131.png,fake,0.549,0.144
sd15_fp4,NPR,/media/SSD_4TB/crispy_storage/fake-images/sd15_fp4_p8_seed131.png,real,2.2946034732740372e-05,0.09000635147094727
sdxl_fp16,CLIP-D,/media/SSD_4TB/crispy_storage/fake-images/sdxl_fp16_p17_seed140.png,fake,0.9892221689224243,0.06299209594726562
sdxl_fp16,R50_TF,/media/SSD_4TB/crispy_storage/fake-images/sdxl_fp16_p17_seed140.png,fake,0.5991,0.176
sdxl_fp16,NPR,/media/SSD_4TB/crispy_storage/fake-images/sdxl_fp16_p17_seed140.png,fake,1.0,0.09146261215209961
sdxl_fp4,CLIP-D,/media/SSD_4TB/crispy_storage/fake-images/sdxl_fp4_p83_seed206.png,fake,0.9729384183883667,0.06158113479614258
sdxl_fp4,R50_TF,/media/SSD_4TB/crispy_storage/fake-images/sdxl_fp4_p83_seed206.png,real,0.4255,0.178
sdxl_fp4,NPR,/media/SSD_4TB/crispy_storage/fake-images/sdxl_fp4_p83_seed206.png,fake,0.5279350876808167,0.0909574031829834
sd3_fp8,CLIP-D,/media/SSD_4TB/crispy_storage/fake-images/sd3_fp8_p86_seed209.png,fake,0.9016097784042358,0.06192207336425781
sd3_fp8,R50_TF,/media/SSD_4TB/crispy_storage/fake-images/sd3_fp8_p86_seed209.png,fake,0.5798,0.181
sd3_fp8,NPR,/media/SSD_4TB/crispy_storage/fake-images/sd3_fp8_p86_seed209.png,real,0.0025891659315675497,0.08941006660461426
pg25_fp4,CLIP-D,/media/SSD_4TB/crispy_storage/fake-images/pg25_fp4_p36_seed159.png,fake,0.9790467023849487,0.06029391288757324
pg25_fp4,R50_TF,/media/SSD_4TB/crispy_storage/fake-images/pg25_fp4_p36_seed159.png,fake,0.5592,0.177
pg25_fp4,NPR,/media/SSD_4TB/crispy_storage/fake-images/pg25_fp4_p36_seed159.png,fake,0.9999995231628418,0.09005999565124512
sd15_fp16,CLIP-D,/media/SSD_4TB/crispy_storage/fake-images/sd15_fp16_p99_seed222.png,fake,0.7727086544036865,0.06101036071777344
sd15_fp16,R50_TF,/media/SSD_4TB/crispy_storage/fake-images/sd15_fp16_p99_seed222.png,real,0.4263,0.142
sd15_fp16,NPR,/media/SSD_4TB/crispy_storage/fake-images/sd15_fp16_p99_seed222.png,real,0.0013003225903958082,0.09123349189758301
pg25_fp4,CLIP-D,/media/SSD_4TB/crispy_storage/fake-images/pg25_fp4_p87_seed210.png,fake,0.9957006573677063,0.0601353645324707
pg25_fp4,R50_TF,/media/SSD_4TB/crispy_storage/fake-images/pg25_fp4_p87_seed210.png,fake,0.5832,0.181
pg25_fp4,NPR,/media/SSD_4TB/crispy_storage/fake-images/pg25_fp4_p87_seed210.png,fake,0.9673500061035156,0.09235119819641113
sd15_fp4,CLIP-D,/media/SSD_4TB/crispy_storage/fake-images/sd15_fp4_p96_seed219.png,fake,0.9792404174804688,0.060896873474121094
sd15_fp4,R50_TF,/media/SSD_4TB/crispy_storage/fake-images/sd15_fp4_p96_seed219.png,fake,0.5881,0.144
sd15_fp4,NPR,/media/SSD_4TB/crispy_storage/fake-images/sd15_fp4_p96_seed219.png,fake,0.9951457381248474,0.09171056747436523
sd35_fp16,CLIP-D,/media/SSD_4TB/crispy_storage/fake-images/sd35_fp16_p85_seed208.png,fake,0.7191495299339294,0.06191563606262207
sd35_fp16,R50_TF,/media/SSD_4TB/crispy_storage/fake-images/sd35_fp16_p85_seed208.png,fake,0.6188,0.179
sd35_fp16,NPR,/media/SSD_4TB/crispy_storage/fake-images/sd35_fp16_p85_seed208.png,real,0.0005248876987025142,0.09093213081359863
sdxl_fp8,CLIP-D,/media/SSD_4TB/crispy_storage/fake-images/sdxl_fp8_p33_seed156.png,fake,0.9343506693840027,0.06265807151794434
sdxl_fp8,R50_TF,/media/SSD_4TB/crispy_storage/fake-images/sdxl_fp8_p33_seed156.png,fake,0.6049,0.18
sdxl_fp8,NPR,/media/SSD_4TB/crispy_storage/fake-images/sdxl_fp8_p33_seed156.png,fake,0.9973823428153992,0.0921773910522461
sdxl_fp8,CLIP-D,/media/SSD_4TB/crispy_storage/fake-images/sdxl_fp8_p16_seed139.png,fake,0.9960673451423645,0.06168556213378906
sdxl_fp8,R50_TF,/media/SSD_4TB/crispy_storage/fake-images/sdxl_fp8_p16_seed139.png,fake,0.6079,0.173
sdxl_fp8,NPR,/media/SSD_4TB/crispy_storage/fake-images/sdxl_fp8_p16_seed139.png,fake,0.9999970197677612,0.08984136581420898
sd3_fp8,CLIP-D,/media/SSD_4TB/crispy_storage/fake-images/sd3_fp8_p29_seed152.png,fake,0.9312961101531982,0.06114816665649414
sd3_fp8,R50_TF,/media/SSD_4TB/crispy_storage/fake-images/sd3_fp8_p29_seed152.png,fake,0.6204,0.179
sd3_fp8,NPR,/media/SSD_4TB/crispy_storage/fake-images/sd3_fp8_p29_seed152.png,real,0.15913407504558563,0.09124755859375
sd3_fp4,CLIP-D,/media/SSD_4TB/crispy_storage/fake-images/sd3_fp4_p40_seed163.png,fake,0.9889107942581177,0.06221342086791992
sd3_fp4,R50_TF,/media/SSD_4TB/crispy_storage/fake-images/sd3_fp4_p40_seed163.png,fake,0.6001,0.178
sd3_fp4,NPR,/media/SSD_4TB/crispy_storage/fake-images/sd3_fp4_p40_seed163.png,real,0.0019100713543593884,0.0882411003112793
sdxl_fp4,CLIP-D,/media/SSD_4TB/crispy_storage/fake-images/sdxl_fp4_p33_seed156.png,fake,0.9426007270812988,0.062530517578125
sdxl_fp4,R50_TF,/media/SSD_4TB/crispy_storage/fake-images/sdxl_fp4_p33_seed156.png,fake,0.5914,0.179
sdxl_fp4,NPR,/media/SSD_4TB/crispy_storage/fake-images/sdxl_fp4_p33_seed156.png,fake,0.9999991655349731,0.08862686157226562
sdxl_fp4,CLIP-D,/media/SSD_4TB/crispy_storage/fake-images/sdxl_fp4_p15_seed138.png,fake,0.9978756904602051,0.05933570861816406
sdxl_fp4,R50_TF,/media/SSD_4TB/crispy_storage/fake-images/sdxl_fp4_p15_seed138.png,fake,0.5489,0.177
sdxl_fp4,NPR,/media/SSD_4TB/crispy_storage/fake-images/sdxl_fp4_p15_seed138.png,fake,1.0,0.09026956558227539
z-image_fp16,CLIP-D,/media/SSD_4TB/crispy_storage/fake-images/z-image_fp16_p3_seed126.png,fake,0.5298475027084351,0.06124544143676758
z-image_fp16,R50_TF,/media/SSD_4TB/crispy_storage/fake-images/z-image_fp16_p3_seed126.png,fake,0.5462,0.184
z-image_fp16,NPR,/media/SSD_4TB/crispy_storage/fake-images/z-image_fp16_p3_seed126.png,fake,0.5313432216644287,0.08996987342834473
sdxl_fp16,CLIP-D,/media/SSD_4TB/crispy_storage/fake-images/sdxl_fp16_p82_seed205.png,fake,0.9983662962913513,0.0612797737121582
sdxl_fp16,R50_TF,/media/SSD_4TB/crispy_storage/fake-images/sdxl_fp16_p82_seed205.png,fake,0.5381,0.177
sdxl_fp16,NPR,/media/SSD_4TB/crispy_storage/fake-images/sdxl_fp16_p82_seed205.png,fake,0.9999934434890747,0.09065508842468262
z-image_fp16,CLIP-D,/media/SSD_4TB/crispy_storage/fake-images/z-image_fp16_p38_seed161.png,fake,0.9185826778411865,0.0606229305267334
z-image_fp16,R50_TF,/media/SSD_4TB/crispy_storage/fake-images/z-image_fp16_p38_seed161.png,fake,0.5497,0.184
z-image_fp16,NPR,/media/SSD_4TB/crispy_storage/fake-images/z-image_fp16_p38_seed161.png,fake,0.9822165966033936,0.0877072811126709
sd35_fp4,CLIP-D,/media/SSD_4TB/crispy_storage/fake-images/sd35_fp4_p63_seed186.png,real,0.03859192505478859,0.05976462364196777
sd35_fp4,R50_TF,/media/SSD_4TB/crispy_storage/fake-images/sd35_fp4_p63_seed186.png,real,0.4452,0.181
sd35_fp4,NPR,/media/SSD_4TB/crispy_storage/fake-images/sd35_fp4_p63_seed186.png,real,0.0003233100869692862,0.09049248695373535
sd3_fp16,CLIP-D,/media/SSD_4TB/crispy_storage/fake-images/sd3_fp16_p34_seed157.png,fake,0.936262845993042,0.06120610237121582
sd3_fp16,R50_TF,/media/SSD_4TB/crispy_storage/fake-images/sd3_fp16_p34_seed157.png,fake,0.5968,0.181
sd3_fp16,NPR,/media/SSD_4TB/crispy_storage/fake-images/sd3_fp16_p34_seed157.png,fake,0.9173975586891174,0.09010696411132812
sd15_fp8,CLIP-D,/media/SSD_4TB/crispy_storage/fake-images/sd15_fp8_p60_seed183.png,fake,0.6247930526733398,0.059393882751464844
sd15_fp8,R50_TF,/media/SSD_4TB/crispy_storage/fake-images/sd15_fp8_p60_seed183.png,real,0.4474,0.142
sd15_fp8,NPR,/media/SSD_4TB/crispy_storage/fake-images/sd15_fp8_p60_seed183.png,real,0.0005235555581748486,0.0936119556427002
sd3_fp16,CLIP-D,/media/SSD_4TB/crispy_storage/fake-images/sd3_fp16_p58_seed181.png,fake,0.9618278741836548,0.06169319152832031
sd3_fp16,R50_TF,/media/SSD_4TB/crispy_storage/fake-images/sd3_fp16_p58_seed181.png,fake,0.594,0.173
sd3_fp16,NPR,/media/SSD_4TB/crispy_storage/fake-images/sd3_fp16_p58_seed181.png,fake,0.989075779914856,0.09248518943786621
sd35_fp16,CLIP-D,/media/SSD_4TB/crispy_storage/fake-images/sd35_fp16_p25_seed148.png,fake,0.998323380947113,0.06339144706726074
sd35_fp16,R50_TF,/media/SSD_4TB/crispy_storage/fake-images/sd35_fp16_p25_seed148.png,fake,0.6245,0.181
sd35_fp16,NPR,/media/SSD_4TB/crispy_storage/fake-images/sd35_fp16_p25_seed148.png,fake,0.9999845027923584,0.09253621101379395
sd3_fp16,CLIP-D,/media/SSD_4TB/crispy_storage/fake-images/sd3_fp16_p14_seed137.png,fake,0.9475614428520203,0.06235051155090332
sd3_fp16,R50_TF,/media/SSD_4TB/crispy_storage/fake-images/sd3_fp16_p14_seed137.png,fake,0.5605,0.182
sd3_fp16,NPR,/media/SSD_4TB/crispy_storage/fake-images/sd3_fp16_p14_seed137.png,fake,0.8687630295753479,0.08965730667114258
sd3_fp4,CLIP-D,/media/SSD_4TB/crispy_storage/fake-images/sd3_fp4_p85_seed208.png,fake,0.9834762811660767,0.06140398979187012
sd3_fp4,R50_TF,/media/SSD_4TB/crispy_storage/fake-images/sd3_fp4_p85_seed208.png,real,0.4074,0.183
sd3_fp4,NPR,/media/SSD_4TB/crispy_storage/fake-images/sd3_fp4_p85_seed208.png,real,7.563048711745068e-05,0.09080362319946289
pg25_fp16,CLIP-D,/media/SSD_4TB/crispy_storage/fake-images/pg25_fp16_p89_seed212.png,fake,0.997348427772522,0.06129860877990723
pg25_fp16,R50_TF,/media/SSD_4TB/crispy_storage/fake-images/pg25_fp16_p89_seed212.png,fake,0.6191,0.178
pg25_fp16,NPR,/media/SSD_4TB/crispy_storage/fake-images/pg25_fp16_p89_seed212.png,fake,0.9999991655349731,0.09106230735778809
sd15_fp16,CLIP-D,/media/SSD_4TB/crispy_storage/fake-images/sd15_fp16_p38_seed161.png,fake,0.8679311871528625,0.06132936477661133
sd15_fp16,R50_TF,/media/SSD_4TB/crispy_storage/fake-images/sd15_fp16_p38_seed161.png,real,0.4374,0.145
sd15_fp16,NPR,/media/SSD_4TB/crispy_storage/fake-images/sd15_fp16_p38_seed161.png,real,0.0035379701294004917,0.09241604804992676
sdxl_fp4,CLIP-D,/media/SSD_4TB/crispy_storage/fake-images/sdxl_fp4_p86_seed209.png,fake,0.9896957874298096,0.061568260192871094
sdxl_fp4,R50_TF,/media/SSD_4TB/crispy_storage/fake-images/sdxl_fp4_p86_seed209.png,fake,0.6535,0.182
sdxl_fp4,NPR,/media/SSD_4TB/crispy_storage/fake-images/sdxl_fp4_p86_seed209.png,fake,0.7621259689331055,0.08826780319213867
sd3_fp8,CLIP-D,/media/SSD_4TB/crispy_storage/fake-images/sd3_fp8_p18_seed141.png,real,0.20672963559627533,0.05963492393493652
sd3_fp8,R50_TF,/media/SSD_4TB/crispy_storage/fake-images/sd3_fp8_p18_seed141.png,real,0.4233,0.181
sd3_fp8,NPR,/media/SSD_4TB/crispy_storage/fake-images/sd3_fp8_p18_seed141.png,real,0.0015083877369761467,0.08820629119873047
sd3_fp16,CLIP-D,/media/SSD_4TB/crispy_storage/fake-images/sd3_fp16_p28_seed151.png,fake,0.991081953048706,0.06290602684020996
sd3_fp16,R50_TF,/media/SSD_4TB/crispy_storage/fake-images/sd3_fp16_p28_seed151.png,fake,0.5693,0.182
sd3_fp16,NPR,/media/SSD_4TB/crispy_storage/fake-images/sd3_fp16_p28_seed151.png,fake,0.9525759816169739,0.0855257511138916
sd15_fp8,CLIP-D,/media/SSD_4TB/crispy_storage/fake-images/sd15_fp8_p3_seed126.png,fake,0.5035871863365173,0.06132841110229492
sd15_fp8,R50_TF,/media/SSD_4TB/crispy_storage/fake-images/sd15_fp8_p3_seed126.png,fake,0.5715,0.144
sd15_fp8,NPR,/media/SSD_4TB/crispy_storage/fake-images/sd15_fp8_p3_seed126.png,real,0.13242360949516296,0.08755373954772949
sd35_fp16,CLIP-D,/media/SSD_4TB/crispy_storage/fake-images/sd35_fp16_p59_seed182.png,fake,0.9959890246391296,0.060915231704711914
sd35_fp16,R50_TF,/media/SSD_4TB/crispy_storage/fake-images/sd35_fp16_p59_seed182.png,fake,0.5731,0.18
sd35_fp16,NPR,/media/SSD_4TB/crispy_storage/fake-images/sd35_fp16_p59_seed182.png,fake,0.8219789266586304,0.09044647216796875
sd15_fp8,CLIP-D,/media/SSD_4TB/crispy_storage/fake-images/sd15_fp8_p55_seed178.png,fake,0.7763447165489197,0.06197953224182129
sd15_fp8,R50_TF,/media/SSD_4TB/crispy_storage/fake-images/sd15_fp8_p55_seed178.png,fake,0.5446,0.147
sd15_fp8,NPR,/media/SSD_4TB/crispy_storage/fake-images/sd15_fp8_p55_seed178.png,real,0.0030506253242492676,0.09257793426513672
z-image_fp16,CLIP-D,/media/SSD_4TB/crispy_storage/fake-images/z-image_fp16_p99_seed222.png,fake,0.7038354277610779,0.06216597557067871
z-image_fp16,R50_TF,/media/SSD_4TB/crispy_storage/fake-images/z-image_fp16_p99_seed222.png,fake,0.532,0.18
z-image_fp16,NPR,/media/SSD_4TB/crispy_storage/fake-images/z-image_fp16_p99_seed222.png,real,2.0283227875061982e-10,0.09211611747741699
sd3_fp16,CLIP-D,/media/SSD_4TB/crispy_storage/fake-images/sd3_fp16_p10_seed133.png,real,0.0884953960776329,0.06060075759887695
sd3_fp16,R50_TF,/media/SSD_4TB/crispy_storage/fake-images/sd3_fp16_p10_seed133.png,fake,0.6136,0.178
sd3_fp16,NPR,/media/SSD_4TB/crispy_storage/fake-images/sd3_fp16_p10_seed133.png,real,0.016141178086400032,0.088714599609375
sd35_fp8,CLIP-D,/media/SSD_4TB/crispy_storage/fake-images/sd35_fp8_p57_seed180.png,fake,0.9769755601882935,0.06176900863647461
sd35_fp8,R50_TF,/media/SSD_4TB/crispy_storage/fake-images/sd35_fp8_p57_seed180.png,fake,0.6334,0.183
sd35_fp8,NPR,/media/SSD_4TB/crispy_storage/fake-images/sd35_fp8_p57_seed180.png,fake,0.9958421587944031,0.09201645851135254
sd35_fp16,CLIP-D,/media/SSD_4TB/crispy_storage/fake-images/sd35_fp16_p65_seed188.png,real,0.0054483236744999886,0.059751033782958984
sd35_fp16,R50_TF,/media/SSD_4TB/crispy_storage/fake-images/sd35_fp16_p65_seed188.png,real,0.4135,0.172
sd35_fp16,NPR,/media/SSD_4TB/crispy_storage/fake-images/sd35_fp16_p65_seed188.png,real,2.4372744519496337e-05,0.08694863319396973
sd3_fp8,CLIP-D,/media/SSD_4TB/crispy_storage/fake-images/sd3_fp8_p83_seed206.png,real,0.09959129244089127,0.06168365478515625
sd3_fp8,R50_TF,/media/SSD_4TB/crispy_storage/fake-images/sd3_fp8_p83_seed206.png,real,0.3879,0.176
sd3_fp8,NPR,/media/SSD_4TB/crispy_storage/fake-images/sd3_fp8_p83_seed206.png,real,6.779671934964426e-08,0.08792281150817871
sd35_fp16,CLIP-D,/media/SSD_4TB/crispy_storage/fake-images/sd35_fp16_p98_seed221.png,fake,0.6688793301582336,0.06315445899963379
sd35_fp16,R50_TF,/media/SSD_4TB/crispy_storage/fake-images/sd35_fp16_p98_seed221.png,real,0.4,0.177
sd35_fp16,NPR,/media/SSD_4TB/crispy_storage/fake-images/sd35_fp16_p98_seed221.png,fake,0.9996882677078247,0.08831930160522461
sd15_fp16,CLIP-D,/media/SSD_4TB/crispy_storage/fake-images/sd15_fp16_p98_seed221.png,real,0.2030632495880127,0.0612032413482666
sd15_fp16,R50_TF,/media/SSD_4TB/crispy_storage/fake-images/sd15_fp16_p98_seed221.png,real,0.3851,0.144
sd15_fp16,NPR,/media/SSD_4TB/crispy_storage/fake-images/sd15_fp16_p98_seed221.png,real,0.012644627131521702,0.08741021156311035
sdxl_fp4,CLIP-D,/media/SSD_4TB/crispy_storage/fake-images/sdxl_fp4_p10_seed133.png,fake,0.9981775283813477,0.06340336799621582
sdxl_fp4,R50_TF,/media/SSD_4TB/crispy_storage/fake-images/sdxl_fp4_p10_seed133.png,fake,0.6312,0.182
sdxl_fp4,NPR,/media/SSD_4TB/crispy_storage/fake-images/sdxl_fp4_p10_seed133.png,fake,0.9999983310699463,0.09174275398254395
sdxl_fp4,CLIP-D,/media/SSD_4TB/crispy_storage/fake-images/sdxl_fp4_p6_seed129.png,fake,0.9972835779190063,0.061444759368896484
sdxl_fp4,R50_TF,/media/SSD_4TB/crispy_storage/fake-images/sdxl_fp4_p6_seed129.png,fake,0.5538,0.182
sdxl_fp4,NPR,/media/SSD_4TB/crispy_storage/fake-images/sdxl_fp4_p6_seed129.png,fake,0.9999995231628418,0.09202384948730469
sd15_fp8,CLIP-D,/media/SSD_4TB/crispy_storage/fake-images/sd15_fp8_p68_seed191.png,fake,0.9726341962814331,0.059983253479003906
sd15_fp8,R50_TF,/media/SSD_4TB/crispy_storage/fake-images/sd15_fp8_p68_seed191.png,real,0.4209,0.147
sd15_fp8,NPR,/media/SSD_4TB/crispy_storage/fake-images/sd15_fp8_p68_seed191.png,real,0.001695154933258891,0.09355521202087402
sd35_fp16,CLIP-D,/media/SSD_4TB/crispy_storage/fake-images/sd35_fp16_p73_seed196.png,fake,0.992293119430542,0.06203508377075195
sd35_fp16,R50_TF,/media/SSD_4TB/crispy_storage/fake-images/sd35_fp16_p73_seed196.png,fake,0.538,0.179
sd35_fp16,NPR,/media/SSD_4TB/crispy_storage/fake-images/sd35_fp16_p73_seed196.png,fake,0.9998103976249695,0.09232783317565918
sd3_fp4,CLIP-D,/media/SSD_4TB/crispy_storage/fake-images/sd3_fp4_p47_seed170.png,fake,0.6579892039299011,0.061248779296875
sd3_fp4,R50_TF,/media/SSD_4TB/crispy_storage/fake-images/sd3_fp4_p47_seed170.png,fake,0.5565,0.178
sd3_fp4,NPR,/media/SSD_4TB/crispy_storage/fake-images/sd3_fp4_p47_seed170.png,real,0.06969375908374786,0.08962488174438477
sdxl_fp8,CLIP-D,/media/SSD_4TB/crispy_storage/fake-images/sdxl_fp8_p38_seed161.png,fake,0.967755913734436,0.061103105545043945
sdxl_fp8,R50_TF,/media/SSD_4TB/crispy_storage/fake-images/sdxl_fp8_p38_seed161.png,fake,0.5728,0.179
sdxl_fp8,NPR,/media/SSD_4TB/crispy_storage/fake-images/sdxl_fp8_p38_seed161.png,fake,0.9999988079071045,0.09263396263122559
sdxl_fp8,CLIP-D,/media/SSD_4TB/crispy_storage/fake-images/sdxl_fp8_p73_seed196.png,fake,0.9810469746589661,0.061583757400512695
sdxl_fp8,R50_TF,/media/SSD_4TB/crispy_storage/fake-images/sdxl_fp8_p73_seed196.png,fake,0.5468,0.178
sdxl_fp8,NPR,/media/SSD_4TB/crispy_storage/fake-images/sdxl_fp8_p73_seed196.png,fake,0.9999865293502808,0.0916450023651123
sd15_fp8,CLIP-D,/media/SSD_4TB/crispy_storage/fake-images/sd15_fp8_p79_seed202.png,fake,0.5391272306442261,0.06138491630554199
sd15_fp8,R50_TF,/media/SSD_4TB/crispy_storage/fake-images/sd15_fp8_p79_seed202.png,real,0.378,0.145
sd15_fp8,NPR,/media/SSD_4TB/crispy_storage/fake-images/sd15_fp8_p79_seed202.png,real,3.262857262598118e-06,0.09296202659606934
sdxl_fp16,CLIP-D,/media/SSD_4TB/crispy_storage/fake-images/sdxl_fp16_p1_seed124.png,fake,0.9993312358856201,0.061800241470336914
sdxl_fp16,R50_TF,/media/SSD_4TB/crispy_storage/fake-images/sdxl_fp16_p1_seed124.png,fake,0.6705,0.176
sdxl_fp16,NPR,/media/SSD_4TB/crispy_storage/fake-images/sdxl_fp16_p1_seed124.png,fake,0.9998880624771118,0.08736944198608398
sd3_fp4,CLIP-D,/media/SSD_4TB/crispy_storage/fake-images/sd3_fp4_p46_seed169.png,fake,0.9900541305541992,0.06122708320617676
sd3_fp4,R50_TF,/media/SSD_4TB/crispy_storage/fake-images/sd3_fp4_p46_seed169.png,fake,0.5378,0.181
sd3_fp4,NPR,/media/SSD_4TB/crispy_storage/fake-images/sd3_fp4_p46_seed169.png,real,0.004513671156018972,0.09098482131958008
sd3_fp8,CLIP-D,/media/SSD_4TB/crispy_storage/fake-images/sd3_fp8_p77_seed200.png,fake,0.9792037010192871,0.061986446380615234
sd3_fp8,R50_TF,/media/SSD_4TB/crispy_storage/fake-images/sd3_fp8_p77_seed200.png,fake,0.5694,0.178
sd3_fp8,NPR,/media/SSD_4TB/crispy_storage/fake-images/sd3_fp8_p77_seed200.png,fake,0.5408132672309875,0.09241700172424316
sd35_fp4,CLIP-D,/media/SSD_4TB/crispy_storage/fake-images/sd35_fp4_p34_seed157.png,fake,0.9174222350120544,0.06100916862487793
sd35_fp4,R50_TF,/media/SSD_4TB/crispy_storage/fake-images/sd35_fp4_p34_seed157.png,fake,0.6086,0.18
sd35_fp4,NPR,/media/SSD_4TB/crispy_storage/fake-images/sd35_fp4_p34_seed157.png,fake,0.9995757937431335,0.08911633491516113
sd3_fp8,CLIP-D,/media/SSD_4TB/crispy_storage/fake-images/sd3_fp8_p68_seed191.png,fake,0.8763472437858582,0.06102299690246582
sd3_fp8,R50_TF,/media/SSD_4TB/crispy_storage/fake-images/sd3_fp8_p68_seed191.png,real,0.4075,0.18
sd3_fp8,NPR,/media/SSD_4TB/crispy_storage/fake-images/sd3_fp8_p68_seed191.png,real,0.016198713332414627,0.09227108955383301
sd3_fp16,CLIP-D,/media/SSD_4TB/crispy_storage/fake-images/sd3_fp16_p49_seed172.png,real,0.11791753023862839,0.06149888038635254
sd3_fp16,R50_TF,/media/SSD_4TB/crispy_storage/fake-images/sd3_fp16_p49_seed172.png,fake,0.5551,0.179
sd3_fp16,NPR,/media/SSD_4TB/crispy_storage/fake-images/sd3_fp16_p49_seed172.png,fake,0.9572274088859558,0.09063148498535156
pg25_fp16,CLIP-D,/media/SSD_4TB/crispy_storage/fake-images/pg25_fp16_p87_seed210.png,fake,0.9936104416847229,0.05971240997314453
pg25_fp16,R50_TF,/media/SSD_4TB/crispy_storage/fake-images/pg25_fp16_p87_seed210.png,fake,0.589,0.18
pg25_fp16,NPR,/media/SSD_4TB/crispy_storage/fake-images/pg25_fp16_p87_seed210.png,fake,1.0,0.0923607349395752
sd15_fp16,CLIP-D,/media/SSD_4TB/crispy_storage/fake-images/sd15_fp16_p1_seed124.png,fake,0.9976649284362793,0.06089210510253906
sd15_fp16,R50_TF,/media/SSD_4TB/crispy_storage/fake-images/sd15_fp16_p1_seed124.png,fake,0.5987,0.143
sd15_fp16,NPR,/media/SSD_4TB/crispy_storage/fake-images/sd15_fp16_p1_seed124.png,fake,0.9999715089797974,0.0913398265838623
sd15_fp8,CLIP-D,/media/SSD_4TB/crispy_storage/fake-images/sd15_fp8_p9_seed132.png,real,0.397270143032074,0.05921339988708496
sd15_fp8,R50_TF,/media/SSD_4TB/crispy_storage/fake-images/sd15_fp8_p9_seed132.png,real,0.4282,0.142
sd15_fp8,NPR,/media/SSD_4TB/crispy_storage/fake-images/sd15_fp8_p9_seed132.png,real,0.0005834805779159069,0.08971595764160156
pg25_fp8,CLIP-D,/media/SSD_4TB/crispy_storage/fake-images/pg25_fp8_p4_seed127.png,fake,0.9837046265602112,0.06147193908691406
pg25_fp8,R50_TF,/media/SSD_4TB/crispy_storage/fake-images/pg25_fp8_p4_seed127.png,fake,0.5757,0.179
pg25_fp8,NPR,/media/SSD_4TB/crispy_storage/fake-images/pg25_fp8_p4_seed127.png,fake,0.9999996423721313,0.08842825889587402
sd3_fp8,CLIP-D,/media/SSD_4TB/crispy_storage/fake-images/sd3_fp8_p80_seed203.png,real,0.09743611514568329,0.06339383125305176
sd3_fp8,R50_TF,/media/SSD_4TB/crispy_storage/fake-images/sd3_fp8_p80_seed203.png,real,0.4028,0.181
sd3_fp8,NPR,/media/SSD_4TB/crispy_storage/fake-images/sd3_fp8_p80_seed203.png,real,1.7260437743971124e-05,0.09115290641784668
sdxl_fp8,CLIP-D,/media/SSD_4TB/crispy_storage/fake-images/sdxl_fp8_p53_seed176.png,fake,0.9843364953994751,0.06106209754943848
sdxl_fp8,R50_TF,/media/SSD_4TB/crispy_storage/fake-images/sdxl_fp8_p53_seed176.png,fake,0.5482,0.182
sdxl_fp8,NPR,/media/SSD_4TB/crispy_storage/fake-images/sdxl_fp8_p53_seed176.png,fake,0.8916070461273193,0.09208869934082031
sd15_fp4,CLIP-D,/media/SSD_4TB/crispy_storage/fake-images/sd15_fp4_p92_seed215.png,fake,0.9822821617126465,0.061782121658325195
sd15_fp4,R50_TF,/media/SSD_4TB/crispy_storage/fake-images/sd15_fp4_p92_seed215.png,fake,0.5829,0.143
sd15_fp4,NPR,/media/SSD_4TB/crispy_storage/fake-images/sd15_fp4_p92_seed215.png,fake,0.9918615818023682,0.09250307083129883
sd15_fp4,CLIP-D,/media/SSD_4TB/crispy_storage/fake-images/sd15_fp4_p47_seed170.png,fake,0.5287933349609375,0.062145233154296875
sd15_fp4,R50_TF,/media/SSD_4TB/crispy_storage/fake-images/sd15_fp4_p47_seed170.png,fake,0.6057,0.143
sd15_fp4,NPR,/media/SSD_4TB/crispy_storage/fake-images/sd15_fp4_p47_seed170.png,real,3.9152226236183196e-05,0.09316492080688477
sd35_fp4,CLIP-D,/media/SSD_4TB/crispy_storage/fake-images/sd35_fp4_p3_seed126.png,real,0.26679903268814087,0.06177473068237305
sd35_fp4,R50_TF,/media/SSD_4TB/crispy_storage/fake-images/sd35_fp4_p3_seed126.png,real,0.4582,0.181
sd35_fp4,NPR,/media/SSD_4TB/crispy_storage/fake-images/sd35_fp4_p3_seed126.png,real,0.006908603478223085,0.08461499214172363
z-image_fp16,CLIP-D,/media/SSD_4TB/crispy_storage/fake-images/z-image_fp16_p24_seed147.png,fake,0.9433267116546631,0.060953617095947266
z-image_fp16,R50_TF,/media/SSD_4TB/crispy_storage/fake-images/z-image_fp16_p24_seed147.png,real,0.3677,0.181
z-image_fp16,NPR,/media/SSD_4TB/crispy_storage/fake-images/z-image_fp16_p24_seed147.png,real,0.0044588870368897915,0.09077954292297363
sd35_fp4,CLIP-D,/media/SSD_4TB/crispy_storage/fake-images/sd35_fp4_p30_seed153.png,real,0.2335895448923111,0.0621335506439209
sd35_fp4,R50_TF,/media/SSD_4TB/crispy_storage/fake-images/sd35_fp4_p30_seed153.png,fake,0.6251,0.18
sd35_fp4,NPR,/media/SSD_4TB/crispy_storage/fake-images/sd35_fp4_p30_seed153.png,real,9.14552656468004e-05,0.08788824081420898
sdxl_fp16,CLIP-D,/media/SSD_4TB/crispy_storage/fake-images/sdxl_fp16_p85_seed208.png,fake,0.9991480112075806,0.06202054023742676
sdxl_fp16,R50_TF,/media/SSD_4TB/crispy_storage/fake-images/sdxl_fp16_p85_seed208.png,fake,0.7485,0.178
sdxl_fp16,NPR,/media/SSD_4TB/crispy_storage/fake-images/sdxl_fp16_p85_seed208.png,fake,0.9999516010284424,0.09163308143615723
pg25_fp16,CLIP-D,/media/SSD_4TB/crispy_storage/fake-images/pg25_fp16_p27_seed150.png,fake,0.986014723777771,0.06272602081298828
pg25_fp16,R50_TF,/media/SSD_4TB/crispy_storage/fake-images/pg25_fp16_p27_seed150.png,fake,0.6254,0.179
pg25_fp16,NPR,/media/SSD_4TB/crispy_storage/fake-images/pg25_fp16_p27_seed150.png,fake,1.0,0.08765721321105957
pg25_fp4,CLIP-D,/media/SSD_4TB/crispy_storage/fake-images/pg25_fp4_p48_seed171.png,fake,0.996975302696228,0.06345343589782715
pg25_fp4,R50_TF,/media/SSD_4TB/crispy_storage/fake-images/pg25_fp4_p48_seed171.png,fake,0.5692,0.175
pg25_fp4,NPR,/media/SSD_4TB/crispy_storage/fake-images/pg25_fp4_p48_seed171.png,fake,0.9769616723060608,0.09210419654846191
sd3_fp16,CLIP-D,/media/SSD_4TB/crispy_storage/fake-images/sd3_fp16_p62_seed185.png,fake,0.9935081005096436,0.06188702583312988
sd3_fp16,R50_TF,/media/SSD_4TB/crispy_storage/fake-images/sd3_fp16_p62_seed185.png,fake,0.5605,0.176
sd3_fp16,NPR,/media/SSD_4TB/crispy_storage/fake-images/sd3_fp16_p62_seed185.png,fake,0.9925998449325562,0.09131312370300293
sdxl_fp16,CLIP-D,/media/SSD_4TB/crispy_storage/fake-images/sdxl_fp16_p9_seed132.png,fake,0.9795900583267212,0.06110215187072754
sdxl_fp16,R50_TF,/media/SSD_4TB/crispy_storage/fake-images/sdxl_fp16_p9_seed132.png,fake,0.5952,0.179
sdxl_fp16,NPR,/media/SSD_4TB/crispy_storage/fake-images/sdxl_fp16_p9_seed132.png,fake,0.9999967813491821,0.09219503402709961
sd3_fp8,CLIP-D,/media/SSD_4TB/crispy_storage/fake-images/sd3_fp8_p9_seed132.png,real,0.036898866295814514,0.061609506607055664
sd3_fp8,R50_TF,/media/SSD_4TB/crispy_storage/fake-images/sd3_fp8_p9_seed132.png,real,0.415,0.175
sd3_fp8,NPR,/media/SSD_4TB/crispy_storage/fake-images/sd3_fp8_p9_seed132.png,real,2.501005474186968e-05,0.09161639213562012
sd3_fp16,CLIP-D,/media/SSD_4TB/crispy_storage/fake-images/sd3_fp16_p46_seed169.png,fake,0.9745705127716064,0.059610843658447266
sd3_fp16,R50_TF,/media/SSD_4TB/crispy_storage/fake-images/sd3_fp16_p46_seed169.png,real,0.4578,0.178
sd3_fp16,NPR,/media/SSD_4TB/crispy_storage/fake-images/sd3_fp16_p46_seed169.png,fake,0.9846006035804749,0.09156298637390137
sdxl_fp4,CLIP-D,/media/SSD_4TB/crispy_storage/fake-images/sdxl_fp4_p80_seed203.png,fake,0.9742045998573303,0.06117987632751465
sdxl_fp4,R50_TF,/media/SSD_4TB/crispy_storage/fake-images/sdxl_fp4_p80_seed203.png,real,0.4393,0.179
sdxl_fp4,NPR,/media/SSD_4TB/crispy_storage/fake-images/sdxl_fp4_p80_seed203.png,fake,0.6090031266212463,0.08838295936584473
sd3_fp4,CLIP-D,/media/SSD_4TB/crispy_storage/fake-images/sd3_fp4_p99_seed222.png,fake,0.8710141777992249,0.061148881912231445
sd3_fp4,R50_TF,/media/SSD_4TB/crispy_storage/fake-images/sd3_fp4_p99_seed222.png,fake,0.5559,0.179
sd3_fp4,NPR,/media/SSD_4TB/crispy_storage/fake-images/sd3_fp4_p99_seed222.png,fake,0.9403946399688721,0.08951234817504883
sd3_fp8,CLIP-D,/media/SSD_4TB/crispy_storage/fake-images/sd3_fp8_p13_seed136.png,fake,0.9150254130363464,0.05988168716430664
sd3_fp8,R50_TF,/media/SSD_4TB/crispy_storage/fake-images/sd3_fp8_p13_seed136.png,real,0.4402,0.171
sd3_fp8,NPR,/media/SSD_4TB/crispy_storage/fake-images/sd3_fp8_p13_seed136.png,fake,0.9504088759422302,0.09134149551391602
sd35_fp16,CLIP-D,/media/SSD_4TB/crispy_storage/fake-images/sd35_fp16_p68_seed191.png,fake,0.9462980628013611,0.06095552444458008
sd35_fp16,R50_TF,/media/SSD_4TB/crispy_storage/fake-images/sd35_fp16_p68_seed191.png,real,0.4058,0.175
sd35_fp16,NPR,/media/SSD_4TB/crispy_storage/fake-images/sd35_fp16_p68_seed191.png,fake,0.9463363885879517,0.09177803993225098
sd15_fp16,CLIP-D,/media/SSD_4TB/crispy_storage/fake-images/sd15_fp16_p72_seed195.png,fake,0.9371266961097717,0.06226158142089844
sd15_fp16,R50_TF,/media/SSD_4TB/crispy_storage/fake-images/sd15_fp16_p72_seed195.png,fake,0.5821,0.141
sd15_fp16,NPR,/media/SSD_4TB/crispy_storage/fake-images/sd15_fp16_p72_seed195.png,real,9.462003072258085e-05,0.09313464164733887
sd35_fp8,CLIP-D,/media/SSD_4TB/crispy_storage/fake-images/sd35_fp8_p2_seed125.png,fake,0.6531701683998108,0.061046600341796875
sd35_fp8,R50_TF,/media/SSD_4TB/crispy_storage/fake-images/sd35_fp8_p2_seed125.png,fake,0.5514,0.183
sd35_fp8,NPR,/media/SSD_4TB/crispy_storage/fake-images/sd35_fp8_p2_seed125.png,fake,0.9900259971618652,0.09292054176330566
pg25_fp4,CLIP-D,/media/SSD_4TB/crispy_storage/fake-images/pg25_fp4_p96_seed219.png,fake,0.9993870258331299,0.06305265426635742
pg25_fp4,R50_TF,/media/SSD_4TB/crispy_storage/fake-images/pg25_fp4_p96_seed219.png,fake,0.6115,0.177
pg25_fp4,NPR,/media/SSD_4TB/crispy_storage/fake-images/pg25_fp4_p96_seed219.png,real,0.39022305607795715,0.09261655807495117
sd15_fp4,CLIP-D,/media/SSD_4TB/crispy_storage/fake-images/sd15_fp4_p42_seed165.png,real,0.1672273576259613,0.06256413459777832
sd15_fp4,R50_TF,/media/SSD_4TB/crispy_storage/fake-images/sd15_fp4_p42_seed165.png,real,0.4383,0.143
sd15_fp4,NPR,/media/SSD_4TB/crispy_storage/fake-images/sd15_fp4_p42_seed165.png,real,3.677154438719299e-07,0.09405994415283203
sdxl_fp4,CLIP-D,/media/SSD_4TB/crispy_storage/fake-images/sdxl_fp4_p43_seed166.png,fake,0.9994500279426575,0.06017255783081055
sdxl_fp4,R50_TF,/media/SSD_4TB/crispy_storage/fake-images/sdxl_fp4_p43_seed166.png,fake,0.6321,0.173
sdxl_fp4,NPR,/media/SSD_4TB/crispy_storage/fake-images/sdxl_fp4_p43_seed166.png,fake,0.999983549118042,0.09200310707092285
sd35_fp16,CLIP-D,/media/SSD_4TB/crispy_storage/fake-images/sd35_fp16_p61_seed184.png,real,0.41375333070755005,0.06104564666748047
sd35_fp16,R50_TF,/media/SSD_4TB/crispy_storage/fake-images/sd35_fp16_p61_seed184.png,real,0.3921,0.18
sd35_fp16,NPR,/media/SSD_4TB/crispy_storage/fake-images/sd35_fp16_p61_seed184.png,real,6.964461135794409e-06,0.09276604652404785
pg25_fp4,CLIP-D,/media/SSD_4TB/crispy_storage/fake-images/pg25_fp4_p97_seed220.png,fake,0.999508261680603,0.060712337493896484
pg25_fp4,R50_TF,/media/SSD_4TB/crispy_storage/fake-images/pg25_fp4_p97_seed220.png,fake,0.5833,0.18
pg25_fp4,NPR,/media/SSD_4TB/crispy_storage/fake-images/pg25_fp4_p97_seed220.png,fake,0.9998194575309753,0.09201335906982422
sd35_fp4,CLIP-D,/media/SSD_4TB/crispy_storage/fake-images/sd35_fp4_p48_seed171.png,fake,0.9859901666641235,0.061309814453125
sd35_fp4,R50_TF,/media/SSD_4TB/crispy_storage/fake-images/sd35_fp4_p48_seed171.png,fake,0.5632,0.178
sd35_fp4,NPR,/media/SSD_4TB/crispy_storage/fake-images/sd35_fp4_p48_seed171.png,fake,1.0,0.08611321449279785
z-image_fp16,CLIP-D,/media/SSD_4TB/crispy_storage/fake-images/z-image_fp16_p28_seed151.png,fake,0.9980787038803101,0.061424970626831055
z-image_fp16,R50_TF,/media/SSD_4TB/crispy_storage/fake-images/z-image_fp16_p28_seed151.png,real,0.3723,0.179
z-image_fp16,NPR,/media/SSD_4TB/crispy_storage/fake-images/z-image_fp16_p28_seed151.png,real,0.23965966701507568,0.09084677696228027
z-image_fp16,CLIP-D,/media/SSD_4TB/crispy_storage/fake-images/z-image_fp16_p18_seed141.png,real,0.2730099558830261,0.06178998947143555
z-image_fp16,R50_TF,/media/SSD_4TB/crispy_storage/fake-images/z-image_fp16_p18_seed141.png,real,0.3851,0.185
z-image_fp16,NPR,/media/SSD_4TB/crispy_storage/fake-images/z-image_fp16_p18_seed141.png,real,0.23086421191692352,0.09100103378295898
pg25_fp4,CLIP-D,/media/SSD_4TB/crispy_storage/fake-images/pg25_fp4_p24_seed147.png,fake,0.9929728507995605,0.06181526184082031
pg25_fp4,R50_TF,/media/SSD_4TB/crispy_storage/fake-images/pg25_fp4_p24_seed147.png,fake,0.5938,0.18
pg25_fp4,NPR,/media/SSD_4TB/crispy_storage/fake-images/pg25_fp4_p24_seed147.png,real,0.27568355202674866,0.09084963798522949
pg25_fp16,CLIP-D,/media/SSD_4TB/crispy_storage/fake-images/pg25_fp16_p15_seed138.png,fake,0.9953485131263733,0.06293582916259766
pg25_fp16,R50_TF,/media/SSD_4TB/crispy_storage/fake-images/pg25_fp16_p15_seed138.png,fake,0.5452,0.18
pg25_fp16,NPR,/media/SSD_4TB/crispy_storage/fake-images/pg25_fp16_p15_seed138.png,fake,0.9999960660934448,0.0907590389251709
sd15_fp16,CLIP-D,/media/SSD_4TB/crispy_storage/fake-images/sd15_fp16_p12_seed135.png,fake,0.9850574135780334,0.06130361557006836
sd15_fp16,R50_TF,/media/SSD_4TB/crispy_storage/fake-images/sd15_fp16_p12_seed135.png,fake,0.6006,0.141
sd15_fp16,NPR,/media/SSD_4TB/crispy_storage/fake-images/sd15_fp16_p12_seed135.png,fake,0.9999792575836182,0.09317636489868164
sd3_fp4,CLIP-D,/media/SSD_4TB/crispy_storage/fake-images/sd3_fp4_p28_seed151.png,fake,0.9985722303390503,0.06182241439819336
sd3_fp4,R50_TF,/media/SSD_4TB/crispy_storage/fake-images/sd3_fp4_p28_seed151.png,fake,0.5658,0.183
sd3_fp4,NPR,/media/SSD_4TB/crispy_storage/fake-images/sd3_fp4_p28_seed151.png,real,0.21391193568706512,0.09346652030944824
sd3_fp4,CLIP-D,/media/SSD_4TB/crispy_storage/fake-images/sd3_fp4_p61_seed184.png,fake,0.8963795900344849,0.0617983341217041
sd3_fp4,R50_TF,/media/SSD_4TB/crispy_storage/fake-images/sd3_fp4_p61_seed184.png,real,0.3736,0.184
sd3_fp4,NPR,/media/SSD_4TB/crispy_storage/fake-images/sd3_fp4_p61_seed184.png,real,2.7388566650188295e-06,0.0912168025970459
sd15_fp16,CLIP-D,/media/SSD_4TB/crispy_storage/fake-images/sd15_fp16_p79_seed202.png,real,0.36835184693336487,0.06135916709899902
sd15_fp16,R50_TF,/media/SSD_4TB/crispy_storage/fake-images/sd15_fp16_p79_seed202.png,real,0.4189,0.14
sd15_fp16,NPR,/media/SSD_4TB/crispy_storage/fake-images/sd15_fp16_p79_seed202.png,real,0.00017700452008284628,0.09195566177368164
pg25_fp16,CLIP-D,/media/SSD_4TB/crispy_storage/fake-images/pg25_fp16_p17_seed140.png,fake,0.9844315648078918,0.06018829345703125
pg25_fp16,R50_TF,/media/SSD_4TB/crispy_storage/fake-images/pg25_fp16_p17_seed140.png,fake,0.6452,0.178
pg25_fp16,NPR,/media/SSD_4TB/crispy_storage/fake-images/pg25_fp16_p17_seed140.png,fake,1.0,0.09062838554382324
sd15_fp8,CLIP-D,/media/SSD_4TB/crispy_storage/fake-images/sd15_fp8_p5_seed128.png,fake,0.9909791946411133,0.061684608459472656
sd15_fp8,R50_TF,/media/SSD_4TB/crispy_storage/fake-images/sd15_fp8_p5_seed128.png,fake,0.6346,0.139
sd15_fp8,NPR,/media/SSD_4TB/crispy_storage/fake-images/sd15_fp8_p5_seed128.png,real,0.002240831032395363,0.09343504905700684
sd15_fp4,CLIP-D,/media/SSD_4TB/crispy_storage/fake-images/sd15_fp4_p86_seed209.png,fake,0.8485279083251953,0.0624387264251709
sd15_fp4,R50_TF,/media/SSD_4TB/crispy_storage/fake-images/sd15_fp4_p86_seed209.png,fake,0.5766,0.142
sd15_fp4,NPR,/media/SSD_4TB/crispy_storage/fake-images/sd15_fp4_p86_seed209.png,real,0.04053669422864914,0.09137797355651855
sdxl_fp16,CLIP-D,/media/SSD_4TB/crispy_storage/fake-images/sdxl_fp16_p97_seed220.png,fake,0.9988299012184143,0.06083369255065918
sdxl_fp16,R50_TF,/media/SSD_4TB/crispy_storage/fake-images/sdxl_fp16_p97_seed220.png,fake,0.5722,0.18
sdxl_fp16,NPR,/media/SSD_4TB/crispy_storage/fake-images/sdxl_fp16_p97_seed220.png,fake,0.9994716048240662,0.09284567832946777
sdxl_fp4,CLIP-D,/media/SSD_4TB/crispy_storage/fake-images/sdxl_fp4_p42_seed165.png,fake,0.9707104563713074,0.06263160705566406
sdxl_fp4,R50_TF,/media/SSD_4TB/crispy_storage/fake-images/sdxl_fp4_p42_seed165.png,fake,0.5471,0.178
sdxl_fp4,NPR,/media/SSD_4TB/crispy_storage/fake-images/sdxl_fp4_p42_seed165.png,fake,0.9999977350234985,0.09312057495117188
sdxl_fp8,CLIP-D,/media/SSD_4TB/crispy_storage/fake-images/sdxl_fp8_p88_seed211.png,fake,0.9986634254455566,0.06037163734436035
sdxl_fp8,R50_TF,/media/SSD_4TB/crispy_storage/fake-images/sdxl_fp8_p88_seed211.png,fake,0.572,0.182
sdxl_fp8,NPR,/media/SSD_4TB/crispy_storage/fake-images/sdxl_fp8_p88_seed211.png,fake,0.9999995231628418,0.09088444709777832
sd15_fp4,CLIP-D,/media/SSD_4TB/crispy_storage/fake-images/sd15_fp4_p90_seed213.png,fake,0.8876703977584839,0.06227254867553711
sd15_fp4,R50_TF,/media/SSD_4TB/crispy_storage/fake-images/sd15_fp4_p90_seed213.png,fake,0.5728,0.142
sd15_fp4,NPR,/media/SSD_4TB/crispy_storage/fake-images/sd15_fp4_p90_seed213.png,real,0.07479025423526764,0.0920097827911377
z-image_fp16,CLIP-D,/media/SSD_4TB/crispy_storage/fake-images/z-image_fp16_p29_seed152.png,fake,0.8652849793434143,0.06318378448486328
z-image_fp16,R50_TF,/media/SSD_4TB/crispy_storage/fake-images/z-image_fp16_p29_seed152.png,real,0.4147,0.184
z-image_fp16,NPR,/media/SSD_4TB/crispy_storage/fake-images/z-image_fp16_p29_seed152.png,real,7.284002640517429e-05,0.09209227561950684
z-image_fp16,CLIP-D,/media/SSD_4TB/crispy_storage/fake-images/z-image_fp16_p17_seed140.png,fake,0.9173093438148499,0.060402631759643555
z-image_fp16,R50_TF,/media/SSD_4TB/crispy_storage/fake-images/z-image_fp16_p17_seed140.png,fake,0.5528,0.179
z-image_fp16,NPR,/media/SSD_4TB/crispy_storage/fake-images/z-image_fp16_p17_seed140.png,fake,1.0,0.09056448936462402
sd15_fp16,CLIP-D,/media/SSD_4TB/crispy_storage/fake-images/sd15_fp16_p20_seed143.png,fake,0.9806739091873169,0.06260991096496582
sd15_fp16,R50_TF,/media/SSD_4TB/crispy_storage/fake-images/sd15_fp16_p20_seed143.png,fake,0.6176,0.143
sd15_fp16,NPR,/media/SSD_4TB/crispy_storage/fake-images/sd15_fp16_p20_seed143.png,fake,0.9833056330680847,0.08930206298828125
sd3_fp16,CLIP-D,/media/SSD_4TB/crispy_storage/fake-images/sd3_fp16_p78_seed201.png,fake,0.9887698888778687,0.06104588508605957
sd3_fp16,R50_TF,/media/SSD_4TB/crispy_storage/fake-images/sd3_fp16_p78_seed201.png,real,0.4203,0.184
sd3_fp16,NPR,/media/SSD_4TB/crispy_storage/fake-images/sd3_fp16_p78_seed201.png,real,0.05901196971535683,0.09318065643310547
sd3_fp8,CLIP-D,/media/SSD_4TB/crispy_storage/fake-images/sd3_fp8_p39_seed162.png,real,0.4839613139629364,0.061208248138427734
sd3_fp8,R50_TF,/media/SSD_4TB/crispy_storage/fake-images/sd3_fp8_p39_seed162.png,real,0.4322,0.182
sd3_fp8,NPR,/media/SSD_4TB/crispy_storage/fake-images/sd3_fp8_p39_seed162.png,real,0.008341697044670582,0.09423995018005371
sd3_fp4,CLIP-D,/media/SSD_4TB/crispy_storage/fake-images/sd3_fp4_p74_seed197.png,fake,0.753899872303009,0.06071949005126953
sd3_fp4,R50_TF,/media/SSD_4TB/crispy_storage/fake-images/sd3_fp4_p74_seed197.png,real,0.4742,0.183
sd3_fp4,NPR,/media/SSD_4TB/crispy_storage/fake-images/sd3_fp4_p74_seed197.png,real,2.521326969429083e-08,0.0907905101776123
pg25_fp4,CLIP-D,/media/SSD_4TB/crispy_storage/fake-images/pg25_fp4_p10_seed133.png,fake,0.9615029096603394,0.06150555610656738
pg25_fp4,R50_TF,/media/SSD_4TB/crispy_storage/fake-images/pg25_fp4_p10_seed133.png,fake,0.5794,0.18
pg25_fp4,NPR,/media/SSD_4TB/crispy_storage/fake-images/pg25_fp4_p10_seed133.png,fake,0.9395259022712708,0.0914011001586914
sd15_fp8,CLIP-D,/media/SSD_4TB/crispy_storage/fake-images/sd15_fp8_p89_seed212.png,fake,0.994134247303009,0.06093645095825195
sd15_fp8,R50_TF,/media/SSD_4TB/crispy_storage/fake-images/sd15_fp8_p89_seed212.png,fake,0.5964,0.145
sd15_fp8,NPR,/media/SSD_4TB/crispy_storage/fake-images/sd15_fp8_p89_seed212.png,fake,0.9820480346679688,0.09120965003967285
sdxl_fp8,CLIP-D,/media/SSD_4TB/crispy_storage/fake-images/sdxl_fp8_p64_seed187.png,fake,0.9894669651985168,0.06328201293945312
sdxl_fp8,R50_TF,/media/SSD_4TB/crispy_storage/fake-images/sdxl_fp8_p64_seed187.png,fake,0.5868,0.172
sdxl_fp8,NPR,/media/SSD_4TB/crispy_storage/fake-images/sdxl_fp8_p64_seed187.png,fake,0.9999778270721436,0.0913381576538086
z-image_fp8,CLIP-D,/media/SSD_4TB/crispy_storage/fake-images/z-image_fp8_p21_seed144.png,fake,0.9634405970573425,0.06098008155822754
z-image_fp8,R50_TF,/media/SSD_4TB/crispy_storage/fake-images/z-image_fp8_p21_seed144.png,real,0.3906,0.182
z-image_fp8,NPR,/media/SSD_4TB/crispy_storage/fake-images/z-image_fp8_p21_seed144.png,fake,0.9919881820678711,0.08856868743896484
sd15_fp16,CLIP-D,/media/SSD_4TB/crispy_storage/fake-images/sd15_fp16_p17_seed140.png,fake,0.8512324690818787,0.06169629096984863
sd15_fp16,R50_TF,/media/SSD_4TB/crispy_storage/fake-images/sd15_fp16_p17_seed140.png,fake,0.7237,0.142
sd15_fp16,NPR,/media/SSD_4TB/crispy_storage/fake-images/sd15_fp16_p17_seed140.png,real,0.2417498677968979,0.09227633476257324
z-image_fp16,CLIP-D,/media/SSD_4TB/crispy_storage/fake-images/z-image_fp16_p86_seed209.png,fake,0.6443928480148315,0.06146407127380371
z-image_fp16,R50_TF,/media/SSD_4TB/crispy_storage/fake-images/z-image_fp16_p86_seed209.png,real,0.398,0.176
z-image_fp16,NPR,/media/SSD_4TB/crispy_storage/fake-images/z-image_fp16_p86_seed209.png,real,0.00015916272241156548,0.09122848510742188
sd15_fp16,CLIP-D,/media/SSD_4TB/crispy_storage/fake-images/sd15_fp16_p25_seed148.png,fake,0.9804538488388062,0.06131625175476074
sd15_fp16,R50_TF,/media/SSD_4TB/crispy_storage/fake-images/sd15_fp16_p25_seed148.png,fake,0.568,0.143
sd15_fp16,NPR,/media/SSD_4TB/crispy_storage/fake-images/sd15_fp16_p25_seed148.png,real,0.045060280710458755,0.09392786026000977
sd15_fp4,CLIP-D,/media/SSD_4TB/crispy_storage/fake-images/sd15_fp4_p11_seed134.png,fake,0.84233558177948,0.06120109558105469
sd15_fp4,R50_TF,/media/SSD_4TB/crispy_storage/fake-images/sd15_fp4_p11_seed134.png,fake,0.5682,0.147
sd15_fp4,NPR,/media/SSD_4TB/crispy_storage/fake-images/sd15_fp4_p11_seed134.png,real,0.0007371088722720742,0.08836674690246582
sdxl_fp8,CLIP-D,/media/SSD_4TB/crispy_storage/fake-images/sdxl_fp8_p34_seed157.png,fake,0.9821813702583313,0.06271910667419434
sdxl_fp8,R50_TF,/media/SSD_4TB/crispy_storage/fake-images/sdxl_fp8_p34_seed157.png,fake,0.6089,0.18
sdxl_fp8,NPR,/media/SSD_4TB/crispy_storage/fake-images/sdxl_fp8_p34_seed157.png,fake,0.9996817111968994,0.08771514892578125
sd3_fp4,CLIP-D,/media/SSD_4TB/crispy_storage/fake-images/sd3_fp4_p65_seed188.png,fake,0.9845919013023376,0.06112790107727051
sd3_fp4,R50_TF,/media/SSD_4TB/crispy_storage/fake-images/sd3_fp4_p65_seed188.png,real,0.4475,0.181
sd3_fp4,NPR,/media/SSD_4TB/crispy_storage/fake-images/sd3_fp4_p65_seed188.png,real,2.7971755116595887e-05,0.08874106407165527
sd3_fp16,CLIP-D,/media/SSD_4TB/crispy_storage/fake-images/sd3_fp16_p0_seed123.png,fake,0.9303249716758728,0.0629119873046875
sd3_fp16,R50_TF,/media/SSD_4TB/crispy_storage/fake-images/sd3_fp16_p0_seed123.png,real,0.4325,0.176
sd3_fp16,NPR,/media/SSD_4TB/crispy_storage/fake-images/sd3_fp16_p0_seed123.png,real,0.26870080828666687,0.09085702896118164
sd35_fp8,CLIP-D,/media/SSD_4TB/crispy_storage/fake-images/sd35_fp8_p33_seed156.png,fake,0.9720426797866821,0.06126856803894043
sd35_fp8,R50_TF,/media/SSD_4TB/crispy_storage/fake-images/sd35_fp8_p33_seed156.png,real,0.4315,0.173
sd35_fp8,NPR,/media/SSD_4TB/crispy_storage/fake-images/sd35_fp8_p33_seed156.png,real,0.012464082799851894,0.08858060836791992
sdxl_fp16,CLIP-D,/media/SSD_4TB/crispy_storage/fake-images/sdxl_fp16_p89_seed212.png,fake,0.998691976070404,0.06105232238769531
sdxl_fp16,R50_TF,/media/SSD_4TB/crispy_storage/fake-images/sdxl_fp16_p89_seed212.png,fake,0.6391,0.172
sdxl_fp16,NPR,/media/SSD_4TB/crispy_storage/fake-images/sdxl_fp16_p89_seed212.png,fake,0.9482297301292419,0.08876657485961914
sd3_fp4,CLIP-D,/media/SSD_4TB/crispy_storage/fake-images/sd3_fp4_p84_seed207.png,fake,0.967553436756134,0.06094980239868164
sd3_fp4,R50_TF,/media/SSD_4TB/crispy_storage/fake-images/sd3_fp4_p84_seed207.png,fake,0.5772,0.178
sd3_fp4,NPR,/media/SSD_4TB/crispy_storage/fake-images/sd3_fp4_p84_seed207.png,fake,0.9995517134666443,0.09125232696533203
sd3_fp4,CLIP-D,/media/SSD_4TB/crispy_storage/fake-images/sd3_fp4_p67_seed190.png,fake,0.9043387174606323,0.061553001403808594
sd3_fp4,R50_TF,/media/SSD_4TB/crispy_storage/fake-images/sd3_fp4_p67_seed190.png,real,0.46,0.181
sd3_fp4,NPR,/media/SSD_4TB/crispy_storage/fake-images/sd3_fp4_p67_seed190.png,real,0.00619048997759819,0.09109950065612793
z-image_fp16,CLIP-D,/media/SSD_4TB/crispy_storage/fake-images/z-image_fp16_p64_seed187.png,fake,0.9502608180046082,0.061688899993896484
z-image_fp16,R50_TF,/media/SSD_4TB/crispy_storage/fake-images/z-image_fp16_p64_seed187.png,real,0.4294,0.179
z-image_fp16,NPR,/media/SSD_4TB/crispy_storage/fake-images/z-image_fp16_p64_seed187.png,fake,0.6275629997253418,0.08974289894104004
sd35_fp16,CLIP-D,/media/SSD_4TB/crispy_storage/fake-images/sd35_fp16_p38_seed161.png,fake,0.8153963685035706,0.06154990196228027
sd35_fp16,R50_TF,/media/SSD_4TB/crispy_storage/fake-images/sd35_fp16_p38_seed161.png,fake,0.5319,0.179
sd35_fp16,NPR,/media/SSD_4TB/crispy_storage/fake-images/sd35_fp16_p38_seed161.png,fake,0.9964287877082825,0.09194111824035645
sd3_fp16,CLIP-D,/media/SSD_4TB/crispy_storage/fake-images/sd3_fp16_p76_seed199.png,fake,0.9915381669998169,0.06294393539428711
sd3_fp16,R50_TF,/media/SSD_4TB/crispy_storage/fake-images/sd3_fp16_p76_seed199.png,real,0.4283,0.175
sd3_fp16,NPR,/media/SSD_4TB/crispy_storage/fake-images/sd3_fp16_p76_seed199.png,real,0.3405577540397644,0.0923309326171875
sd3_fp16,CLIP-D,/media/SSD_4TB/crispy_storage/fake-images/sd3_fp16_p16_seed139.png,fake,0.9609007835388184,0.0596616268157959
sd3_fp16,R50_TF,/media/SSD_4TB/crispy_storage/fake-images/sd3_fp16_p16_seed139.png,real,0.4103,0.181
sd3_fp16,NPR,/media/SSD_4TB/crispy_storage/fake-images/sd3_fp16_p16_seed139.png,fake,0.9721880555152893,0.0909116268157959
sdxl_fp4,CLIP-D,/media/SSD_4TB/crispy_storage/fake-images/sdxl_fp4_p89_seed212.png,fake,0.9997894167900085,0.061475276947021484
sdxl_fp4,R50_TF,/media/SSD_4TB/crispy_storage/fake-images/sdxl_fp4_p89_seed212.png,fake,0.6355,0.172
sdxl_fp4,NPR,/media/SSD_4TB/crispy_storage/fake-images/sdxl_fp4_p89_seed212.png,fake,0.8769868612289429,0.09274458885192871
z-image_fp16,CLIP-D,/media/SSD_4TB/crispy_storage/fake-images/z-image_fp16_p94_seed217.png,fake,0.9750146865844727,0.0626680850982666
z-image_fp16,R50_TF,/media/SSD_4TB/crispy_storage/fake-images/z-image_fp16_p94_seed217.png,fake,0.5959,0.181
z-image_fp16,NPR,/media/SSD_4TB/crispy_storage/fake-images/z-image_fp16_p94_seed217.png,fake,0.9278327226638794,0.09282970428466797
sd35_fp8,CLIP-D,/media/SSD_4TB/crispy_storage/fake-images/sd35_fp8_p5_seed128.png,fake,0.9987267851829529,0.059194087982177734
sd35_fp8,R50_TF,/media/SSD_4TB/crispy_storage/fake-images/sd35_fp8_p5_seed128.png,fake,0.567,0.177
sd35_fp8,NPR,/media/SSD_4TB/crispy_storage/fake-images/sd35_fp8_p5_seed128.png,real,0.38451293110847473,0.08947634696960449
sd3_fp8,CLIP-D,/media/SSD_4TB/crispy_storage/fake-images/sd3_fp8_p75_seed198.png,real,0.19938381016254425,0.06119513511657715
sd3_fp8,R50_TF,/media/SSD_4TB/crispy_storage/fake-images/sd3_fp8_p75_seed198.png,real,0.4379,0.181
sd3_fp8,NPR,/media/SSD_4TB/crispy_storage/fake-images/sd3_fp8_p75_seed198.png,real,0.07205436378717422,0.0902864933013916
sd35_fp4,CLIP-D,/media/SSD_4TB/crispy_storage/fake-images/sd35_fp4_p19_seed142.png,fake,0.9689025282859802,0.06329846382141113
sd35_fp4,R50_TF,/media/SSD_4TB/crispy_storage/fake-images/sd35_fp4_p19_seed142.png,fake,0.5681,0.179
sd35_fp4,NPR,/media/SSD_4TB/crispy_storage/fake-images/sd35_fp4_p19_seed142.png,real,0.010054242797195911,0.09246134757995605
sd35_fp16,CLIP-D,/media/SSD_4TB/crispy_storage/fake-images/sd35_fp16_p43_seed166.png,fake,0.987403154373169,0.06304240226745605
sd35_fp16,R50_TF,/media/SSD_4TB/crispy_storage/fake-images/sd35_fp16_p43_seed166.png,fake,0.5941,0.172
sd35_fp16,NPR,/media/SSD_4TB/crispy_storage/fake-images/sd35_fp16_p43_seed166.png,fake,0.9999485015869141,0.09198951721191406
sd35_fp8,CLIP-D,/media/SSD_4TB/crispy_storage/fake-images/sd35_fp8_p3_seed126.png,real,0.3973443806171417,0.061823368072509766
sd35_fp8,R50_TF,/media/SSD_4TB/crispy_storage/fake-images/sd35_fp8_p3_seed126.png,real,0.4439,0.181
sd35_fp8,NPR,/media/SSD_4TB/crispy_storage/fake-images/sd35_fp8_p3_seed126.png,real,0.0014182208105921745,0.09096789360046387
sdxl_fp16,CLIP-D,/media/SSD_4TB/crispy_storage/fake-images/sdxl_fp16_p88_seed211.png,fake,0.9954504370689392,0.06319117546081543
sdxl_fp16,R50_TF,/media/SSD_4TB/crispy_storage/fake-images/sdxl_fp16_p88_seed211.png,fake,0.5585,0.182
sdxl_fp16,NPR,/media/SSD_4TB/crispy_storage/fake-images/sdxl_fp16_p88_seed211.png,fake,0.9999896287918091,0.09151959419250488
z-image_fp16,CLIP-D,/media/SSD_4TB/crispy_storage/fake-images/z-image_fp16_p45_seed168.png,fake,0.803521454334259,0.06124091148376465
z-image_fp16,R50_TF,/media/SSD_4TB/crispy_storage/fake-images/z-image_fp16_p45_seed168.png,fake,0.5508,0.18
z-image_fp16,NPR,/media/SSD_4TB/crispy_storage/fake-images/z-image_fp16_p45_seed168.png,real,0.07168275117874146,0.08927631378173828
sd15_fp16,CLIP-D,/media/SSD_4TB/crispy_storage/fake-images/sd15_fp16_p88_seed211.png,real,0.45720475912094116,0.060595035552978516
sd15_fp16,R50_TF,/media/SSD_4TB/crispy_storage/fake-images/sd15_fp16_p88_seed211.png,fake,0.5492,0.143
sd15_fp16,NPR,/media/SSD_4TB/crispy_storage/fake-images/sd15_fp16_p88_seed211.png,real,4.2164168689851067e-07,0.091705322265625
sd35_fp4,CLIP-D,/media/SSD_4TB/crispy_storage/fake-images/sd35_fp4_p38_seed161.png,fake,0.8802942037582397,0.06398177146911621
sd35_fp4,R50_TF,/media/SSD_4TB/crispy_storage/fake-images/sd35_fp4_p38_seed161.png,fake,0.517,0.178
sd35_fp4,NPR,/media/SSD_4TB/crispy_storage/fake-images/sd35_fp4_p38_seed161.png,real,0.05027737468481064,0.0925910472869873
sd15_fp8,CLIP-D,/media/SSD_4TB/crispy_storage/fake-images/sd15_fp8_p67_seed190.png,fake,0.9748295545578003,0.0595402717590332
sd15_fp8,R50_TF,/media/SSD_4TB/crispy_storage/fake-images/sd15_fp8_p67_seed190.png,fake,0.5498,0.144
sd15_fp8,NPR,/media/SSD_4TB/crispy_storage/fake-images/sd15_fp8_p67_seed190.png,real,0.06098313629627228,0.08835625648498535
sd3_fp4,CLIP-D,/media/SSD_4TB/crispy_storage/fake-images/sd3_fp4_p18_seed141.png,fake,0.7120349407196045,0.062346458435058594
sd3_fp4,R50_TF,/media/SSD_4TB/crispy_storage/fake-images/sd3_fp4_p18_seed141.png,real,0.4417,0.182
sd3_fp4,NPR,/media/SSD_4TB/crispy_storage/fake-images/sd3_fp4_p18_seed141.png,real,0.009015127085149288,0.09258151054382324
z-image_fp16,CLIP-D,/media/SSD_4TB/crispy_storage/fake-images/z-image_fp16_p80_seed203.png,fake,0.9262573719024658,0.06318044662475586
z-image_fp16,R50_TF,/media/SSD_4TB/crispy_storage/fake-images/z-image_fp16_p80_seed203.png,real,0.4246,0.183
z-image_fp16,NPR,/media/SSD_4TB/crispy_storage/fake-images/z-image_fp16_p80_seed203.png,fake,0.9121260643005371,0.09224796295166016
pg25_fp4,CLIP-D,/media/SSD_4TB/crispy_storage/fake-images/pg25_fp4_p34_seed157.png,fake,0.9989294409751892,0.061124563217163086
pg25_fp4,R50_TF,/media/SSD_4TB/crispy_storage/fake-images/pg25_fp4_p34_seed157.png,fake,0.7186,0.179
pg25_fp4,NPR,/media/SSD_4TB/crispy_storage/fake-images/pg25_fp4_p34_seed157.png,fake,0.9813971519470215,0.09257388114929199
sd3_fp16,CLIP-D,/media/SSD_4TB/crispy_storage/fake-images/sd3_fp16_p47_seed170.png,fake,0.564540684223175,0.06224322319030762
sd3_fp16,R50_TF,/media/SSD_4TB/crispy_storage/fake-images/sd3_fp16_p47_seed170.png,real,0.4335,0.178
sd3_fp16,NPR,/media/SSD_4TB/crispy_storage/fake-images/sd3_fp16_p47_seed170.png,real,0.04691328480839729,0.09111237525939941
sd15_fp4,CLIP-D,/media/SSD_4TB/crispy_storage/fake-images/sd15_fp4_p24_seed147.png,fake,0.9179978966712952,0.061773061752319336
sd15_fp4,R50_TF,/media/SSD_4TB/crispy_storage/fake-images/sd15_fp4_p24_seed147.png,fake,0.6502,0.142
sd15_fp4,NPR,/media/SSD_4TB/crispy_storage/fake-images/sd15_fp4_p24_seed147.png,fake,0.94512540102005,0.0929710865020752
sd35_fp4,CLIP-D,/media/SSD_4TB/crispy_storage/fake-images/sd35_fp4_p0_seed123.png,fake,0.8587627410888672,0.061705827713012695
sd35_fp4,R50_TF,/media/SSD_4TB/crispy_storage/fake-images/sd35_fp4_p0_seed123.png,real,0.4293,0.173
sd35_fp4,NPR,/media/SSD_4TB/crispy_storage/fake-images/sd35_fp4_p0_seed123.png,real,0.00022249696485232562,0.09128904342651367
sdxl_fp16,CLIP-D,/media/SSD_4TB/crispy_storage/fake-images/sdxl_fp16_p31_seed154.png,fake,0.9901572465896606,0.06371593475341797
sdxl_fp16,R50_TF,/media/SSD_4TB/crispy_storage/fake-images/sdxl_fp16_p31_seed154.png,fake,0.5997,0.177
sdxl_fp16,NPR,/media/SSD_4TB/crispy_storage/fake-images/sdxl_fp16_p31_seed154.png,fake,1.0,0.09183740615844727
z-image_fp16,CLIP-D,/media/SSD_4TB/crispy_storage/fake-images/z-image_fp16_p40_seed163.png,fake,0.9516069293022156,0.05967378616333008
z-image_fp16,R50_TF,/media/SSD_4TB/crispy_storage/fake-images/z-image_fp16_p40_seed163.png,fake,0.6022,0.18
z-image_fp16,NPR,/media/SSD_4TB/crispy_storage/fake-images/z-image_fp16_p40_seed163.png,real,1.4177160664985422e-05,0.09188652038574219
sd15_fp4,CLIP-D,/media/SSD_4TB/crispy_storage/fake-images/sd15_fp4_p32_seed155.png,real,0.056176044046878815,0.062465667724609375
sd15_fp4,R50_TF,/media/SSD_4TB/crispy_storage/fake-images/sd15_fp4_p32_seed155.png,real,0.4302,0.145
sd15_fp4,NPR,/media/SSD_4TB/crispy_storage/fake-images/sd15_fp4_p32_seed155.png,real,2.6798397811944596e-05,0.08869266510009766
sd15_fp8,CLIP-D,/media/SSD_4TB/crispy_storage/fake-images/sd15_fp8_p17_seed140.png,fake,0.8813083171844482,0.06075477600097656
sd15_fp8,R50_TF,/media/SSD_4TB/crispy_storage/fake-images/sd15_fp8_p17_seed140.png,fake,0.7184,0.143
sd15_fp8,NPR,/media/SSD_4TB/crispy_storage/fake-images/sd15_fp8_p17_seed140.png,real,0.22513772547245026,0.09134435653686523
sd3_fp16,CLIP-D,/media/SSD_4TB/crispy_storage/fake-images/sd3_fp16_p41_seed164.png,fake,0.9504100680351257,0.0618281364440918
sd3_fp16,R50_TF,/media/SSD_4TB/crispy_storage/fake-images/sd3_fp16_p41_seed164.png,fake,0.5495,0.176
sd3_fp16,NPR,/media/SSD_4TB/crispy_storage/fake-images/sd3_fp16_p41_seed164.png,real,0.0006632186705246568,0.09304928779602051
sd35_fp8,CLIP-D,/media/SSD_4TB/crispy_storage/fake-images/sd35_fp8_p94_seed217.png,fake,0.969369113445282,0.06101036071777344
sd35_fp8,R50_TF,/media/SSD_4TB/crispy_storage/fake-images/sd35_fp8_p94_seed217.png,fake,0.5711,0.177
sd35_fp8,NPR,/media/SSD_4TB/crispy_storage/fake-images/sd35_fp8_p94_seed217.png,real,0.1677059680223465,0.09235095977783203
sd15_fp8,CLIP-D,/media/SSD_4TB/crispy_storage/fake-images/sd15_fp8_p20_seed143.png,fake,0.917325496673584,0.06199359893798828
sd15_fp8,R50_TF,/media/SSD_4TB/crispy_storage/fake-images/sd15_fp8_p20_seed143.png,fake,0.6852,0.141
sd15_fp8,NPR,/media/SSD_4TB/crispy_storage/fake-images/sd15_fp8_p20_seed143.png,fake,0.7385179996490479,0.09115171432495117
z-image_fp16,CLIP-D,/media/SSD_4TB/crispy_storage/fake-images/z-image_fp16_p27_seed150.png,real,0.0024296666961163282,0.061417579650878906
z-image_fp16,R50_TF,/media/SSD_4TB/crispy_storage/fake-images/z-image_fp16_p27_seed150.png,real,0.422,0.177
z-image_fp16,NPR,/media/SSD_4TB/crispy_storage/fake-images/z-image_fp16_p27_seed150.png,fake,0.7331835031509399,0.09096336364746094
sdxl_fp8,CLIP-D,/media/SSD_4TB/crispy_storage/fake-images/sdxl_fp8_p74_seed197.png,fake,0.9975389242172241,0.06188011169433594
sdxl_fp8,R50_TF,/media/SSD_4TB/crispy_storage/fake-images/sdxl_fp8_p74_seed197.png,fake,0.6026,0.179
sdxl_fp8,NPR,/media/SSD_4TB/crispy_storage/fake-images/sdxl_fp8_p74_seed197.png,fake,0.9998934268951416,0.0922853946685791
sd3_fp4,CLIP-D,/media/SSD_4TB/crispy_storage/fake-images/sd3_fp4_p38_seed161.png,fake,0.9659186005592346,0.060866594314575195
sd3_fp4,R50_TF,/media/SSD_4TB/crispy_storage/fake-images/sd3_fp4_p38_seed161.png,fake,0.5464,0.183
sd3_fp4,NPR,/media/SSD_4TB/crispy_storage/fake-images/sd3_fp4_p38_seed161.png,fake,0.7219095826148987,0.09066057205200195
z-image_fp8,CLIP-D,/media/SSD_4TB/crispy_storage/fake-images/z-image_fp8_p10_seed133.png,fake,0.8705153465270996,0.06080055236816406
z-image_fp8,R50_TF,/media/SSD_4TB/crispy_storage/fake-images/z-image_fp8_p10_seed133.png,fake,0.5947,0.179
z-image_fp8,NPR,/media/SSD_4TB/crispy_storage/fake-images/z-image_fp8_p10_seed133.png,fake,0.578240692615509,0.09108829498291016
sd15_fp4,CLIP-D,/media/SSD_4TB/crispy_storage/fake-images/sd15_fp4_p80_seed203.png,real,0.38619545102119446,0.06129956245422363
sd15_fp4,R50_TF,/media/SSD_4TB/crispy_storage/fake-images/sd15_fp4_p80_seed203.png,real,0.4424,0.142
sd15_fp4,NPR,/media/SSD_4TB/crispy_storage/fake-images/sd15_fp4_p80_seed203.png,real,4.662165792979067e-06,0.09208106994628906
pg25_fp16,CLIP-D,/media/SSD_4TB/crispy_storage/fake-images/pg25_fp16_p16_seed139.png,fake,0.9640762805938721,0.06288886070251465
pg25_fp16,R50_TF,/media/SSD_4TB/crispy_storage/fake-images/pg25_fp16_p16_seed139.png,fake,0.5594,0.181
pg25_fp16,NPR,/media/SSD_4TB/crispy_storage/fake-images/pg25_fp16_p16_seed139.png,real,0.4629557430744171,0.09139680862426758
sd35_fp8,CLIP-D,/media/SSD_4TB/crispy_storage/fake-images/sd35_fp8_p8_seed131.png,fake,0.8013928532600403,0.06114959716796875
sd35_fp8,R50_TF,/media/SSD_4TB/crispy_storage/fake-images/sd35_fp8_p8_seed131.png,real,0.4308,0.178
sd35_fp8,NPR,/media/SSD_4TB/crispy_storage/fake-images/sd35_fp8_p8_seed131.png,real,0.03309768810868263,0.08605837821960449
sdxl_fp8,CLIP-D,/media/SSD_4TB/crispy_storage/fake-images/sdxl_fp8_p18_seed141.png,fake,0.996320366859436,0.06220245361328125
sdxl_fp8,R50_TF,/media/SSD_4TB/crispy_storage/fake-images/sdxl_fp8_p18_seed141.png,fake,0.5715,0.179
sdxl_fp8,NPR,/media/SSD_4TB/crispy_storage/fake-images/sdxl_fp8_p18_seed141.png,fake,1.0,0.09141159057617188
sdxl_fp4,CLIP-D,/media/SSD_4TB/crispy_storage/fake-images/sdxl_fp4_p59_seed182.png,fake,0.9945846199989319,0.0611417293548584
sdxl_fp4,R50_TF,/media/SSD_4TB/crispy_storage/fake-images/sdxl_fp4_p59_seed182.png,fake,0.6269,0.176
sdxl_fp4,NPR,/media/SSD_4TB/crispy_storage/fake-images/sdxl_fp4_p59_seed182.png,fake,1.0,0.08757209777832031
sd15_fp8,CLIP-D,/media/SSD_4TB/crispy_storage/fake-images/sd15_fp8_p93_seed216.png,real,0.06915289163589478,0.061438560485839844
sd15_fp8,R50_TF,/media/SSD_4TB/crispy_storage/fake-images/sd15_fp8_p93_seed216.png,real,0.3828,0.146
sd15_fp8,NPR,/media/SSD_4TB/crispy_storage/fake-images/sd15_fp8_p93_seed216.png,real,9.331118349109602e-07,0.09331583976745605
pg25_fp4,CLIP-D,/media/SSD_4TB/crispy_storage/fake-images/pg25_fp4_p11_seed134.png,fake,0.9927458167076111,0.0609283447265625
pg25_fp4,R50_TF,/media/SSD_4TB/crispy_storage/fake-images/pg25_fp4_p11_seed134.png,fake,0.5818,0.179
pg25_fp4,NPR,/media/SSD_4TB/crispy_storage/fake-images/pg25_fp4_p11_seed134.png,fake,1.0,0.09177970886230469
sd15_fp8,CLIP-D,/media/SSD_4TB/crispy_storage/fake-images/sd15_fp8_p80_seed203.png,real,0.49512115120887756,0.06099843978881836
sd15_fp8,R50_TF,/media/SSD_4TB/crispy_storage/fake-images/sd15_fp8_p80_seed203.png,real,0.4418,0.14
sd15_fp8,NPR,/media/SSD_4TB/crispy_storage/fake-images/sd15_fp8_p80_seed203.png,real,0.00011991237261099741,0.09325265884399414
sd15_fp4,CLIP-D,/media/SSD_4TB/crispy_storage/fake-images/sd15_fp4_p60_seed183.png,real,0.36058083176612854,0.06082582473754883
sd15_fp4,R50_TF,/media/SSD_4TB/crispy_storage/fake-images/sd15_fp4_p60_seed183.png,real,0.4617,0.145
sd15_fp4,NPR,/media/SSD_4TB/crispy_storage/fake-images/sd15_fp4_p60_seed183.png,real,3.55238489646581e-06,0.0919046401977539
sdxl_fp16,CLIP-D,/media/SSD_4TB/crispy_storage/fake-images/sdxl_fp16_p91_seed214.png,fake,0.9978480339050293,0.06293988227844238
sdxl_fp16,R50_TF,/media/SSD_4TB/crispy_storage/fake-images/sdxl_fp16_p91_seed214.png,fake,0.703,0.177
sdxl_fp16,NPR,/media/SSD_4TB/crispy_storage/fake-images/sdxl_fp16_p91_seed214.png,fake,0.9999620914459229,0.09275484085083008
pg25_fp4,CLIP-D,/media/SSD_4TB/crispy_storage/fake-images/pg25_fp4_p84_seed207.png,fake,0.9969292283058167,0.06277227401733398
pg25_fp4,R50_TF,/media/SSD_4TB/crispy_storage/fake-images/pg25_fp4_p84_seed207.png,real,0.3987,0.177
pg25_fp4,NPR,/media/SSD_4TB/crispy_storage/fake-images/pg25_fp4_p84_seed207.png,real,2.0977518033760134e-06,0.09107303619384766
sd3_fp8,CLIP-D,/media/SSD_4TB/crispy_storage/fake-images/sd3_fp8_p31_seed154.png,fake,0.8880766034126282,0.0616908073425293
sd3_fp8,R50_TF,/media/SSD_4TB/crispy_storage/fake-images/sd3_fp8_p31_seed154.png,fake,0.584,0.179
sd3_fp8,NPR,/media/SSD_4TB/crispy_storage/fake-images/sd3_fp8_p31_seed154.png,fake,0.9995879530906677,0.0920412540435791
sd15_fp8,CLIP-D,/media/SSD_4TB/crispy_storage/fake-images/sd15_fp8_p24_seed147.png,fake,0.7703007459640503,0.062099456787109375
sd15_fp8,R50_TF,/media/SSD_4TB/crispy_storage/fake-images/sd15_fp8_p24_seed147.png,fake,0.6502,0.144
sd15_fp8,NPR,/media/SSD_4TB/crispy_storage/fake-images/sd15_fp8_p24_seed147.png,real,0.005670510232448578,0.09346961975097656
pg25_fp16,CLIP-D,/media/SSD_4TB/crispy_storage/fake-images/pg25_fp16_p92_seed215.png,fake,0.9987216591835022,0.06240344047546387
pg25_fp16,R50_TF,/media/SSD_4TB/crispy_storage/fake-images/pg25_fp16_p92_seed215.png,fake,0.6285,0.18
pg25_fp16,NPR,/media/SSD_4TB/crispy_storage/fake-images/pg25_fp16_p92_seed215.png,fake,0.9999074935913086,0.09330487251281738
sdxl_fp4,CLIP-D,/media/SSD_4TB/crispy_storage/fake-images/sdxl_fp4_p14_seed137.png,fake,0.9921252131462097,0.06119942665100098
sdxl_fp4,R50_TF,/media/SSD_4TB/crispy_storage/fake-images/sdxl_fp4_p14_seed137.png,fake,0.5959,0.177
sdxl_fp4,NPR,/media/SSD_4TB/crispy_storage/fake-images/sdxl_fp4_p14_seed137.png,fake,1.0,0.09114694595336914
sd35_fp8,CLIP-D,/media/SSD_4TB/crispy_storage/fake-images/sd35_fp8_p80_seed203.png,fake,0.7316119074821472,0.060996294021606445
sd35_fp8,R50_TF,/media/SSD_4TB/crispy_storage/fake-images/sd35_fp8_p80_seed203.png,real,0.4241,0.181
sd35_fp8,NPR,/media/SSD_4TB/crispy_storage/fake-images/sd35_fp8_p80_seed203.png,real,0.41526851058006287,0.09111380577087402
sdxl_fp8,CLIP-D,/media/SSD_4TB/crispy_storage/fake-images/sdxl_fp8_p96_seed219.png,fake,0.9977872371673584,0.06144881248474121
sdxl_fp8,R50_TF,/media/SSD_4TB/crispy_storage/fake-images/sdxl_fp8_p96_seed219.png,fake,0.6315,0.176
sdxl_fp8,NPR,/media/SSD_4TB/crispy_storage/fake-images/sdxl_fp8_p96_seed219.png,fake,1.0,0.09284543991088867
sdxl_fp8,CLIP-D,/media/SSD_4TB/crispy_storage/fake-images/sdxl_fp8_p1_seed124.png,fake,0.9988518953323364,0.060949087142944336
sdxl_fp8,R50_TF,/media/SSD_4TB/crispy_storage/fake-images/sdxl_fp8_p1_seed124.png,fake,0.6083,0.173
sdxl_fp8,NPR,/media/SSD_4TB/crispy_storage/fake-images/sdxl_fp8_p1_seed124.png,fake,0.995071530342102,0.09076285362243652
sdxl_fp4,CLIP-D,/media/SSD_4TB/crispy_storage/fake-images/sdxl_fp4_p50_seed173.png,fake,0.9862988591194153,0.062341928482055664
sdxl_fp4,R50_TF,/media/SSD_4TB/crispy_storage/fake-images/sdxl_fp4_p50_seed173.png,fake,0.5756,0.181
sdxl_fp4,NPR,/media/SSD_4TB/crispy_storage/fake-images/sdxl_fp4_p50_seed173.png,fake,0.9999810457229614,0.09271121025085449
sd35_fp8,CLIP-D,/media/SSD_4TB/crispy_storage/fake-images/sd35_fp8_p90_seed213.png,real,0.45924344658851624,0.06083273887634277
sd35_fp8,R50_TF,/media/SSD_4TB/crispy_storage/fake-images/sd35_fp8_p90_seed213.png,fake,0.5415,0.182
sd35_fp8,NPR,/media/SSD_4TB/crispy_storage/fake-images/sd35_fp8_p90_seed213.png,fake,0.7620065808296204,0.09133124351501465
sd3_fp16,CLIP-D,/media/SSD_4TB/crispy_storage/fake-images/sd3_fp16_p25_seed148.png,fake,0.9977014660835266,0.06315326690673828
sd3_fp16,R50_TF,/media/SSD_4TB/crispy_storage/fake-images/sd3_fp16_p25_seed148.png,fake,0.5897,0.181
sd3_fp16,NPR,/media/SSD_4TB/crispy_storage/fake-images/sd3_fp16_p25_seed148.png,fake,0.9999988079071045,0.09108090400695801
pg25_fp4,CLIP-D,/media/SSD_4TB/crispy_storage/fake-images/pg25_fp4_p19_seed142.png,fake,0.9843013882637024,0.06104612350463867
pg25_fp4,R50_TF,/media/SSD_4TB/crispy_storage/fake-images/pg25_fp4_p19_seed142.png,fake,0.5785,0.176
pg25_fp4,NPR,/media/SSD_4TB/crispy_storage/fake-images/pg25_fp4_p19_seed142.png,fake,0.9995143413543701,0.0920100212097168
pg25_fp4,CLIP-D,/media/SSD_4TB/crispy_storage/fake-images/pg25_fp4_p98_seed221.png,fake,0.986372172832489,0.060118675231933594
pg25_fp4,R50_TF,/media/SSD_4TB/crispy_storage/fake-images/pg25_fp4_p98_seed221.png,fake,0.5632,0.182
pg25_fp4,NPR,/media/SSD_4TB/crispy_storage/fake-images/pg25_fp4_p98_seed221.png,fake,0.9998059868812561,0.09167790412902832
sd15_fp16,CLIP-D,/media/SSD_4TB/crispy_storage/fake-images/sd15_fp16_p63_seed186.png,fake,0.608107328414917,0.062476396560668945
sd15_fp16,R50_TF,/media/SSD_4TB/crispy_storage/fake-images/sd15_fp16_p63_seed186.png,real,0.4268,0.143
sd15_fp16,NPR,/media/SSD_4TB/crispy_storage/fake-images/sd15_fp16_p63_seed186.png,real,0.358377605676651,0.09134888648986816
sdxl_fp16,CLIP-D,/media/SSD_4TB/crispy_storage/fake-images/sdxl_fp16_p83_seed206.png,fake,0.9790326356887817,0.06006741523742676
sdxl_fp16,R50_TF,/media/SSD_4TB/crispy_storage/fake-images/sdxl_fp16_p83_seed206.png,fake,0.5707,0.18
sdxl_fp16,NPR,/media/SSD_4TB/crispy_storage/fake-images/sdxl_fp16_p83_seed206.png,real,0.23511682450771332,0.09086418151855469
sd35_fp4,CLIP-D,/media/SSD_4TB/crispy_storage/fake-images/sd35_fp4_p56_seed179.png,fake,0.9561517238616943,0.06291365623474121
sd35_fp4,R50_TF,/media/SSD_4TB/crispy_storage/fake-images/sd35_fp4_p56_seed179.png,real,0.4565,0.177
sd35_fp4,NPR,/media/SSD_4TB/crispy_storage/fake-images/sd35_fp4_p56_seed179.png,real,0.0021897614933550358,0.09236955642700195
sd3_fp4,CLIP-D,/media/SSD_4TB/crispy_storage/fake-images/sd3_fp4_p16_seed139.png,fake,0.9666920900344849,0.060976266860961914
sd3_fp4,R50_TF,/media/SSD_4TB/crispy_storage/fake-images/sd3_fp4_p16_seed139.png,real,0.4171,0.18
sd3_fp4,NPR,/media/SSD_4TB/crispy_storage/fake-images/sd3_fp4_p16_seed139.png,real,0.009016452357172966,0.09138727188110352
pg25_fp16,CLIP-D,/media/SSD_4TB/crispy_storage/fake-images/pg25_fp16_p12_seed135.png,fake,0.98549485206604,0.059859275817871094
pg25_fp16,R50_TF,/media/SSD_4TB/crispy_storage/fake-images/pg25_fp16_p12_seed135.png,fake,0.5586,0.18
pg25_fp16,NPR,/media/SSD_4TB/crispy_storage/fake-images/pg25_fp16_p12_seed135.png,fake,0.9998273849487305,0.09233999252319336
pg25_fp16,CLIP-D,/media/SSD_4TB/crispy_storage/fake-images/pg25_fp16_p50_seed173.png,fake,0.9444740414619446,0.061402082443237305
pg25_fp16,R50_TF,/media/SSD_4TB/crispy_storage/fake-images/pg25_fp16_p50_seed173.png,fake,0.5827,0.178
pg25_fp16,NPR,/media/SSD_4TB/crispy_storage/fake-images/pg25_fp16_p50_seed173.png,fake,0.9999315738677979,0.0901339054107666
pg25_fp4,CLIP-D,/media/SSD_4TB/crispy_storage/fake-images/pg25_fp4_p39_seed162.png,fake,0.9923437237739563,0.06271886825561523
pg25_fp4,R50_TF,/media/SSD_4TB/crispy_storage/fake-images/pg25_fp4_p39_seed162.png,fake,0.6232,0.178
pg25_fp4,NPR,/media/SSD_4TB/crispy_storage/fake-images/pg25_fp4_p39_seed162.png,fake,0.9999992847442627,0.09196615219116211
sd3_fp8,CLIP-D,/media/SSD_4TB/crispy_storage/fake-images/sd3_fp8_p28_seed151.png,fake,0.9952433705329895,0.06150507926940918
sd3_fp8,R50_TF,/media/SSD_4TB/crispy_storage/fake-images/sd3_fp8_p28_seed151.png,fake,0.563,0.182
sd3_fp8,NPR,/media/SSD_4TB/crispy_storage/fake-images/sd3_fp8_p28_seed151.png,fake,0.9496603012084961,0.09243202209472656
sd35_fp16,CLIP-D,/media/SSD_4TB/crispy_storage/fake-images/sd35_fp16_p75_seed198.png,fake,0.5830471515655518,0.061440467834472656
sd35_fp16,R50_TF,/media/SSD_4TB/crispy_storage/fake-images/sd35_fp16_p75_seed198.png,real,0.4483,0.18
sd35_fp16,NPR,/media/SSD_4TB/crispy_storage/fake-images/sd35_fp16_p75_seed198.png,fake,0.9998775720596313,0.08820366859436035
sd35_fp16,CLIP-D,/media/SSD_4TB/crispy_storage/fake-images/sd35_fp16_p56_seed179.png,fake,0.994196891784668,0.06270909309387207
sd35_fp16,R50_TF,/media/SSD_4TB/crispy_storage/fake-images/sd35_fp16_p56_seed179.png,fake,0.548,0.174
sd35_fp16,NPR,/media/SSD_4TB/crispy_storage/fake-images/sd35_fp16_p56_seed179.png,real,0.05584781616926193,0.08511877059936523
pg25_fp16,CLIP-D,/media/SSD_4TB/crispy_storage/fake-images/pg25_fp16_p39_seed162.png,fake,0.9941897392272949,0.06222081184387207
pg25_fp16,R50_TF,/media/SSD_4TB/crispy_storage/fake-images/pg25_fp16_p39_seed162.png,fake,0.6446,0.181
pg25_fp16,NPR,/media/SSD_4TB/crispy_storage/fake-images/pg25_fp16_p39_seed162.png,fake,0.9999997615814209,0.09020090103149414
z-image_fp8,CLIP-D,/media/SSD_4TB/crispy_storage/fake-images/z-image_fp8_p17_seed140.png,fake,0.8730276226997375,0.06056642532348633
z-image_fp8,R50_TF,/media/SSD_4TB/crispy_storage/fake-images/z-image_fp8_p17_seed140.png,fake,0.5494,0.181
z-image_fp8,NPR,/media/SSD_4TB/crispy_storage/fake-images/z-image_fp8_p17_seed140.png,fake,0.9999994039535522,0.09386825561523438
z-image_fp16,CLIP-D,/media/SSD_4TB/crispy_storage/fake-images/z-image_fp16_p49_seed172.png,real,0.11566547304391861,0.06246590614318848
z-image_fp16,R50_TF,/media/SSD_4TB/crispy_storage/fake-images/z-image_fp16_p49_seed172.png,fake,0.5655,0.183
z-image_fp16,NPR,/media/SSD_4TB/crispy_storage/fake-images/z-image_fp16_p49_seed172.png,fake,0.985235333442688,0.09186935424804688
pg25_fp16,CLIP-D,/media/SSD_4TB/crispy_storage/fake-images/pg25_fp16_p10_seed133.png,fake,0.9801679849624634,0.061264753341674805
pg25_fp16,R50_TF,/media/SSD_4TB/crispy_storage/fake-images/pg25_fp16_p10_seed133.png,fake,0.6164,0.176
pg25_fp16,NPR,/media/SSD_4TB/crispy_storage/fake-images/pg25_fp16_p10_seed133.png,fake,1.0,0.09115099906921387
pg25_fp16,CLIP-D,/media/SSD_4TB/crispy_storage/fake-images/pg25_fp16_p41_seed164.png,fake,0.9662262201309204,0.06130552291870117
pg25_fp16,R50_TF,/media/SSD_4TB/crispy_storage/fake-images/pg25_fp16_p41_seed164.png,fake,0.6009,0.179
pg25_fp16,NPR,/media/SSD_4TB/crispy_storage/fake-images/pg25_fp16_p41_seed164.png,fake,0.9999982118606567,0.09142589569091797
sd35_fp8,CLIP-D,/media/SSD_4TB/crispy_storage/fake-images/sd35_fp8_p10_seed133.png,real,0.01079369243234396,0.0625314712524414
sd35_fp8,R50_TF,/media/SSD_4TB/crispy_storage/fake-images/sd35_fp8_p10_seed133.png,fake,0.5976,0.179
sd35_fp8,NPR,/media/SSD_4TB/crispy_storage/fake-images/sd35_fp8_p10_seed133.png,real,0.0416337288916111,0.0927572250366211
sd35_fp4,CLIP-D,/media/SSD_4TB/crispy_storage/fake-images/sd35_fp4_p35_seed158.png,fake,0.8849237561225891,0.061441659927368164
sd35_fp4,R50_TF,/media/SSD_4TB/crispy_storage/fake-images/sd35_fp4_p35_seed158.png,real,0.4503,0.178
sd35_fp4,NPR,/media/SSD_4TB/crispy_storage/fake-images/sd35_fp4_p35_seed158.png,real,0.008512751199305058,0.09210467338562012
pg25_fp4,CLIP-D,/media/SSD_4TB/crispy_storage/fake-images/pg25_fp4_p66_seed189.png,fake,0.8919503092765808,0.0609743595123291
pg25_fp4,R50_TF,/media/SSD_4TB/crispy_storage/fake-images/pg25_fp4_p66_seed189.png,real,0.4307,0.181
pg25_fp4,NPR,/media/SSD_4TB/crispy_storage/fake-images/pg25_fp4_p66_seed189.png,real,5.7903780543711036e-05,0.0913243293762207
sd3_fp4,CLIP-D,/media/SSD_4TB/crispy_storage/fake-images/sd3_fp4_p88_seed211.png,fake,0.8425209522247314,0.06133413314819336
sd3_fp4,R50_TF,/media/SSD_4TB/crispy_storage/fake-images/sd3_fp4_p88_seed211.png,real,0.4386,0.176
sd3_fp4,NPR,/media/SSD_4TB/crispy_storage/fake-images/sd3_fp4_p88_seed211.png,real,6.985690561123192e-05,0.08569693565368652
sd15_fp8,CLIP-D,/media/SSD_4TB/crispy_storage/fake-images/sd15_fp8_p16_seed139.png,fake,0.9665292501449585,0.060365915298461914
sd15_fp8,R50_TF,/media/SSD_4TB/crispy_storage/fake-images/sd15_fp8_p16_seed139.png,fake,0.5643,0.144
sd15_fp8,NPR,/media/SSD_4TB/crispy_storage/fake-images/sd15_fp8_p16_seed139.png,real,0.00012844432785641402,0.09212636947631836
sd15_fp4,CLIP-D,/media/SSD_4TB/crispy_storage/fake-images/sd15_fp4_p29_seed152.png,fake,0.8287371397018433,0.06081867218017578
sd15_fp4,R50_TF,/media/SSD_4TB/crispy_storage/fake-images/sd15_fp4_p29_seed152.png,fake,0.6054,0.141
sd15_fp4,NPR,/media/SSD_4TB/crispy_storage/fake-images/sd15_fp4_p29_seed152.png,real,0.00658905366435647,0.09306979179382324
z-image_fp16,CLIP-D,/media/SSD_4TB/crispy_storage/fake-images/z-image_fp16_p95_seed218.png,fake,0.9831751585006714,0.061351776123046875
z-image_fp16,R50_TF,/media/SSD_4TB/crispy_storage/fake-images/z-image_fp16_p95_seed218.png,fake,0.5793,0.18
z-image_fp16,NPR,/media/SSD_4TB/crispy_storage/fake-images/z-image_fp16_p95_seed218.png,real,0.002441897289827466,0.0906670093536377
pg25_fp16,CLIP-D,/media/SSD_4TB/crispy_storage/fake-images/pg25_fp16_p5_seed128.png,fake,0.9971004128456116,0.061408042907714844
pg25_fp16,R50_TF,/media/SSD_4TB/crispy_storage/fake-images/pg25_fp16_p5_seed128.png,fake,0.6279,0.176
pg25_fp16,NPR,/media/SSD_4TB/crispy_storage/fake-images/pg25_fp16_p5_seed128.png,fake,0.9999996423721313,0.08745527267456055
sd15_fp4,CLIP-D,/media/SSD_4TB/crispy_storage/fake-images/sd15_fp4_p79_seed202.png,real,0.3090149760246277,0.060716867446899414
sd15_fp4,R50_TF,/media/SSD_4TB/crispy_storage/fake-images/sd15_fp4_p79_seed202.png,real,0.4428,0.143
sd15_fp4,NPR,/media/SSD_4TB/crispy_storage/fake-images/sd15_fp4_p79_seed202.png,real,0.0033924614544957876,0.09170031547546387
sd3_fp8,CLIP-D,/media/SSD_4TB/crispy_storage/fake-images/sd3_fp8_p15_seed138.png,fake,0.9946082830429077,0.06119513511657715
sd3_fp8,R50_TF,/media/SSD_4TB/crispy_storage/fake-images/sd3_fp8_p15_seed138.png,fake,0.5707,0.177
sd3_fp8,NPR,/media/SSD_4TB/crispy_storage/fake-images/sd3_fp8_p15_seed138.png,fake,0.9936043620109558,0.09087705612182617
sd3_fp16,CLIP-D,/media/SSD_4TB/crispy_storage/fake-images/sd3_fp16_p73_seed196.png,fake,0.9778167605400085,0.060976505279541016
sd3_fp16,R50_TF,/media/SSD_4TB/crispy_storage/fake-images/sd3_fp16_p73_seed196.png,real,0.4256,0.178
sd3_fp16,NPR,/media/SSD_4TB/crispy_storage/fake-images/sd3_fp16_p73_seed196.png,fake,0.9999960660934448,0.0876772403717041
sdxl_fp4,CLIP-D,/media/SSD_4TB/crispy_storage/fake-images/sdxl_fp4_p88_seed211.png,fake,0.9989006519317627,0.061725616455078125
sdxl_fp4,R50_TF,/media/SSD_4TB/crispy_storage/fake-images/sdxl_fp4_p88_seed211.png,fake,0.594,0.178
sdxl_fp4,NPR,/media/SSD_4TB/crispy_storage/fake-images/sdxl_fp4_p88_seed211.png,fake,0.9999881982803345,0.08867764472961426
pg25_fp4,CLIP-D,/media/SSD_4TB/crispy_storage/fake-images/pg25_fp4_p41_seed164.png,fake,0.9776622653007507,0.062177419662475586
pg25_fp4,R50_TF,/media/SSD_4TB/crispy_storage/fake-images/pg25_fp4_p41_seed164.png,fake,0.5688,0.172
pg25_fp4,NPR,/media/SSD_4TB/crispy_storage/fake-images/pg25_fp4_p41_seed164.png,fake,0.9983804225921631,0.09135103225708008
sd35_fp8,CLIP-D,/media/SSD_4TB/crispy_storage/fake-images/sd35_fp8_p81_seed204.png,fake,0.9603664875030518,0.05971646308898926
sd35_fp8,R50_TF,/media/SSD_4TB/crispy_storage/fake-images/sd35_fp8_p81_seed204.png,fake,0.642,0.182
sd35_fp8,NPR,/media/SSD_4TB/crispy_storage/fake-images/sd35_fp8_p81_seed204.png,real,0.002999432384967804,0.09215044975280762
sd3_fp8,CLIP-D,/media/SSD_4TB/crispy_storage/fake-images/sd3_fp8_p34_seed157.png,fake,0.959822952747345,0.06225156784057617
sd3_fp8,R50_TF,/media/SSD_4TB/crispy_storage/fake-images/sd3_fp8_p34_seed157.png,fake,0.5966,0.181
sd3_fp8,NPR,/media/SSD_4TB/crispy_storage/fake-images/sd3_fp8_p34_seed157.png,fake,0.9953782558441162,0.09255671501159668
sdxl_fp8,CLIP-D,/media/SSD_4TB/crispy_storage/fake-images/sdxl_fp8_p70_seed193.png,fake,0.9995771050453186,0.06263923645019531
sdxl_fp8,R50_TF,/media/SSD_4TB/crispy_storage/fake-images/sdxl_fp8_p70_seed193.png,fake,0.7484,0.178
sdxl_fp8,NPR,/media/SSD_4TB/crispy_storage/fake-images/sdxl_fp8_p70_seed193.png,fake,0.9999994039535522,0.09233713150024414
sdxl_fp4,CLIP-D,/media/SSD_4TB/crispy_storage/fake-images/sdxl_fp4_p62_seed185.png,fake,0.9956744313240051,0.06157398223876953
sdxl_fp4,R50_TF,/media/SSD_4TB/crispy_storage/fake-images/sdxl_fp4_p62_seed185.png,fake,0.5604,0.18
sdxl_fp4,NPR,/media/SSD_4TB/crispy_storage/fake-images/sdxl_fp4_p62_seed185.png,fake,1.0,0.09334444999694824
sd3_fp4,CLIP-D,/media/SSD_4TB/crispy_storage/fake-images/sd3_fp4_p36_seed159.png,fake,0.8745110034942627,0.06141972541809082
sd3_fp4,R50_TF,/media/SSD_4TB/crispy_storage/fake-images/sd3_fp4_p36_seed159.png,real,0.4434,0.18
sd3_fp4,NPR,/media/SSD_4TB/crispy_storage/fake-images/sd3_fp4_p36_seed159.png,real,0.24350622296333313,0.09178686141967773
pg25_fp16,CLIP-D,/media/SSD_4TB/crispy_storage/fake-images/pg25_fp16_p70_seed193.png,fake,0.9989714622497559,0.061002492904663086
pg25_fp16,R50_TF,/media/SSD_4TB/crispy_storage/fake-images/pg25_fp16_p70_seed193.png,fake,0.7657,0.176
pg25_fp16,NPR,/media/SSD_4TB/crispy_storage/fake-images/pg25_fp16_p70_seed193.png,fake,0.9999990463256836,0.09135913848876953
pg25_fp16,CLIP-D,/media/SSD_4TB/crispy_storage/fake-images/pg25_fp16_p51_seed174.png,fake,0.9986459612846375,0.06097078323364258
pg25_fp16,R50_TF,/media/SSD_4TB/crispy_storage/fake-images/pg25_fp16_p51_seed174.png,fake,0.5915,0.184
pg25_fp16,NPR,/media/SSD_4TB/crispy_storage/fake-images/pg25_fp16_p51_seed174.png,fake,0.9999788999557495,0.09287452697753906
sd15_fp4,CLIP-D,/media/SSD_4TB/crispy_storage/fake-images/sd15_fp4_p21_seed144.png,fake,0.9970216155052185,0.0632028579711914
sd15_fp4,R50_TF,/media/SSD_4TB/crispy_storage/fake-images/sd15_fp4_p21_seed144.png,fake,0.6186,0.142
sd15_fp4,NPR,/media/SSD_4TB/crispy_storage/fake-images/sd15_fp4_p21_seed144.png,fake,0.9998356103897095,0.0909433364868164
sd15_fp16,CLIP-D,/media/SSD_4TB/crispy_storage/fake-images/sd15_fp16_p7_seed130.png,fake,0.9837515950202942,0.06061744689941406
sd15_fp16,R50_TF,/media/SSD_4TB/crispy_storage/fake-images/sd15_fp16_p7_seed130.png,fake,0.6662,0.142
sd15_fp16,NPR,/media/SSD_4TB/crispy_storage/fake-images/sd15_fp16_p7_seed130.png,fake,0.9661102890968323,0.0928645133972168
sd15_fp16,CLIP-D,/media/SSD_4TB/crispy_storage/fake-images/sd15_fp16_p0_seed123.png,real,0.2853236496448517,0.06110429763793945
sd15_fp16,R50_TF,/media/SSD_4TB/crispy_storage/fake-images/sd15_fp16_p0_seed123.png,fake,0.5681,0.141
sd15_fp16,NPR,/media/SSD_4TB/crispy_storage/fake-images/sd15_fp16_p0_seed123.png,real,0.003289813408628106,0.09255671501159668
sd3_fp4,CLIP-D,/media/SSD_4TB/crispy_storage/fake-images/sd3_fp4_p45_seed168.png,fake,0.6969464421272278,0.06171870231628418
sd3_fp4,R50_TF,/media/SSD_4TB/crispy_storage/fake-images/sd3_fp4_p45_seed168.png,real,0.4679,0.181
sd3_fp4,NPR,/media/SSD_4TB/crispy_storage/fake-images/sd3_fp4_p45_seed168.png,fake,0.5201174020767212,0.09143972396850586
sd3_fp16,CLIP-D,/media/SSD_4TB/crispy_storage/fake-images/sd3_fp16_p71_seed194.png,fake,0.794039785861969,0.06118893623352051
sd3_fp16,R50_TF,/media/SSD_4TB/crispy_storage/fake-images/sd3_fp16_p71_seed194.png,real,0.4471,0.18
sd3_fp16,NPR,/media/SSD_4TB/crispy_storage/fake-images/sd3_fp16_p71_seed194.png,fake,0.8484167456626892,0.08885335922241211
pg25_fp16,CLIP-D,/media/SSD_4TB/crispy_storage/fake-images/pg25_fp16_p43_seed166.png,fake,0.8983465433120728,0.06114983558654785
pg25_fp16,R50_TF,/media/SSD_4TB/crispy_storage/fake-images/pg25_fp16_p43_seed166.png,real,0.3953,0.179
pg25_fp16,NPR,/media/SSD_4TB/crispy_storage/fake-images/pg25_fp16_p43_seed166.png,real,0.00018831275519914925,0.09059858322143555
pg25_fp4,CLIP-D,/media/SSD_4TB/crispy_storage/fake-images/pg25_fp4_p32_seed155.png,fake,0.9792397022247314,0.06170201301574707
pg25_fp4,R50_TF,/media/SSD_4TB/crispy_storage/fake-images/pg25_fp4_p32_seed155.png,fake,0.5712,0.184
pg25_fp4,NPR,/media/SSD_4TB/crispy_storage/fake-images/pg25_fp4_p32_seed155.png,fake,1.0,0.09061670303344727
sd35_fp8,CLIP-D,/media/SSD_4TB/crispy_storage/fake-images/sd35_fp8_p63_seed186.png,real,0.009056372568011284,0.0608668327331543
sd35_fp8,R50_TF,/media/SSD_4TB/crispy_storage/fake-images/sd35_fp8_p63_seed186.png,real,0.4635,0.181
sd35_fp8,NPR,/media/SSD_4TB/crispy_storage/fake-images/sd35_fp8_p63_seed186.png,real,0.0050101513043046,0.08805465698242188
pg25_fp16,CLIP-D,/media/SSD_4TB/crispy_storage/fake-images/pg25_fp16_p58_seed181.png,fake,0.9987074136734009,0.06110811233520508
pg25_fp16,R50_TF,/media/SSD_4TB/crispy_storage/fake-images/pg25_fp16_p58_seed181.png,fake,0.6225,0.168
pg25_fp16,NPR,/media/SSD_4TB/crispy_storage/fake-images/pg25_fp16_p58_seed181.png,fake,0.6945130228996277,0.0924370288848877
sd35_fp4,CLIP-D,/media/SSD_4TB/crispy_storage/fake-images/sd35_fp4_p77_seed200.png,fake,0.9828311204910278,0.06150412559509277
sd35_fp4,R50_TF,/media/SSD_4TB/crispy_storage/fake-images/sd35_fp4_p77_seed200.png,fake,0.5471,0.18
sd35_fp4,NPR,/media/SSD_4TB/crispy_storage/fake-images/sd35_fp4_p77_seed200.png,fake,0.9809298515319824,0.09159612655639648
sd3_fp4,CLIP-D,/media/SSD_4TB/crispy_storage/fake-images/sd3_fp4_p34_seed157.png,fake,0.9236406683921814,0.0616915225982666
sd3_fp4,R50_TF,/media/SSD_4TB/crispy_storage/fake-images/sd3_fp4_p34_seed157.png,fake,0.5955,0.183
sd3_fp4,NPR,/media/SSD_4TB/crispy_storage/fake-images/sd3_fp4_p34_seed157.png,fake,0.9218066334724426,0.0876607894897461
z-image_fp16,CLIP-D,/media/SSD_4TB/crispy_storage/fake-images/z-image_fp16_p26_seed149.png,fake,0.9935358762741089,0.061304569244384766
z-image_fp16,R50_TF,/media/SSD_4TB/crispy_storage/fake-images/z-image_fp16_p26_seed149.png,fake,0.6208,0.181
z-image_fp16,NPR,/media/SSD_4TB/crispy_storage/fake-images/z-image_fp16_p26_seed149.png,real,0.03401191905140877,0.09041094779968262
sd3_fp8,CLIP-D,/media/SSD_4TB/crispy_storage/fake-images/sd3_fp8_p41_seed164.png,fake,0.892794132232666,0.06154894828796387
sd3_fp8,R50_TF,/media/SSD_4TB/crispy_storage/fake-images/sd3_fp8_p41_seed164.png,fake,0.546,0.175
sd3_fp8,NPR,/media/SSD_4TB/crispy_storage/fake-images/sd3_fp8_p41_seed164.png,real,0.22113437950611115,0.09164690971374512
sd15_fp8,CLIP-D,/media/SSD_4TB/crispy_storage/fake-images/sd15_fp8_p86_seed209.png,fake,0.9801492094993591,0.06060600280761719
sd15_fp8,R50_TF,/media/SSD_4TB/crispy_storage/fake-images/sd15_fp8_p86_seed209.png,real,0.4274,0.146
sd15_fp8,NPR,/media/SSD_4TB/crispy_storage/fake-images/sd15_fp8_p86_seed209.png,real,0.0014236097922548652,0.09163641929626465
sd15_fp16,CLIP-D,/media/SSD_4TB/crispy_storage/fake-images/sd15_fp16_p39_seed162.png,fake,0.8767095804214478,0.06072044372558594
sd15_fp16,R50_TF,/media/SSD_4TB/crispy_storage/fake-images/sd15_fp16_p39_seed162.png,fake,0.5703,0.141
sd15_fp16,NPR,/media/SSD_4TB/crispy_storage/fake-images/sd15_fp16_p39_seed162.png,real,0.004853751044720411,0.09300661087036133
sdxl_fp16,CLIP-D,/media/SSD_4TB/crispy_storage/fake-images/sdxl_fp16_p71_seed194.png,fake,0.9808753728866577,0.06012558937072754
sdxl_fp16,R50_TF,/media/SSD_4TB/crispy_storage/fake-images/sdxl_fp16_p71_seed194.png,fake,0.5676,0.177
sdxl_fp16,NPR,/media/SSD_4TB/crispy_storage/fake-images/sdxl_fp16_p71_seed194.png,fake,0.9999802112579346,0.08754348754882812
pg25_fp4,CLIP-D,/media/SSD_4TB/crispy_storage/fake-images/pg25_fp4_p72_seed195.png,fake,0.9940471649169922,0.06180524826049805
pg25_fp4,R50_TF,/media/SSD_4TB/crispy_storage/fake-images/pg25_fp4_p72_seed195.png,fake,0.586,0.178
pg25_fp4,NPR,/media/SSD_4TB/crispy_storage/fake-images/pg25_fp4_p72_seed195.png,fake,0.9999979734420776,0.0922856330871582
pg25_fp4,CLIP-D,/media/SSD_4TB/crispy_storage/fake-images/pg25_fp4_p53_seed176.png,fake,0.9979259967803955,0.06030988693237305
pg25_fp4,R50_TF,/media/SSD_4TB/crispy_storage/fake-images/pg25_fp4_p53_seed176.png,fake,0.562,0.178
pg25_fp4,NPR,/media/SSD_4TB/crispy_storage/fake-images/pg25_fp4_p53_seed176.png,fake,0.9997866749763489,0.09087347984313965
sd35_fp8,CLIP-D,/media/SSD_4TB/crispy_storage/fake-images/sd35_fp8_p9_seed132.png,real,0.08843404054641724,0.060361385345458984
sd35_fp8,R50_TF,/media/SSD_4TB/crispy_storage/fake-images/sd35_fp8_p9_seed132.png,real,0.4007,0.177
sd35_fp8,NPR,/media/SSD_4TB/crispy_storage/fake-images/sd35_fp8_p9_seed132.png,real,0.0006480721058323979,0.09161901473999023
sd15_fp8,CLIP-D,/media/SSD_4TB/crispy_storage/fake-images/sd15_fp8_p52_seed175.png,fake,0.9556640982627869,0.06069827079772949
sd15_fp8,R50_TF,/media/SSD_4TB/crispy_storage/fake-images/sd15_fp8_p52_seed175.png,fake,0.5962,0.147
sd15_fp8,NPR,/media/SSD_4TB/crispy_storage/fake-images/sd15_fp8_p52_seed175.png,real,0.0004507353587541729,0.09247279167175293
sd35_fp4,CLIP-D,/media/SSD_4TB/crispy_storage/fake-images/sd35_fp4_p31_seed154.png,fake,0.9760670065879822,0.05987954139709473
sd35_fp4,R50_TF,/media/SSD_4TB/crispy_storage/fake-images/sd35_fp4_p31_seed154.png,real,0.415,0.176
sd35_fp4,NPR,/media/SSD_4TB/crispy_storage/fake-images/sd35_fp4_p31_seed154.png,real,0.0025818569120019674,0.09222602844238281
sd35_fp8,CLIP-D,/media/SSD_4TB/crispy_storage/fake-images/sd35_fp8_p36_seed159.png,fake,0.9257724285125732,0.06163787841796875
sd35_fp8,R50_TF,/media/SSD_4TB/crispy_storage/fake-images/sd35_fp8_p36_seed159.png,real,0.4615,0.179
sd35_fp8,NPR,/media/SSD_4TB/crispy_storage/fake-images/sd35_fp8_p36_seed159.png,fake,0.9996126294136047,0.08769345283508301
sd35_fp16,CLIP-D,/media/SSD_4TB/crispy_storage/fake-images/sd35_fp16_p80_seed203.png,fake,0.9321215152740479,0.06322574615478516
sd35_fp16,R50_TF,/media/SSD_4TB/crispy_storage/fake-images/sd35_fp16_p80_seed203.png,real,0.4342,0.18
sd35_fp16,NPR,/media/SSD_4TB/crispy_storage/fake-images/sd35_fp16_p80_seed203.png,real,0.02381066046655178,0.0873570442199707
sd35_fp16,CLIP-D,/media/SSD_4TB/crispy_storage/fake-images/sd35_fp16_p4_seed127.png,fake,0.7166804075241089,0.060454368591308594
sd35_fp16,R50_TF,/media/SSD_4TB/crispy_storage/fake-images/sd35_fp16_p4_seed127.png,fake,0.5605,0.182
sd35_fp16,NPR,/media/SSD_4TB/crispy_storage/fake-images/sd35_fp16_p4_seed127.png,fake,0.9637531042098999,0.09015822410583496
pg25_fp4,CLIP-D,/media/SSD_4TB/crispy_storage/fake-images/pg25_fp4_p38_seed161.png,fake,0.9448400139808655,0.061383962631225586
pg25_fp4,R50_TF,/media/SSD_4TB/crispy_storage/fake-images/pg25_fp4_p38_seed161.png,fake,0.5523,0.178
pg25_fp4,NPR,/media/SSD_4TB/crispy_storage/fake-images/pg25_fp4_p38_seed161.png,fake,0.9997594952583313,0.09211206436157227
sd15_fp4,CLIP-D,/media/SSD_4TB/crispy_storage/fake-images/sd15_fp4_p67_seed190.png,fake,0.9565954208374023,0.05964255332946777
sd15_fp4,R50_TF,/media/SSD_4TB/crispy_storage/fake-images/sd15_fp4_p67_seed190.png,fake,0.5548,0.141
sd15_fp4,NPR,/media/SSD_4TB/crispy_storage/fake-images/sd15_fp4_p67_seed190.png,real,0.0026196972467005253,0.0917062759399414
sd3_fp8,CLIP-D,/media/SSD_4TB/crispy_storage/fake-images/sd3_fp8_p45_seed168.png,fake,0.8431386351585388,0.05949091911315918
sd3_fp8,R50_TF,/media/SSD_4TB/crispy_storage/fake-images/sd3_fp8_p45_seed168.png,real,0.4494,0.177
sd3_fp8,NPR,/media/SSD_4TB/crispy_storage/fake-images/sd3_fp8_p45_seed168.png,fake,0.999441921710968,0.0911855697631836
sdxl_fp16,CLIP-D,/media/SSD_4TB/crispy_storage/fake-images/sdxl_fp16_p45_seed168.png,fake,0.5355075001716614,0.061234235763549805
sdxl_fp16,R50_TF,/media/SSD_4TB/crispy_storage/fake-images/sdxl_fp16_p45_seed168.png,fake,0.5777,0.178
sdxl_fp16,NPR,/media/SSD_4TB/crispy_storage/fake-images/sdxl_fp16_p45_seed168.png,fake,1.0,0.09094452857971191
sdxl_fp4,CLIP-D,/media/SSD_4TB/crispy_storage/fake-images/sdxl_fp4_p57_seed180.png,fake,0.984582781791687,0.06313323974609375
sdxl_fp4,R50_TF,/media/SSD_4TB/crispy_storage/fake-images/sdxl_fp4_p57_seed180.png,fake,0.6523,0.179
sdxl_fp4,NPR,/media/SSD_4TB/crispy_storage/fake-images/sdxl_fp4_p57_seed180.png,fake,1.0,0.0910177230834961
sd35_fp16,CLIP-D,/media/SSD_4TB/crispy_storage/fake-images/sd35_fp16_p70_seed193.png,fake,0.9836783409118652,0.06182432174682617
sd35_fp16,R50_TF,/media/SSD_4TB/crispy_storage/fake-images/sd35_fp16_p70_seed193.png,fake,0.6072,0.176
sd35_fp16,NPR,/media/SSD_4TB/crispy_storage/fake-images/sd35_fp16_p70_seed193.png,real,0.4413343667984009,0.08870768547058105
sdxl_fp4,CLIP-D,/media/SSD_4TB/crispy_storage/fake-images/sdxl_fp4_p24_seed147.png,fake,0.9877606630325317,0.06203484535217285
sdxl_fp4,R50_TF,/media/SSD_4TB/crispy_storage/fake-images/sdxl_fp4_p24_seed147.png,real,0.3984,0.174
sdxl_fp4,NPR,/media/SSD_4TB/crispy_storage/fake-images/sdxl_fp4_p24_seed147.png,real,0.004782195668667555,0.09172821044921875
sd3_fp16,CLIP-D,/media/SSD_4TB/crispy_storage/fake-images/sd3_fp16_p37_seed160.png,real,0.23906780779361725,0.061107635498046875
sd3_fp16,R50_TF,/media/SSD_4TB/crispy_storage/fake-images/sd3_fp16_p37_seed160.png,real,0.4102,0.173
sd3_fp16,NPR,/media/SSD_4TB/crispy_storage/fake-images/sd3_fp16_p37_seed160.png,fake,0.7761717438697815,0.0912468433380127
pg25_fp4,CLIP-D,/media/SSD_4TB/crispy_storage/fake-images/pg25_fp4_p77_seed200.png,fake,0.9909824728965759,0.06113696098327637
pg25_fp4,R50_TF,/media/SSD_4TB/crispy_storage/fake-images/pg25_fp4_p77_seed200.png,fake,0.5915,0.182
pg25_fp4,NPR,/media/SSD_4TB/crispy_storage/fake-images/pg25_fp4_p77_seed200.png,fake,0.9998155236244202,0.09297752380371094
z-image_fp4,CLIP-D,/media/SSD_4TB/crispy_storage/fake-images/z-image_fp4_p11_seed134.png,fake,0.9963429570198059,0.060187339782714844
z-image_fp4,R50_TF,/media/SSD_4TB/crispy_storage/fake-images/z-image_fp4_p11_seed134.png,real,0.4437,0.179
z-image_fp4,NPR,/media/SSD_4TB/crispy_storage/fake-images/z-image_fp4_p11_seed134.png,fake,0.7175625562667847,0.0918881893157959
sd15_fp8,CLIP-D,/media/SSD_4TB/crispy_storage/fake-images/sd15_fp8_p95_seed218.png,fake,0.9962377548217773,0.06229972839355469
sd15_fp8,R50_TF,/media/SSD_4TB/crispy_storage/fake-images/sd15_fp8_p95_seed218.png,fake,0.5942,0.144
sd15_fp8,NPR,/media/SSD_4TB/crispy_storage/fake-images/sd15_fp8_p95_seed218.png,fake,0.7897170782089233,0.0923762321472168
z-image_fp16,CLIP-D,/media/SSD_4TB/crispy_storage/fake-images/z-image_fp16_p4_seed127.png,fake,0.9478232264518738,0.06099367141723633
z-image_fp16,R50_TF,/media/SSD_4TB/crispy_storage/fake-images/z-image_fp16_p4_seed127.png,real,0.439,0.177
z-image_fp16,NPR,/media/SSD_4TB/crispy_storage/fake-images/z-image_fp16_p4_seed127.png,real,2.6845773390959948e-05,0.08840417861938477
sd3_fp4,CLIP-D,/media/SSD_4TB/crispy_storage/fake-images/sd3_fp4_p20_seed143.png,fake,0.9984391331672668,0.06086277961730957
sd3_fp4,R50_TF,/media/SSD_4TB/crispy_storage/fake-images/sd3_fp4_p20_seed143.png,fake,0.5661,0.178
sd3_fp4,NPR,/media/SSD_4TB/crispy_storage/fake-images/sd3_fp4_p20_seed143.png,real,0.030825506895780563,0.09035277366638184
sd15_fp16,CLIP-D,/media/SSD_4TB/crispy_storage/fake-images/sd15_fp16_p35_seed158.png,fake,0.9277765154838562,0.060080766677856445
sd15_fp16,R50_TF,/media/SSD_4TB/crispy_storage/fake-images/sd15_fp16_p35_seed158.png,fake,0.5334,0.144
sd15_fp16,NPR,/media/SSD_4TB/crispy_storage/fake-images/sd15_fp16_p35_seed158.png,real,0.21439297497272491,0.08926796913146973
sdxl_fp4,CLIP-D,/media/SSD_4TB/crispy_storage/fake-images/sdxl_fp4_p11_seed134.png,fake,0.9939477443695068,0.05990123748779297
sdxl_fp4,R50_TF,/media/SSD_4TB/crispy_storage/fake-images/sdxl_fp4_p11_seed134.png,fake,0.564,0.181
sdxl_fp4,NPR,/media/SSD_4TB/crispy_storage/fake-images/sdxl_fp4_p11_seed134.png,fake,1.0,0.0892643928527832
pg25_fp4,CLIP-D,/media/SSD_4TB/crispy_storage/fake-images/pg25_fp4_p62_seed185.png,fake,0.9848006963729858,0.0620427131652832
pg25_fp4,R50_TF,/media/SSD_4TB/crispy_storage/fake-images/pg25_fp4_p62_seed185.png,fake,0.6065,0.177
pg25_fp4,NPR,/media/SSD_4TB/crispy_storage/fake-images/pg25_fp4_p62_seed185.png,fake,0.8354097008705139,0.0873575210571289
sd15_fp4,CLIP-D,/media/SSD_4TB/crispy_storage/fake-images/sd15_fp4_p19_seed142.png,real,0.020758451893925667,0.06247210502624512
sd15_fp4,R50_TF,/media/SSD_4TB/crispy_storage/fake-images/sd15_fp4_p19_seed142.png,fake,0.6046,0.144
sd15_fp4,NPR,/media/SSD_4TB/crispy_storage/fake-images/sd15_fp4_p19_seed142.png,real,3.7355172821662563e-07,0.0912787914276123
sd3_fp8,CLIP-D,/media/SSD_4TB/crispy_storage/fake-images/sd3_fp8_p19_seed142.png,fake,0.8456315398216248,0.06212615966796875
sd3_fp8,R50_TF,/media/SSD_4TB/crispy_storage/fake-images/sd3_fp8_p19_seed142.png,fake,0.5716,0.18
sd3_fp8,NPR,/media/SSD_4TB/crispy_storage/fake-images/sd3_fp8_p19_seed142.png,real,0.013274094089865685,0.09262442588806152
z-image_fp16,CLIP-D,/media/SSD_4TB/crispy_storage/fake-images/z-image_fp16_p14_seed137.png,real,0.03730890154838562,0.06211972236633301
z-image_fp16,R50_TF,/media/SSD_4TB/crispy_storage/fake-images/z-image_fp16_p14_seed137.png,real,0.3973,0.178
z-image_fp16,NPR,/media/SSD_4TB/crispy_storage/fake-images/z-image_fp16_p14_seed137.png,real,0.03294996917247772,0.09192252159118652
sd3_fp16,CLIP-D,/media/SSD_4TB/crispy_storage/fake-images/sd3_fp16_p70_seed193.png,fake,0.9558049440383911,0.06126523017883301
sd3_fp16,R50_TF,/media/SSD_4TB/crispy_storage/fake-images/sd3_fp16_p70_seed193.png,real,0.409,0.18
sd3_fp16,NPR,/media/SSD_4TB/crispy_storage/fake-images/sd3_fp16_p70_seed193.png,real,0.09878820925951004,0.09267568588256836
sdxl_fp16,CLIP-D,/media/SSD_4TB/crispy_storage/fake-images/sdxl_fp16_p20_seed143.png,fake,0.9968517422676086,0.06141972541809082
sdxl_fp16,R50_TF,/media/SSD_4TB/crispy_storage/fake-images/sdxl_fp16_p20_seed143.png,fake,0.5957,0.178
sdxl_fp16,NPR,/media/SSD_4TB/crispy_storage/fake-images/sdxl_fp16_p20_seed143.png,fake,0.9998995065689087,0.09066128730773926
sd15_fp16,CLIP-D,/media/SSD_4TB/crispy_storage/fake-images/sd15_fp16_p37_seed160.png,fake,0.9943996071815491,0.06275129318237305
sd15_fp16,R50_TF,/media/SSD_4TB/crispy_storage/fake-images/sd15_fp16_p37_seed160.png,fake,0.5623,0.14
sd15_fp16,NPR,/media/SSD_4TB/crispy_storage/fake-images/sd15_fp16_p37_seed160.png,real,0.33169347047805786,0.09314823150634766
z-image_fp16,CLIP-D,/media/SSD_4TB/crispy_storage/fake-images/z-image_fp16_p35_seed158.png,fake,0.9912892580032349,0.06256628036499023
z-image_fp16,R50_TF,/media/SSD_4TB/crispy_storage/fake-images/z-image_fp16_p35_seed158.png,fake,0.5533,0.175
z-image_fp16,NPR,/media/SSD_4TB/crispy_storage/fake-images/z-image_fp16_p35_seed158.png,real,0.08111034333705902,0.09096384048461914
sdxl_fp8,CLIP-D,/media/SSD_4TB/crispy_storage/fake-images/sdxl_fp8_p49_seed172.png,fake,0.6433142423629761,0.06204342842102051
sdxl_fp8,R50_TF,/media/SSD_4TB/crispy_storage/fake-images/sdxl_fp8_p49_seed172.png,fake,0.5486,0.178
sdxl_fp8,NPR,/media/SSD_4TB/crispy_storage/fake-images/sdxl_fp8_p49_seed172.png,fake,0.9999973773956299,0.09161806106567383
z-image_fp16,CLIP-D,/media/SSD_4TB/crispy_storage/fake-images/z-image_fp16_p51_seed174.png,real,0.3040463924407959,0.05968904495239258
z-image_fp16,R50_TF,/media/SSD_4TB/crispy_storage/fake-images/z-image_fp16_p51_seed174.png,real,0.414,0.178
z-image_fp16,NPR,/media/SSD_4TB/crispy_storage/fake-images/z-image_fp16_p51_seed174.png,real,0.24605366587638855,0.09164953231811523
sdxl_fp16,CLIP-D,/media/SSD_4TB/crispy_storage/fake-images/sdxl_fp16_p0_seed123.png,fake,0.9926378726959229,0.06192445755004883
sdxl_fp16,R50_TF,/media/SSD_4TB/crispy_storage/fake-images/sdxl_fp16_p0_seed123.png,fake,0.5932,0.175
sdxl_fp16,NPR,/media/SSD_4TB/crispy_storage/fake-images/sdxl_fp16_p0_seed123.png,fake,0.9999998807907104,0.09127688407897949
sdxl_fp4,CLIP-D,/media/SSD_4TB/crispy_storage/fake-images/sdxl_fp4_p38_seed161.png,fake,0.9826786518096924,0.06146860122680664
sdxl_fp4,R50_TF,/media/SSD_4TB/crispy_storage/fake-images/sdxl_fp4_p38_seed161.png,fake,0.5821,0.178
sdxl_fp4,NPR,/media/SSD_4TB/crispy_storage/fake-images/sdxl_fp4_p38_seed161.png,fake,0.9999997615814209,0.0905303955078125
sd3_fp16,CLIP-D,/media/SSD_4TB/crispy_storage/fake-images/sd3_fp16_p55_seed178.png,real,0.20327413082122803,0.05940818786621094
sd3_fp16,R50_TF,/media/SSD_4TB/crispy_storage/fake-images/sd3_fp16_p55_seed178.png,real,0.3964,0.18
sd3_fp16,NPR,/media/SSD_4TB/crispy_storage/fake-images/sd3_fp16_p55_seed178.png,real,0.0060032145120203495,0.09230375289916992
sd15_fp4,CLIP-D,/media/SSD_4TB/crispy_storage/fake-images/sd15_fp4_p70_seed193.png,fake,0.9974687099456787,0.062229156494140625
sd15_fp4,R50_TF,/media/SSD_4TB/crispy_storage/fake-images/sd15_fp4_p70_seed193.png,fake,0.5733,0.14
sd15_fp4,NPR,/media/SSD_4TB/crispy_storage/fake-images/sd15_fp4_p70_seed193.png,real,0.11933202296495438,0.09254980087280273
sdxl_fp8,CLIP-D,/media/SSD_4TB/crispy_storage/fake-images/sdxl_fp8_p48_seed171.png,fake,0.9966199398040771,0.06218886375427246
sdxl_fp8,R50_TF,/media/SSD_4TB/crispy_storage/fake-images/sdxl_fp8_p48_seed171.png,fake,0.5874,0.178
sdxl_fp8,NPR,/media/SSD_4TB/crispy_storage/fake-images/sdxl_fp8_p48_seed171.png,fake,1.0,0.08863234519958496
sd3_fp4,CLIP-D,/media/SSD_4TB/crispy_storage/fake-images/sd3_fp4_p49_seed172.png,fake,0.9749924540519714,0.06160902976989746
sd3_fp4,R50_TF,/media/SSD_4TB/crispy_storage/fake-images/sd3_fp4_p49_seed172.png,fake,0.5701,0.175
sd3_fp4,NPR,/media/SSD_4TB/crispy_storage/fake-images/sd3_fp4_p49_seed172.png,real,0.3672950863838196,0.09042048454284668
sdxl_fp8,CLIP-D,/media/SSD_4TB/crispy_storage/fake-images/sdxl_fp8_p36_seed159.png,fake,0.9953638315200806,0.06183791160583496
sdxl_fp8,R50_TF,/media/SSD_4TB/crispy_storage/fake-images/sdxl_fp8_p36_seed159.png,fake,0.5565,0.179
sdxl_fp8,NPR,/media/SSD_4TB/crispy_storage/fake-images/sdxl_fp8_p36_seed159.png,fake,0.9664267301559448,0.09204626083374023
sd35_fp16,CLIP-D,/media/SSD_4TB/crispy_storage/fake-images/sd35_fp16_p2_seed125.png,fake,0.8253805041313171,0.06156754493713379
sd35_fp16,R50_TF,/media/SSD_4TB/crispy_storage/fake-images/sd35_fp16_p2_seed125.png,fake,0.5493,0.179
sd35_fp16,NPR,/media/SSD_4TB/crispy_storage/fake-images/sd35_fp16_p2_seed125.png,fake,0.691346287727356,0.09215760231018066
sd35_fp4,CLIP-D,/media/SSD_4TB/crispy_storage/fake-images/sd35_fp4_p18_seed141.png,fake,0.9859235286712646,0.061130523681640625
sd35_fp4,R50_TF,/media/SSD_4TB/crispy_storage/fake-images/sd35_fp4_p18_seed141.png,real,0.4165,0.178
sd35_fp4,NPR,/media/SSD_4TB/crispy_storage/fake-images/sd35_fp4_p18_seed141.png,fake,0.9999991655349731,0.0908668041229248
pg25_fp16,CLIP-D,/media/SSD_4TB/crispy_storage/fake-images/pg25_fp16_p40_seed163.png,fake,0.994245707988739,0.061106204986572266
pg25_fp16,R50_TF,/media/SSD_4TB/crispy_storage/fake-images/pg25_fp16_p40_seed163.png,fake,0.7114,0.178
pg25_fp16,NPR,/media/SSD_4TB/crispy_storage/fake-images/pg25_fp16_p40_seed163.png,fake,0.9998849630355835,0.09195566177368164
sd3_fp4,CLIP-D,/media/SSD_4TB/crispy_storage/fake-images/sd3_fp4_p0_seed123.png,fake,0.9906432032585144,0.06131148338317871
sd3_fp4,R50_TF,/media/SSD_4TB/crispy_storage/fake-images/sd3_fp4_p0_seed123.png,real,0.4162,0.179
sd3_fp4,NPR,/media/SSD_4TB/crispy_storage/fake-images/sd3_fp4_p0_seed123.png,real,1.7585913383300067e-06,0.09276103973388672
sd35_fp4,CLIP-D,/media/SSD_4TB/crispy_storage/fake-images/sd35_fp4_p4_seed127.png,real,0.16603845357894897,0.06078219413757324
sd35_fp4,R50_TF,/media/SSD_4TB/crispy_storage/fake-images/sd35_fp4_p4_seed127.png,real,0.444,0.181
sd35_fp4,NPR,/media/SSD_4TB/crispy_storage/fake-images/sd35_fp4_p4_seed127.png,real,0.06402520090341568,0.09184050559997559
sd3_fp16,CLIP-D,/media/SSD_4TB/crispy_storage/fake-images/sd3_fp16_p48_seed171.png,real,0.17282553017139435,0.060750722885131836
sd3_fp16,R50_TF,/media/SSD_4TB/crispy_storage/fake-images/sd3_fp16_p48_seed171.png,fake,0.6183,0.177
sd3_fp16,NPR,/media/SSD_4TB/crispy_storage/fake-images/sd3_fp16_p48_seed171.png,real,0.000404494785470888,0.09190058708190918
sd15_fp8,CLIP-D,/media/SSD_4TB/crispy_storage/fake-images/sd15_fp8_p92_seed215.png,fake,0.9616647958755493,0.0627908706665039
sd15_fp8,R50_TF,/media/SSD_4TB/crispy_storage/fake-images/sd15_fp8_p92_seed215.png,fake,0.628,0.144
sd15_fp8,NPR,/media/SSD_4TB/crispy_storage/fake-images/sd15_fp8_p92_seed215.png,fake,0.9995282888412476,0.09337830543518066
z-image_fp4,CLIP-D,/media/SSD_4TB/crispy_storage/fake-images/z-image_fp4_p1_seed124.png,fake,0.9990712404251099,0.061499834060668945
z-image_fp4,R50_TF,/media/SSD_4TB/crispy_storage/fake-images/z-image_fp4_p1_seed124.png,fake,0.5525,0.182
z-image_fp4,NPR,/media/SSD_4TB/crispy_storage/fake-images/z-image_fp4_p1_seed124.png,fake,0.9999902248382568,0.09219193458557129
sd15_fp8,CLIP-D,/media/SSD_4TB/crispy_storage/fake-images/sd15_fp8_p47_seed170.png,real,0.09834196418523788,0.06172537803649902
sd15_fp8,R50_TF,/media/SSD_4TB/crispy_storage/fake-images/sd15_fp8_p47_seed170.png,fake,0.6003,0.141
sd15_fp8,NPR,/media/SSD_4TB/crispy_storage/fake-images/sd15_fp8_p47_seed170.png,real,0.003981785848736763,0.09170913696289062
sd3_fp8,CLIP-D,/media/SSD_4TB/crispy_storage/fake-images/sd3_fp8_p43_seed166.png,fake,0.9793100357055664,0.06384396553039551
sd3_fp8,R50_TF,/media/SSD_4TB/crispy_storage/fake-images/sd3_fp8_p43_seed166.png,real,0.4087,0.177
sd3_fp8,NPR,/media/SSD_4TB/crispy_storage/fake-images/sd3_fp8_p43_seed166.png,fake,0.9711006283760071,0.09106040000915527
sd35_fp8,CLIP-D,/media/SSD_4TB/crispy_storage/fake-images/sd35_fp8_p39_seed162.png,fake,0.9834188222885132,0.06097841262817383
sd35_fp8,R50_TF,/media/SSD_4TB/crispy_storage/fake-images/sd35_fp8_p39_seed162.png,fake,0.5849,0.18
sd35_fp8,NPR,/media/SSD_4TB/crispy_storage/fake-images/sd35_fp8_p39_seed162.png,real,0.027515830472111702,0.08757162094116211
pg25_fp16,CLIP-D,/media/SSD_4TB/crispy_storage/fake-images/pg25_fp16_p26_seed149.png,fake,0.9963299632072449,0.06183791160583496
pg25_fp16,R50_TF,/media/SSD_4TB/crispy_storage/fake-images/pg25_fp16_p26_seed149.png,fake,0.6988,0.176
pg25_fp16,NPR,/media/SSD_4TB/crispy_storage/fake-images/pg25_fp16_p26_seed149.png,fake,0.9999951124191284,0.0927121639251709
sd35_fp8,CLIP-D,/media/SSD_4TB/crispy_storage/fake-images/sd35_fp8_p14_seed137.png,fake,0.9940209984779358,0.06066012382507324
sd35_fp8,R50_TF,/media/SSD_4TB/crispy_storage/fake-images/sd35_fp8_p14_seed137.png,fake,0.5665,0.181
sd35_fp8,NPR,/media/SSD_4TB/crispy_storage/fake-images/sd35_fp8_p14_seed137.png,real,0.07012716680765152,0.08779358863830566
sd15_fp16,CLIP-D,/media/SSD_4TB/crispy_storage/fake-images/sd15_fp16_p86_seed209.png,fake,0.9736933708190918,0.0631246566772461
sd15_fp16,R50_TF,/media/SSD_4TB/crispy_storage/fake-images/sd15_fp16_p86_seed209.png,real,0.4208,0.143
sd15_fp16,NPR,/media/SSD_4TB/crispy_storage/fake-images/sd15_fp16_p86_seed209.png,real,0.00430111913010478,0.09242844581604004
sd3_fp16,CLIP-D,/media/SSD_4TB/crispy_storage/fake-images/sd3_fp16_p20_seed143.png,fake,0.9943197965621948,0.06112241744995117
sd3_fp16,R50_TF,/media/SSD_4TB/crispy_storage/fake-images/sd3_fp16_p20_seed143.png,fake,0.5661,0.177
sd3_fp16,NPR,/media/SSD_4TB/crispy_storage/fake-images/sd3_fp16_p20_seed143.png,fake,0.9995274543762207,0.09245419502258301
sdxl_fp16,CLIP-D,/media/SSD_4TB/crispy_storage/fake-images/sdxl_fp16_p93_seed216.png,fake,0.7938582301139832,0.06200814247131348
sdxl_fp16,R50_TF,/media/SSD_4TB/crispy_storage/fake-images/sdxl_fp16_p93_seed216.png,fake,0.6058,0.179
sdxl_fp16,NPR,/media/SSD_4TB/crispy_storage/fake-images/sdxl_fp16_p93_seed216.png,fake,0.9999997615814209,0.09164142608642578
pg25_fp16,CLIP-D,/media/SSD_4TB/crispy_storage/fake-images/pg25_fp16_p85_seed208.png,fake,0.9982013702392578,0.06130862236022949
pg25_fp16,R50_TF,/media/SSD_4TB/crispy_storage/fake-images/pg25_fp16_p85_seed208.png,fake,0.8237,0.179
pg25_fp16,NPR,/media/SSD_4TB/crispy_storage/fake-images/pg25_fp16_p85_seed208.png,fake,0.999996542930603,0.09138989448547363
pg25_fp4,CLIP-D,/media/SSD_4TB/crispy_storage/fake-images/pg25_fp4_p6_seed129.png,fake,0.9933085441589355,0.06241583824157715
pg25_fp4,R50_TF,/media/SSD_4TB/crispy_storage/fake-images/pg25_fp4_p6_seed129.png,fake,0.557,0.178
pg25_fp4,NPR,/media/SSD_4TB/crispy_storage/fake-images/pg25_fp4_p6_seed129.png,fake,0.9999690055847168,0.09144449234008789
sd35_fp8,CLIP-D,/media/SSD_4TB/crispy_storage/fake-images/sd35_fp8_p79_seed202.png,fake,0.9685211777687073,0.061003923416137695
sd35_fp8,R50_TF,/media/SSD_4TB/crispy_storage/fake-images/sd35_fp8_p79_seed202.png,real,0.4226,0.181
sd35_fp8,NPR,/media/SSD_4TB/crispy_storage/fake-images/sd35_fp8_p79_seed202.png,real,0.03630194813013077,0.09053397178649902
sdxl_fp4,CLIP-D,/media/SSD_4TB/crispy_storage/fake-images/sdxl_fp4_p30_seed153.png,fake,0.9839178323745728,0.05984377861022949
sdxl_fp4,R50_TF,/media/SSD_4TB/crispy_storage/fake-images/sdxl_fp4_p30_seed153.png,fake,0.6324,0.18
sdxl_fp4,NPR,/media/SSD_4TB/crispy_storage/fake-images/sdxl_fp4_p30_seed153.png,fake,0.9983358979225159,0.09276247024536133
sdxl_fp8,CLIP-D,/media/SSD_4TB/crispy_storage/fake-images/sdxl_fp8_p23_seed146.png,fake,0.5398158431053162,0.06123518943786621
sdxl_fp8,R50_TF,/media/SSD_4TB/crispy_storage/fake-images/sdxl_fp8_p23_seed146.png,fake,0.576,0.18
sdxl_fp8,NPR,/media/SSD_4TB/crispy_storage/fake-images/sdxl_fp8_p23_seed146.png,fake,0.9949334263801575,0.09260177612304688
sd35_fp4,CLIP-D,/media/SSD_4TB/crispy_storage/fake-images/sd35_fp4_p79_seed202.png,real,0.41394904255867004,0.06114697456359863
sd35_fp4,R50_TF,/media/SSD_4TB/crispy_storage/fake-images/sd35_fp4_p79_seed202.png,real,0.4316,0.181
sd35_fp4,NPR,/media/SSD_4TB/crispy_storage/fake-images/sd35_fp4_p79_seed202.png,fake,0.68328857421875,0.08854532241821289
sdxl_fp16,CLIP-D,/media/SSD_4TB/crispy_storage/fake-images/sdxl_fp16_p44_seed167.png,fake,0.9976469874382019,0.060943603515625
sdxl_fp16,R50_TF,/media/SSD_4TB/crispy_storage/fake-images/sdxl_fp16_p44_seed167.png,fake,0.5529,0.177
sdxl_fp16,NPR,/media/SSD_4TB/crispy_storage/fake-images/sdxl_fp16_p44_seed167.png,fake,1.0,0.09331202507019043
sdxl_fp4,CLIP-D,/media/SSD_4TB/crispy_storage/fake-images/sdxl_fp4_p76_seed199.png,fake,0.9990835189819336,0.06258273124694824
sdxl_fp4,R50_TF,/media/SSD_4TB/crispy_storage/fake-images/sdxl_fp4_p76_seed199.png,fake,0.5892,0.175
sdxl_fp4,NPR,/media/SSD_4TB/crispy_storage/fake-images/sdxl_fp4_p76_seed199.png,fake,0.9999985694885254,0.09142804145812988
sdxl_fp4,CLIP-D,/media/SSD_4TB/crispy_storage/fake-images/sdxl_fp4_p70_seed193.png,fake,0.9996328353881836,0.06150054931640625
sdxl_fp4,R50_TF,/media/SSD_4TB/crispy_storage/fake-images/sdxl_fp4_p70_seed193.png,fake,0.7591,0.177
sdxl_fp4,NPR,/media/SSD_4TB/crispy_storage/fake-images/sdxl_fp4_p70_seed193.png,fake,1.0,0.09230542182922363
sd35_fp8,CLIP-D,/media/SSD_4TB/crispy_storage/fake-images/sd35_fp8_p44_seed167.png,fake,0.9803163409233093,0.06290268898010254
sd35_fp8,R50_TF,/media/SSD_4TB/crispy_storage/fake-images/sd35_fp8_p44_seed167.png,real,0.4488,0.179
sd35_fp8,NPR,/media/SSD_4TB/crispy_storage/fake-images/sd35_fp8_p44_seed167.png,fake,0.9894806146621704,0.09236669540405273
z-image_fp4,CLIP-D,/media/SSD_4TB/crispy_storage/fake-images/z-image_fp4_p10_seed133.png,fake,0.8438096642494202,0.061553955078125
z-image_fp4,R50_TF,/media/SSD_4TB/crispy_storage/fake-images/z-image_fp4_p10_seed133.png,fake,0.5715,0.175
z-image_fp4,NPR,/media/SSD_4TB/crispy_storage/fake-images/z-image_fp4_p10_seed133.png,real,0.3258766531944275,0.09266352653503418
sd35_fp16,CLIP-D,/media/SSD_4TB/crispy_storage/fake-images/sd35_fp16_p0_seed123.png,fake,0.8750821352005005,0.06236457824707031
sd35_fp16,R50_TF,/media/SSD_4TB/crispy_storage/fake-images/sd35_fp16_p0_seed123.png,real,0.4395,0.174
sd35_fp16,NPR,/media/SSD_4TB/crispy_storage/fake-images/sd35_fp16_p0_seed123.png,real,0.23797820508480072,0.0911719799041748
pg25_fp4,CLIP-D,/media/SSD_4TB/crispy_storage/fake-images/pg25_fp4_p56_seed179.png,fake,0.9991388320922852,0.05994153022766113
pg25_fp4,R50_TF,/media/SSD_4TB/crispy_storage/fake-images/pg25_fp4_p56_seed179.png,fake,0.7116,0.175
pg25_fp4,NPR,/media/SSD_4TB/crispy_storage/fake-images/pg25_fp4_p56_seed179.png,fake,1.0,0.09027242660522461
pg25_fp4,CLIP-D,/media/SSD_4TB/crispy_storage/fake-images/pg25_fp4_p9_seed132.png,fake,0.9794541001319885,0.06222367286682129
pg25_fp4,R50_TF,/media/SSD_4TB/crispy_storage/fake-images/pg25_fp4_p9_seed132.png,fake,0.6054,0.175
pg25_fp4,NPR,/media/SSD_4TB/crispy_storage/fake-images/pg25_fp4_p9_seed132.png,fake,0.9995903372764587,0.09184908866882324
sdxl_fp16,CLIP-D,/media/SSD_4TB/crispy_storage/fake-images/sdxl_fp16_p18_seed141.png,fake,0.9811958074569702,0.0610814094543457
sdxl_fp16,R50_TF,/media/SSD_4TB/crispy_storage/fake-images/sdxl_fp16_p18_seed141.png,fake,0.5578,0.18
sdxl_fp16,NPR,/media/SSD_4TB/crispy_storage/fake-images/sdxl_fp16_p18_seed141.png,fake,1.0,0.0918419361114502
sd35_fp16,CLIP-D,/media/SSD_4TB/crispy_storage/fake-images/sd35_fp16_p29_seed152.png,fake,0.9906231760978699,0.06271886825561523
sd35_fp16,R50_TF,/media/SSD_4TB/crispy_storage/fake-images/sd35_fp16_p29_seed152.png,fake,0.6126,0.179
sd35_fp16,NPR,/media/SSD_4TB/crispy_storage/fake-images/sd35_fp16_p29_seed152.png,real,0.11178833991289139,0.09137845039367676
z-image_fp16,CLIP-D,/media/SSD_4TB/crispy_storage/fake-images/z-image_fp16_p22_seed145.png,fake,0.8370588421821594,0.06142067909240723
z-image_fp16,R50_TF,/media/SSD_4TB/crispy_storage/fake-images/z-image_fp16_p22_seed145.png,fake,0.5455,0.178
z-image_fp16,NPR,/media/SSD_4TB/crispy_storage/fake-images/z-image_fp16_p22_seed145.png,fake,0.8374276161193848,0.09158539772033691
sdxl_fp16,CLIP-D,/media/SSD_4TB/crispy_storage/fake-images/sdxl_fp16_p75_seed198.png,fake,0.8369847536087036,0.05984234809875488
sdxl_fp16,R50_TF,/media/SSD_4TB/crispy_storage/fake-images/sdxl_fp16_p75_seed198.png,fake,0.568,0.178
sdxl_fp16,NPR,/media/SSD_4TB/crispy_storage/fake-images/sdxl_fp16_p75_seed198.png,fake,0.9994472861289978,0.08893966674804688
sd35_fp8,CLIP-D,/media/SSD_4TB/crispy_storage/fake-images/sd35_fp8_p28_seed151.png,fake,0.9872833490371704,0.06140637397766113
sd35_fp8,R50_TF,/media/SSD_4TB/crispy_storage/fake-images/sd35_fp8_p28_seed151.png,fake,0.6392,0.183
sd35_fp8,NPR,/media/SSD_4TB/crispy_storage/fake-images/sd35_fp8_p28_seed151.png,fake,0.9996121525764465,0.09060525894165039
sdxl_fp16,CLIP-D,/media/SSD_4TB/crispy_storage/fake-images/sdxl_fp16_p81_seed204.png,fake,0.9964597821235657,0.05980944633483887
sdxl_fp16,R50_TF,/media/SSD_4TB/crispy_storage/fake-images/sdxl_fp16_p81_seed204.png,fake,0.7062,0.178
sdxl_fp16,NPR,/media/SSD_4TB/crispy_storage/fake-images/sdxl_fp16_p81_seed204.png,fake,1.0,0.0889592170715332
sdxl_fp4,CLIP-D,/media/SSD_4TB/crispy_storage/fake-images/sdxl_fp4_p75_seed198.png,fake,0.9823435544967651,0.06279897689819336
sdxl_fp4,R50_TF,/media/SSD_4TB/crispy_storage/fake-images/sdxl_fp4_p75_seed198.png,fake,0.5572,0.179
sdxl_fp4,NPR,/media/SSD_4TB/crispy_storage/fake-images/sdxl_fp4_p75_seed198.png,fake,0.9999834299087524,0.09253859519958496
sd3_fp4,CLIP-D,/media/SSD_4TB/crispy_storage/fake-images/sd3_fp4_p87_seed210.png,real,0.35674425959587097,0.061121225357055664
sd3_fp4,R50_TF,/media/SSD_4TB/crispy_storage/fake-images/sd3_fp4_p87_seed210.png,fake,0.5563,0.181
sd3_fp4,NPR,/media/SSD_4TB/crispy_storage/fake-images/sd3_fp4_p87_seed210.png,real,0.1074812263250351,0.09091424942016602
sd15_fp4,CLIP-D,/media/SSD_4TB/crispy_storage/fake-images/sd15_fp4_p22_seed145.png,fake,0.9755531549453735,0.06101226806640625
sd15_fp4,R50_TF,/media/SSD_4TB/crispy_storage/fake-images/sd15_fp4_p22_seed145.png,fake,0.5465,0.143
sd15_fp4,NPR,/media/SSD_4TB/crispy_storage/fake-images/sd15_fp4_p22_seed145.png,real,0.002171305939555168,0.09288907051086426
sd3_fp4,CLIP-D,/media/SSD_4TB/crispy_storage/fake-images/sd3_fp4_p98_seed221.png,fake,0.8166518807411194,0.06206345558166504
sd3_fp4,R50_TF,/media/SSD_4TB/crispy_storage/fake-images/sd3_fp4_p98_seed221.png,real,0.4071,0.181
sd3_fp4,NPR,/media/SSD_4TB/crispy_storage/fake-images/sd3_fp4_p98_seed221.png,fake,0.9692625999450684,0.09124994277954102
sdxl_fp16,CLIP-D,/media/SSD_4TB/crispy_storage/fake-images/sdxl_fp16_p84_seed207.png,fake,0.9744397401809692,0.06089019775390625
sdxl_fp16,R50_TF,/media/SSD_4TB/crispy_storage/fake-images/sdxl_fp16_p84_seed207.png,fake,0.5987,0.178
sdxl_fp16,NPR,/media/SSD_4TB/crispy_storage/fake-images/sdxl_fp16_p84_seed207.png,fake,0.9951421022415161,0.08976054191589355
sd35_fp16,CLIP-D,/media/SSD_4TB/crispy_storage/fake-images/sd35_fp16_p19_seed142.png,fake,0.9921384453773499,0.06288576126098633
sd35_fp16,R50_TF,/media/SSD_4TB/crispy_storage/fake-images/sd35_fp16_p19_seed142.png,fake,0.5966,0.178
sd35_fp16,NPR,/media/SSD_4TB/crispy_storage/fake-images/sd35_fp16_p19_seed142.png,fake,0.8705262541770935,0.09171247482299805
z-image_fp16,CLIP-D,/media/SSD_4TB/crispy_storage/fake-images/z-image_fp16_p34_seed157.png,fake,0.8634209036827087,0.06284046173095703
z-image_fp16,R50_TF,/media/SSD_4TB/crispy_storage/fake-images/z-image_fp16_p34_seed157.png,fake,0.5965,0.181
z-image_fp16,NPR,/media/SSD_4TB/crispy_storage/fake-images/z-image_fp16_p34_seed157.png,real,0.05729759484529495,0.09104394912719727
sd3_fp4,CLIP-D,/media/SSD_4TB/crispy_storage/fake-images/sd3_fp4_p22_seed145.png,fake,0.992219865322113,0.06124067306518555
sd3_fp4,R50_TF,/media/SSD_4TB/crispy_storage/fake-images/sd3_fp4_p22_seed145.png,real,0.4632,0.169
sd3_fp4,NPR,/media/SSD_4TB/crispy_storage/fake-images/sd3_fp4_p22_seed145.png,real,7.992154132807627e-05,0.09168028831481934
sd3_fp16,CLIP-D,/media/SSD_4TB/crispy_storage/fake-images/sd3_fp16_p61_seed184.png,real,0.1432747095823288,0.06219768524169922
sd3_fp16,R50_TF,/media/SSD_4TB/crispy_storage/fake-images/sd3_fp16_p61_seed184.png,real,0.3702,0.181
sd3_fp16,NPR,/media/SSD_4TB/crispy_storage/fake-images/sd3_fp16_p61_seed184.png,real,0.00012795277871191502,0.09241151809692383
pg25_fp16,CLIP-D,/media/SSD_4TB/crispy_storage/fake-images/pg25_fp16_p90_seed213.png,fake,0.8815499544143677,0.06139540672302246
pg25_fp16,R50_TF,/media/SSD_4TB/crispy_storage/fake-images/pg25_fp16_p90_seed213.png,fake,0.6453,0.179
pg25_fp16,NPR,/media/SSD_4TB/crispy_storage/fake-images/pg25_fp16_p90_seed213.png,fake,1.0,0.09306478500366211
sdxl_fp8,CLIP-D,/media/SSD_4TB/crispy_storage/fake-images/sdxl_fp8_p71_seed194.png,fake,0.9940484762191772,0.06158185005187988
sdxl_fp8,R50_TF,/media/SSD_4TB/crispy_storage/fake-images/sdxl_fp8_p71_seed194.png,fake,0.5523,0.178
sdxl_fp8,NPR,/media/SSD_4TB/crispy_storage/fake-images/sdxl_fp8_p71_seed194.png,fake,1.0,0.08892822265625
pg25_fp16,CLIP-D,/media/SSD_4TB/crispy_storage/fake-images/pg25_fp16_p97_seed220.png,fake,0.9993665814399719,0.0597081184387207
pg25_fp16,R50_TF,/media/SSD_4TB/crispy_storage/fake-images/pg25_fp16_p97_seed220.png,fake,0.5776,0.18
pg25_fp16,NPR,/media/SSD_4TB/crispy_storage/fake-images/pg25_fp16_p97_seed220.png,fake,0.9999998807907104,0.09155583381652832
sd15_fp4,CLIP-D,/media/SSD_4TB/crispy_storage/fake-images/sd15_fp4_p38_seed161.png,fake,0.8618678450584412,0.06100201606750488
sd15_fp4,R50_TF,/media/SSD_4TB/crispy_storage/fake-images/sd15_fp4_p38_seed161.png,real,0.4042,0.145
sd15_fp4,NPR,/media/SSD_4TB/crispy_storage/fake-images/sd15_fp4_p38_seed161.png,real,0.0004363447951618582,0.09266495704650879
sd15_fp4,CLIP-D,/media/SSD_4TB/crispy_storage/fake-images/sd15_fp4_p37_seed160.png,fake,0.9877058863639832,0.060853004455566406
sd15_fp4,R50_TF,/media/SSD_4TB/crispy_storage/fake-images/sd15_fp4_p37_seed160.png,fake,0.5591,0.143
sd15_fp4,NPR,/media/SSD_4TB/crispy_storage/fake-images/sd15_fp4_p37_seed160.png,real,0.067064568400383,0.09343457221984863
sd3_fp8,CLIP-D,/media/SSD_4TB/crispy_storage/fake-images/sd3_fp8_p16_seed139.png,fake,0.8606929779052734,0.06169748306274414
sd3_fp8,R50_TF,/media/SSD_4TB/crispy_storage/fake-images/sd3_fp8_p16_seed139.png,real,0.4178,0.178
sd3_fp8,NPR,/media/SSD_4TB/crispy_storage/fake-images/sd3_fp8_p16_seed139.png,fake,0.8456111550331116,0.09112429618835449
z-image_fp16,CLIP-D,/media/SSD_4TB/crispy_storage/fake-images/z-image_fp16_p13_seed136.png,fake,0.9920279383659363,0.06136155128479004
z-image_fp16,R50_TF,/media/SSD_4TB/crispy_storage/fake-images/z-image_fp16_p13_seed136.png,real,0.423,0.184
z-image_fp16,NPR,/media/SSD_4TB/crispy_storage/fake-images/z-image_fp16_p13_seed136.png,real,1.2423481621226529e-06,0.09087777137756348
sd15_fp8,CLIP-D,/media/SSD_4TB/crispy_storage/fake-images/sd15_fp8_p99_seed222.png,fake,0.8396843075752258,0.06079268455505371
sd15_fp8,R50_TF,/media/SSD_4TB/crispy_storage/fake-images/sd15_fp8_p99_seed222.png,real,0.4361,0.143
sd15_fp8,NPR,/media/SSD_4TB/crispy_storage/fake-images/sd15_fp8_p99_seed222.png,real,0.0009507258655503392,0.08773279190063477
sd3_fp8,CLIP-D,/media/SSD_4TB/crispy_storage/fake-images/sd3_fp8_p56_seed179.png,real,0.08116283267736435,0.061850786209106445
sd3_fp8,R50_TF,/media/SSD_4TB/crispy_storage/fake-images/sd3_fp8_p56_seed179.png,real,0.4291,0.176
sd3_fp8,NPR,/media/SSD_4TB/crispy_storage/fake-images/sd3_fp8_p56_seed179.png,real,0.00017903154366649687,0.09194350242614746
z-image_fp4,CLIP-D,/media/SSD_4TB/crispy_storage/fake-images/z-image_fp4_p2_seed125.png,fake,0.9857305288314819,0.060736656188964844
z-image_fp4,R50_TF,/media/SSD_4TB/crispy_storage/fake-images/z-image_fp4_p2_seed125.png,real,0.4371,0.18
z-image_fp4,NPR,/media/SSD_4TB/crispy_storage/fake-images/z-image_fp4_p2_seed125.png,real,0.0018313844921067357,0.08951878547668457
pg25_fp4,CLIP-D,/media/SSD_4TB/crispy_storage/fake-images/pg25_fp4_p30_seed153.png,fake,0.9968286156654358,0.06341934204101562
pg25_fp4,R50_TF,/media/SSD_4TB/crispy_storage/fake-images/pg25_fp4_p30_seed153.png,fake,0.6606,0.181
pg25_fp4,NPR,/media/SSD_4TB/crispy_storage/fake-images/pg25_fp4_p30_seed153.png,fake,0.9999963045120239,0.09243273735046387
pg25_fp4,CLIP-D,/media/SSD_4TB/crispy_storage/fake-images/pg25_fp4_p85_seed208.png,fake,0.9971075654029846,0.061022281646728516
pg25_fp4,R50_TF,/media/SSD_4TB/crispy_storage/fake-images/pg25_fp4_p85_seed208.png,fake,0.8302,0.178
pg25_fp4,NPR,/media/SSD_4TB/crispy_storage/fake-images/pg25_fp4_p85_seed208.png,fake,0.9999995231628418,0.0919337272644043
sdxl_fp16,CLIP-D,/media/SSD_4TB/crispy_storage/fake-images/sdxl_fp16_p54_seed177.png,fake,0.9670311212539673,0.06097126007080078
sdxl_fp16,R50_TF,/media/SSD_4TB/crispy_storage/fake-images/sdxl_fp16_p54_seed177.png,fake,0.5693,0.178
sdxl_fp16,NPR,/media/SSD_4TB/crispy_storage/fake-images/sdxl_fp16_p54_seed177.png,fake,0.9999991655349731,0.09039568901062012
sd3_fp4,CLIP-D,/media/SSD_4TB/crispy_storage/fake-images/sd3_fp4_p43_seed166.png,fake,0.9975765347480774,0.0615077018737793
sd3_fp4,R50_TF,/media/SSD_4TB/crispy_storage/fake-images/sd3_fp4_p43_seed166.png,real,0.4115,0.179
sd3_fp4,NPR,/media/SSD_4TB/crispy_storage/fake-images/sd3_fp4_p43_seed166.png,real,0.002169144805520773,0.09265303611755371
sd35_fp16,CLIP-D,/media/SSD_4TB/crispy_storage/fake-images/sd35_fp16_p40_seed163.png,fake,0.9931382536888123,0.060773372650146484
sd35_fp16,R50_TF,/media/SSD_4TB/crispy_storage/fake-images/sd35_fp16_p40_seed163.png,fake,0.6334,0.176
sd35_fp16,NPR,/media/SSD_4TB/crispy_storage/fake-images/sd35_fp16_p40_seed163.png,real,0.008758903481066227,0.08932900428771973
sd3_fp8,CLIP-D,/media/SSD_4TB/crispy_storage/fake-images/sd3_fp8_p78_seed201.png,fake,0.9918158650398254,0.0632472038269043
sd3_fp8,R50_TF,/media/SSD_4TB/crispy_storage/fake-images/sd3_fp8_p78_seed201.png,real,0.4262,0.179
sd3_fp8,NPR,/media/SSD_4TB/crispy_storage/fake-images/sd3_fp8_p78_seed201.png,real,0.07070842385292053,0.09261155128479004
z-image_fp16,CLIP-D,/media/SSD_4TB/crispy_storage/fake-images/z-image_fp16_p69_seed192.png,fake,0.9983331561088562,0.06143903732299805
z-image_fp16,R50_TF,/media/SSD_4TB/crispy_storage/fake-images/z-image_fp16_p69_seed192.png,real,0.388,0.18
z-image_fp16,NPR,/media/SSD_4TB/crispy_storage/fake-images/z-image_fp16_p69_seed192.png,real,0.006282360292971134,0.09177064895629883
sdxl_fp16,CLIP-D,/media/SSD_4TB/crispy_storage/fake-images/sdxl_fp16_p66_seed189.png,fake,0.9783792495727539,0.0605463981628418
sdxl_fp16,R50_TF,/media/SSD_4TB/crispy_storage/fake-images/sdxl_fp16_p66_seed189.png,fake,0.5652,0.18
sdxl_fp16,NPR,/media/SSD_4TB/crispy_storage/fake-images/sdxl_fp16_p66_seed189.png,real,2.098028062391677e-06,0.09017348289489746
pg25_fp8,CLIP-D,/media/SSD_4TB/crispy_storage/fake-images/pg25_fp8_p1_seed124.png,fake,0.9982282519340515,0.0611109733581543
pg25_fp8,R50_TF,/media/SSD_4TB/crispy_storage/fake-images/pg25_fp8_p1_seed124.png,fake,0.5884,0.175
pg25_fp8,NPR,/media/SSD_4TB/crispy_storage/fake-images/pg25_fp8_p1_seed124.png,fake,0.9999713897705078,0.09118914604187012
sd15_fp16,CLIP-D,/media/SSD_4TB/crispy_storage/fake-images/sd15_fp16_p77_seed200.png,fake,0.9682946801185608,0.0621945858001709
sd15_fp16,R50_TF,/media/SSD_4TB/crispy_storage/fake-images/sd15_fp16_p77_seed200.png,fake,0.5905,0.139
sd15_fp16,NPR,/media/SSD_4TB/crispy_storage/fake-images/sd15_fp16_p77_seed200.png,fake,0.9999727010726929,0.09322905540466309
sd3_fp8,CLIP-D,/media/SSD_4TB/crispy_storage/fake-images/sd3_fp8_p33_seed156.png,fake,0.8152133226394653,0.06257987022399902
sd3_fp8,R50_TF,/media/SSD_4TB/crispy_storage/fake-images/sd3_fp8_p33_seed156.png,fake,0.5837,0.178
sd3_fp8,NPR,/media/SSD_4TB/crispy_storage/fake-images/sd3_fp8_p33_seed156.png,fake,0.9086368680000305,0.09168887138366699
sd3_fp4,CLIP-D,/media/SSD_4TB/crispy_storage/fake-images/sd3_fp4_p50_seed173.png,fake,0.891554594039917,0.061167240142822266
sd3_fp4,R50_TF,/media/SSD_4TB/crispy_storage/fake-images/sd3_fp4_p50_seed173.png,real,0.4709,0.183
sd3_fp4,NPR,/media/SSD_4TB/crispy_storage/fake-images/sd3_fp4_p50_seed173.png,real,0.017722655087709427,0.09083318710327148
pg25_fp4,CLIP-D,/media/SSD_4TB/crispy_storage/fake-images/pg25_fp4_p31_seed154.png,fake,0.9915452599525452,0.06143975257873535
pg25_fp4,R50_TF,/media/SSD_4TB/crispy_storage/fake-images/pg25_fp4_p31_seed154.png,fake,0.6087,0.18
pg25_fp4,NPR,/media/SSD_4TB/crispy_storage/fake-images/pg25_fp4_p31_seed154.png,fake,0.9966365098953247,0.09165191650390625
pg25_fp16,CLIP-D,/media/SSD_4TB/crispy_storage/fake-images/pg25_fp16_p75_seed198.png,fake,0.9900233149528503,0.06113910675048828
pg25_fp16,R50_TF,/media/SSD_4TB/crispy_storage/fake-images/pg25_fp16_p75_seed198.png,fake,0.5768,0.181
pg25_fp16,NPR,/media/SSD_4TB/crispy_storage/fake-images/pg25_fp16_p75_seed198.png,fake,1.0,0.09263920783996582
z-image_fp8,CLIP-D,/media/SSD_4TB/crispy_storage/fake-images/z-image_fp8_p11_seed134.png,fake,0.991032063961029,0.062273502349853516
z-image_fp8,R50_TF,/media/SSD_4TB/crispy_storage/fake-images/z-image_fp8_p11_seed134.png,fake,0.5408,0.178
z-image_fp8,NPR,/media/SSD_4TB/crispy_storage/fake-images/z-image_fp8_p11_seed134.png,fake,0.9804702997207642,0.09212779998779297
z-image_fp4,CLIP-D,/media/SSD_4TB/crispy_storage/fake-images/z-image_fp4_p8_seed131.png,fake,0.8619434833526611,0.12599444389343262
z-image_fp4,R50_TF,/media/SSD_4TB/crispy_storage/fake-images/z-image_fp4_p8_seed131.png,real,0.4567,0.183
z-image_fp4,NPR,/media/SSD_4TB/crispy_storage/fake-images/z-image_fp4_p8_seed131.png,fake,0.8768596649169922,0.09178471565246582
pg25_fp4,CLIP-D,/media/SSD_4TB/crispy_storage/fake-images/pg25_fp4_p75_seed198.png,fake,0.9739363193511963,0.06214141845703125
pg25_fp4,R50_TF,/media/SSD_4TB/crispy_storage/fake-images/pg25_fp4_p75_seed198.png,fake,0.5644,0.181
pg25_fp4,NPR,/media/SSD_4TB/crispy_storage/fake-images/pg25_fp4_p75_seed198.png,fake,0.999997615814209,0.09206366539001465
sdxl_fp8,CLIP-D,/media/SSD_4TB/crispy_storage/fake-images/sdxl_fp8_p3_seed126.png,fake,0.7187981009483337,0.05974769592285156
sdxl_fp8,R50_TF,/media/SSD_4TB/crispy_storage/fake-images/sdxl_fp8_p3_seed126.png,fake,0.5924,0.178
sdxl_fp8,NPR,/media/SSD_4TB/crispy_storage/fake-images/sdxl_fp8_p3_seed126.png,fake,0.9968963861465454,0.091461181640625
sdxl_fp4,CLIP-D,/media/SSD_4TB/crispy_storage/fake-images/sdxl_fp4_p2_seed125.png,fake,0.9987284541130066,0.061345815658569336
sdxl_fp4,R50_TF,/media/SSD_4TB/crispy_storage/fake-images/sdxl_fp4_p2_seed125.png,fake,0.5957,0.18
sdxl_fp4,NPR,/media/SSD_4TB/crispy_storage/fake-images/sdxl_fp4_p2_seed125.png,fake,0.9999995231628418,0.08918619155883789
z-image_fp4,CLIP-D,/media/SSD_4TB/crispy_storage/fake-images/z-image_fp4_p9_seed132.png,real,0.24951329827308655,0.06294941902160645
z-image_fp4,R50_TF,/media/SSD_4TB/crispy_storage/fake-images/z-image_fp4_p9_seed132.png,real,0.4264,0.179
z-image_fp4,NPR,/media/SSD_4TB/crispy_storage/fake-images/z-image_fp4_p9_seed132.png,real,0.023998122662305832,0.09218192100524902
sd15_fp16,CLIP-D,/media/SSD_4TB/crispy_storage/fake-images/sd15_fp16_p57_seed180.png,fake,0.962017834186554,0.06097054481506348
sd15_fp16,R50_TF,/media/SSD_4TB/crispy_storage/fake-images/sd15_fp16_p57_seed180.png,fake,0.702,0.142
sd15_fp16,NPR,/media/SSD_4TB/crispy_storage/fake-images/sd15_fp16_p57_seed180.png,fake,0.8897358775138855,0.09312987327575684
pg25_fp16,CLIP-D,/media/SSD_4TB/crispy_storage/fake-images/pg25_fp16_p47_seed170.png,fake,0.9974629878997803,0.06139636039733887
pg25_fp16,R50_TF,/media/SSD_4TB/crispy_storage/fake-images/pg25_fp16_p47_seed170.png,fake,0.5645,0.179
pg25_fp16,NPR,/media/SSD_4TB/crispy_storage/fake-images/pg25_fp16_p47_seed170.png,fake,0.9994014501571655,0.09200072288513184
sd15_fp8,CLIP-D,/media/SSD_4TB/crispy_storage/fake-images/sd15_fp8_p82_seed205.png,fake,0.9917230010032654,0.06177783012390137
sd15_fp8,R50_TF,/media/SSD_4TB/crispy_storage/fake-images/sd15_fp8_p82_seed205.png,real,0.4643,0.144
sd15_fp8,NPR,/media/SSD_4TB/crispy_storage/fake-images/sd15_fp8_p82_seed205.png,fake,0.9827110171318054,0.09298539161682129
sd3_fp4,CLIP-D,/media/SSD_4TB/crispy_storage/fake-images/sd3_fp4_p69_seed192.png,fake,0.987820029258728,0.06157493591308594
sd3_fp4,R50_TF,/media/SSD_4TB/crispy_storage/fake-images/sd3_fp4_p69_seed192.png,real,0.4598,0.177
sd3_fp4,NPR,/media/SSD_4TB/crispy_storage/fake-images/sd3_fp4_p69_seed192.png,real,0.008327792398631573,0.09140253067016602
sd35_fp4,CLIP-D,/media/SSD_4TB/crispy_storage/fake-images/sd35_fp4_p76_seed199.png,fake,0.9980265498161316,0.06165194511413574
sd35_fp4,R50_TF,/media/SSD_4TB/crispy_storage/fake-images/sd35_fp4_p76_seed199.png,real,0.4214,0.174
sd35_fp4,NPR,/media/SSD_4TB/crispy_storage/fake-images/sd35_fp4_p76_seed199.png,fake,0.9999967813491821,0.09292006492614746
pg25_fp16,CLIP-D,/media/SSD_4TB/crispy_storage/fake-images/pg25_fp16_p91_seed214.png,fake,0.9971855282783508,0.059715986251831055
pg25_fp16,R50_TF,/media/SSD_4TB/crispy_storage/fake-images/pg25_fp16_p91_seed214.png,fake,0.6526,0.178
pg25_fp16,NPR,/media/SSD_4TB/crispy_storage/fake-images/pg25_fp16_p91_seed214.png,fake,0.9999147653579712,0.09219050407409668
sd35_fp8,CLIP-D,/media/SSD_4TB/crispy_storage/fake-images/sd35_fp8_p68_seed191.png,fake,0.8816923499107361,0.06252622604370117
sd35_fp8,R50_TF,/media/SSD_4TB/crispy_storage/fake-images/sd35_fp8_p68_seed191.png,real,0.4069,0.18
sd35_fp8,NPR,/media/SSD_4TB/crispy_storage/fake-images/sd35_fp8_p68_seed191.png,fake,0.9697462916374207,0.09038829803466797
sd3_fp8,CLIP-D,/media/SSD_4TB/crispy_storage/fake-images/sd3_fp8_p50_seed173.png,fake,0.9709449410438538,0.06019902229309082
sd3_fp8,R50_TF,/media/SSD_4TB/crispy_storage/fake-images/sd3_fp8_p50_seed173.png,real,0.4639,0.178
sd3_fp8,NPR,/media/SSD_4TB/crispy_storage/fake-images/sd3_fp8_p50_seed173.png,real,0.0740894302725792,0.09354853630065918
sd15_fp4,CLIP-D,/media/SSD_4TB/crispy_storage/fake-images/sd15_fp4_p54_seed177.png,fake,0.9393981099128723,0.05974149703979492
sd15_fp4,R50_TF,/media/SSD_4TB/crispy_storage/fake-images/sd15_fp4_p54_seed177.png,fake,0.5573,0.144
sd15_fp4,NPR,/media/SSD_4TB/crispy_storage/fake-images/sd15_fp4_p54_seed177.png,real,0.00018347185687161982,0.0917351245880127
sd35_fp16,CLIP-D,/media/SSD_4TB/crispy_storage/fake-images/sd35_fp16_p9_seed132.png,real,0.46452808380126953,0.06031155586242676
sd35_fp16,R50_TF,/media/SSD_4TB/crispy_storage/fake-images/sd35_fp16_p9_seed132.png,real,0.3943,0.176
sd35_fp16,NPR,/media/SSD_4TB/crispy_storage/fake-images/sd35_fp16_p9_seed132.png,real,0.005667483899742365,0.08945536613464355
sd35_fp16,CLIP-D,/media/SSD_4TB/crispy_storage/fake-images/sd35_fp16_p3_seed126.png,real,0.42572838068008423,0.06120157241821289
sd35_fp16,R50_TF,/media/SSD_4TB/crispy_storage/fake-images/sd35_fp16_p3_seed126.png,fake,0.5442,0.178
sd35_fp16,NPR,/media/SSD_4TB/crispy_storage/fake-images/sd35_fp16_p3_seed126.png,real,0.021278873085975647,0.08901238441467285
z-image_fp16,CLIP-D,/media/SSD_4TB/crispy_storage/fake-images/z-image_fp16_p84_seed207.png,fake,0.9799859523773193,0.06150341033935547
z-image_fp16,R50_TF,/media/SSD_4TB/crispy_storage/fake-images/z-image_fp16_p84_seed207.png,real,0.4096,0.168
z-image_fp16,NPR,/media/SSD_4TB/crispy_storage/fake-images/z-image_fp16_p84_seed207.png,fake,0.9990946054458618,0.09046101570129395
sd35_fp8,CLIP-D,/media/SSD_4TB/crispy_storage/fake-images/sd35_fp8_p16_seed139.png,fake,0.8644313812255859,0.06114816665649414
sd35_fp8,R50_TF,/media/SSD_4TB/crispy_storage/fake-images/sd35_fp8_p16_seed139.png,fake,0.598,0.178
sd35_fp8,NPR,/media/SSD_4TB/crispy_storage/fake-images/sd35_fp8_p16_seed139.png,real,8.547983452444896e-05,0.09137415885925293
sd3_fp16,CLIP-D,/media/SSD_4TB/crispy_storage/fake-images/sd3_fp16_p38_seed161.png,fake,0.9741462469100952,0.06114935874938965
sd3_fp16,R50_TF,/media/SSD_4TB/crispy_storage/fake-images/sd3_fp16_p38_seed161.png,fake,0.5306,0.181
sd3_fp16,NPR,/media/SSD_4TB/crispy_storage/fake-images/sd3_fp16_p38_seed161.png,fake,0.9010616540908813,0.09315919876098633
sdxl_fp4,CLIP-D,/media/SSD_4TB/crispy_storage/fake-images/sdxl_fp4_p78_seed201.png,fake,0.9703089594841003,0.06357455253601074
sdxl_fp4,R50_TF,/media/SSD_4TB/crispy_storage/fake-images/sdxl_fp4_p78_seed201.png,fake,0.6028,0.177
sdxl_fp4,NPR,/media/SSD_4TB/crispy_storage/fake-images/sdxl_fp4_p78_seed201.png,real,4.125075065530837e-06,0.09241461753845215
sdxl_fp8,CLIP-D,/media/SSD_4TB/crispy_storage/fake-images/sdxl_fp8_p28_seed151.png,fake,0.9976245760917664,0.061571598052978516
sdxl_fp8,R50_TF,/media/SSD_4TB/crispy_storage/fake-images/sdxl_fp8_p28_seed151.png,fake,0.7739,0.174
sdxl_fp8,NPR,/media/SSD_4TB/crispy_storage/fake-images/sdxl_fp8_p28_seed151.png,fake,0.9994593262672424,0.08841538429260254
sdxl_fp8,CLIP-D,/media/SSD_4TB/crispy_storage/fake-images/sdxl_fp8_p44_seed167.png,fake,0.9984546899795532,0.06127500534057617
sdxl_fp8,R50_TF,/media/SSD_4TB/crispy_storage/fake-images/sdxl_fp8_p44_seed167.png,fake,0.5866,0.177
sdxl_fp8,NPR,/media/SSD_4TB/crispy_storage/fake-images/sdxl_fp8_p44_seed167.png,fake,1.0,0.08980321884155273
sd35_fp4,CLIP-D,/media/SSD_4TB/crispy_storage/fake-images/sd35_fp4_p91_seed214.png,real,0.4167838990688324,0.061315059661865234
sd35_fp4,R50_TF,/media/SSD_4TB/crispy_storage/fake-images/sd35_fp4_p91_seed214.png,real,0.4291,0.172
sd35_fp4,NPR,/media/SSD_4TB/crispy_storage/fake-images/sd35_fp4_p91_seed214.png,real,0.012896236963570118,0.0916593074798584
pg25_fp4,CLIP-D,/media/SSD_4TB/crispy_storage/fake-images/pg25_fp4_p65_seed188.png,fake,0.9894936084747314,0.061689138412475586
pg25_fp4,R50_TF,/media/SSD_4TB/crispy_storage/fake-images/pg25_fp4_p65_seed188.png,fake,0.5508,0.176
pg25_fp4,NPR,/media/SSD_4TB/crispy_storage/fake-images/pg25_fp4_p65_seed188.png,fake,0.9992179870605469,0.09168243408203125
sdxl_fp16,CLIP-D,/media/SSD_4TB/crispy_storage/fake-images/sdxl_fp16_p15_seed138.png,fake,0.9961972236633301,0.06255865097045898
sdxl_fp16,R50_TF,/media/SSD_4TB/crispy_storage/fake-images/sdxl_fp16_p15_seed138.png,fake,0.5905,0.173
sdxl_fp16,NPR,/media/SSD_4TB/crispy_storage/fake-images/sdxl_fp16_p15_seed138.png,fake,0.9999996423721313,0.0861663818359375
sd35_fp16,CLIP-D,/media/SSD_4TB/crispy_storage/fake-images/sd35_fp16_p94_seed217.png,fake,0.9306747317314148,0.059377431869506836
sd35_fp16,R50_TF,/media/SSD_4TB/crispy_storage/fake-images/sd35_fp16_p94_seed217.png,fake,0.5698,0.18
sd35_fp16,NPR,/media/SSD_4TB/crispy_storage/fake-images/sd35_fp16_p94_seed217.png,real,0.2132847160100937,0.0930943489074707
sd3_fp4,CLIP-D,/media/SSD_4TB/crispy_storage/fake-images/sd3_fp4_p9_seed132.png,real,0.4975399971008301,0.060950279235839844
sd3_fp4,R50_TF,/media/SSD_4TB/crispy_storage/fake-images/sd3_fp4_p9_seed132.png,real,0.3953,0.179
sd3_fp4,NPR,/media/SSD_4TB/crispy_storage/fake-images/sd3_fp4_p9_seed132.png,real,7.282809747266583e-06,0.0922250747680664
sdxl_fp4,CLIP-D,/media/SSD_4TB/crispy_storage/fake-images/sdxl_fp4_p34_seed157.png,fake,0.9938259124755859,0.06121563911437988
sdxl_fp4,R50_TF,/media/SSD_4TB/crispy_storage/fake-images/sdxl_fp4_p34_seed157.png,fake,0.6765,0.18
sdxl_fp4,NPR,/media/SSD_4TB/crispy_storage/fake-images/sdxl_fp4_p34_seed157.png,fake,0.9999852180480957,0.09106183052062988
sd15_fp16,CLIP-D,/media/SSD_4TB/crispy_storage/fake-images/sd15_fp16_p55_seed178.png,fake,0.9800419211387634,0.06213045120239258
sd15_fp16,R50_TF,/media/SSD_4TB/crispy_storage/fake-images/sd15_fp16_p55_seed178.png,real,0.4459,0.148
sd15_fp16,NPR,/media/SSD_4TB/crispy_storage/fake-images/sd15_fp16_p55_seed178.png,real,0.0033321483060717583,0.09105801582336426
sd3_fp8,CLIP-D,/media/SSD_4TB/crispy_storage/fake-images/sd3_fp8_p54_seed177.png,real,0.012063192203640938,0.05987358093261719
sd3_fp8,R50_TF,/media/SSD_4TB/crispy_storage/fake-images/sd3_fp8_p54_seed177.png,real,0.4344,0.183
sd3_fp8,NPR,/media/SSD_4TB/crispy_storage/fake-images/sd3_fp8_p54_seed177.png,real,1.3354757300021447e-07,0.08806991577148438
sdxl_fp16,CLIP-D,/media/SSD_4TB/crispy_storage/fake-images/sdxl_fp16_p48_seed171.png,fake,0.9952868223190308,0.06158018112182617
sdxl_fp16,R50_TF,/media/SSD_4TB/crispy_storage/fake-images/sdxl_fp16_p48_seed171.png,fake,0.5732,0.18
sdxl_fp16,NPR,/media/SSD_4TB/crispy_storage/fake-images/sdxl_fp16_p48_seed171.png,fake,1.0,0.09109926223754883
z-image_fp16,CLIP-D,/media/SSD_4TB/crispy_storage/fake-images/z-image_fp16_p44_seed167.png,fake,0.9961143732070923,0.061270952224731445
z-image_fp16,R50_TF,/media/SSD_4TB/crispy_storage/fake-images/z-image_fp16_p44_seed167.png,real,0.4172,0.183
z-image_fp16,NPR,/media/SSD_4TB/crispy_storage/fake-images/z-image_fp16_p44_seed167.png,real,0.0010953507153317332,0.08980965614318848
sd15_fp4,CLIP-D,/media/SSD_4TB/crispy_storage/fake-images/sd15_fp4_p59_seed182.png,fake,0.9983867406845093,0.06210732460021973
sd15_fp4,R50_TF,/media/SSD_4TB/crispy_storage/fake-images/sd15_fp4_p59_seed182.png,fake,0.5942,0.14
sd15_fp4,NPR,/media/SSD_4TB/crispy_storage/fake-images/sd15_fp4_p59_seed182.png,fake,0.5017054080963135,0.08996748924255371
sd3_fp16,CLIP-D,/media/SSD_4TB/crispy_storage/fake-images/sd3_fp16_p98_seed221.png,real,0.22503145039081573,0.059496402740478516
sd3_fp16,R50_TF,/media/SSD_4TB/crispy_storage/fake-images/sd3_fp16_p98_seed221.png,real,0.4286,0.172
sd3_fp16,NPR,/media/SSD_4TB/crispy_storage/fake-images/sd3_fp16_p98_seed221.png,fake,0.9958078861236572,0.08888864517211914
sd35_fp16,CLIP-D,/media/SSD_4TB/crispy_storage/fake-images/sd35_fp16_p7_seed130.png,fake,0.9935383200645447,0.06066417694091797
sd35_fp16,R50_TF,/media/SSD_4TB/crispy_storage/fake-images/sd35_fp16_p7_seed130.png,fake,0.614,0.18
sd35_fp16,NPR,/media/SSD_4TB/crispy_storage/fake-images/sd35_fp16_p7_seed130.png,fake,0.9995191097259521,0.09017658233642578
sd15_fp4,CLIP-D,/media/SSD_4TB/crispy_storage/fake-images/sd15_fp4_p69_seed192.png,fake,0.9976800084114075,0.06154632568359375
sd15_fp4,R50_TF,/media/SSD_4TB/crispy_storage/fake-images/sd15_fp4_p69_seed192.png,real,0.4051,0.138
sd15_fp4,NPR,/media/SSD_4TB/crispy_storage/fake-images/sd15_fp4_p69_seed192.png,real,1.979574517463334e-05,0.08948206901550293
sd3_fp8,CLIP-D,/media/SSD_4TB/crispy_storage/fake-images/sd3_fp8_p89_seed212.png,real,0.14020076394081116,0.06258440017700195
sd3_fp8,R50_TF,/media/SSD_4TB/crispy_storage/fake-images/sd3_fp8_p89_seed212.png,real,0.4501,0.181
sd3_fp8,NPR,/media/SSD_4TB/crispy_storage/fake-images/sd3_fp8_p89_seed212.png,real,0.0008823430980555713,0.09063553810119629
sd35_fp4,CLIP-D,/media/SSD_4TB/crispy_storage/fake-images/sd35_fp4_p20_seed143.png,fake,0.9980635046958923,0.060889482498168945
sd35_fp4,R50_TF,/media/SSD_4TB/crispy_storage/fake-images/sd35_fp4_p20_seed143.png,fake,0.5535,0.176
sd35_fp4,NPR,/media/SSD_4TB/crispy_storage/fake-images/sd35_fp4_p20_seed143.png,real,0.13763074576854706,0.09076404571533203
sd3_fp8,CLIP-D,/media/SSD_4TB/crispy_storage/fake-images/sd3_fp8_p44_seed167.png,fake,0.9869758486747742,0.06206250190734863
sd3_fp8,R50_TF,/media/SSD_4TB/crispy_storage/fake-images/sd3_fp8_p44_seed167.png,real,0.4492,0.177
sd3_fp8,NPR,/media/SSD_4TB/crispy_storage/fake-images/sd3_fp8_p44_seed167.png,fake,0.5343740582466125,0.08991670608520508
sd35_fp4,CLIP-D,/media/SSD_4TB/crispy_storage/fake-images/sd35_fp4_p9_seed132.png,fake,0.798207700252533,0.061354875564575195
sd35_fp4,R50_TF,/media/SSD_4TB/crispy_storage/fake-images/sd35_fp4_p9_seed132.png,real,0.3869,0.176
sd35_fp4,NPR,/media/SSD_4TB/crispy_storage/fake-images/sd35_fp4_p9_seed132.png,real,0.03334733471274376,0.08925485610961914
sd35_fp4,CLIP-D,/media/SSD_4TB/crispy_storage/fake-images/sd35_fp4_p49_seed172.png,real,0.19234348833560944,0.05968785285949707
sd35_fp4,R50_TF,/media/SSD_4TB/crispy_storage/fake-images/sd35_fp4_p49_seed172.png,fake,0.5314,0.174
sd35_fp4,NPR,/media/SSD_4TB/crispy_storage/fake-images/sd35_fp4_p49_seed172.png,real,0.06992417573928833,0.08941864967346191
sd15_fp16,CLIP-D,/media/SSD_4TB/crispy_storage/fake-images/sd15_fp16_p30_seed153.png,real,0.24921180307865143,0.061135053634643555
sd15_fp16,R50_TF,/media/SSD_4TB/crispy_storage/fake-images/sd15_fp16_p30_seed153.png,fake,0.5749,0.139
sd15_fp16,NPR,/media/SSD_4TB/crispy_storage/fake-images/sd15_fp16_p30_seed153.png,real,0.003181972075253725,0.09203720092773438
sd15_fp4,CLIP-D,/media/SSD_4TB/crispy_storage/fake-images/sd15_fp4_p36_seed159.png,fake,0.7387605309486389,0.06083559989929199
sd15_fp4,R50_TF,/media/SSD_4TB/crispy_storage/fake-images/sd15_fp4_p36_seed159.png,real,0.4482,0.138
sd15_fp4,NPR,/media/SSD_4TB/crispy_storage/fake-images/sd15_fp4_p36_seed159.png,real,0.24605077505111694,0.08899331092834473
sd35_fp8,CLIP-D,/media/SSD_4TB/crispy_storage/fake-images/sd35_fp8_p38_seed161.png,fake,0.9071674942970276,0.06125020980834961
sd35_fp8,R50_TF,/media/SSD_4TB/crispy_storage/fake-images/sd35_fp8_p38_seed161.png,fake,0.5288,0.178
sd35_fp8,NPR,/media/SSD_4TB/crispy_storage/fake-images/sd35_fp8_p38_seed161.png,fake,0.9690114259719849,0.0899350643157959
sd35_fp4,CLIP-D,/media/SSD_4TB/crispy_storage/fake-images/sd35_fp4_p39_seed162.png,fake,0.9451592564582825,0.061654090881347656
sd35_fp4,R50_TF,/media/SSD_4TB/crispy_storage/fake-images/sd35_fp4_p39_seed162.png,fake,0.5766,0.181
sd35_fp4,NPR,/media/SSD_4TB/crispy_storage/fake-images/sd35_fp4_p39_seed162.png,real,0.007770135998725891,0.08956480026245117
sd3_fp16,CLIP-D,/media/SSD_4TB/crispy_storage/fake-images/sd3_fp16_p3_seed126.png,fake,0.7218004465103149,0.061080217361450195
sd3_fp16,R50_TF,/media/SSD_4TB/crispy_storage/fake-images/sd3_fp16_p3_seed126.png,fake,0.5491,0.182
sd3_fp16,NPR,/media/SSD_4TB/crispy_storage/fake-images/sd3_fp16_p3_seed126.png,fake,0.929311215877533,0.09152698516845703
sd35_fp16,CLIP-D,/media/SSD_4TB/crispy_storage/fake-images/sd35_fp16_p90_seed213.png,real,0.47371339797973633,0.06236720085144043
sd35_fp16,R50_TF,/media/SSD_4TB/crispy_storage/fake-images/sd35_fp16_p90_seed213.png,fake,0.5589,0.179
sd35_fp16,NPR,/media/SSD_4TB/crispy_storage/fake-images/sd35_fp16_p90_seed213.png,fake,0.999997615814209,0.0904388427734375
pg25_fp4,CLIP-D,/media/SSD_4TB/crispy_storage/fake-images/pg25_fp4_p37_seed160.png,fake,0.993474543094635,0.061101436614990234
pg25_fp4,R50_TF,/media/SSD_4TB/crispy_storage/fake-images/pg25_fp4_p37_seed160.png,fake,0.5948,0.175
pg25_fp4,NPR,/media/SSD_4TB/crispy_storage/fake-images/pg25_fp4_p37_seed160.png,fake,0.9907620549201965,0.09147310256958008
sdxl_fp4,CLIP-D,/media/SSD_4TB/crispy_storage/fake-images/sdxl_fp4_p98_seed221.png,fake,0.9496091604232788,0.06176590919494629
sdxl_fp4,R50_TF,/media/SSD_4TB/crispy_storage/fake-images/sdxl_fp4_p98_seed221.png,real,0.4301,0.176
sdxl_fp4,NPR,/media/SSD_4TB/crispy_storage/fake-images/sdxl_fp4_p98_seed221.png,fake,1.0,0.09134936332702637
pg25_fp16,CLIP-D,/media/SSD_4TB/crispy_storage/fake-images/pg25_fp16_p68_seed191.png,fake,0.9409654140472412,0.060286760330200195
pg25_fp16,R50_TF,/media/SSD_4TB/crispy_storage/fake-images/pg25_fp16_p68_seed191.png,fake,0.5874,0.185
pg25_fp16,NPR,/media/SSD_4TB/crispy_storage/fake-images/pg25_fp16_p68_seed191.png,real,0.4220408797264099,0.08902835845947266
sdxl_fp4,CLIP-D,/media/SSD_4TB/crispy_storage/fake-images/sdxl_fp4_p22_seed145.png,fake,0.998484194278717,0.06051778793334961
sdxl_fp4,R50_TF,/media/SSD_4TB/crispy_storage/fake-images/sdxl_fp4_p22_seed145.png,fake,0.5833,0.178
sdxl_fp4,NPR,/media/SSD_4TB/crispy_storage/fake-images/sdxl_fp4_p22_seed145.png,fake,0.999152421951294,0.09104585647583008
sd15_fp8,CLIP-D,/media/SSD_4TB/crispy_storage/fake-images/sd15_fp8_p62_seed185.png,fake,0.991211473941803,0.06268596649169922
sd15_fp8,R50_TF,/media/SSD_4TB/crispy_storage/fake-images/sd15_fp8_p62_seed185.png,real,0.4499,0.142
sd15_fp8,NPR,/media/SSD_4TB/crispy_storage/fake-images/sd15_fp8_p62_seed185.png,fake,0.8577074408531189,0.09289979934692383
z-image_fp16,CLIP-D,/media/SSD_4TB/crispy_storage/fake-images/z-image_fp16_p71_seed194.png,fake,0.9497444033622742,0.06114530563354492
z-image_fp16,R50_TF,/media/SSD_4TB/crispy_storage/fake-images/z-image_fp16_p71_seed194.png,fake,0.5604,0.179
z-image_fp16,NPR,/media/SSD_4TB/crispy_storage/fake-images/z-image_fp16_p71_seed194.png,fake,0.7894476056098938,0.09195995330810547
sdxl_fp8,CLIP-D,/media/SSD_4TB/crispy_storage/fake-images/sdxl_fp8_p86_seed209.png,real,0.32607895135879517,0.061510562896728516
sdxl_fp8,R50_TF,/media/SSD_4TB/crispy_storage/fake-images/sdxl_fp8_p86_seed209.png,fake,0.6475,0.181
sdxl_fp8,NPR,/media/SSD_4TB/crispy_storage/fake-images/sdxl_fp8_p86_seed209.png,fake,0.6614723205566406,0.09196639060974121
sdxl_fp16,CLIP-D,/media/SSD_4TB/crispy_storage/fake-images/sdxl_fp16_p35_seed158.png,fake,0.9860666394233704,0.06272411346435547
sdxl_fp16,R50_TF,/media/SSD_4TB/crispy_storage/fake-images/sdxl_fp16_p35_seed158.png,fake,0.5471,0.18
sdxl_fp16,NPR,/media/SSD_4TB/crispy_storage/fake-images/sdxl_fp16_p35_seed158.png,fake,0.9990594983100891,0.09172415733337402
sd35_fp8,CLIP-D,/media/SSD_4TB/crispy_storage/fake-images/sd35_fp8_p92_seed215.png,fake,0.9967689514160156,0.0622098445892334
sd35_fp8,R50_TF,/media/SSD_4TB/crispy_storage/fake-images/sd35_fp8_p92_seed215.png,fake,0.6191,0.175
sd35_fp8,NPR,/media/SSD_4TB/crispy_storage/fake-images/sd35_fp8_p92_seed215.png,fake,0.8363404870033264,0.0918436050415039
sd35_fp4,CLIP-D,/media/SSD_4TB/crispy_storage/fake-images/sd35_fp4_p57_seed180.png,fake,0.946584165096283,0.062119483947753906
sd35_fp4,R50_TF,/media/SSD_4TB/crispy_storage/fake-images/sd35_fp4_p57_seed180.png,fake,0.6156,0.176
sd35_fp4,NPR,/media/SSD_4TB/crispy_storage/fake-images/sd35_fp4_p57_seed180.png,fake,0.9221012592315674,0.08832263946533203
pg25_fp4,CLIP-D,/media/SSD_4TB/crispy_storage/fake-images/pg25_fp4_p15_seed138.png,fake,0.9930498600006104,0.061158180236816406
pg25_fp4,R50_TF,/media/SSD_4TB/crispy_storage/fake-images/pg25_fp4_p15_seed138.png,fake,0.5359,0.174
pg25_fp4,NPR,/media/SSD_4TB/crispy_storage/fake-images/pg25_fp4_p15_seed138.png,fake,0.9998840093612671,0.09059000015258789
sd3_fp8,CLIP-D,/media/SSD_4TB/crispy_storage/fake-images/sd3_fp8_p55_seed178.png,real,0.0865517109632492,0.061486244201660156
sd3_fp8,R50_TF,/media/SSD_4TB/crispy_storage/fake-images/sd3_fp8_p55_seed178.png,real,0.4225,0.18
sd3_fp8,NPR,/media/SSD_4TB/crispy_storage/fake-images/sd3_fp8_p55_seed178.png,real,0.05568545684218407,0.09263134002685547
sd15_fp16,CLIP-D,/media/SSD_4TB/crispy_storage/fake-images/sd15_fp16_p23_seed146.png,fake,0.6302103996276855,0.062357425689697266
sd15_fp16,R50_TF,/media/SSD_4TB/crispy_storage/fake-images/sd15_fp16_p23_seed146.png,real,0.4391,0.145
sd15_fp16,NPR,/media/SSD_4TB/crispy_storage/fake-images/sd15_fp16_p23_seed146.png,real,3.226537330647261e-07,0.09165501594543457
sd15_fp8,CLIP-D,/media/SSD_4TB/crispy_storage/fake-images/sd15_fp8_p81_seed204.png,fake,0.9799891114234924,0.061023712158203125
sd15_fp8,R50_TF,/media/SSD_4TB/crispy_storage/fake-images/sd15_fp8_p81_seed204.png,fake,0.653,0.144
sd15_fp8,NPR,/media/SSD_4TB/crispy_storage/fake-images/sd15_fp8_p81_seed204.png,real,0.0006114589050412178,0.09230160713195801
sdxl_fp4,CLIP-D,/media/SSD_4TB/crispy_storage/fake-images/sdxl_fp4_p32_seed155.png,fake,0.9778271317481995,0.06181597709655762
sdxl_fp4,R50_TF,/media/SSD_4TB/crispy_storage/fake-images/sdxl_fp4_p32_seed155.png,fake,0.584,0.179
sdxl_fp4,NPR,/media/SSD_4TB/crispy_storage/fake-images/sdxl_fp4_p32_seed155.png,fake,1.0,0.09188675880432129
z-image_fp8,CLIP-D,/media/SSD_4TB/crispy_storage/fake-images/z-image_fp8_p22_seed145.png,fake,0.9488762617111206,0.06119418144226074
z-image_fp8,R50_TF,/media/SSD_4TB/crispy_storage/fake-images/z-image_fp8_p22_seed145.png,fake,0.5458,0.178
z-image_fp8,NPR,/media/SSD_4TB/crispy_storage/fake-images/z-image_fp8_p22_seed145.png,real,0.024863610044121742,0.09001874923706055
pg25_fp8,CLIP-D,/media/SSD_4TB/crispy_storage/fake-images/pg25_fp8_p9_seed132.png,fake,0.9789961576461792,0.060916900634765625
pg25_fp8,R50_TF,/media/SSD_4TB/crispy_storage/fake-images/pg25_fp8_p9_seed132.png,fake,0.6164,0.176
pg25_fp8,NPR,/media/SSD_4TB/crispy_storage/fake-images/pg25_fp8_p9_seed132.png,fake,0.9999996423721313,0.09144115447998047
sd35_fp4,CLIP-D,/media/SSD_4TB/crispy_storage/fake-images/sd35_fp4_p90_seed213.png,fake,0.9405301213264465,0.06048941612243652
sd35_fp4,R50_TF,/media/SSD_4TB/crispy_storage/fake-images/sd35_fp4_p90_seed213.png,fake,0.5312,0.183
sd35_fp4,NPR,/media/SSD_4TB/crispy_storage/fake-images/sd35_fp4_p90_seed213.png,real,0.18065135180950165,0.08936834335327148
sd3_fp16,CLIP-D,/media/SSD_4TB/crispy_storage/fake-images/sd3_fp16_p24_seed147.png,fake,0.9771093726158142,0.06169462203979492
sd3_fp16,R50_TF,/media/SSD_4TB/crispy_storage/fake-images/sd3_fp16_p24_seed147.png,fake,0.7062,0.181
sd3_fp16,NPR,/media/SSD_4TB/crispy_storage/fake-images/sd3_fp16_p24_seed147.png,real,1.1624313628999516e-05,0.09256339073181152
z-image_fp16,CLIP-D,/media/SSD_4TB/crispy_storage/fake-images/z-image_fp16_p79_seed202.png,fake,0.9893409609794617,0.06113457679748535
z-image_fp16,R50_TF,/media/SSD_4TB/crispy_storage/fake-images/z-image_fp16_p79_seed202.png,fake,0.5718,0.177
z-image_fp16,NPR,/media/SSD_4TB/crispy_storage/fake-images/z-image_fp16_p79_seed202.png,real,0.4287342429161072,0.08761405944824219
pg25_fp4,CLIP-D,/media/SSD_4TB/crispy_storage/fake-images/pg25_fp4_p52_seed175.png,fake,0.9888277053833008,0.062013864517211914
pg25_fp4,R50_TF,/media/SSD_4TB/crispy_storage/fake-images/pg25_fp4_p52_seed175.png,fake,0.5391,0.179
pg25_fp4,NPR,/media/SSD_4TB/crispy_storage/fake-images/pg25_fp4_p52_seed175.png,real,0.06710818409919739,0.09130311012268066
sd3_fp8,CLIP-D,/media/SSD_4TB/crispy_storage/fake-images/sd3_fp8_p10_seed133.png,real,0.04981035739183426,0.0611727237701416
sd3_fp8,R50_TF,/media/SSD_4TB/crispy_storage/fake-images/sd3_fp8_p10_seed133.png,fake,0.5941,0.179
sd3_fp8,NPR,/media/SSD_4TB/crispy_storage/fake-images/sd3_fp8_p10_seed133.png,real,0.013769004493951797,0.09120392799377441
sdxl_fp4,CLIP-D,/media/SSD_4TB/crispy_storage/fake-images/sdxl_fp4_p64_seed187.png,fake,0.9885848164558411,0.060390472412109375
sdxl_fp4,R50_TF,/media/SSD_4TB/crispy_storage/fake-images/sdxl_fp4_p64_seed187.png,fake,0.5674,0.171
sdxl_fp4,NPR,/media/SSD_4TB/crispy_storage/fake-images/sdxl_fp4_p64_seed187.png,fake,0.9501129388809204,0.08936333656311035
z-image_fp16,CLIP-D,/media/SSD_4TB/crispy_storage/fake-images/z-image_fp16_p9_seed132.png,real,0.06465117633342743,0.060098886489868164
z-image_fp16,R50_TF,/media/SSD_4TB/crispy_storage/fake-images/z-image_fp16_p9_seed132.png,real,0.3815,0.181
z-image_fp16,NPR,/media/SSD_4TB/crispy_storage/fake-images/z-image_fp16_p9_seed132.png,real,2.500526306903339e-06,0.08878660202026367
sdxl_fp16,CLIP-D,/media/SSD_4TB/crispy_storage/fake-images/sdxl_fp16_p21_seed144.png,fake,0.9973351359367371,0.062178850173950195
sdxl_fp16,R50_TF,/media/SSD_4TB/crispy_storage/fake-images/sdxl_fp16_p21_seed144.png,fake,0.6212,0.171
sdxl_fp16,NPR,/media/SSD_4TB/crispy_storage/fake-images/sdxl_fp16_p21_seed144.png,fake,0.9999396800994873,0.09237813949584961
sdxl_fp4,CLIP-D,/media/SSD_4TB/crispy_storage/fake-images/sdxl_fp4_p1_seed124.png,fake,0.9985387325286865,0.06145286560058594
sdxl_fp4,R50_TF,/media/SSD_4TB/crispy_storage/fake-images/sdxl_fp4_p1_seed124.png,fake,0.5885,0.174
sdxl_fp4,NPR,/media/SSD_4TB/crispy_storage/fake-images/sdxl_fp4_p1_seed124.png,fake,0.9934380650520325,0.09335637092590332
z-image_fp16,CLIP-D,/media/SSD_4TB/crispy_storage/fake-images/z-image_fp16_p83_seed206.png,real,0.24379444122314453,0.06125330924987793
z-image_fp16,R50_TF,/media/SSD_4TB/crispy_storage/fake-images/z-image_fp16_p83_seed206.png,real,0.3595,0.18
z-image_fp16,NPR,/media/SSD_4TB/crispy_storage/fake-images/z-image_fp16_p83_seed206.png,real,2.751362671915558e-06,0.09165167808532715
sd3_fp8,CLIP-D,/media/SSD_4TB/crispy_storage/fake-images/sd3_fp8_p87_seed210.png,real,0.2046675682067871,0.06178021430969238
sd3_fp8,R50_TF,/media/SSD_4TB/crispy_storage/fake-images/sd3_fp8_p87_seed210.png,real,0.4227,0.182
sd3_fp8,NPR,/media/SSD_4TB/crispy_storage/fake-images/sd3_fp8_p87_seed210.png,real,5.696758762496756e-07,0.09056425094604492
pg25_fp4,CLIP-D,/media/SSD_4TB/crispy_storage/fake-images/pg25_fp4_p21_seed144.png,fake,0.9984267950057983,0.06149792671203613
pg25_fp4,R50_TF,/media/SSD_4TB/crispy_storage/fake-images/pg25_fp4_p21_seed144.png,fake,0.6033,0.176
pg25_fp4,NPR,/media/SSD_4TB/crispy_storage/fake-images/pg25_fp4_p21_seed144.png,fake,0.9982452392578125,0.09207296371459961
sd15_fp4,CLIP-D,/media/SSD_4TB/crispy_storage/fake-images/sd15_fp4_p25_seed148.png,fake,0.9450574517250061,0.06074166297912598
sd15_fp4,R50_TF,/media/SSD_4TB/crispy_storage/fake-images/sd15_fp4_p25_seed148.png,fake,0.6277,0.145
sd15_fp4,NPR,/media/SSD_4TB/crispy_storage/fake-images/sd15_fp4_p25_seed148.png,fake,0.9909033179283142,0.09035372734069824
sd35_fp16,CLIP-D,/media/SSD_4TB/crispy_storage/fake-images/sd35_fp16_p84_seed207.png,fake,0.9884809255599976,0.06138253211975098
sd35_fp16,R50_TF,/media/SSD_4TB/crispy_storage/fake-images/sd35_fp16_p84_seed207.png,fake,0.5676,0.173
sd35_fp16,NPR,/media/SSD_4TB/crispy_storage/fake-images/sd35_fp16_p84_seed207.png,fake,0.9649995565414429,0.08572030067443848
sd3_fp16,CLIP-D,/media/SSD_4TB/crispy_storage/fake-images/sd3_fp16_p86_seed209.png,fake,0.9148271083831787,0.06210136413574219
sd3_fp16,R50_TF,/media/SSD_4TB/crispy_storage/fake-images/sd3_fp16_p86_seed209.png,fake,0.5993,0.178
sd3_fp16,NPR,/media/SSD_4TB/crispy_storage/fake-images/sd3_fp16_p86_seed209.png,fake,0.9673842787742615,0.09209322929382324
sd3_fp8,CLIP-D,/media/SSD_4TB/crispy_storage/fake-images/sd3_fp8_p73_seed196.png,fake,0.9790745377540588,0.061155080795288086
sd3_fp8,R50_TF,/media/SSD_4TB/crispy_storage/fake-images/sd3_fp8_p73_seed196.png,real,0.4427,0.18
sd3_fp8,NPR,/media/SSD_4TB/crispy_storage/fake-images/sd3_fp8_p73_seed196.png,fake,0.9575070142745972,0.09138035774230957
sd35_fp4,CLIP-D,/media/SSD_4TB/crispy_storage/fake-images/sd35_fp4_p93_seed216.png,fake,0.8896325826644897,0.06231093406677246
sd35_fp4,R50_TF,/media/SSD_4TB/crispy_storage/fake-images/sd35_fp4_p93_seed216.png,fake,0.5504,0.182
sd35_fp4,NPR,/media/SSD_4TB/crispy_storage/fake-images/sd35_fp4_p93_seed216.png,real,0.11597880721092224,0.09137773513793945
z-image_fp4,CLIP-D,/media/SSD_4TB/crispy_storage/fake-images/z-image_fp4_p3_seed126.png,real,0.4052787125110626,0.06081366539001465
z-image_fp4,R50_TF,/media/SSD_4TB/crispy_storage/fake-images/z-image_fp4_p3_seed126.png,fake,0.5668,0.183
z-image_fp4,NPR,/media/SSD_4TB/crispy_storage/fake-images/z-image_fp4_p3_seed126.png,real,0.19019514322280884,0.09088754653930664
pg25_fp16,CLIP-D,/media/SSD_4TB/crispy_storage/fake-images/pg25_fp16_p32_seed155.png,fake,0.9925718903541565,0.0629122257232666
pg25_fp16,R50_TF,/media/SSD_4TB/crispy_storage/fake-images/pg25_fp16_p32_seed155.png,fake,0.5734,0.18
pg25_fp16,NPR,/media/SSD_4TB/crispy_storage/fake-images/pg25_fp16_p32_seed155.png,fake,1.0,0.08736395835876465
sd35_fp4,CLIP-D,/media/SSD_4TB/crispy_storage/fake-images/sd35_fp4_p8_seed131.png,fake,0.8808838129043579,0.0612947940826416
sd35_fp4,R50_TF,/media/SSD_4TB/crispy_storage/fake-images/sd35_fp4_p8_seed131.png,real,0.4343,0.175
sd35_fp4,NPR,/media/SSD_4TB/crispy_storage/fake-images/sd35_fp4_p8_seed131.png,real,0.3042631447315216,0.08939123153686523
sdxl_fp4,CLIP-D,/media/SSD_4TB/crispy_storage/fake-images/sdxl_fp4_p52_seed175.png,fake,0.9949918389320374,0.06151628494262695
sdxl_fp4,R50_TF,/media/SSD_4TB/crispy_storage/fake-images/sdxl_fp4_p52_seed175.png,fake,0.5733,0.18
sdxl_fp4,NPR,/media/SSD_4TB/crispy_storage/fake-images/sdxl_fp4_p52_seed175.png,fake,0.9994558691978455,0.09119081497192383
sdxl_fp8,CLIP-D,/media/SSD_4TB/crispy_storage/fake-images/sdxl_fp8_p54_seed177.png,fake,0.9742883443832397,0.06192350387573242
sdxl_fp8,R50_TF,/media/SSD_4TB/crispy_storage/fake-images/sdxl_fp8_p54_seed177.png,fake,0.5643,0.18
sdxl_fp8,NPR,/media/SSD_4TB/crispy_storage/fake-images/sdxl_fp8_p54_seed177.png,fake,0.9747251868247986,0.09123063087463379
sdxl_fp16,CLIP-D,/media/SSD_4TB/crispy_storage/fake-images/sdxl_fp16_p50_seed173.png,fake,0.9914528131484985,0.06112074851989746
sdxl_fp16,R50_TF,/media/SSD_4TB/crispy_storage/fake-images/sdxl_fp16_p50_seed173.png,fake,0.5556,0.177
sdxl_fp16,NPR,/media/SSD_4TB/crispy_storage/fake-images/sdxl_fp16_p50_seed173.png,fake,0.9996685981750488,0.09142613410949707
sd35_fp16,CLIP-D,/media/SSD_4TB/crispy_storage/fake-images/sd35_fp16_p37_seed160.png,real,0.413903146982193,0.061850547790527344
sd35_fp16,R50_TF,/media/SSD_4TB/crispy_storage/fake-images/sd35_fp16_p37_seed160.png,fake,0.5765,0.177
sd35_fp16,NPR,/media/SSD_4TB/crispy_storage/fake-images/sd35_fp16_p37_seed160.png,real,0.22111207246780396,0.0916130542755127
sdxl_fp8,CLIP-D,/media/SSD_4TB/crispy_storage/fake-images/sdxl_fp8_p14_seed137.png,fake,0.9887056946754456,0.06268811225891113
sdxl_fp8,R50_TF,/media/SSD_4TB/crispy_storage/fake-images/sdxl_fp8_p14_seed137.png,fake,0.5858,0.177
sdxl_fp8,NPR,/media/SSD_4TB/crispy_storage/fake-images/sdxl_fp8_p14_seed137.png,fake,1.0,0.08798980712890625
pg25_fp4,CLIP-D,/media/SSD_4TB/crispy_storage/fake-images/pg25_fp4_p46_seed169.png,fake,0.9862960577011108,0.06174492835998535
pg25_fp4,R50_TF,/media/SSD_4TB/crispy_storage/fake-images/pg25_fp4_p46_seed169.png,fake,0.5653,0.18
pg25_fp4,NPR,/media/SSD_4TB/crispy_storage/fake-images/pg25_fp4_p46_seed169.png,fake,0.9998472929000854,0.09138369560241699
sd3_fp4,CLIP-D,/media/SSD_4TB/crispy_storage/fake-images/sd3_fp4_p26_seed149.png,fake,0.9956657290458679,0.06154751777648926
sd3_fp4,R50_TF,/media/SSD_4TB/crispy_storage/fake-images/sd3_fp4_p26_seed149.png,fake,0.6224,0.183
sd3_fp4,NPR,/media/SSD_4TB/crispy_storage/fake-images/sd3_fp4_p26_seed149.png,real,0.007451659068465233,0.09266185760498047
sd35_fp16,CLIP-D,/media/SSD_4TB/crispy_storage/fake-images/sd35_fp16_p79_seed202.png,real,0.37443995475769043,0.06253314018249512
sd35_fp16,R50_TF,/media/SSD_4TB/crispy_storage/fake-images/sd35_fp16_p79_seed202.png,real,0.423,0.179
sd35_fp16,NPR,/media/SSD_4TB/crispy_storage/fake-images/sd35_fp16_p79_seed202.png,real,0.08027226477861404,0.09174275398254395
sd15_fp16,CLIP-D,/media/SSD_4TB/crispy_storage/fake-images/sd15_fp16_p13_seed136.png,fake,0.9359484910964966,0.06264710426330566
sd15_fp16,R50_TF,/media/SSD_4TB/crispy_storage/fake-images/sd15_fp16_p13_seed136.png,real,0.4572,0.145
sd15_fp16,NPR,/media/SSD_4TB/crispy_storage/fake-images/sd15_fp16_p13_seed136.png,real,9.772770863492042e-05,0.09127449989318848
z-image_fp16,CLIP-D,/media/SSD_4TB/crispy_storage/fake-images/z-image_fp16_p65_seed188.png,fake,0.7688712477684021,0.06110787391662598
z-image_fp16,R50_TF,/media/SSD_4TB/crispy_storage/fake-images/z-image_fp16_p65_seed188.png,real,0.3691,0.18
z-image_fp16,NPR,/media/SSD_4TB/crispy_storage/fake-images/z-image_fp16_p65_seed188.png,real,0.02140343189239502,0.09278178215026855
z-image_fp16,CLIP-D,/media/SSD_4TB/crispy_storage/fake-images/z-image_fp16_p75_seed198.png,fake,0.6595797538757324,0.061663150787353516
z-image_fp16,R50_TF,/media/SSD_4TB/crispy_storage/fake-images/z-image_fp16_p75_seed198.png,real,0.424,0.178
z-image_fp16,NPR,/media/SSD_4TB/crispy_storage/fake-images/z-image_fp16_p75_seed198.png,fake,0.5395209193229675,0.08985114097595215
pg25_fp16,CLIP-D,/media/SSD_4TB/crispy_storage/fake-images/pg25_fp16_p24_seed147.png,fake,0.994360625743866,0.06099724769592285
pg25_fp16,R50_TF,/media/SSD_4TB/crispy_storage/fake-images/pg25_fp16_p24_seed147.png,fake,0.5751,0.182
pg25_fp16,NPR,/media/SSD_4TB/crispy_storage/fake-images/pg25_fp16_p24_seed147.png,fake,0.9067344069480896,0.09283685684204102
sd3_fp8,CLIP-D,/media/SSD_4TB/crispy_storage/fake-images/sd3_fp8_p46_seed169.png,fake,0.9692600965499878,0.06202411651611328
sd3_fp8,R50_TF,/media/SSD_4TB/crispy_storage/fake-images/sd3_fp8_p46_seed169.png,real,0.4592,0.181
sd3_fp8,NPR,/media/SSD_4TB/crispy_storage/fake-images/sd3_fp8_p46_seed169.png,real,0.01887110434472561,0.08682394027709961
sd15_fp16,CLIP-D,/media/SSD_4TB/crispy_storage/fake-images/sd15_fp16_p16_seed139.png,fake,0.8879823684692383,0.06096363067626953
sd15_fp16,R50_TF,/media/SSD_4TB/crispy_storage/fake-images/sd15_fp16_p16_seed139.png,fake,0.5595,0.142
sd15_fp16,NPR,/media/SSD_4TB/crispy_storage/fake-images/sd15_fp16_p16_seed139.png,real,4.353721305960789e-05,0.08834290504455566
pg25_fp16,CLIP-D,/media/SSD_4TB/crispy_storage/fake-images/pg25_fp16_p55_seed178.png,fake,0.9971591234207153,0.06299328804016113
pg25_fp16,R50_TF,/media/SSD_4TB/crispy_storage/fake-images/pg25_fp16_p55_seed178.png,fake,0.5882,0.183
pg25_fp16,NPR,/media/SSD_4TB/crispy_storage/fake-images/pg25_fp16_p55_seed178.png,fake,1.0,0.08918070793151855
sd35_fp8,CLIP-D,/media/SSD_4TB/crispy_storage/fake-images/sd35_fp8_p1_seed124.png,fake,0.9952986836433411,0.061304569244384766
sd35_fp8,R50_TF,/media/SSD_4TB/crispy_storage/fake-images/sd35_fp8_p1_seed124.png,fake,0.6336,0.176
sd35_fp8,NPR,/media/SSD_4TB/crispy_storage/fake-images/sd35_fp8_p1_seed124.png,fake,0.9964590668678284,0.09369707107543945
sd3_fp4,CLIP-D,/media/SSD_4TB/crispy_storage/fake-images/sd3_fp4_p19_seed142.png,fake,0.9907802939414978,0.06316113471984863
sd3_fp4,R50_TF,/media/SSD_4TB/crispy_storage/fake-images/sd3_fp4_p19_seed142.png,fake,0.5754,0.18
sd3_fp4,NPR,/media/SSD_4TB/crispy_storage/fake-images/sd3_fp4_p19_seed142.png,real,0.004611714743077755,0.09175348281860352
pg25_fp4,CLIP-D,/media/SSD_4TB/crispy_storage/fake-images/pg25_fp4_p16_seed139.png,fake,0.9305957555770874,0.06215047836303711
pg25_fp4,R50_TF,/media/SSD_4TB/crispy_storage/fake-images/pg25_fp4_p16_seed139.png,fake,0.5626,0.179
pg25_fp4,NPR,/media/SSD_4TB/crispy_storage/fake-images/pg25_fp4_p16_seed139.png,real,0.11528638005256653,0.09224939346313477
sd15_fp8,CLIP-D,/media/SSD_4TB/crispy_storage/fake-images/sd15_fp8_p58_seed181.png,fake,0.9942939877510071,0.060330867767333984
sd15_fp8,R50_TF,/media/SSD_4TB/crispy_storage/fake-images/sd15_fp8_p58_seed181.png,fake,0.5797,0.143
sd15_fp8,NPR,/media/SSD_4TB/crispy_storage/fake-images/sd15_fp8_p58_seed181.png,fake,0.6998522877693176,0.09136009216308594
sd15_fp4,CLIP-D,/media/SSD_4TB/crispy_storage/fake-images/sd15_fp4_p13_seed136.png,fake,0.6823617815971375,0.06091427803039551
sd15_fp4,R50_TF,/media/SSD_4TB/crispy_storage/fake-images/sd15_fp4_p13_seed136.png,real,0.4614,0.143
sd15_fp4,NPR,/media/SSD_4TB/crispy_storage/fake-images/sd15_fp4_p13_seed136.png,real,5.1625736574578696e-08,0.09317708015441895
pg25_fp4,CLIP-D,/media/SSD_4TB/crispy_storage/fake-images/pg25_fp4_p71_seed194.png,fake,0.9979726672172546,0.06217050552368164
pg25_fp4,R50_TF,/media/SSD_4TB/crispy_storage/fake-images/pg25_fp4_p71_seed194.png,fake,0.5528,0.181
pg25_fp4,NPR,/media/SSD_4TB/crispy_storage/fake-images/pg25_fp4_p71_seed194.png,fake,0.9999898672103882,0.09308242797851562
pg25_fp4,CLIP-D,/media/SSD_4TB/crispy_storage/fake-images/pg25_fp4_p63_seed186.png,real,0.23154088854789734,0.06135153770446777
pg25_fp4,R50_TF,/media/SSD_4TB/crispy_storage/fake-images/pg25_fp4_p63_seed186.png,real,0.4513,0.181
pg25_fp4,NPR,/media/SSD_4TB/crispy_storage/fake-images/pg25_fp4_p63_seed186.png,real,0.0015273287426680326,0.09247970581054688
sdxl_fp4,CLIP-D,/media/SSD_4TB/crispy_storage/fake-images/sdxl_fp4_p73_seed196.png,fake,0.9958018660545349,0.060204267501831055
sdxl_fp4,R50_TF,/media/SSD_4TB/crispy_storage/fake-images/sdxl_fp4_p73_seed196.png,fake,0.5622,0.179
sdxl_fp4,NPR,/media/SSD_4TB/crispy_storage/fake-images/sdxl_fp4_p73_seed196.png,fake,1.0,0.09343552589416504
z-image_fp16,CLIP-D,/media/SSD_4TB/crispy_storage/fake-images/z-image_fp16_p55_seed178.png,fake,0.984710156917572,0.061867475509643555
z-image_fp16,R50_TF,/media/SSD_4TB/crispy_storage/fake-images/z-image_fp16_p55_seed178.png,real,0.4499,0.179
z-image_fp16,NPR,/media/SSD_4TB/crispy_storage/fake-images/z-image_fp16_p55_seed178.png,fake,0.9990002512931824,0.09114718437194824
sd15_fp16,CLIP-D,/media/SSD_4TB/crispy_storage/fake-images/sd15_fp16_p53_seed176.png,fake,0.8133860230445862,0.06128096580505371
sd15_fp16,R50_TF,/media/SSD_4TB/crispy_storage/fake-images/sd15_fp16_p53_seed176.png,real,0.4127,0.144
sd15_fp16,NPR,/media/SSD_4TB/crispy_storage/fake-images/sd15_fp16_p53_seed176.png,real,0.00550416624173522,0.09190964698791504
sd3_fp4,CLIP-D,/media/SSD_4TB/crispy_storage/fake-images/sd3_fp4_p79_seed202.png,fake,0.9002370834350586,0.06121110916137695
sd3_fp4,R50_TF,/media/SSD_4TB/crispy_storage/fake-images/sd3_fp4_p79_seed202.png,real,0.3966,0.179
sd3_fp4,NPR,/media/SSD_4TB/crispy_storage/fake-images/sd3_fp4_p79_seed202.png,real,0.000296107231406495,0.0876314640045166
sd35_fp4,CLIP-D,/media/SSD_4TB/crispy_storage/fake-images/sd35_fp4_p94_seed217.png,fake,0.9576525092124939,0.06110119819641113
sd35_fp4,R50_TF,/media/SSD_4TB/crispy_storage/fake-images/sd35_fp4_p94_seed217.png,fake,0.5558,0.181
sd35_fp4,NPR,/media/SSD_4TB/crispy_storage/fake-images/sd35_fp4_p94_seed217.png,real,0.0072543565183877945,0.09227776527404785
sd35_fp8,CLIP-D,/media/SSD_4TB/crispy_storage/fake-images/sd35_fp8_p17_seed140.png,fake,0.8903599381446838,0.06154823303222656
sd35_fp8,R50_TF,/media/SSD_4TB/crispy_storage/fake-images/sd35_fp8_p17_seed140.png,fake,0.562,0.175
sd35_fp8,NPR,/media/SSD_4TB/crispy_storage/fake-images/sd35_fp8_p17_seed140.png,fake,0.9999673366546631,0.08953118324279785
sd15_fp16,CLIP-D,/media/SSD_4TB/crispy_storage/fake-images/sd15_fp16_p47_seed170.png,real,0.26087209582328796,0.06128859519958496
sd15_fp16,R50_TF,/media/SSD_4TB/crispy_storage/fake-images/sd15_fp16_p47_seed170.png,fake,0.587,0.141
sd15_fp16,NPR,/media/SSD_4TB/crispy_storage/fake-images/sd15_fp16_p47_seed170.png,real,0.00657571479678154,0.09520792961120605
pg25_fp16,CLIP-D,/media/SSD_4TB/crispy_storage/fake-images/pg25_fp16_p81_seed204.png,fake,0.990619421005249,0.061830759048461914
pg25_fp16,R50_TF,/media/SSD_4TB/crispy_storage/fake-images/pg25_fp16_p81_seed204.png,fake,0.6932,0.183
pg25_fp16,NPR,/media/SSD_4TB/crispy_storage/fake-images/pg25_fp16_p81_seed204.png,real,0.004934553988277912,0.09041643142700195
sdxl_fp8,CLIP-D,/media/SSD_4TB/crispy_storage/fake-images/sdxl_fp8_p77_seed200.png,fake,0.9865715503692627,0.06059575080871582
sdxl_fp8,R50_TF,/media/SSD_4TB/crispy_storage/fake-images/sdxl_fp8_p77_seed200.png,fake,0.5845,0.182
sdxl_fp8,NPR,/media/SSD_4TB/crispy_storage/fake-images/sdxl_fp8_p77_seed200.png,fake,0.9997648596763611,0.08922791481018066
sdxl_fp16,CLIP-D,/media/SSD_4TB/crispy_storage/fake-images/sdxl_fp16_p72_seed195.png,fake,0.9961398243904114,0.06115102767944336
sdxl_fp16,R50_TF,/media/SSD_4TB/crispy_storage/fake-images/sdxl_fp16_p72_seed195.png,fake,0.5637,0.179
sdxl_fp16,NPR,/media/SSD_4TB/crispy_storage/fake-images/sdxl_fp16_p72_seed195.png,fake,1.0,0.09058332443237305
sdxl_fp8,CLIP-D,/media/SSD_4TB/crispy_storage/fake-images/sdxl_fp8_p76_seed199.png,fake,0.9990605711936951,0.0612185001373291
sdxl_fp8,R50_TF,/media/SSD_4TB/crispy_storage/fake-images/sdxl_fp8_p76_seed199.png,fake,0.6186,0.17
sdxl_fp8,NPR,/media/SSD_4TB/crispy_storage/fake-images/sdxl_fp8_p76_seed199.png,fake,0.9950373768806458,0.0874166488647461
sd35_fp4,CLIP-D,/media/SSD_4TB/crispy_storage/fake-images/sd35_fp4_p99_seed222.png,fake,0.9757410883903503,0.06105828285217285
sd35_fp4,R50_TF,/media/SSD_4TB/crispy_storage/fake-images/sd35_fp4_p99_seed222.png,fake,0.5489,0.182
sd35_fp4,NPR,/media/SSD_4TB/crispy_storage/fake-images/sd35_fp4_p99_seed222.png,real,0.0018699592910706997,0.08745694160461426
sd35_fp8,CLIP-D,/media/SSD_4TB/crispy_storage/fake-images/sd35_fp8_p50_seed173.png,fake,0.9443796277046204,0.06120181083679199
sd35_fp8,R50_TF,/media/SSD_4TB/crispy_storage/fake-images/sd35_fp8_p50_seed173.png,fake,0.5406,0.18
sd35_fp8,NPR,/media/SSD_4TB/crispy_storage/fake-images/sd35_fp8_p50_seed173.png,fake,0.9289870262145996,0.0879213809967041
sd15_fp16,CLIP-D,/media/SSD_4TB/crispy_storage/fake-images/sd15_fp16_p62_seed185.png,fake,0.989963710308075,0.06084847450256348
sd15_fp16,R50_TF,/media/SSD_4TB/crispy_storage/fake-images/sd15_fp16_p62_seed185.png,real,0.4503,0.144
sd15_fp16,NPR,/media/SSD_4TB/crispy_storage/fake-images/sd15_fp16_p62_seed185.png,fake,0.7693857550621033,0.0913698673248291
sd3_fp16,CLIP-D,/media/SSD_4TB/crispy_storage/fake-images/sd3_fp16_p4_seed127.png,real,0.4035630226135254,0.062136173248291016
sd3_fp16,R50_TF,/media/SSD_4TB/crispy_storage/fake-images/sd3_fp16_p4_seed127.png,real,0.4604,0.177
sd3_fp16,NPR,/media/SSD_4TB/crispy_storage/fake-images/sd3_fp16_p4_seed127.png,real,0.001137184095568955,0.09118938446044922
sd15_fp16,CLIP-D,/media/SSD_4TB/crispy_storage/fake-images/sd15_fp16_p33_seed156.png,fake,0.8841688632965088,0.061328887939453125
sd15_fp16,R50_TF,/media/SSD_4TB/crispy_storage/fake-images/sd15_fp16_p33_seed156.png,fake,0.5673,0.143
sd15_fp16,NPR,/media/SSD_4TB/crispy_storage/fake-images/sd15_fp16_p33_seed156.png,fake,1.0,0.09307646751403809
sd3_fp16,CLIP-D,/media/SSD_4TB/crispy_storage/fake-images/sd3_fp16_p79_seed202.png,fake,0.5450455546379089,0.059935569763183594
sd3_fp16,R50_TF,/media/SSD_4TB/crispy_storage/fake-images/sd3_fp16_p79_seed202.png,real,0.3908,0.182
sd3_fp16,NPR,/media/SSD_4TB/crispy_storage/fake-images/sd3_fp16_p79_seed202.png,real,2.333933650788822e-07,0.09123921394348145
sdxl_fp8,CLIP-D,/media/SSD_4TB/crispy_storage/fake-images/sdxl_fp8_p8_seed131.png,fake,0.9614264369010925,0.06270170211791992
sdxl_fp8,R50_TF,/media/SSD_4TB/crispy_storage/fake-images/sdxl_fp8_p8_seed131.png,fake,0.5833,0.18
sdxl_fp8,NPR,/media/SSD_4TB/crispy_storage/fake-images/sdxl_fp8_p8_seed131.png,fake,0.9999474287033081,0.09103131294250488
sd15_fp8,CLIP-D,/media/SSD_4TB/crispy_storage/fake-images/sd15_fp8_p59_seed182.png,fake,0.9874091148376465,0.06096935272216797
sd15_fp8,R50_TF,/media/SSD_4TB/crispy_storage/fake-images/sd15_fp8_p59_seed182.png,fake,0.597,0.144
sd15_fp8,NPR,/media/SSD_4TB/crispy_storage/fake-images/sd15_fp8_p59_seed182.png,real,0.33611851930618286,0.09223699569702148
sd15_fp8,CLIP-D,/media/SSD_4TB/crispy_storage/fake-images/sd15_fp8_p48_seed171.png,fake,0.8288263082504272,0.061569929122924805
sd15_fp8,R50_TF,/media/SSD_4TB/crispy_storage/fake-images/sd15_fp8_p48_seed171.png,real,0.4237,0.142
sd15_fp8,NPR,/media/SSD_4TB/crispy_storage/fake-images/sd15_fp8_p48_seed171.png,real,0.43795913457870483,0.09120535850524902
sd3_fp4,CLIP-D,/media/SSD_4TB/crispy_storage/fake-images/sd3_fp4_p6_seed129.png,real,0.3417063057422638,0.06055092811584473
sd3_fp4,R50_TF,/media/SSD_4TB/crispy_storage/fake-images/sd3_fp4_p6_seed129.png,real,0.3968,0.178
sd3_fp4,NPR,/media/SSD_4TB/crispy_storage/fake-images/sd3_fp4_p6_seed129.png,real,0.0005035388167016208,0.09285426139831543
z-image_fp16,CLIP-D,/media/SSD_4TB/crispy_storage/fake-images/z-image_fp16_p76_seed199.png,real,0.24591021239757538,0.06008005142211914
z-image_fp16,R50_TF,/media/SSD_4TB/crispy_storage/fake-images/z-image_fp16_p76_seed199.png,real,0.3854,0.181
z-image_fp16,NPR,/media/SSD_4TB/crispy_storage/fake-images/z-image_fp16_p76_seed199.png,real,0.10369174927473068,0.08896636962890625
sd35_fp16,CLIP-D,/media/SSD_4TB/crispy_storage/fake-images/sd35_fp16_p83_seed206.png,real,0.025374703109264374,0.06075096130371094
sd35_fp16,R50_TF,/media/SSD_4TB/crispy_storage/fake-images/sd35_fp16_p83_seed206.png,real,0.3999,0.179
sd35_fp16,NPR,/media/SSD_4TB/crispy_storage/fake-images/sd35_fp16_p83_seed206.png,real,0.003356917994096875,0.08730816841125488
sd15_fp4,CLIP-D,/media/SSD_4TB/crispy_storage/fake-images/sd15_fp4_p23_seed146.png,fake,0.815744936466217,0.06192421913146973
sd15_fp4,R50_TF,/media/SSD_4TB/crispy_storage/fake-images/sd15_fp4_p23_seed146.png,real,0.423,0.14
sd15_fp4,NPR,/media/SSD_4TB/crispy_storage/fake-images/sd15_fp4_p23_seed146.png,real,1.2906382380606374e-06,0.08655667304992676
sdxl_fp8,CLIP-D,/media/SSD_4TB/crispy_storage/fake-images/sdxl_fp8_p27_seed150.png,fake,0.99858558177948,0.060694217681884766
sdxl_fp8,R50_TF,/media/SSD_4TB/crispy_storage/fake-images/sdxl_fp8_p27_seed150.png,fake,0.5715,0.176
sdxl_fp8,NPR,/media/SSD_4TB/crispy_storage/fake-images/sdxl_fp8_p27_seed150.png,fake,0.9999995231628418,0.09137153625488281
sd3_fp16,CLIP-D,/media/SSD_4TB/crispy_storage/fake-images/sd3_fp16_p89_seed212.png,fake,0.9409101009368896,0.06357932090759277
sd3_fp16,R50_TF,/media/SSD_4TB/crispy_storage/fake-images/sd3_fp16_p89_seed212.png,real,0.4509,0.181
sd3_fp16,NPR,/media/SSD_4TB/crispy_storage/fake-images/sd3_fp16_p89_seed212.png,real,0.34177467226982117,0.0908663272857666
sdxl_fp8,CLIP-D,/media/SSD_4TB/crispy_storage/fake-images/sdxl_fp8_p83_seed206.png,fake,0.8433326482772827,0.059737443923950195
sdxl_fp8,R50_TF,/media/SSD_4TB/crispy_storage/fake-images/sdxl_fp8_p83_seed206.png,real,0.4248,0.178
sdxl_fp8,NPR,/media/SSD_4TB/crispy_storage/fake-images/sdxl_fp8_p83_seed206.png,fake,0.6143909692764282,0.09004068374633789
sd3_fp4,CLIP-D,/media/SSD_4TB/crispy_storage/fake-images/sd3_fp4_p81_seed204.png,fake,0.982511579990387,0.06365633010864258
sd3_fp4,R50_TF,/media/SSD_4TB/crispy_storage/fake-images/sd3_fp4_p81_seed204.png,fake,0.5951,0.182
sd3_fp4,NPR,/media/SSD_4TB/crispy_storage/fake-images/sd3_fp4_p81_seed204.png,real,8.262142728199251e-06,0.08954191207885742
sd15_fp16,CLIP-D,/media/SSD_4TB/crispy_storage/fake-images/sd15_fp16_p84_seed207.png,fake,0.9963201284408569,0.06261539459228516
sd15_fp16,R50_TF,/media/SSD_4TB/crispy_storage/fake-images/sd15_fp16_p84_seed207.png,fake,0.6456,0.145
sd15_fp16,NPR,/media/SSD_4TB/crispy_storage/fake-images/sd15_fp16_p84_seed207.png,real,0.16208672523498535,0.09220266342163086
sdxl_fp16,CLIP-D,/media/SSD_4TB/crispy_storage/fake-images/sdxl_fp16_p34_seed157.png,fake,0.9932739734649658,0.059973716735839844
sdxl_fp16,R50_TF,/media/SSD_4TB/crispy_storage/fake-images/sdxl_fp16_p34_seed157.png,fake,0.6063,0.18
sdxl_fp16,NPR,/media/SSD_4TB/crispy_storage/fake-images/sdxl_fp16_p34_seed157.png,fake,0.9999998807907104,0.09299468994140625
sd35_fp4,CLIP-D,/media/SSD_4TB/crispy_storage/fake-images/sd35_fp4_p69_seed192.png,fake,0.99456787109375,0.06225752830505371
sd35_fp4,R50_TF,/media/SSD_4TB/crispy_storage/fake-images/sd35_fp4_p69_seed192.png,fake,0.6086,0.172
sd35_fp4,NPR,/media/SSD_4TB/crispy_storage/fake-images/sd35_fp4_p69_seed192.png,fake,0.9839682579040527,0.0915534496307373
sd35_fp16,CLIP-D,/media/SSD_4TB/crispy_storage/fake-images/sd35_fp16_p36_seed159.png,fake,0.9239122867584229,0.061188697814941406
sd35_fp16,R50_TF,/media/SSD_4TB/crispy_storage/fake-images/sd35_fp16_p36_seed159.png,real,0.4691,0.178
sd35_fp16,NPR,/media/SSD_4TB/crispy_storage/fake-images/sd35_fp16_p36_seed159.png,fake,0.9586080312728882,0.09164643287658691
sdxl_fp4,CLIP-D,/media/SSD_4TB/crispy_storage/fake-images/sdxl_fp4_p56_seed179.png,fake,0.9997169375419617,0.061362266540527344
sdxl_fp4,R50_TF,/media/SSD_4TB/crispy_storage/fake-images/sdxl_fp4_p56_seed179.png,fake,0.6152,0.175
sdxl_fp4,NPR,/media/SSD_4TB/crispy_storage/fake-images/sdxl_fp4_p56_seed179.png,fake,0.9999978542327881,0.0912637710571289
sd35_fp8,CLIP-D,/media/SSD_4TB/crispy_storage/fake-images/sd35_fp8_p20_seed143.png,fake,0.9968936443328857,0.06070518493652344
sd35_fp8,R50_TF,/media/SSD_4TB/crispy_storage/fake-images/sd35_fp8_p20_seed143.png,fake,0.5858,0.18
sd35_fp8,NPR,/media/SSD_4TB/crispy_storage/fake-images/sd35_fp8_p20_seed143.png,fake,0.6465703248977661,0.0923154354095459
sdxl_fp16,CLIP-D,/media/SSD_4TB/crispy_storage/fake-images/sdxl_fp16_p99_seed222.png,fake,0.9913159608840942,0.06112527847290039
sdxl_fp16,R50_TF,/media/SSD_4TB/crispy_storage/fake-images/sdxl_fp16_p99_seed222.png,fake,0.5523,0.175
sdxl_fp16,NPR,/media/SSD_4TB/crispy_storage/fake-images/sdxl_fp16_p99_seed222.png,fake,1.0,0.09343767166137695
sdxl_fp16,CLIP-D,/media/SSD_4TB/crispy_storage/fake-images/sdxl_fp16_p14_seed137.png,fake,0.996033251285553,0.06122303009033203
sdxl_fp16,R50_TF,/media/SSD_4TB/crispy_storage/fake-images/sdxl_fp16_p14_seed137.png,fake,0.5896,0.177
sdxl_fp16,NPR,/media/SSD_4TB/crispy_storage/fake-images/sdxl_fp16_p14_seed137.png,fake,0.9999995231628418,0.09158658981323242
sd3_fp4,CLIP-D,/media/SSD_4TB/crispy_storage/fake-images/sd3_fp4_p25_seed148.png,fake,0.986448347568512,0.06327533721923828
sd3_fp4,R50_TF,/media/SSD_4TB/crispy_storage/fake-images/sd3_fp4_p25_seed148.png,fake,0.6121,0.183
sd3_fp4,NPR,/media/SSD_4TB/crispy_storage/fake-images/sd3_fp4_p25_seed148.png,fake,0.9998781681060791,0.09254884719848633
sd35_fp8,CLIP-D,/media/SSD_4TB/crispy_storage/fake-images/sd35_fp8_p96_seed219.png,fake,0.9989703893661499,0.06211447715759277
sd35_fp8,R50_TF,/media/SSD_4TB/crispy_storage/fake-images/sd35_fp8_p96_seed219.png,fake,0.5658,0.177
sd35_fp8,NPR,/media/SSD_4TB/crispy_storage/fake-images/sd35_fp8_p96_seed219.png,fake,0.9233284592628479,0.09105062484741211
sdxl_fp16,CLIP-D,/media/SSD_4TB/crispy_storage/fake-images/sdxl_fp16_p6_seed129.png,fake,0.9950445890426636,0.060396671295166016
sdxl_fp16,R50_TF,/media/SSD_4TB/crispy_storage/fake-images/sdxl_fp16_p6_seed129.png,fake,0.5622,0.18
sdxl_fp16,NPR,/media/SSD_4TB/crispy_storage/fake-images/sdxl_fp16_p6_seed129.png,fake,0.9999885559082031,0.09143638610839844
sd3_fp16,CLIP-D,/media/SSD_4TB/crispy_storage/fake-images/sd3_fp16_p9_seed132.png,real,0.03342060372233391,0.06026148796081543
sd3_fp16,R50_TF,/media/SSD_4TB/crispy_storage/fake-images/sd3_fp16_p9_seed132.png,real,0.413,0.181
sd3_fp16,NPR,/media/SSD_4TB/crispy_storage/fake-images/sd3_fp16_p9_seed132.png,real,0.0006809007609263062,0.08824300765991211
sd15_fp4,CLIP-D,/media/SSD_4TB/crispy_storage/fake-images/sd15_fp4_p66_seed189.png,fake,0.7511065602302551,0.0619359016418457
sd15_fp4,R50_TF,/media/SSD_4TB/crispy_storage/fake-images/sd15_fp4_p66_seed189.png,fake,0.5416,0.144
sd15_fp4,NPR,/media/SSD_4TB/crispy_storage/fake-images/sd15_fp4_p66_seed189.png,real,1.9583672791062545e-12,0.09276556968688965
sd3_fp8,CLIP-D,/media/SSD_4TB/crispy_storage/fake-images/sd3_fp8_p60_seed183.png,fake,0.666951060295105,0.06104636192321777
sd3_fp8,R50_TF,/media/SSD_4TB/crispy_storage/fake-images/sd3_fp8_p60_seed183.png,real,0.4442,0.179
sd3_fp8,NPR,/media/SSD_4TB/crispy_storage/fake-images/sd3_fp8_p60_seed183.png,fake,0.9943221807479858,0.09165668487548828
sd15_fp4,CLIP-D,/media/SSD_4TB/crispy_storage/fake-images/sd15_fp4_p18_seed141.png,fake,0.9580894708633423,0.060547590255737305
sd15_fp4,R50_TF,/media/SSD_4TB/crispy_storage/fake-images/sd15_fp4_p18_seed141.png,real,0.4644,0.143
sd15_fp4,NPR,/media/SSD_4TB/crispy_storage/fake-images/sd15_fp4_p18_seed141.png,real,0.15838800370693207,0.09388208389282227
sdxl_fp16,CLIP-D,/media/SSD_4TB/crispy_storage/fake-images/sdxl_fp16_p5_seed128.png,fake,0.9979429841041565,0.060936689376831055
sdxl_fp16,R50_TF,/media/SSD_4TB/crispy_storage/fake-images/sdxl_fp16_p5_seed128.png,fake,0.6525,0.18
sdxl_fp16,NPR,/media/SSD_4TB/crispy_storage/fake-images/sdxl_fp16_p5_seed128.png,fake,0.9890720844268799,0.09065961837768555
pg25_fp8,CLIP-D,/media/SSD_4TB/crispy_storage/fake-images/pg25_fp8_p10_seed133.png,fake,0.9802221655845642,0.06153225898742676
pg25_fp8,R50_TF,/media/SSD_4TB/crispy_storage/fake-images/pg25_fp8_p10_seed133.png,fake,0.6126,0.176
pg25_fp8,NPR,/media/SSD_4TB/crispy_storage/fake-images/pg25_fp8_p10_seed133.png,fake,1.0,0.09167313575744629
sdxl_fp8,CLIP-D,/media/SSD_4TB/crispy_storage/fake-images/sdxl_fp8_p32_seed155.png,fake,0.997734546661377,0.06177687644958496
sdxl_fp8,R50_TF,/media/SSD_4TB/crispy_storage/fake-images/sdxl_fp8_p32_seed155.png,fake,0.5968,0.173
sdxl_fp8,NPR,/media/SSD_4TB/crispy_storage/fake-images/sdxl_fp8_p32_seed155.png,fake,0.9999350309371948,0.09113669395446777
sd15_fp16,CLIP-D,/media/SSD_4TB/crispy_storage/fake-images/sd15_fp16_p32_seed155.png,real,0.3381165564060211,0.06125831604003906
sd15_fp16,R50_TF,/media/SSD_4TB/crispy_storage/fake-images/sd15_fp16_p32_seed155.png,real,0.435,0.145
sd15_fp16,NPR,/media/SSD_4TB/crispy_storage/fake-images/sd15_fp16_p32_seed155.png,real,0.0016525144455954432,0.0916140079498291
sdxl_fp4,CLIP-D,/media/SSD_4TB/crispy_storage/fake-images/sdxl_fp4_p41_seed164.png,fake,0.851823091506958,0.06225943565368652
sdxl_fp4,R50_TF,/media/SSD_4TB/crispy_storage/fake-images/sdxl_fp4_p41_seed164.png,fake,0.5589,0.183
sdxl_fp4,NPR,/media/SSD_4TB/crispy_storage/fake-images/sdxl_fp4_p41_seed164.png,fake,0.9993804693222046,0.09222054481506348
sd3_fp4,CLIP-D,/media/SSD_4TB/crispy_storage/fake-images/sd3_fp4_p66_seed189.png,fake,0.9573849439620972,0.059960365295410156
sd3_fp4,R50_TF,/media/SSD_4TB/crispy_storage/fake-images/sd3_fp4_p66_seed189.png,real,0.4228,0.176
sd3_fp4,NPR,/media/SSD_4TB/crispy_storage/fake-images/sd3_fp4_p66_seed189.png,real,0.029001737013459206,0.0924983024597168
sdxl_fp16,CLIP-D,/media/SSD_4TB/crispy_storage/fake-images/sdxl_fp16_p26_seed149.png,fake,0.964500367641449,0.060428619384765625
sdxl_fp16,R50_TF,/media/SSD_4TB/crispy_storage/fake-images/sdxl_fp16_p26_seed149.png,fake,0.605,0.174
sdxl_fp16,NPR,/media/SSD_4TB/crispy_storage/fake-images/sdxl_fp16_p26_seed149.png,fake,0.9999805688858032,0.09161067008972168
z-image_fp8,CLIP-D,/media/SSD_4TB/crispy_storage/fake-images/z-image_fp8_p26_seed149.png,fake,0.9917962551116943,0.06113576889038086
z-image_fp8,R50_TF,/media/SSD_4TB/crispy_storage/fake-images/z-image_fp8_p26_seed149.png,fake,0.6072,0.182
z-image_fp8,NPR,/media/SSD_4TB/crispy_storage/fake-images/z-image_fp8_p26_seed149.png,fake,0.8963049650192261,0.0923466682434082
sd15_fp16,CLIP-D,/media/SSD_4TB/crispy_storage/fake-images/sd15_fp16_p42_seed165.png,real,0.174562007188797,0.06109333038330078
sd15_fp16,R50_TF,/media/SSD_4TB/crispy_storage/fake-images/sd15_fp16_p42_seed165.png,real,0.4301,0.147
sd15_fp16,NPR,/media/SSD_4TB/crispy_storage/fake-images/sd15_fp16_p42_seed165.png,real,6.511346128945661e-08,0.09053921699523926
sd35_fp16,CLIP-D,/media/SSD_4TB/crispy_storage/fake-images/sd35_fp16_p91_seed214.png,fake,0.7393069267272949,0.06421828269958496
sd35_fp16,R50_TF,/media/SSD_4TB/crispy_storage/fake-images/sd35_fp16_p91_seed214.png,fake,0.5484,0.172
sd35_fp16,NPR,/media/SSD_4TB/crispy_storage/fake-images/sd35_fp16_p91_seed214.png,fake,0.9568044543266296,0.08906888961791992
sd35_fp8,CLIP-D,/media/SSD_4TB/crispy_storage/fake-images/sd35_fp8_p21_seed144.png,fake,0.9923757910728455,0.06193804740905762
sd35_fp8,R50_TF,/media/SSD_4TB/crispy_storage/fake-images/sd35_fp8_p21_seed144.png,real,0.3466,0.176
sd35_fp8,NPR,/media/SSD_4TB/crispy_storage/fake-images/sd35_fp8_p21_seed144.png,fake,0.7933834791183472,0.0911107063293457
sdxl_fp16,CLIP-D,/media/SSD_4TB/crispy_storage/fake-images/sdxl_fp16_p12_seed135.png,fake,0.9995286464691162,0.05991411209106445
sdxl_fp16,R50_TF,/media/SSD_4TB/crispy_storage/fake-images/sdxl_fp16_p12_seed135.png,fake,0.5864,0.173
sdxl_fp16,NPR,/media/SSD_4TB/crispy_storage/fake-images/sdxl_fp16_p12_seed135.png,fake,1.0,0.09064388275146484
sdxl_fp8,CLIP-D,/media/SSD_4TB/crispy_storage/fake-images/sdxl_fp8_p50_seed173.png,fake,0.9954792261123657,0.06117129325866699
sdxl_fp8,R50_TF,/media/SSD_4TB/crispy_storage/fake-images/sdxl_fp8_p50_seed173.png,fake,0.578,0.18
sdxl_fp8,NPR,/media/SSD_4TB/crispy_storage/fake-images/sdxl_fp8_p50_seed173.png,fake,0.9999830722808838,0.09074735641479492
pg25_fp4,CLIP-D,/media/SSD_4TB/crispy_storage/fake-images/pg25_fp4_p69_seed192.png,fake,0.9953742623329163,0.06247973442077637
pg25_fp4,R50_TF,/media/SSD_4TB/crispy_storage/fake-images/pg25_fp4_p69_seed192.png,fake,0.5521,0.173
pg25_fp4,NPR,/media/SSD_4TB/crispy_storage/fake-images/pg25_fp4_p69_seed192.png,fake,0.5375460386276245,0.09164094924926758
z-image_fp16,CLIP-D,/media/SSD_4TB/crispy_storage/fake-images/z-image_fp16_p53_seed176.png,fake,0.935766339302063,0.0608065128326416
z-image_fp16,R50_TF,/media/SSD_4TB/crispy_storage/fake-images/z-image_fp16_p53_seed176.png,real,0.4284,0.175
z-image_fp16,NPR,/media/SSD_4TB/crispy_storage/fake-images/z-image_fp16_p53_seed176.png,real,0.013073245994746685,0.08906412124633789
sd3_fp16,CLIP-D,/media/SSD_4TB/crispy_storage/fake-images/sd3_fp16_p42_seed165.png,fake,0.9423328042030334,0.060921669006347656
sd3_fp16,R50_TF,/media/SSD_4TB/crispy_storage/fake-images/sd3_fp16_p42_seed165.png,real,0.4719,0.18
sd3_fp16,NPR,/media/SSD_4TB/crispy_storage/fake-images/sd3_fp16_p42_seed165.png,fake,0.9372726678848267,0.09082818031311035
sd35_fp4,CLIP-D,/media/SSD_4TB/crispy_storage/fake-images/sd35_fp4_p53_seed176.png,fake,0.8772884011268616,0.06145739555358887
sd35_fp4,R50_TF,/media/SSD_4TB/crispy_storage/fake-images/sd35_fp4_p53_seed176.png,real,0.4317,0.18
sd35_fp4,NPR,/media/SSD_4TB/crispy_storage/fake-images/sd35_fp4_p53_seed176.png,fake,0.9618779420852661,0.09131741523742676
sd35_fp8,CLIP-D,/media/SSD_4TB/crispy_storage/fake-images/sd35_fp8_p7_seed130.png,fake,0.9885870814323425,0.06132984161376953
sd35_fp8,R50_TF,/media/SSD_4TB/crispy_storage/fake-images/sd35_fp8_p7_seed130.png,fake,0.6323,0.182
sd35_fp8,NPR,/media/SSD_4TB/crispy_storage/fake-images/sd35_fp8_p7_seed130.png,fake,0.9999957084655762,0.09100341796875
sd35_fp8,CLIP-D,/media/SSD_4TB/crispy_storage/fake-images/sd35_fp8_p65_seed188.png,real,0.018000857904553413,0.0605471134185791
sd35_fp8,R50_TF,/media/SSD_4TB/crispy_storage/fake-images/sd35_fp8_p65_seed188.png,real,0.4121,0.18
sd35_fp8,NPR,/media/SSD_4TB/crispy_storage/fake-images/sd35_fp8_p65_seed188.png,real,1.8159633327741176e-05,0.09157419204711914
sd35_fp16,CLIP-D,/media/SSD_4TB/crispy_storage/fake-images/sd35_fp16_p95_seed218.png,fake,0.9842700958251953,0.06128740310668945
sd35_fp16,R50_TF,/media/SSD_4TB/crispy_storage/fake-images/sd35_fp16_p95_seed218.png,real,0.446,0.174
sd35_fp16,NPR,/media/SSD_4TB/crispy_storage/fake-images/sd35_fp16_p95_seed218.png,real,0.00011930004257010296,0.09275603294372559
sd3_fp8,CLIP-D,/media/SSD_4TB/crispy_storage/fake-images/sd3_fp8_p98_seed221.png,fake,0.5057997703552246,0.06120872497558594
sd3_fp8,R50_TF,/media/SSD_4TB/crispy_storage/fake-images/sd3_fp8_p98_seed221.png,real,0.4431,0.179
sd3_fp8,NPR,/media/SSD_4TB/crispy_storage/fake-images/sd3_fp8_p98_seed221.png,fake,0.9963709115982056,0.09209513664245605
sdxl_fp4,CLIP-D,/media/SSD_4TB/crispy_storage/fake-images/sdxl_fp4_p21_seed144.png,fake,0.9899433851242065,0.06250357627868652
sdxl_fp4,R50_TF,/media/SSD_4TB/crispy_storage/fake-images/sdxl_fp4_p21_seed144.png,fake,0.6269,0.174
sdxl_fp4,NPR,/media/SSD_4TB/crispy_storage/fake-images/sdxl_fp4_p21_seed144.png,fake,0.9947577118873596,0.09201741218566895
z-image_fp8,CLIP-D,/media/SSD_4TB/crispy_storage/fake-images/z-image_fp8_p18_seed141.png,fake,0.8278103470802307,0.06095290184020996
z-image_fp8,R50_TF,/media/SSD_4TB/crispy_storage/fake-images/z-image_fp8_p18_seed141.png,real,0.4128,0.186
z-image_fp8,NPR,/media/SSD_4TB/crispy_storage/fake-images/z-image_fp8_p18_seed141.png,real,0.006909529212862253,0.08813285827636719
sd3_fp16,CLIP-D,/media/SSD_4TB/crispy_storage/fake-images/sd3_fp16_p6_seed129.png,real,0.16953329741954803,0.06096220016479492
sd3_fp16,R50_TF,/media/SSD_4TB/crispy_storage/fake-images/sd3_fp16_p6_seed129.png,real,0.4224,0.172
sd3_fp16,NPR,/media/SSD_4TB/crispy_storage/fake-images/sd3_fp16_p6_seed129.png,real,0.0950784832239151,0.08766293525695801
sd3_fp4,CLIP-D,/media/SSD_4TB/crispy_storage/fake-images/sd3_fp4_p33_seed156.png,fake,0.8178883194923401,0.060896873474121094
sd3_fp4,R50_TF,/media/SSD_4TB/crispy_storage/fake-images/sd3_fp4_p33_seed156.png,fake,0.5591,0.172
sd3_fp4,NPR,/media/SSD_4TB/crispy_storage/fake-images/sd3_fp4_p33_seed156.png,fake,0.9296619296073914,0.09074020385742188
sd15_fp8,CLIP-D,/media/SSD_4TB/crispy_storage/fake-images/sd15_fp8_p87_seed210.png,fake,0.956990122795105,0.06082463264465332
sd15_fp8,R50_TF,/media/SSD_4TB/crispy_storage/fake-images/sd15_fp8_p87_seed210.png,fake,0.5726,0.14
sd15_fp8,NPR,/media/SSD_4TB/crispy_storage/fake-images/sd15_fp8_p87_seed210.png,fake,0.6694234609603882,0.09169197082519531
sd3_fp16,CLIP-D,/media/SSD_4TB/crispy_storage/fake-images/sd3_fp16_p15_seed138.png,fake,0.9933750033378601,0.0619969367980957
sd3_fp16,R50_TF,/media/SSD_4TB/crispy_storage/fake-images/sd3_fp16_p15_seed138.png,real,0.4058,0.175
sd3_fp16,NPR,/media/SSD_4TB/crispy_storage/fake-images/sd3_fp16_p15_seed138.png,fake,0.7714300155639648,0.09261918067932129
sdxl_fp8,CLIP-D,/media/SSD_4TB/crispy_storage/fake-images/sdxl_fp8_p60_seed183.png,fake,0.9877039194107056,0.05986332893371582
sdxl_fp8,R50_TF,/media/SSD_4TB/crispy_storage/fake-images/sdxl_fp8_p60_seed183.png,fake,0.5629,0.178
sdxl_fp8,NPR,/media/SSD_4TB/crispy_storage/fake-images/sdxl_fp8_p60_seed183.png,fake,0.9999884366989136,0.09096479415893555
sd15_fp16,CLIP-D,/media/SSD_4TB/crispy_storage/fake-images/sd15_fp16_p48_seed171.png,fake,0.7020099759101868,0.06110692024230957
sd15_fp16,R50_TF,/media/SSD_4TB/crispy_storage/fake-images/sd15_fp16_p48_seed171.png,real,0.4229,0.141
sd15_fp16,NPR,/media/SSD_4TB/crispy_storage/fake-images/sd15_fp16_p48_seed171.png,real,0.30897143483161926,0.0931234359741211
z-image_fp8,CLIP-D,/media/SSD_4TB/crispy_storage/fake-images/z-image_fp8_p19_seed142.png,fake,0.9544551372528076,0.06114459037780762
z-image_fp8,R50_TF,/media/SSD_4TB/crispy_storage/fake-images/z-image_fp8_p19_seed142.png,fake,0.5689,0.181
z-image_fp8,NPR,/media/SSD_4TB/crispy_storage/fake-images/z-image_fp8_p19_seed142.png,real,0.0023763244971632957,0.09175395965576172
pg25_fp4,CLIP-D,/media/SSD_4TB/crispy_storage/fake-images/pg25_fp4_p7_seed130.png,fake,0.9994619488716125,0.06125164031982422
pg25_fp4,R50_TF,/media/SSD_4TB/crispy_storage/fake-images/pg25_fp4_p7_seed130.png,fake,0.5519,0.178
pg25_fp4,NPR,/media/SSD_4TB/crispy_storage/fake-images/pg25_fp4_p7_seed130.png,fake,0.7577957510948181,0.08930444717407227
z-image_fp16,CLIP-D,/media/SSD_4TB/crispy_storage/fake-images/z-image_fp16_p67_seed190.png,fake,0.9751244783401489,0.06052827835083008
z-image_fp16,R50_TF,/media/SSD_4TB/crispy_storage/fake-images/z-image_fp16_p67_seed190.png,fake,0.5412,0.174
z-image_fp16,NPR,/media/SSD_4TB/crispy_storage/fake-images/z-image_fp16_p67_seed190.png,fake,0.957622230052948,0.09250187873840332
sd3_fp8,CLIP-D,/media/SSD_4TB/crispy_storage/fake-images/sd3_fp8_p12_seed135.png,fake,0.99003005027771,0.06312942504882812
sd3_fp8,R50_TF,/media/SSD_4TB/crispy_storage/fake-images/sd3_fp8_p12_seed135.png,fake,0.5452,0.176
sd3_fp8,NPR,/media/SSD_4TB/crispy_storage/fake-images/sd3_fp8_p12_seed135.png,fake,0.989262044429779,0.09153318405151367
sd3_fp16,CLIP-D,/media/SSD_4TB/crispy_storage/fake-images/sd3_fp16_p30_seed153.png,real,0.022121617570519447,0.06245994567871094
sd3_fp16,R50_TF,/media/SSD_4TB/crispy_storage/fake-images/sd3_fp16_p30_seed153.png,real,0.4185,0.183
sd3_fp16,NPR,/media/SSD_4TB/crispy_storage/fake-images/sd3_fp16_p30_seed153.png,real,0.0010875206207856536,0.09133648872375488
sd15_fp4,CLIP-D,/media/SSD_4TB/crispy_storage/fake-images/sd15_fp4_p83_seed206.png,fake,0.9070500135421753,0.06257390975952148
sd15_fp4,R50_TF,/media/SSD_4TB/crispy_storage/fake-images/sd15_fp4_p83_seed206.png,fake,0.5683,0.147
sd15_fp4,NPR,/media/SSD_4TB/crispy_storage/fake-images/sd15_fp4_p83_seed206.png,real,0.0006753364577889442,0.09320402145385742
sd35_fp16,CLIP-D,/media/SSD_4TB/crispy_storage/fake-images/sd35_fp16_p57_seed180.png,fake,0.9705451130867004,0.06105446815490723
sd35_fp16,R50_TF,/media/SSD_4TB/crispy_storage/fake-images/sd35_fp16_p57_seed180.png,fake,0.6409,0.181
sd35_fp16,NPR,/media/SSD_4TB/crispy_storage/fake-images/sd35_fp16_p57_seed180.png,fake,0.9995887875556946,0.09169673919677734
sdxl_fp4,CLIP-D,/media/SSD_4TB/crispy_storage/fake-images/sdxl_fp4_p44_seed167.png,fake,0.9967924952507019,0.06092715263366699
sdxl_fp4,R50_TF,/media/SSD_4TB/crispy_storage/fake-images/sdxl_fp4_p44_seed167.png,fake,0.5743,0.179
sdxl_fp4,NPR,/media/SSD_4TB/crispy_storage/fake-images/sdxl_fp4_p44_seed167.png,fake,1.0,0.08742094039916992
sd3_fp8,CLIP-D,/media/SSD_4TB/crispy_storage/fake-images/sd3_fp8_p84_seed207.png,fake,0.9717082977294922,0.06029558181762695
sd3_fp8,R50_TF,/media/SSD_4TB/crispy_storage/fake-images/sd3_fp8_p84_seed207.png,real,0.42,0.173
sd3_fp8,NPR,/media/SSD_4TB/crispy_storage/fake-images/sd3_fp8_p84_seed207.png,fake,0.9857465028762817,0.09049081802368164
sdxl_fp8,CLIP-D,/media/SSD_4TB/crispy_storage/fake-images/sdxl_fp8_p67_seed190.png,fake,0.9897224307060242,0.059274911880493164
sdxl_fp8,R50_TF,/media/SSD_4TB/crispy_storage/fake-images/sdxl_fp8_p67_seed190.png,fake,0.5637,0.179
sdxl_fp8,NPR,/media/SSD_4TB/crispy_storage/fake-images/sdxl_fp8_p67_seed190.png,fake,0.9979169964790344,0.08967447280883789
sd3_fp16,CLIP-D,/media/SSD_4TB/crispy_storage/fake-images/sd3_fp16_p74_seed197.png,real,0.4772534668445587,0.0610353946685791
sd3_fp16,R50_TF,/media/SSD_4TB/crispy_storage/fake-images/sd3_fp16_p74_seed197.png,real,0.4588,0.176
sd3_fp16,NPR,/media/SSD_4TB/crispy_storage/fake-images/sd3_fp16_p74_seed197.png,real,0.0001299547147937119,0.09119987487792969
sd3_fp4,CLIP-D,/media/SSD_4TB/crispy_storage/fake-images/sd3_fp4_p56_seed179.png,real,0.366414338350296,0.06194925308227539
sd3_fp4,R50_TF,/media/SSD_4TB/crispy_storage/fake-images/sd3_fp4_p56_seed179.png,real,0.4233,0.181
sd3_fp4,NPR,/media/SSD_4TB/crispy_storage/fake-images/sd3_fp4_p56_seed179.png,real,0.0027667535468935966,0.09259510040283203
sdxl_fp16,CLIP-D,/media/SSD_4TB/crispy_storage/fake-images/sdxl_fp16_p8_seed131.png,fake,0.7813509702682495,0.06185150146484375
sdxl_fp16,R50_TF,/media/SSD_4TB/crispy_storage/fake-images/sdxl_fp16_p8_seed131.png,fake,0.5651,0.18
sdxl_fp16,NPR,/media/SSD_4TB/crispy_storage/fake-images/sdxl_fp16_p8_seed131.png,fake,0.9961022138595581,0.08985590934753418
sdxl_fp16,CLIP-D,/media/SSD_4TB/crispy_storage/fake-images/sdxl_fp16_p27_seed150.png,fake,0.9810872673988342,0.062497615814208984
sdxl_fp16,R50_TF,/media/SSD_4TB/crispy_storage/fake-images/sdxl_fp16_p27_seed150.png,fake,0.5938,0.175
sdxl_fp16,NPR,/media/SSD_4TB/crispy_storage/fake-images/sdxl_fp16_p27_seed150.png,fake,1.0,0.08851408958435059
z-image_fp16,CLIP-D,/media/SSD_4TB/crispy_storage/fake-images/z-image_fp16_p62_seed185.png,fake,0.9802742004394531,0.06097078323364258
z-image_fp16,R50_TF,/media/SSD_4TB/crispy_storage/fake-images/z-image_fp16_p62_seed185.png,fake,0.5643,0.179
z-image_fp16,NPR,/media/SSD_4TB/crispy_storage/fake-images/z-image_fp16_p62_seed185.png,fake,0.999937891960144,0.09083938598632812
sd3_fp16,CLIP-D,/media/SSD_4TB/crispy_storage/fake-images/sd3_fp16_p1_seed124.png,fake,0.9984356760978699,0.06101846694946289
sd3_fp16,R50_TF,/media/SSD_4TB/crispy_storage/fake-images/sd3_fp16_p1_seed124.png,fake,0.6476,0.171
sd3_fp16,NPR,/media/SSD_4TB/crispy_storage/fake-images/sd3_fp16_p1_seed124.png,fake,1.0,0.09089803695678711
sd15_fp8,CLIP-D,/media/SSD_4TB/crispy_storage/fake-images/sd15_fp8_p41_seed164.png,fake,0.6317759156227112,0.06263089179992676
sd15_fp8,R50_TF,/media/SSD_4TB/crispy_storage/fake-images/sd15_fp8_p41_seed164.png,fake,0.5712,0.141
sd15_fp8,NPR,/media/SSD_4TB/crispy_storage/fake-images/sd15_fp8_p41_seed164.png,fake,0.9985764026641846,0.09218454360961914
sd35_fp8,CLIP-D,/media/SSD_4TB/crispy_storage/fake-images/sd35_fp8_p25_seed148.png,fake,0.998819887638092,0.06149482727050781
sd35_fp8,R50_TF,/media/SSD_4TB/crispy_storage/fake-images/sd35_fp8_p25_seed148.png,fake,0.5975,0.183
sd35_fp8,NPR,/media/SSD_4TB/crispy_storage/fake-images/sd35_fp8_p25_seed148.png,fake,0.9956722259521484,0.09217166900634766
z-image_fp8,CLIP-D,/media/SSD_4TB/crispy_storage/fake-images/z-image_fp8_p14_seed137.png,real,0.08938952535390854,0.06096768379211426
z-image_fp8,R50_TF,/media/SSD_4TB/crispy_storage/fake-images/z-image_fp8_p14_seed137.png,real,0.4191,0.179
z-image_fp8,NPR,/media/SSD_4TB/crispy_storage/fake-images/z-image_fp8_p14_seed137.png,real,0.1915709525346756,0.08971953392028809
sdxl_fp8,CLIP-D,/media/SSD_4TB/crispy_storage/fake-images/sdxl_fp8_p0_seed123.png,fake,0.9988265633583069,0.06257772445678711
sdxl_fp8,R50_TF,/media/SSD_4TB/crispy_storage/fake-images/sdxl_fp8_p0_seed123.png,fake,0.6003,0.178
sdxl_fp8,NPR,/media/SSD_4TB/crispy_storage/fake-images/sdxl_fp8_p0_seed123.png,fake,0.9999345541000366,0.09350013732910156
sd15_fp8,CLIP-D,/media/SSD_4TB/crispy_storage/fake-images/sd15_fp8_p43_seed166.png,fake,0.9491381049156189,0.06124758720397949
sd15_fp8,R50_TF,/media/SSD_4TB/crispy_storage/fake-images/sd15_fp8_p43_seed166.png,fake,0.5928,0.143
sd15_fp8,NPR,/media/SSD_4TB/crispy_storage/fake-images/sd15_fp8_p43_seed166.png,fake,0.9963713884353638,0.09232783317565918
sd35_fp4,CLIP-D,/media/SSD_4TB/crispy_storage/fake-images/sd35_fp4_p68_seed191.png,fake,0.9938841462135315,0.059828758239746094
sd35_fp4,R50_TF,/media/SSD_4TB/crispy_storage/fake-images/sd35_fp4_p68_seed191.png,fake,0.6178,0.178
sd35_fp4,NPR,/media/SSD_4TB/crispy_storage/fake-images/sd35_fp4_p68_seed191.png,fake,0.7029622793197632,0.09192800521850586
sd3_fp8,CLIP-D,/media/SSD_4TB/crispy_storage/fake-images/sd3_fp8_p27_seed150.png,real,0.41958749294281006,0.06344366073608398
sd3_fp8,R50_TF,/media/SSD_4TB/crispy_storage/fake-images/sd3_fp8_p27_seed150.png,real,0.4614,0.18
sd3_fp8,NPR,/media/SSD_4TB/crispy_storage/fake-images/sd3_fp8_p27_seed150.png,real,0.018620377406477928,0.09041070938110352
sd15_fp4,CLIP-D,/media/SSD_4TB/crispy_storage/fake-images/sd15_fp4_p97_seed220.png,fake,0.9726271629333496,0.06097698211669922
sd15_fp4,R50_TF,/media/SSD_4TB/crispy_storage/fake-images/sd15_fp4_p97_seed220.png,fake,0.6147,0.144
sd15_fp4,NPR,/media/SSD_4TB/crispy_storage/fake-images/sd15_fp4_p97_seed220.png,real,0.10805494338274002,0.09142637252807617
sd15_fp8,CLIP-D,/media/SSD_4TB/crispy_storage/fake-images/sd15_fp8_p34_seed157.png,fake,0.9914752244949341,0.06120562553405762
sd15_fp8,R50_TF,/media/SSD_4TB/crispy_storage/fake-images/sd15_fp8_p34_seed157.png,real,0.4096,0.144
sd15_fp8,NPR,/media/SSD_4TB/crispy_storage/fake-images/sd15_fp8_p34_seed157.png,real,0.22898931801319122,0.09155488014221191
sd35_fp16,CLIP-D,/media/SSD_4TB/crispy_storage/fake-images/sd35_fp16_p66_seed189.png,fake,0.7565094232559204,0.06006979942321777
sd35_fp16,R50_TF,/media/SSD_4TB/crispy_storage/fake-images/sd35_fp16_p66_seed189.png,fake,0.5741,0.174
sd35_fp16,NPR,/media/SSD_4TB/crispy_storage/fake-images/sd35_fp16_p66_seed189.png,fake,0.9996466636657715,0.08921313285827637
sd35_fp16,CLIP-D,/media/SSD_4TB/crispy_storage/fake-images/sd35_fp16_p86_seed209.png,fake,0.9686945676803589,0.060898780822753906
sd35_fp16,R50_TF,/media/SSD_4TB/crispy_storage/fake-images/sd35_fp16_p86_seed209.png,fake,0.6155,0.179
sd35_fp16,NPR,/media/SSD_4TB/crispy_storage/fake-images/sd35_fp16_p86_seed209.png,fake,0.9712382555007935,0.09103178977966309
sdxl_fp16,CLIP-D,/media/SSD_4TB/crispy_storage/fake-images/sdxl_fp16_p33_seed156.png,fake,0.9313239455223083,0.06120181083679199
sdxl_fp16,R50_TF,/media/SSD_4TB/crispy_storage/fake-images/sdxl_fp16_p33_seed156.png,fake,0.5836,0.181
sdxl_fp16,NPR,/media/SSD_4TB/crispy_storage/fake-images/sdxl_fp16_p33_seed156.png,fake,0.9997417330741882,0.09248161315917969
sd3_fp8,CLIP-D,/media/SSD_4TB/crispy_storage/fake-images/sd3_fp8_p5_seed128.png,fake,0.9997379183769226,0.06235480308532715
sd3_fp8,R50_TF,/media/SSD_4TB/crispy_storage/fake-images/sd3_fp8_p5_seed128.png,fake,0.5586,0.176
sd3_fp8,NPR,/media/SSD_4TB/crispy_storage/fake-images/sd3_fp8_p5_seed128.png,real,0.01566913351416588,0.08982205390930176
sd15_fp8,CLIP-D,/media/SSD_4TB/crispy_storage/fake-images/sd15_fp8_p21_seed144.png,fake,0.9952213168144226,0.06156039237976074
sd15_fp8,R50_TF,/media/SSD_4TB/crispy_storage/fake-images/sd15_fp8_p21_seed144.png,fake,0.5852,0.14
sd15_fp8,NPR,/media/SSD_4TB/crispy_storage/fake-images/sd15_fp8_p21_seed144.png,fake,0.9995759129524231,0.09072566032409668
sdxl_fp4,CLIP-D,/media/SSD_4TB/crispy_storage/fake-images/sdxl_fp4_p60_seed183.png,fake,0.965035617351532,0.06127500534057617
sdxl_fp4,R50_TF,/media/SSD_4TB/crispy_storage/fake-images/sdxl_fp4_p60_seed183.png,fake,0.5632,0.179
sdxl_fp4,NPR,/media/SSD_4TB/crispy_storage/fake-images/sdxl_fp4_p60_seed183.png,fake,0.9999997615814209,0.09120512008666992
pg25_fp16,CLIP-D,/media/SSD_4TB/crispy_storage/fake-images/pg25_fp16_p13_seed136.png,fake,0.9657787084579468,0.061090707778930664
pg25_fp16,R50_TF,/media/SSD_4TB/crispy_storage/fake-images/pg25_fp16_p13_seed136.png,fake,0.594,0.176
pg25_fp16,NPR,/media/SSD_4TB/crispy_storage/fake-images/pg25_fp16_p13_seed136.png,fake,0.9999833106994629,0.09126019477844238
sd15_fp8,CLIP-D,/media/SSD_4TB/crispy_storage/fake-images/sd15_fp8_p44_seed167.png,fake,0.9912964105606079,0.060105323791503906
sd15_fp8,R50_TF,/media/SSD_4TB/crispy_storage/fake-images/sd15_fp8_p44_seed167.png,fake,0.5534,0.138
sd15_fp8,NPR,/media/SSD_4TB/crispy_storage/fake-images/sd15_fp8_p44_seed167.png,real,0.00031029616366140544,0.08955144882202148
sd15_fp16,CLIP-D,/media/SSD_4TB/crispy_storage/fake-images/sd15_fp16_p5_seed128.png,fake,0.9915801882743835,0.059645652770996094
sd15_fp16,R50_TF,/media/SSD_4TB/crispy_storage/fake-images/sd15_fp16_p5_seed128.png,fake,0.6382,0.141
sd15_fp16,NPR,/media/SSD_4TB/crispy_storage/fake-images/sd15_fp16_p5_seed128.png,real,0.006915472913533449,0.08898258209228516
sd3_fp8,CLIP-D,/media/SSD_4TB/crispy_storage/fake-images/sd3_fp8_p48_seed171.png,real,0.07264607399702072,0.06264638900756836
sd3_fp8,R50_TF,/media/SSD_4TB/crispy_storage/fake-images/sd3_fp8_p48_seed171.png,fake,0.5747,0.175
sd3_fp8,NPR,/media/SSD_4TB/crispy_storage/fake-images/sd3_fp8_p48_seed171.png,real,0.0013100410578772426,0.09033060073852539
sd3_fp16,CLIP-D,/media/SSD_4TB/crispy_storage/fake-images/sd3_fp16_p21_seed144.png,fake,0.9939416646957397,0.06182408332824707
sd3_fp16,R50_TF,/media/SSD_4TB/crispy_storage/fake-images/sd3_fp16_p21_seed144.png,real,0.3522,0.179
sd3_fp16,NPR,/media/SSD_4TB/crispy_storage/fake-images/sd3_fp16_p21_seed144.png,fake,0.9999221563339233,0.09058523178100586
sd15_fp4,CLIP-D,/media/SSD_4TB/crispy_storage/fake-images/sd15_fp4_p14_seed137.png,fake,0.9222499132156372,0.059920310974121094
sd15_fp4,R50_TF,/media/SSD_4TB/crispy_storage/fake-images/sd15_fp4_p14_seed137.png,fake,0.6193,0.144
sd15_fp4,NPR,/media/SSD_4TB/crispy_storage/fake-images/sd15_fp4_p14_seed137.png,real,0.0010696005774661899,0.09153199195861816
sd35_fp16,CLIP-D,/media/SSD_4TB/crispy_storage/fake-images/sd35_fp16_p53_seed176.png,fake,0.9654174447059631,0.060797691345214844
sd35_fp16,R50_TF,/media/SSD_4TB/crispy_storage/fake-images/sd35_fp16_p53_seed176.png,real,0.4359,0.173
sd35_fp16,NPR,/media/SSD_4TB/crispy_storage/fake-images/sd35_fp16_p53_seed176.png,real,0.405424565076828,0.08618617057800293
sd3_fp8,CLIP-D,/media/SSD_4TB/crispy_storage/fake-images/sd3_fp8_p82_seed205.png,fake,0.9898743629455566,0.06076955795288086
sd3_fp8,R50_TF,/media/SSD_4TB/crispy_storage/fake-images/sd3_fp8_p82_seed205.png,real,0.4681,0.18
sd3_fp8,NPR,/media/SSD_4TB/crispy_storage/fake-images/sd3_fp8_p82_seed205.png,fake,0.9975882768630981,0.09134173393249512
sd15_fp16,CLIP-D,/media/SSD_4TB/crispy_storage/fake-images/sd15_fp16_p96_seed219.png,fake,0.9936750531196594,0.06092548370361328
sd15_fp16,R50_TF,/media/SSD_4TB/crispy_storage/fake-images/sd15_fp16_p96_seed219.png,fake,0.594,0.142
sd15_fp16,NPR,/media/SSD_4TB/crispy_storage/fake-images/sd15_fp16_p96_seed219.png,fake,0.9998270869255066,0.0924534797668457
sd15_fp16,CLIP-D,/media/SSD_4TB/crispy_storage/fake-images/sd15_fp16_p97_seed220.png,fake,0.9912670254707336,0.06206393241882324
sd15_fp16,R50_TF,/media/SSD_4TB/crispy_storage/fake-images/sd15_fp16_p97_seed220.png,fake,0.5871,0.142
sd15_fp16,NPR,/media/SSD_4TB/crispy_storage/fake-images/sd15_fp16_p97_seed220.png,real,0.01800309680402279,0.09299540519714355
pg25_fp8,CLIP-D,/media/SSD_4TB/crispy_storage/fake-images/pg25_fp8_p8_seed131.png,fake,0.966332197189331,0.0607905387878418
pg25_fp8,R50_TF,/media/SSD_4TB/crispy_storage/fake-images/pg25_fp8_p8_seed131.png,fake,0.5947,0.18
pg25_fp8,NPR,/media/SSD_4TB/crispy_storage/fake-images/pg25_fp8_p8_seed131.png,fake,0.9912601113319397,0.09175992012023926
sd35_fp8,CLIP-D,/media/SSD_4TB/crispy_storage/fake-images/sd35_fp8_p19_seed142.png,fake,0.9584106206893921,0.0614163875579834
sd35_fp8,R50_TF,/media/SSD_4TB/crispy_storage/fake-images/sd35_fp8_p19_seed142.png,fake,0.5972,0.177
sd35_fp8,NPR,/media/SSD_4TB/crispy_storage/fake-images/sd35_fp8_p19_seed142.png,real,0.4076431095600128,0.0923299789428711
sd15_fp4,CLIP-D,/media/SSD_4TB/crispy_storage/fake-images/sd15_fp4_p41_seed164.png,fake,0.6617291569709778,0.0633859634399414
sd15_fp4,R50_TF,/media/SSD_4TB/crispy_storage/fake-images/sd15_fp4_p41_seed164.png,fake,0.5561,0.143
sd15_fp4,NPR,/media/SSD_4TB/crispy_storage/fake-images/sd15_fp4_p41_seed164.png,fake,0.8269751667976379,0.08933854103088379
sd35_fp4,CLIP-D,/media/SSD_4TB/crispy_storage/fake-images/sd35_fp4_p26_seed149.png,fake,0.9970017075538635,0.06101799011230469
sd35_fp4,R50_TF,/media/SSD_4TB/crispy_storage/fake-images/sd35_fp4_p26_seed149.png,fake,0.6189,0.181
sd35_fp4,NPR,/media/SSD_4TB/crispy_storage/fake-images/sd35_fp4_p26_seed149.png,fake,0.5161830186843872,0.09093570709228516
sdxl_fp16,CLIP-D,/media/SSD_4TB/crispy_storage/fake-images/sdxl_fp16_p69_seed192.png,fake,0.987242579460144,0.061023712158203125
sdxl_fp16,R50_TF,/media/SSD_4TB/crispy_storage/fake-images/sdxl_fp16_p69_seed192.png,real,0.4143,0.173
sdxl_fp16,NPR,/media/SSD_4TB/crispy_storage/fake-images/sdxl_fp16_p69_seed192.png,fake,0.9989162683486938,0.09258842468261719
sd35_fp4,CLIP-D,/media/SSD_4TB/crispy_storage/fake-images/sd35_fp4_p83_seed206.png,fake,0.7761312127113342,0.0628972053527832
sd35_fp4,R50_TF,/media/SSD_4TB/crispy_storage/fake-images/sd35_fp4_p83_seed206.png,real,0.3978,0.176
sd35_fp4,NPR,/media/SSD_4TB/crispy_storage/fake-images/sd35_fp4_p83_seed206.png,real,6.30081694907858e-06,0.09085965156555176
sd35_fp8,CLIP-D,/media/SSD_4TB/crispy_storage/fake-images/sd35_fp8_p4_seed127.png,real,0.391452431678772,0.060051679611206055
sd35_fp8,R50_TF,/media/SSD_4TB/crispy_storage/fake-images/sd35_fp8_p4_seed127.png,fake,0.5411,0.179
sd35_fp8,NPR,/media/SSD_4TB/crispy_storage/fake-images/sd35_fp8_p4_seed127.png,fake,0.7630068063735962,0.09239459037780762
sd15_fp16,CLIP-D,/media/SSD_4TB/crispy_storage/fake-images/sd15_fp16_p4_seed127.png,fake,0.9040918350219727,0.06234240531921387
sd15_fp16,R50_TF,/media/SSD_4TB/crispy_storage/fake-images/sd15_fp16_p4_seed127.png,fake,0.5527,0.144
sd15_fp16,NPR,/media/SSD_4TB/crispy_storage/fake-images/sd15_fp16_p4_seed127.png,real,0.014775373972952366,0.09396648406982422
z-image_fp16,CLIP-D,/media/SSD_4TB/crispy_storage/fake-images/z-image_fp16_p6_seed129.png,real,0.008216338232159615,0.05964517593383789
z-image_fp16,R50_TF,/media/SSD_4TB/crispy_storage/fake-images/z-image_fp16_p6_seed129.png,real,0.4273,0.179
z-image_fp16,NPR,/media/SSD_4TB/crispy_storage/fake-images/z-image_fp16_p6_seed129.png,real,0.0022824674379080534,0.09144115447998047
z-image_fp16,CLIP-D,/media/SSD_4TB/crispy_storage/fake-images/z-image_fp16_p10_seed133.png,fake,0.942212700843811,0.06108903884887695
z-image_fp16,R50_TF,/media/SSD_4TB/crispy_storage/fake-images/z-image_fp16_p10_seed133.png,fake,0.5907,0.18
z-image_fp16,NPR,/media/SSD_4TB/crispy_storage/fake-images/z-image_fp16_p10_seed133.png,fake,0.6336460113525391,0.0912172794342041
sd3_fp4,CLIP-D,/media/SSD_4TB/crispy_storage/fake-images/sd3_fp4_p10_seed133.png,real,0.21285782754421234,0.06165933609008789
sd3_fp4,R50_TF,/media/SSD_4TB/crispy_storage/fake-images/sd3_fp4_p10_seed133.png,fake,0.6112,0.176
sd3_fp4,NPR,/media/SSD_4TB/crispy_storage/fake-images/sd3_fp4_p10_seed133.png,real,0.0001535751362098381,0.09054350852966309
sdxl_fp16,CLIP-D,/media/SSD_4TB/crispy_storage/fake-images/sdxl_fp16_p22_seed145.png,fake,0.9987655878067017,0.061643123626708984
sdxl_fp16,R50_TF,/media/SSD_4TB/crispy_storage/fake-images/sdxl_fp16_p22_seed145.png,fake,0.5526,0.178
sdxl_fp16,NPR,/media/SSD_4TB/crispy_storage/fake-images/sdxl_fp16_p22_seed145.png,fake,0.8672780990600586,0.08753442764282227
sdxl_fp16,CLIP-D,/media/SSD_4TB/crispy_storage/fake-images/sdxl_fp16_p57_seed180.png,fake,0.9835094809532166,0.06119561195373535
sdxl_fp16,R50_TF,/media/SSD_4TB/crispy_storage/fake-images/sdxl_fp16_p57_seed180.png,fake,0.6133,0.177
sdxl_fp16,NPR,/media/SSD_4TB/crispy_storage/fake-images/sdxl_fp16_p57_seed180.png,fake,0.9999799728393555,0.09116625785827637
sd3_fp4,CLIP-D,/media/SSD_4TB/crispy_storage/fake-images/sd3_fp4_p21_seed144.png,fake,0.9970985651016235,0.05980801582336426
sd3_fp4,R50_TF,/media/SSD_4TB/crispy_storage/fake-images/sd3_fp4_p21_seed144.png,real,0.374,0.183
sd3_fp4,NPR,/media/SSD_4TB/crispy_storage/fake-images/sd3_fp4_p21_seed144.png,fake,0.9999836683273315,0.09130620956420898
pg25_fp16,CLIP-D,/media/SSD_4TB/crispy_storage/fake-images/pg25_fp16_p60_seed183.png,fake,0.9328532218933105,0.06237196922302246
pg25_fp16,R50_TF,/media/SSD_4TB/crispy_storage/fake-images/pg25_fp16_p60_seed183.png,fake,0.5608,0.178
pg25_fp16,NPR,/media/SSD_4TB/crispy_storage/fake-images/pg25_fp16_p60_seed183.png,fake,0.9995790123939514,0.09160876274108887
sd35_fp16,CLIP-D,/media/SSD_4TB/crispy_storage/fake-images/sd35_fp16_p12_seed135.png,fake,0.9972050786018372,0.06310296058654785
sd35_fp16,R50_TF,/media/SSD_4TB/crispy_storage/fake-images/sd35_fp16_p12_seed135.png,fake,0.5527,0.176
sd35_fp16,NPR,/media/SSD_4TB/crispy_storage/fake-images/sd35_fp16_p12_seed135.png,fake,0.755184531211853,0.0923299789428711
pg25_fp4,CLIP-D,/media/SSD_4TB/crispy_storage/fake-images/pg25_fp4_p12_seed135.png,fake,0.9948464632034302,0.06168508529663086
pg25_fp4,R50_TF,/media/SSD_4TB/crispy_storage/fake-images/pg25_fp4_p12_seed135.png,fake,0.5576,0.176
pg25_fp4,NPR,/media/SSD_4TB/crispy_storage/fake-images/pg25_fp4_p12_seed135.png,fake,0.9988479614257812,0.09114503860473633
sd35_fp16,CLIP-D,/media/SSD_4TB/crispy_storage/fake-images/sd35_fp16_p15_seed138.png,fake,0.9897484183311462,0.06151914596557617
sd35_fp16,R50_TF,/media/SSD_4TB/crispy_storage/fake-images/sd35_fp16_p15_seed138.png,real,0.4267,0.173
sd35_fp16,NPR,/media/SSD_4TB/crispy_storage/fake-images/sd35_fp16_p15_seed138.png,fake,0.996514618396759,0.08850431442260742
z-image_fp8,CLIP-D,/media/SSD_4TB/crispy_storage/fake-images/z-image_fp8_p1_seed124.png,fake,0.9996380805969238,0.06243729591369629
z-image_fp8,R50_TF,/media/SSD_4TB/crispy_storage/fake-images/z-image_fp8_p1_seed124.png,real,0.4195,0.177
z-image_fp8,NPR,/media/SSD_4TB/crispy_storage/fake-images/z-image_fp8_p1_seed124.png,real,0.18144693970680237,0.09118056297302246
sd15_fp4,CLIP-D,/media/SSD_4TB/crispy_storage/fake-images/sd15_fp4_p87_seed210.png,fake,0.9554768204689026,0.060011863708496094
sd15_fp4,R50_TF,/media/SSD_4TB/crispy_storage/fake-images/sd15_fp4_p87_seed210.png,fake,0.5838,0.142
sd15_fp4,NPR,/media/SSD_4TB/crispy_storage/fake-images/sd15_fp4_p87_seed210.png,fake,0.7769485712051392,0.0893411636352539
sdxl_fp8,CLIP-D,/media/SSD_4TB/crispy_storage/fake-images/sdxl_fp8_p69_seed192.png,fake,0.992212176322937,0.060964345932006836
sdxl_fp8,R50_TF,/media/SSD_4TB/crispy_storage/fake-images/sdxl_fp8_p69_seed192.png,fake,0.5619,0.171
sdxl_fp8,NPR,/media/SSD_4TB/crispy_storage/fake-images/sdxl_fp8_p69_seed192.png,real,0.11702378839254379,0.09127664566040039
sd35_fp8,CLIP-D,/media/SSD_4TB/crispy_storage/fake-images/sd35_fp8_p6_seed129.png,real,0.04029625281691551,0.06099247932434082
sd35_fp8,R50_TF,/media/SSD_4TB/crispy_storage/fake-images/sd35_fp8_p6_seed129.png,real,0.4331,0.175
sd35_fp8,NPR,/media/SSD_4TB/crispy_storage/fake-images/sd35_fp8_p6_seed129.png,fake,0.9992156028747559,0.09105277061462402
z-image_fp16,CLIP-D,/media/SSD_4TB/crispy_storage/fake-images/z-image_fp16_p43_seed166.png,fake,0.9155351519584656,0.060126304626464844
z-image_fp16,R50_TF,/media/SSD_4TB/crispy_storage/fake-images/z-image_fp16_p43_seed166.png,real,0.3944,0.178
z-image_fp16,NPR,/media/SSD_4TB/crispy_storage/fake-images/z-image_fp16_p43_seed166.png,real,0.02312907762825489,0.0918889045715332
sdxl_fp4,CLIP-D,/media/SSD_4TB/crispy_storage/fake-images/sdxl_fp4_p95_seed218.png,fake,0.9986635446548462,0.06236147880554199
sdxl_fp4,R50_TF,/media/SSD_4TB/crispy_storage/fake-images/sdxl_fp4_p95_seed218.png,fake,0.5823,0.178
sdxl_fp4,NPR,/media/SSD_4TB/crispy_storage/fake-images/sdxl_fp4_p95_seed218.png,fake,0.8244197964668274,0.09191513061523438
sd3_fp8,CLIP-D,/media/SSD_4TB/crispy_storage/fake-images/sd3_fp8_p76_seed199.png,fake,0.9841002225875854,0.06192946434020996
sd3_fp8,R50_TF,/media/SSD_4TB/crispy_storage/fake-images/sd3_fp8_p76_seed199.png,real,0.4411,0.175
sd3_fp8,NPR,/media/SSD_4TB/crispy_storage/fake-images/sd3_fp8_p76_seed199.png,fake,0.9480404853820801,0.09088540077209473
sdxl_fp16,CLIP-D,/media/SSD_4TB/crispy_storage/fake-images/sdxl_fp16_p47_seed170.png,fake,0.9930989146232605,0.06005430221557617
sdxl_fp16,R50_TF,/media/SSD_4TB/crispy_storage/fake-images/sdxl_fp16_p47_seed170.png,fake,0.6616,0.177
sdxl_fp16,NPR,/media/SSD_4TB/crispy_storage/fake-images/sdxl_fp16_p47_seed170.png,fake,1.0,0.09097123146057129
pg25_fp4,CLIP-D,/media/SSD_4TB/crispy_storage/fake-images/pg25_fp4_p45_seed168.png,fake,0.9528435468673706,0.06182861328125
pg25_fp4,R50_TF,/media/SSD_4TB/crispy_storage/fake-images/pg25_fp4_p45_seed168.png,fake,0.5454,0.177
pg25_fp4,NPR,/media/SSD_4TB/crispy_storage/fake-images/pg25_fp4_p45_seed168.png,fake,0.9994866847991943,0.09223651885986328
sd3_fp16,CLIP-D,/media/SSD_4TB/crispy_storage/fake-images/sd3_fp16_p67_seed190.png,real,0.07228783518075943,0.06092047691345215
sd3_fp16,R50_TF,/media/SSD_4TB/crispy_storage/fake-images/sd3_fp16_p67_seed190.png,real,0.4571,0.18
sd3_fp16,NPR,/media/SSD_4TB/crispy_storage/fake-images/sd3_fp16_p67_seed190.png,real,3.929438662453322e-06,0.09195613861083984
pg25_fp16,CLIP-D,/media/SSD_4TB/crispy_storage/fake-images/pg25_fp16_p2_seed125.png,fake,0.9148312211036682,0.061691999435424805
pg25_fp16,R50_TF,/media/SSD_4TB/crispy_storage/fake-images/pg25_fp16_p2_seed125.png,fake,0.5876,0.178
pg25_fp16,NPR,/media/SSD_4TB/crispy_storage/fake-images/pg25_fp16_p2_seed125.png,fake,0.9999395608901978,0.09029817581176758
sdxl_fp4,CLIP-D,/media/SSD_4TB/crispy_storage/fake-images/sdxl_fp4_p99_seed222.png,fake,0.9676820039749146,0.061643362045288086
sdxl_fp4,R50_TF,/media/SSD_4TB/crispy_storage/fake-images/sdxl_fp4_p99_seed222.png,fake,0.5484,0.179
sdxl_fp4,NPR,/media/SSD_4TB/crispy_storage/fake-images/sdxl_fp4_p99_seed222.png,fake,1.0,0.09212517738342285
sd35_fp8,CLIP-D,/media/SSD_4TB/crispy_storage/fake-images/sd35_fp8_p32_seed155.png,fake,0.9807266592979431,0.06258153915405273
sd35_fp8,R50_TF,/media/SSD_4TB/crispy_storage/fake-images/sd35_fp8_p32_seed155.png,fake,0.555,0.179
sd35_fp8,NPR,/media/SSD_4TB/crispy_storage/fake-images/sd35_fp8_p32_seed155.png,fake,0.9999969005584717,0.09118223190307617
pg25_fp16,CLIP-D,/media/SSD_4TB/crispy_storage/fake-images/pg25_fp16_p38_seed161.png,fake,0.9399792551994324,0.060767173767089844
pg25_fp16,R50_TF,/media/SSD_4TB/crispy_storage/fake-images/pg25_fp16_p38_seed161.png,fake,0.5562,0.176
pg25_fp16,NPR,/media/SSD_4TB/crispy_storage/fake-images/pg25_fp16_p38_seed161.png,fake,0.9999172687530518,0.09093928337097168
sd35_fp4,CLIP-D,/media/SSD_4TB/crispy_storage/fake-images/sd35_fp4_p88_seed211.png,real,0.3422221839427948,0.06186652183532715
sd35_fp4,R50_TF,/media/SSD_4TB/crispy_storage/fake-images/sd35_fp4_p88_seed211.png,real,0.4497,0.182
sd35_fp4,NPR,/media/SSD_4TB/crispy_storage/fake-images/sd35_fp4_p88_seed211.png,real,0.0019934410229325294,0.08792901039123535
sdxl_fp8,CLIP-D,/media/SSD_4TB/crispy_storage/fake-images/sdxl_fp8_p30_seed153.png,fake,0.99339759349823,0.061777591705322266
sdxl_fp8,R50_TF,/media/SSD_4TB/crispy_storage/fake-images/sdxl_fp8_p30_seed153.png,fake,0.6075,0.177
sdxl_fp8,NPR,/media/SSD_4TB/crispy_storage/fake-images/sdxl_fp8_p30_seed153.png,fake,0.9994097948074341,0.09107065200805664
sd3_fp8,CLIP-D,/media/SSD_4TB/crispy_storage/fake-images/sd3_fp8_p72_seed195.png,fake,0.9883826375007629,0.0620572566986084
sd3_fp8,R50_TF,/media/SSD_4TB/crispy_storage/fake-images/sd3_fp8_p72_seed195.png,real,0.4365,0.175
sd3_fp8,NPR,/media/SSD_4TB/crispy_storage/fake-images/sd3_fp8_p72_seed195.png,real,0.0063105421140789986,0.09257125854492188
sdxl_fp8,CLIP-D,/media/SSD_4TB/crispy_storage/fake-images/sdxl_fp8_p22_seed145.png,fake,0.9992865920066833,0.060930490493774414
sdxl_fp8,R50_TF,/media/SSD_4TB/crispy_storage/fake-images/sdxl_fp8_p22_seed145.png,fake,0.5771,0.18
sdxl_fp8,NPR,/media/SSD_4TB/crispy_storage/fake-images/sdxl_fp8_p22_seed145.png,fake,0.9537850022315979,0.09197735786437988
sd3_fp8,CLIP-D,/media/SSD_4TB/crispy_storage/fake-images/sd3_fp8_p65_seed188.png,fake,0.7850908041000366,0.061048030853271484
sd3_fp8,R50_TF,/media/SSD_4TB/crispy_storage/fake-images/sd3_fp8_p65_seed188.png,real,0.4347,0.175
sd3_fp8,NPR,/media/SSD_4TB/crispy_storage/fake-images/sd3_fp8_p65_seed188.png,real,6.796451089030597e-06,0.09224343299865723
sd3_fp4,CLIP-D,/media/SSD_4TB/crispy_storage/fake-images/sd3_fp4_p73_seed196.png,fake,0.9832223057746887,0.06223177909851074
sd3_fp4,R50_TF,/media/SSD_4TB/crispy_storage/fake-images/sd3_fp4_p73_seed196.png,real,0.4568,0.178
sd3_fp4,NPR,/media/SSD_4TB/crispy_storage/fake-images/sd3_fp4_p73_seed196.png,real,0.0026394363958388567,0.0916452407836914
sd3_fp8,CLIP-D,/media/SSD_4TB/crispy_storage/fake-images/sd3_fp8_p6_seed129.png,real,0.19512654840946198,0.06216073036193848
sd3_fp8,R50_TF,/media/SSD_4TB/crispy_storage/fake-images/sd3_fp8_p6_seed129.png,real,0.4104,0.175
sd3_fp8,NPR,/media/SSD_4TB/crispy_storage/fake-images/sd3_fp8_p6_seed129.png,real,0.12989045679569244,0.09242463111877441
sdxl_fp8,CLIP-D,/media/SSD_4TB/crispy_storage/fake-images/sdxl_fp8_p19_seed142.png,fake,0.9792674779891968,0.060936689376831055
sdxl_fp8,R50_TF,/media/SSD_4TB/crispy_storage/fake-images/sdxl_fp8_p19_seed142.png,fake,0.5742,0.175
sdxl_fp8,NPR,/media/SSD_4TB/crispy_storage/fake-images/sdxl_fp8_p19_seed142.png,fake,1.0,0.0907752513885498
sd15_fp8,CLIP-D,/media/SSD_4TB/crispy_storage/fake-images/sd15_fp8_p37_seed160.png,fake,0.9963745474815369,0.061371803283691406
sd15_fp8,R50_TF,/media/SSD_4TB/crispy_storage/fake-images/sd15_fp8_p37_seed160.png,fake,0.5643,0.142
sd15_fp8,NPR,/media/SSD_4TB/crispy_storage/fake-images/sd15_fp8_p37_seed160.png,fake,0.5816158652305603,0.08887815475463867
pg25_fp16,CLIP-D,/media/SSD_4TB/crispy_storage/fake-images/pg25_fp16_p20_seed143.png,fake,0.9978154897689819,0.060675621032714844
pg25_fp16,R50_TF,/media/SSD_4TB/crispy_storage/fake-images/pg25_fp16_p20_seed143.png,fake,0.6489,0.179
pg25_fp16,NPR,/media/SSD_4TB/crispy_storage/fake-images/pg25_fp16_p20_seed143.png,fake,0.9999998807907104,0.09266233444213867
pg25_fp8,CLIP-D,/media/SSD_4TB/crispy_storage/fake-images/pg25_fp8_p6_seed129.png,fake,0.9917548894882202,0.0618746280670166
pg25_fp8,R50_TF,/media/SSD_4TB/crispy_storage/fake-images/pg25_fp8_p6_seed129.png,fake,0.5394,0.18
pg25_fp8,NPR,/media/SSD_4TB/crispy_storage/fake-images/pg25_fp8_p6_seed129.png,fake,0.9998201727867126,0.0916740894317627
sdxl_fp16,CLIP-D,/media/SSD_4TB/crispy_storage/fake-images/sdxl_fp16_p24_seed147.png,fake,0.994219183921814,0.06102395057678223
sdxl_fp16,R50_TF,/media/SSD_4TB/crispy_storage/fake-images/sdxl_fp16_p24_seed147.png,real,0.4027,0.179
sdxl_fp16,NPR,/media/SSD_4TB/crispy_storage/fake-images/sdxl_fp16_p24_seed147.png,fake,0.9685688018798828,0.09160351753234863
sd3_fp4,CLIP-D,/media/SSD_4TB/crispy_storage/fake-images/sd3_fp4_p62_seed185.png,fake,0.998845100402832,0.06109046936035156
sd3_fp4,R50_TF,/media/SSD_4TB/crispy_storage/fake-images/sd3_fp4_p62_seed185.png,fake,0.5496,0.177
sd3_fp4,NPR,/media/SSD_4TB/crispy_storage/fake-images/sd3_fp4_p62_seed185.png,fake,0.9928790926933289,0.09311199188232422
sd15_fp4,CLIP-D,/media/SSD_4TB/crispy_storage/fake-images/sd15_fp4_p52_seed175.png,real,0.3433082401752472,0.059320688247680664
sd15_fp4,R50_TF,/media/SSD_4TB/crispy_storage/fake-images/sd15_fp4_p52_seed175.png,fake,0.5648,0.144
sd15_fp4,NPR,/media/SSD_4TB/crispy_storage/fake-images/sd15_fp4_p52_seed175.png,real,0.06569789350032806,0.09217286109924316
z-image_fp8,CLIP-D,/media/SSD_4TB/crispy_storage/fake-images/z-image_fp8_p8_seed131.png,fake,0.6622574925422668,0.061881065368652344
z-image_fp8,R50_TF,/media/SSD_4TB/crispy_storage/fake-images/z-image_fp8_p8_seed131.png,real,0.4093,0.182
z-image_fp8,NPR,/media/SSD_4TB/crispy_storage/fake-images/z-image_fp8_p8_seed131.png,real,0.2177276611328125,0.0906672477722168
sd3_fp16,CLIP-D,/media/SSD_4TB/crispy_storage/fake-images/sd3_fp16_p83_seed206.png,real,0.044684674590826035,0.0614016056060791
sd3_fp16,R50_TF,/media/SSD_4TB/crispy_storage/fake-images/sd3_fp16_p83_seed206.png,real,0.3809,0.177
sd3_fp16,NPR,/media/SSD_4TB/crispy_storage/fake-images/sd3_fp16_p83_seed206.png,real,0.0002617300197016448,0.09225845336914062
sd35_fp16,CLIP-D,/media/SSD_4TB/crispy_storage/fake-images/sd35_fp16_p87_seed210.png,fake,0.9583514332771301,0.06125450134277344
sd35_fp16,R50_TF,/media/SSD_4TB/crispy_storage/fake-images/sd35_fp16_p87_seed210.png,fake,0.5426,0.184
sd35_fp16,NPR,/media/SSD_4TB/crispy_storage/fake-images/sd35_fp16_p87_seed210.png,fake,0.9999998807907104,0.09057044982910156
z-image_fp16,CLIP-D,/media/SSD_4TB/crispy_storage/fake-images/z-image_fp16_p5_seed128.png,fake,0.9985334873199463,0.06117963790893555
z-image_fp16,R50_TF,/media/SSD_4TB/crispy_storage/fake-images/z-image_fp16_p5_seed128.png,fake,0.5745,0.176
z-image_fp16,NPR,/media/SSD_4TB/crispy_storage/fake-images/z-image_fp16_p5_seed128.png,real,0.08045007288455963,0.08842349052429199
sd15_fp8,CLIP-D,/media/SSD_4TB/crispy_storage/fake-images/sd15_fp8_p29_seed152.png,fake,0.6722355484962463,0.06160426139831543
sd15_fp8,R50_TF,/media/SSD_4TB/crispy_storage/fake-images/sd15_fp8_p29_seed152.png,fake,0.5851,0.144
sd15_fp8,NPR,/media/SSD_4TB/crispy_storage/fake-images/sd15_fp8_p29_seed152.png,real,0.009393690153956413,0.09093594551086426
sdxl_fp8,CLIP-D,/media/SSD_4TB/crispy_storage/fake-images/sdxl_fp8_p17_seed140.png,fake,0.9926019310951233,0.06119537353515625
sdxl_fp8,R50_TF,/media/SSD_4TB/crispy_storage/fake-images/sdxl_fp8_p17_seed140.png,fake,0.608,0.172
sdxl_fp8,NPR,/media/SSD_4TB/crispy_storage/fake-images/sdxl_fp8_p17_seed140.png,fake,1.0,0.09311604499816895
sd15_fp4,CLIP-D,/media/SSD_4TB/crispy_storage/fake-images/sd15_fp4_p89_seed212.png,fake,0.9942713975906372,0.06097674369812012
sd15_fp4,R50_TF,/media/SSD_4TB/crispy_storage/fake-images/sd15_fp4_p89_seed212.png,fake,0.6162,0.144
sd15_fp4,NPR,/media/SSD_4TB/crispy_storage/fake-images/sd15_fp4_p89_seed212.png,fake,0.849248468875885,0.09214329719543457
sd15_fp8,CLIP-D,/media/SSD_4TB/crispy_storage/fake-images/sd15_fp8_p85_seed208.png,fake,0.9901546239852905,0.06154060363769531
sd15_fp8,R50_TF,/media/SSD_4TB/crispy_storage/fake-images/sd15_fp8_p85_seed208.png,fake,0.7503,0.147
sd15_fp8,NPR,/media/SSD_4TB/crispy_storage/fake-images/sd15_fp8_p85_seed208.png,real,0.3036814033985138,0.08838367462158203
sd35_fp16,CLIP-D,/media/SSD_4TB/crispy_storage/fake-images/sd35_fp16_p82_seed205.png,fake,0.9980278611183167,0.05994296073913574
sd35_fp16,R50_TF,/media/SSD_4TB/crispy_storage/fake-images/sd35_fp16_p82_seed205.png,real,0.4649,0.175
sd35_fp16,NPR,/media/SSD_4TB/crispy_storage/fake-images/sd35_fp16_p82_seed205.png,fake,0.9797018766403198,0.08668279647827148
sd35_fp16,CLIP-D,/media/SSD_4TB/crispy_storage/fake-images/sd35_fp16_p24_seed147.png,fake,0.9829313158988953,0.060730934143066406
sd35_fp16,R50_TF,/media/SSD_4TB/crispy_storage/fake-images/sd35_fp16_p24_seed147.png,fake,0.6937,0.177
sd35_fp16,NPR,/media/SSD_4TB/crispy_storage/fake-images/sd35_fp16_p24_seed147.png,real,6.744667189195752e-06,0.08966898918151855
sd15_fp4,CLIP-D,/media/SSD_4TB/crispy_storage/fake-images/sd15_fp4_p7_seed130.png,fake,0.9960610270500183,0.060874223709106445
sd15_fp4,R50_TF,/media/SSD_4TB/crispy_storage/fake-images/sd15_fp4_p7_seed130.png,fake,0.762,0.144
sd15_fp4,NPR,/media/SSD_4TB/crispy_storage/fake-images/sd15_fp4_p7_seed130.png,fake,0.9904133677482605,0.09203577041625977
sd35_fp4,CLIP-D,/media/SSD_4TB/crispy_storage/fake-images/sd35_fp4_p62_seed185.png,fake,0.9758344888687134,0.061156511306762695
sd35_fp4,R50_TF,/media/SSD_4TB/crispy_storage/fake-images/sd35_fp4_p62_seed185.png,fake,0.5909,0.176
sd35_fp4,NPR,/media/SSD_4TB/crispy_storage/fake-images/sd35_fp4_p62_seed185.png,real,0.05260282754898071,0.08731460571289062
sdxl_fp16,CLIP-D,/media/SSD_4TB/crispy_storage/fake-images/sdxl_fp16_p4_seed127.png,fake,0.9751485586166382,0.062158823013305664
sdxl_fp16,R50_TF,/media/SSD_4TB/crispy_storage/fake-images/sdxl_fp16_p4_seed127.png,fake,0.5824,0.18
sdxl_fp16,NPR,/media/SSD_4TB/crispy_storage/fake-images/sdxl_fp16_p4_seed127.png,fake,0.9999942779541016,0.0905294418334961
sd3_fp16,CLIP-D,/media/SSD_4TB/crispy_storage/fake-images/sd3_fp16_p13_seed136.png,fake,0.9697179198265076,0.0627748966217041
sd3_fp16,R50_TF,/media/SSD_4TB/crispy_storage/fake-images/sd3_fp16_p13_seed136.png,real,0.4298,0.176
sd3_fp16,NPR,/media/SSD_4TB/crispy_storage/fake-images/sd3_fp16_p13_seed136.png,fake,0.9972549080848694,0.0916597843170166
sdxl_fp8,CLIP-D,/media/SSD_4TB/crispy_storage/fake-images/sdxl_fp8_p20_seed143.png,fake,0.9987804293632507,0.06265902519226074
sdxl_fp8,R50_TF,/media/SSD_4TB/crispy_storage/fake-images/sdxl_fp8_p20_seed143.png,fake,0.5946,0.184
sdxl_fp8,NPR,/media/SSD_4TB/crispy_storage/fake-images/sdxl_fp8_p20_seed143.png,fake,0.9999865293502808,0.09122490882873535
sd15_fp16,CLIP-D,/media/SSD_4TB/crispy_storage/fake-images/sd15_fp16_p46_seed169.png,fake,0.7226315140724182,0.060732364654541016
sd15_fp16,R50_TF,/media/SSD_4TB/crispy_storage/fake-images/sd15_fp16_p46_seed169.png,real,0.3691,0.145
sd15_fp16,NPR,/media/SSD_4TB/crispy_storage/fake-images/sd15_fp16_p46_seed169.png,real,1.6843827324919403e-05,0.09194540977478027
sdxl_fp16,CLIP-D,/media/SSD_4TB/crispy_storage/fake-images/sdxl_fp16_p90_seed213.png,fake,0.9774584174156189,0.060986995697021484
sdxl_fp16,R50_TF,/media/SSD_4TB/crispy_storage/fake-images/sdxl_fp16_p90_seed213.png,fake,0.6052,0.179
sdxl_fp16,NPR,/media/SSD_4TB/crispy_storage/fake-images/sdxl_fp16_p90_seed213.png,fake,1.0,0.08830094337463379
sd15_fp16,CLIP-D,/media/SSD_4TB/crispy_storage/fake-images/sd15_fp16_p28_seed151.png,fake,0.9964125752449036,0.060411930084228516
sd15_fp16,R50_TF,/media/SSD_4TB/crispy_storage/fake-images/sd15_fp16_p28_seed151.png,fake,0.6092,0.143
sd15_fp16,NPR,/media/SSD_4TB/crispy_storage/fake-images/sd15_fp16_p28_seed151.png,fake,0.9994557499885559,0.09247589111328125
sdxl_fp8,CLIP-D,/media/SSD_4TB/crispy_storage/fake-images/sdxl_fp8_p10_seed133.png,fake,0.9500791430473328,0.0617823600769043
sdxl_fp8,R50_TF,/media/SSD_4TB/crispy_storage/fake-images/sdxl_fp8_p10_seed133.png,fake,0.5894,0.181
sdxl_fp8,NPR,/media/SSD_4TB/crispy_storage/fake-images/sdxl_fp8_p10_seed133.png,fake,0.9999786615371704,0.09138298034667969
sd3_fp4,CLIP-D,/media/SSD_4TB/crispy_storage/fake-images/sd3_fp4_p68_seed191.png,fake,0.9928788542747498,0.06130194664001465
sd3_fp4,R50_TF,/media/SSD_4TB/crispy_storage/fake-images/sd3_fp4_p68_seed191.png,fake,0.6186,0.183
sd3_fp4,NPR,/media/SSD_4TB/crispy_storage/fake-images/sd3_fp4_p68_seed191.png,real,5.793934906250797e-05,0.0872344970703125
sd3_fp4,CLIP-D,/media/SSD_4TB/crispy_storage/fake-images/sd3_fp4_p90_seed213.png,fake,0.9459977149963379,0.0632176399230957
sd3_fp4,R50_TF,/media/SSD_4TB/crispy_storage/fake-images/sd3_fp4_p90_seed213.png,fake,0.5593,0.18
sd3_fp4,NPR,/media/SSD_4TB/crispy_storage/fake-images/sd3_fp4_p90_seed213.png,fake,0.9999923706054688,0.09051012992858887
sd35_fp4,CLIP-D,/media/SSD_4TB/crispy_storage/fake-images/sd35_fp4_p33_seed156.png,fake,0.9818177819252014,0.062015533447265625
sd35_fp4,R50_TF,/media/SSD_4TB/crispy_storage/fake-images/sd35_fp4_p33_seed156.png,fake,0.5466,0.176
sd35_fp4,NPR,/media/SSD_4TB/crispy_storage/fake-images/sd35_fp4_p33_seed156.png,fake,0.9656656384468079,0.0910501480102539
pg25_fp4,CLIP-D,/media/SSD_4TB/crispy_storage/fake-images/pg25_fp4_p74_seed197.png,fake,0.9931721687316895,0.061507463455200195
pg25_fp4,R50_TF,/media/SSD_4TB/crispy_storage/fake-images/pg25_fp4_p74_seed197.png,fake,0.5819,0.179
pg25_fp4,NPR,/media/SSD_4TB/crispy_storage/fake-images/pg25_fp4_p74_seed197.png,fake,1.0,0.0926506519317627
sd35_fp8,CLIP-D,/media/SSD_4TB/crispy_storage/fake-images/sd35_fp8_p24_seed147.png,fake,0.9302123785018921,0.061043500900268555
sd35_fp8,R50_TF,/media/SSD_4TB/crispy_storage/fake-images/sd35_fp8_p24_seed147.png,fake,0.7128,0.178
sd35_fp8,NPR,/media/SSD_4TB/crispy_storage/fake-images/sd35_fp8_p24_seed147.png,real,6.79065560689196e-05,0.09183001518249512
sd3_fp16,CLIP-D,/media/SSD_4TB/crispy_storage/fake-images/sd3_fp16_p80_seed203.png,fake,0.8452602624893188,0.061536550521850586
sd3_fp16,R50_TF,/media/SSD_4TB/crispy_storage/fake-images/sd3_fp16_p80_seed203.png,real,0.3982,0.178
sd3_fp16,NPR,/media/SSD_4TB/crispy_storage/fake-images/sd3_fp16_p80_seed203.png,real,0.003641818417236209,0.09188294410705566
sd15_fp8,CLIP-D,/media/SSD_4TB/crispy_storage/fake-images/sd15_fp8_p8_seed131.png,fake,0.8205695152282715,0.06186819076538086
sd15_fp8,R50_TF,/media/SSD_4TB/crispy_storage/fake-images/sd15_fp8_p8_seed131.png,real,0.4295,0.146
sd15_fp8,NPR,/media/SSD_4TB/crispy_storage/fake-images/sd15_fp8_p8_seed131.png,real,1.0484091035323218e-05,0.09193587303161621
sd35_fp16,CLIP-D,/media/SSD_4TB/crispy_storage/fake-images/sd35_fp16_p14_seed137.png,fake,0.991940438747406,0.061423301696777344
sd35_fp16,R50_TF,/media/SSD_4TB/crispy_storage/fake-images/sd35_fp16_p14_seed137.png,fake,0.5602,0.179
sd35_fp16,NPR,/media/SSD_4TB/crispy_storage/fake-images/sd35_fp16_p14_seed137.png,fake,0.8326111435890198,0.0910942554473877
sd3_fp16,CLIP-D,/media/SSD_4TB/crispy_storage/fake-images/sd3_fp16_p32_seed155.png,fake,0.7297413945198059,0.060953617095947266
sd3_fp16,R50_TF,/media/SSD_4TB/crispy_storage/fake-images/sd3_fp16_p32_seed155.png,real,0.4167,0.178
sd3_fp16,NPR,/media/SSD_4TB/crispy_storage/fake-images/sd3_fp16_p32_seed155.png,real,0.0001445652887923643,0.09281420707702637
sd15_fp4,CLIP-D,/media/SSD_4TB/crispy_storage/fake-images/sd15_fp4_p53_seed176.png,fake,0.8110995888710022,0.06088399887084961
sd15_fp4,R50_TF,/media/SSD_4TB/crispy_storage/fake-images/sd15_fp4_p53_seed176.png,real,0.424,0.141
sd15_fp4,NPR,/media/SSD_4TB/crispy_storage/fake-images/sd15_fp4_p53_seed176.png,real,0.18591198325157166,0.09269309043884277
sd35_fp4,CLIP-D,/media/SSD_4TB/crispy_storage/fake-images/sd35_fp4_p82_seed205.png,fake,0.9940111041069031,0.062050819396972656
sd35_fp4,R50_TF,/media/SSD_4TB/crispy_storage/fake-images/sd35_fp4_p82_seed205.png,real,0.4396,0.178
sd35_fp4,NPR,/media/SSD_4TB/crispy_storage/fake-images/sd35_fp4_p82_seed205.png,fake,0.9857237935066223,0.09107041358947754
sd35_fp8,CLIP-D,/media/SSD_4TB/crispy_storage/fake-images/sd35_fp8_p91_seed214.png,fake,0.8394220471382141,0.06130790710449219
sd35_fp8,R50_TF,/media/SSD_4TB/crispy_storage/fake-images/sd35_fp8_p91_seed214.png,fake,0.5528,0.178
sd35_fp8,NPR,/media/SSD_4TB/crispy_storage/fake-images/sd35_fp8_p91_seed214.png,fake,0.9983946681022644,0.08959770202636719
sd3_fp8,CLIP-D,/media/SSD_4TB/crispy_storage/fake-images/sd3_fp8_p51_seed174.png,fake,0.7273905277252197,0.061371803283691406
sd3_fp8,R50_TF,/media/SSD_4TB/crispy_storage/fake-images/sd3_fp8_p51_seed174.png,fake,0.5717,0.18
sd3_fp8,NPR,/media/SSD_4TB/crispy_storage/fake-images/sd3_fp8_p51_seed174.png,real,4.709246695711045e-06,0.09236669540405273
sdxl_fp4,CLIP-D,/media/SSD_4TB/crispy_storage/fake-images/sdxl_fp4_p4_seed127.png,fake,0.9556401371955872,0.06125140190124512
sdxl_fp4,R50_TF,/media/SSD_4TB/crispy_storage/fake-images/sdxl_fp4_p4_seed127.png,fake,0.5725,0.178
sdxl_fp4,NPR,/media/SSD_4TB/crispy_storage/fake-images/sdxl_fp4_p4_seed127.png,fake,0.9824831485748291,0.09077620506286621
sd15_fp4,CLIP-D,/media/SSD_4TB/crispy_storage/fake-images/sd15_fp4_p33_seed156.png,fake,0.9985862970352173,0.06304597854614258
sd15_fp4,R50_TF,/media/SSD_4TB/crispy_storage/fake-images/sd15_fp4_p33_seed156.png,real,0.4242,0.142
sd15_fp4,NPR,/media/SSD_4TB/crispy_storage/fake-images/sd15_fp4_p33_seed156.png,fake,1.0,0.09277725219726562
sd3_fp4,CLIP-D,/media/SSD_4TB/crispy_storage/fake-images/sd3_fp4_p42_seed165.png,fake,0.9700366258621216,0.06130695343017578
sd3_fp4,R50_TF,/media/SSD_4TB/crispy_storage/fake-images/sd3_fp4_p42_seed165.png,fake,0.5297,0.181
sd3_fp4,NPR,/media/SSD_4TB/crispy_storage/fake-images/sd3_fp4_p42_seed165.png,fake,0.7640160918235779,0.09085416793823242
sd15_fp8,CLIP-D,/media/SSD_4TB/crispy_storage/fake-images/sd15_fp8_p35_seed158.png,fake,0.8800501227378845,0.06316423416137695
sd15_fp8,R50_TF,/media/SSD_4TB/crispy_storage/fake-images/sd15_fp8_p35_seed158.png,fake,0.5408,0.144
sd15_fp8,NPR,/media/SSD_4TB/crispy_storage/fake-images/sd15_fp8_p35_seed158.png,real,0.0984099954366684,0.09354281425476074
sd3_fp8,CLIP-D,/media/SSD_4TB/crispy_storage/fake-images/sd3_fp8_p66_seed189.png,fake,0.879907488822937,0.06267762184143066
sd3_fp8,R50_TF,/media/SSD_4TB/crispy_storage/fake-images/sd3_fp8_p66_seed189.png,real,0.453,0.172
sd3_fp8,NPR,/media/SSD_4TB/crispy_storage/fake-images/sd3_fp8_p66_seed189.png,real,0.24785779416561127,0.08826208114624023
pg25_fp16,CLIP-D,/media/SSD_4TB/crispy_storage/fake-images/pg25_fp16_p74_seed197.png,fake,0.9873155355453491,0.0615839958190918
pg25_fp16,R50_TF,/media/SSD_4TB/crispy_storage/fake-images/pg25_fp16_p74_seed197.png,fake,0.6063,0.179
pg25_fp16,NPR,/media/SSD_4TB/crispy_storage/fake-images/pg25_fp16_p74_seed197.png,fake,1.0,0.09008908271789551
sd3_fp16,CLIP-D,/media/SSD_4TB/crispy_storage/fake-images/sd3_fp16_p2_seed125.png,fake,0.9061841368675232,0.059830665588378906
sd3_fp16,R50_TF,/media/SSD_4TB/crispy_storage/fake-images/sd3_fp16_p2_seed125.png,fake,0.5641,0.18
sd3_fp16,NPR,/media/SSD_4TB/crispy_storage/fake-images/sd3_fp16_p2_seed125.png,real,0.00023584016889799386,0.09104609489440918
sd35_fp16,CLIP-D,/media/SSD_4TB/crispy_storage/fake-images/sd35_fp16_p6_seed129.png,real,0.01636474020779133,0.06105160713195801
sd35_fp16,R50_TF,/media/SSD_4TB/crispy_storage/fake-images/sd35_fp16_p6_seed129.png,real,0.4257,0.177
sd35_fp16,NPR,/media/SSD_4TB/crispy_storage/fake-images/sd35_fp16_p6_seed129.png,fake,0.9035782217979431,0.09092044830322266
z-image_fp16,CLIP-D,/media/SSD_4TB/crispy_storage/fake-images/z-image_fp16_p16_seed139.png,fake,0.8851835131645203,0.06116318702697754
z-image_fp16,R50_TF,/media/SSD_4TB/crispy_storage/fake-images/z-image_fp16_p16_seed139.png,real,0.4238,0.176
z-image_fp16,NPR,/media/SSD_4TB/crispy_storage/fake-images/z-image_fp16_p16_seed139.png,real,0.16832204163074493,0.09229063987731934
sd35_fp8,CLIP-D,/media/SSD_4TB/crispy_storage/fake-images/sd35_fp8_p42_seed165.png,fake,0.9369012117385864,0.061653852462768555
sd35_fp8,R50_TF,/media/SSD_4TB/crispy_storage/fake-images/sd35_fp8_p42_seed165.png,fake,0.5461,0.178
sd35_fp8,NPR,/media/SSD_4TB/crispy_storage/fake-images/sd35_fp8_p42_seed165.png,fake,0.895007848739624,0.09069967269897461
sd35_fp8,CLIP-D,/media/SSD_4TB/crispy_storage/fake-images/sd35_fp8_p37_seed160.png,real,0.1741468459367752,0.06296801567077637
sd35_fp8,R50_TF,/media/SSD_4TB/crispy_storage/fake-images/sd35_fp8_p37_seed160.png,real,0.438,0.177
sd35_fp8,NPR,/media/SSD_4TB/crispy_storage/fake-images/sd35_fp8_p37_seed160.png,fake,0.9234924912452698,0.09196114540100098
sdxl_fp8,CLIP-D,/media/SSD_4TB/crispy_storage/fake-images/sdxl_fp8_p78_seed201.png,fake,0.9837982654571533,0.061098337173461914
sdxl_fp8,R50_TF,/media/SSD_4TB/crispy_storage/fake-images/sdxl_fp8_p78_seed201.png,fake,0.5883,0.18
sdxl_fp8,NPR,/media/SSD_4TB/crispy_storage/fake-images/sdxl_fp8_p78_seed201.png,real,0.018649199977517128,0.09034490585327148
sd3_fp4,CLIP-D,/media/SSD_4TB/crispy_storage/fake-images/sd3_fp4_p2_seed125.png,fake,0.9478378891944885,0.06258606910705566
sd3_fp4,R50_TF,/media/SSD_4TB/crispy_storage/fake-images/sd3_fp4_p2_seed125.png,real,0.4531,0.179
sd3_fp4,NPR,/media/SSD_4TB/crispy_storage/fake-images/sd3_fp4_p2_seed125.png,real,2.046787628273705e-09,0.09096598625183105
sd15_fp4,CLIP-D,/media/SSD_4TB/crispy_storage/fake-images/sd15_fp4_p20_seed143.png,fake,0.9906739592552185,0.06369757652282715
sd15_fp4,R50_TF,/media/SSD_4TB/crispy_storage/fake-images/sd15_fp4_p20_seed143.png,fake,0.6907,0.144
sd15_fp4,NPR,/media/SSD_4TB/crispy_storage/fake-images/sd15_fp4_p20_seed143.png,real,0.4398953914642334,0.0922384262084961
sdxl_fp4,CLIP-D,/media/SSD_4TB/crispy_storage/fake-images/sdxl_fp4_p19_seed142.png,fake,0.9641465544700623,0.06113243103027344
sdxl_fp4,R50_TF,/media/SSD_4TB/crispy_storage/fake-images/sdxl_fp4_p19_seed142.png,fake,0.5728,0.177
sdxl_fp4,NPR,/media/SSD_4TB/crispy_storage/fake-images/sdxl_fp4_p19_seed142.png,fake,0.9998202919960022,0.08739614486694336
sdxl_fp16,CLIP-D,/media/SSD_4TB/crispy_storage/fake-images/sdxl_fp16_p39_seed162.png,fake,0.9992356300354004,0.06331610679626465
sdxl_fp16,R50_TF,/media/SSD_4TB/crispy_storage/fake-images/sdxl_fp16_p39_seed162.png,fake,0.5987,0.178
sdxl_fp16,NPR,/media/SSD_4TB/crispy_storage/fake-images/sdxl_fp16_p39_seed162.png,fake,0.999998927116394,0.09214043617248535
sd15_fp16,CLIP-D,/media/SSD_4TB/crispy_storage/fake-images/sd15_fp16_p8_seed131.png,fake,0.8171976208686829,0.0626363754272461
sd15_fp16,R50_TF,/media/SSD_4TB/crispy_storage/fake-images/sd15_fp16_p8_seed131.png,real,0.4368,0.144
sd15_fp16,NPR,/media/SSD_4TB/crispy_storage/fake-images/sd15_fp16_p8_seed131.png,real,8.784748388279695e-06,0.09165811538696289
z-image_fp16,CLIP-D,/media/SSD_4TB/crispy_storage/fake-images/z-image_fp16_p96_seed219.png,fake,0.9992436170578003,0.06360077857971191
z-image_fp16,R50_TF,/media/SSD_4TB/crispy_storage/fake-images/z-image_fp16_p96_seed219.png,real,0.3732,0.179
z-image_fp16,NPR,/media/SSD_4TB/crispy_storage/fake-images/z-image_fp16_p96_seed219.png,real,0.008285530842840672,0.0920865535736084
sdxl_fp4,CLIP-D,/media/SSD_4TB/crispy_storage/fake-images/sdxl_fp4_p58_seed181.png,fake,0.9743108749389648,0.06152820587158203
sdxl_fp4,R50_TF,/media/SSD_4TB/crispy_storage/fake-images/sdxl_fp4_p58_seed181.png,fake,0.565,0.176
sdxl_fp4,NPR,/media/SSD_4TB/crispy_storage/fake-images/sdxl_fp4_p58_seed181.png,fake,0.9999769926071167,0.09270215034484863
sdxl_fp4,CLIP-D,/media/SSD_4TB/crispy_storage/fake-images/sdxl_fp4_p82_seed205.png,fake,0.9956919550895691,0.06288385391235352
sdxl_fp4,R50_TF,/media/SSD_4TB/crispy_storage/fake-images/sdxl_fp4_p82_seed205.png,fake,0.5582,0.176
sdxl_fp4,NPR,/media/SSD_4TB/crispy_storage/fake-images/sdxl_fp4_p82_seed205.png,fake,0.9999998807907104,0.09163355827331543
z-image_fp16,CLIP-D,/media/SSD_4TB/crispy_storage/fake-images/z-image_fp16_p52_seed175.png,fake,0.9845485687255859,0.0626833438873291
z-image_fp16,R50_TF,/media/SSD_4TB/crispy_storage/fake-images/z-image_fp16_p52_seed175.png,real,0.4244,0.178
z-image_fp16,NPR,/media/SSD_4TB/crispy_storage/fake-images/z-image_fp16_p52_seed175.png,real,0.003962243907153606,0.09227919578552246
sdxl_fp16,CLIP-D,/media/SSD_4TB/crispy_storage/fake-images/sdxl_fp16_p30_seed153.png,fake,0.9876003265380859,0.06124067306518555
sdxl_fp16,R50_TF,/media/SSD_4TB/crispy_storage/fake-images/sdxl_fp16_p30_seed153.png,fake,0.6176,0.18
sdxl_fp16,NPR,/media/SSD_4TB/crispy_storage/fake-images/sdxl_fp16_p30_seed153.png,fake,0.9994592070579529,0.09283185005187988
sd3_fp4,CLIP-D,/media/SSD_4TB/crispy_storage/fake-images/sd3_fp4_p59_seed182.png,fake,0.9939470291137695,0.06269168853759766
sd3_fp4,R50_TF,/media/SSD_4TB/crispy_storage/fake-images/sd3_fp4_p59_seed182.png,fake,0.5601,0.182
sd3_fp4,NPR,/media/SSD_4TB/crispy_storage/fake-images/sd3_fp4_p59_seed182.png,real,0.10501432418823242,0.09185004234313965
pg25_fp4,CLIP-D,/media/SSD_4TB/crispy_storage/fake-images/pg25_fp4_p61_seed184.png,fake,0.9982367753982544,0.060364484786987305
pg25_fp4,R50_TF,/media/SSD_4TB/crispy_storage/fake-images/pg25_fp4_p61_seed184.png,fake,0.5922,0.177
pg25_fp4,NPR,/media/SSD_4TB/crispy_storage/fake-images/pg25_fp4_p61_seed184.png,fake,0.9992864727973938,0.08729243278503418
z-image_fp16,CLIP-D,/media/SSD_4TB/crispy_storage/fake-images/z-image_fp16_p1_seed124.png,fake,0.9991682767868042,0.06338858604431152
z-image_fp16,R50_TF,/media/SSD_4TB/crispy_storage/fake-images/z-image_fp16_p1_seed124.png,fake,0.5763,0.179
z-image_fp16,NPR,/media/SSD_4TB/crispy_storage/fake-images/z-image_fp16_p1_seed124.png,real,0.233328714966774,0.08867931365966797
sd3_fp8,CLIP-D,/media/SSD_4TB/crispy_storage/fake-images/sd3_fp8_p8_seed131.png,fake,0.9631620645523071,0.06050467491149902
sd3_fp8,R50_TF,/media/SSD_4TB/crispy_storage/fake-images/sd3_fp8_p8_seed131.png,fake,0.56,0.182
sd3_fp8,NPR,/media/SSD_4TB/crispy_storage/fake-images/sd3_fp8_p8_seed131.png,real,0.06231456249952316,0.09256148338317871
z-image_fp16,CLIP-D,/media/SSD_4TB/crispy_storage/fake-images/z-image_fp16_p37_seed160.png,fake,0.9473839998245239,0.06284022331237793
z-image_fp16,R50_TF,/media/SSD_4TB/crispy_storage/fake-images/z-image_fp16_p37_seed160.png,fake,0.5649,0.175
z-image_fp16,NPR,/media/SSD_4TB/crispy_storage/fake-images/z-image_fp16_p37_seed160.png,fake,0.9988566637039185,0.09099721908569336
sdxl_fp16,CLIP-D,/media/SSD_4TB/crispy_storage/fake-images/sdxl_fp16_p76_seed199.png,fake,0.9956989288330078,0.06246471405029297
sdxl_fp16,R50_TF,/media/SSD_4TB/crispy_storage/fake-images/sdxl_fp16_p76_seed199.png,fake,0.5794,0.177
sdxl_fp16,NPR,/media/SSD_4TB/crispy_storage/fake-images/sdxl_fp16_p76_seed199.png,fake,0.9955452680587769,0.08912873268127441
sd15_fp8,CLIP-D,/media/SSD_4TB/crispy_storage/fake-images/sd15_fp8_p11_seed134.png,fake,0.7949864268302917,0.0626668930053711
sd15_fp8,R50_TF,/media/SSD_4TB/crispy_storage/fake-images/sd15_fp8_p11_seed134.png,real,0.4363,0.142
sd15_fp8,NPR,/media/SSD_4TB/crispy_storage/fake-images/sd15_fp8_p11_seed134.png,real,0.0018796614604070783,0.09273719787597656
sdxl_fp16,CLIP-D,/media/SSD_4TB/crispy_storage/fake-images/sdxl_fp16_p3_seed126.png,fake,0.7898681163787842,0.060262203216552734
sdxl_fp16,R50_TF,/media/SSD_4TB/crispy_storage/fake-images/sdxl_fp16_p3_seed126.png,fake,0.5618,0.18
sdxl_fp16,NPR,/media/SSD_4TB/crispy_storage/fake-images/sdxl_fp16_p3_seed126.png,fake,0.9990553259849548,0.08709955215454102
sd3_fp16,CLIP-D,/media/SSD_4TB/crispy_storage/fake-images/sd3_fp16_p36_seed159.png,fake,0.5512169003486633,0.06167769432067871
sd3_fp16,R50_TF,/media/SSD_4TB/crispy_storage/fake-images/sd3_fp16_p36_seed159.png,real,0.4556,0.177
sd3_fp16,NPR,/media/SSD_4TB/crispy_storage/fake-images/sd3_fp16_p36_seed159.png,real,0.10718195140361786,0.09113812446594238
pg25_fp16,CLIP-D,/media/SSD_4TB/crispy_storage/fake-images/pg25_fp16_p66_seed189.png,fake,0.8451999425888062,0.061042070388793945
pg25_fp16,R50_TF,/media/SSD_4TB/crispy_storage/fake-images/pg25_fp16_p66_seed189.png,real,0.4521,0.18
pg25_fp16,NPR,/media/SSD_4TB/crispy_storage/fake-images/pg25_fp16_p66_seed189.png,real,0.0009613177389837801,0.09164953231811523
sd35_fp8,CLIP-D,/media/SSD_4TB/crispy_storage/fake-images/sd35_fp8_p98_seed221.png,fake,0.5567696690559387,0.06331038475036621
sd35_fp8,R50_TF,/media/SSD_4TB/crispy_storage/fake-images/sd35_fp8_p98_seed221.png,real,0.4172,0.178
sd35_fp8,NPR,/media/SSD_4TB/crispy_storage/fake-images/sd35_fp8_p98_seed221.png,fake,0.9973438382148743,0.08942866325378418
sd3_fp8,CLIP-D,/media/SSD_4TB/crispy_storage/fake-images/sd3_fp8_p24_seed147.png,fake,0.9566347599029541,0.06282496452331543
sd3_fp8,R50_TF,/media/SSD_4TB/crispy_storage/fake-images/sd3_fp8_p24_seed147.png,fake,0.7067,0.18
sd3_fp8,NPR,/media/SSD_4TB/crispy_storage/fake-images/sd3_fp8_p24_seed147.png,real,2.1948717403574847e-05,0.08995628356933594
sd35_fp4,CLIP-D,/media/SSD_4TB/crispy_storage/fake-images/sd35_fp4_p74_seed197.png,fake,0.6622996926307678,0.0624394416809082
sd35_fp4,R50_TF,/media/SSD_4TB/crispy_storage/fake-images/sd35_fp4_p74_seed197.png,real,0.4728,0.18
sd35_fp4,NPR,/media/SSD_4TB/crispy_storage/fake-images/sd35_fp4_p74_seed197.png,real,2.5807986858694676e-08,0.09095931053161621
sd3_fp16,CLIP-D,/media/SSD_4TB/crispy_storage/fake-images/sd3_fp16_p59_seed182.png,fake,0.9967778325080872,0.06103992462158203
sd3_fp16,R50_TF,/media/SSD_4TB/crispy_storage/fake-images/sd3_fp16_p59_seed182.png,fake,0.5545,0.179
sd3_fp16,NPR,/media/SSD_4TB/crispy_storage/fake-images/sd3_fp16_p59_seed182.png,fake,0.9920296669006348,0.09217405319213867
sdxl_fp8,CLIP-D,/media/SSD_4TB/crispy_storage/fake-images/sdxl_fp8_p37_seed160.png,fake,0.9739970564842224,0.06194496154785156
sdxl_fp8,R50_TF,/media/SSD_4TB/crispy_storage/fake-images/sdxl_fp8_p37_seed160.png,real,0.419,0.175
sdxl_fp8,NPR,/media/SSD_4TB/crispy_storage/fake-images/sdxl_fp8_p37_seed160.png,real,0.02000923827290535,0.08960723876953125
sd3_fp4,CLIP-D,/media/SSD_4TB/crispy_storage/fake-images/sd3_fp4_p58_seed181.png,fake,0.9955558180809021,0.06274533271789551
sd3_fp4,R50_TF,/media/SSD_4TB/crispy_storage/fake-images/sd3_fp4_p58_seed181.png,fake,0.5922,0.173
sd3_fp4,NPR,/media/SSD_4TB/crispy_storage/fake-images/sd3_fp4_p58_seed181.png,fake,0.932104229927063,0.09105181694030762
sdxl_fp16,CLIP-D,/media/SSD_4TB/crispy_storage/fake-images/sdxl_fp16_p49_seed172.png,fake,0.9978237152099609,0.0632483959197998
sdxl_fp16,R50_TF,/media/SSD_4TB/crispy_storage/fake-images/sdxl_fp16_p49_seed172.png,fake,0.5939,0.173
sdxl_fp16,NPR,/media/SSD_4TB/crispy_storage/fake-images/sdxl_fp16_p49_seed172.png,fake,0.9999995231628418,0.08824658393859863
sd15_fp16,CLIP-D,/media/SSD_4TB/crispy_storage/fake-images/sd15_fp16_p65_seed188.png,fake,0.9063170552253723,0.06141090393066406
sd15_fp16,R50_TF,/media/SSD_4TB/crispy_storage/fake-images/sd15_fp16_p65_seed188.png,real,0.434,0.143
sd15_fp16,NPR,/media/SSD_4TB/crispy_storage/fake-images/sd15_fp16_p65_seed188.png,real,0.0036160890012979507,0.09263014793395996
sd15_fp16,CLIP-D,/media/SSD_4TB/crispy_storage/fake-images/sd15_fp16_p56_seed179.png,fake,0.9475224614143372,0.06289243698120117
sd15_fp16,R50_TF,/media/SSD_4TB/crispy_storage/fake-images/sd15_fp16_p56_seed179.png,fake,0.5375,0.145
sd15_fp16,NPR,/media/SSD_4TB/crispy_storage/fake-images/sd15_fp16_p56_seed179.png,real,0.008068663068115711,0.09346532821655273
sd15_fp8,CLIP-D,/media/SSD_4TB/crispy_storage/fake-images/sd15_fp8_p75_seed198.png,real,0.032024458050727844,0.06302547454833984
sd15_fp8,R50_TF,/media/SSD_4TB/crispy_storage/fake-images/sd15_fp8_p75_seed198.png,real,0.388,0.144
sd15_fp8,NPR,/media/SSD_4TB/crispy_storage/fake-images/sd15_fp8_p75_seed198.png,real,8.056030492298305e-05,0.09003543853759766
z-image_fp16,CLIP-D,/media/SSD_4TB/crispy_storage/fake-images/z-image_fp16_p82_seed205.png,fake,0.984421968460083,0.06220412254333496
z-image_fp16,R50_TF,/media/SSD_4TB/crispy_storage/fake-images/z-image_fp16_p82_seed205.png,real,0.4796,0.18
z-image_fp16,NPR,/media/SSD_4TB/crispy_storage/fake-images/z-image_fp16_p82_seed205.png,fake,0.9997939467430115,0.08742213249206543
sdxl_fp16,CLIP-D,/media/SSD_4TB/crispy_storage/fake-images/sdxl_fp16_p65_seed188.png,fake,0.9598326086997986,0.06205248832702637
sdxl_fp16,R50_TF,/media/SSD_4TB/crispy_storage/fake-images/sdxl_fp16_p65_seed188.png,real,0.4145,0.176
sdxl_fp16,NPR,/media/SSD_4TB/crispy_storage/fake-images/sdxl_fp16_p65_seed188.png,real,0.34315988421440125,0.09007763862609863
sdxl_fp16,CLIP-D,/media/SSD_4TB/crispy_storage/fake-images/sdxl_fp16_p78_seed201.png,fake,0.9781337380409241,0.0612337589263916
sdxl_fp16,R50_TF,/media/SSD_4TB/crispy_storage/fake-images/sdxl_fp16_p78_seed201.png,fake,0.62,0.177
sdxl_fp16,NPR,/media/SSD_4TB/crispy_storage/fake-images/sdxl_fp16_p78_seed201.png,real,0.22719982266426086,0.0919651985168457
sd35_fp4,CLIP-D,/media/SSD_4TB/crispy_storage/fake-images/sd35_fp4_p87_seed210.png,fake,0.9689712524414062,0.06226539611816406
sd35_fp4,R50_TF,/media/SSD_4TB/crispy_storage/fake-images/sd35_fp4_p87_seed210.png,real,0.4664,0.183
sd35_fp4,NPR,/media/SSD_4TB/crispy_storage/fake-images/sd35_fp4_p87_seed210.png,fake,0.8041320443153381,0.09095072746276855
sdxl_fp4,CLIP-D,/media/SSD_4TB/crispy_storage/fake-images/sdxl_fp4_p97_seed220.png,fake,0.9919354915618896,0.06330442428588867
sdxl_fp4,R50_TF,/media/SSD_4TB/crispy_storage/fake-images/sdxl_fp4_p97_seed220.png,fake,0.6214,0.178
sdxl_fp4,NPR,/media/SSD_4TB/crispy_storage/fake-images/sdxl_fp4_p97_seed220.png,fake,0.9973680377006531,0.09140706062316895
sd15_fp8,CLIP-D,/media/SSD_4TB/crispy_storage/fake-images/sd15_fp8_p31_seed154.png,fake,0.9777841567993164,0.06115150451660156
sd15_fp8,R50_TF,/media/SSD_4TB/crispy_storage/fake-images/sd15_fp8_p31_seed154.png,fake,0.5743,0.143
sd15_fp8,NPR,/media/SSD_4TB/crispy_storage/fake-images/sd15_fp8_p31_seed154.png,fake,0.9987863898277283,0.0914919376373291
sd3_fp4,CLIP-D,/media/SSD_4TB/crispy_storage/fake-images/sd3_fp4_p7_seed130.png,fake,0.9657179713249207,0.06306910514831543
sd3_fp4,R50_TF,/media/SSD_4TB/crispy_storage/fake-images/sd3_fp4_p7_seed130.png,fake,0.5861,0.181
sd3_fp4,NPR,/media/SSD_4TB/crispy_storage/fake-images/sd3_fp4_p7_seed130.png,fake,0.9927921295166016,0.0917809009552002
sd35_fp8,CLIP-D,/media/SSD_4TB/crispy_storage/fake-images/sd35_fp8_p51_seed174.png,fake,0.8868662714958191,0.06368041038513184
sd35_fp8,R50_TF,/media/SSD_4TB/crispy_storage/fake-images/sd35_fp8_p51_seed174.png,fake,0.5427,0.182
sd35_fp8,NPR,/media/SSD_4TB/crispy_storage/fake-images/sd35_fp8_p51_seed174.png,fake,0.9995719790458679,0.09171557426452637
pg25_fp4,CLIP-D,/media/SSD_4TB/crispy_storage/fake-images/pg25_fp4_p79_seed202.png,fake,0.9972688555717468,0.0603032112121582
pg25_fp4,R50_TF,/media/SSD_4TB/crispy_storage/fake-images/pg25_fp4_p79_seed202.png,fake,0.5723,0.181
pg25_fp4,NPR,/media/SSD_4TB/crispy_storage/fake-images/pg25_fp4_p79_seed202.png,fake,0.9996423721313477,0.09167599678039551
sdxl_fp8,CLIP-D,/media/SSD_4TB/crispy_storage/fake-images/sdxl_fp8_p13_seed136.png,fake,0.995648205280304,0.0631415843963623
sdxl_fp8,R50_TF,/media/SSD_4TB/crispy_storage/fake-images/sdxl_fp8_p13_seed136.png,fake,0.5723,0.179
sdxl_fp8,NPR,/media/SSD_4TB/crispy_storage/fake-images/sdxl_fp8_p13_seed136.png,fake,0.9999947547912598,0.0908195972442627
pg25_fp16,CLIP-D,/media/SSD_4TB/crispy_storage/fake-images/pg25_fp16_p3_seed126.png,fake,0.9482412934303284,0.06359171867370605
pg25_fp16,R50_TF,/media/SSD_4TB/crispy_storage/fake-images/pg25_fp16_p3_seed126.png,fake,0.5562,0.18
pg25_fp16,NPR,/media/SSD_4TB/crispy_storage/fake-images/pg25_fp16_p3_seed126.png,fake,0.9999991655349731,0.092529296875
sd35_fp4,CLIP-D,/media/SSD_4TB/crispy_storage/fake-images/sd35_fp4_p86_seed209.png,fake,0.9250664710998535,0.0619654655456543
sd35_fp4,R50_TF,/media/SSD_4TB/crispy_storage/fake-images/sd35_fp4_p86_seed209.png,fake,0.5751,0.183
sd35_fp4,NPR,/media/SSD_4TB/crispy_storage/fake-images/sd35_fp4_p86_seed209.png,fake,0.595050573348999,0.09221982955932617
pg25_fp16,CLIP-D,/media/SSD_4TB/crispy_storage/fake-images/pg25_fp16_p23_seed146.png,real,0.42891573905944824,0.06227850914001465
pg25_fp16,R50_TF,/media/SSD_4TB/crispy_storage/fake-images/pg25_fp16_p23_seed146.png,real,0.4492,0.18
pg25_fp16,NPR,/media/SSD_4TB/crispy_storage/fake-images/pg25_fp16_p23_seed146.png,fake,0.9011978507041931,0.09319400787353516
pg25_fp16,CLIP-D,/media/SSD_4TB/crispy_storage/fake-images/pg25_fp16_p59_seed182.png,fake,0.9950705766677856,0.06333303451538086
pg25_fp16,R50_TF,/media/SSD_4TB/crispy_storage/fake-images/pg25_fp16_p59_seed182.png,fake,0.7158,0.179
pg25_fp16,NPR,/media/SSD_4TB/crispy_storage/fake-images/pg25_fp16_p59_seed182.png,fake,1.0,0.0917501449584961
sd15_fp16,CLIP-D,/media/SSD_4TB/crispy_storage/fake-images/sd15_fp16_p27_seed150.png,fake,0.9694082736968994,0.062438011169433594
sd15_fp16,R50_TF,/media/SSD_4TB/crispy_storage/fake-images/sd15_fp16_p27_seed150.png,fake,0.5634,0.147
sd15_fp16,NPR,/media/SSD_4TB/crispy_storage/fake-images/sd15_fp16_p27_seed150.png,fake,0.9968865513801575,0.09144949913024902
sd15_fp16,CLIP-D,/media/SSD_4TB/crispy_storage/fake-images/sd15_fp16_p14_seed137.png,fake,0.8064855933189392,0.06171584129333496
sd15_fp16,R50_TF,/media/SSD_4TB/crispy_storage/fake-images/sd15_fp16_p14_seed137.png,fake,0.6061,0.14
sd15_fp16,NPR,/media/SSD_4TB/crispy_storage/fake-images/sd15_fp16_p14_seed137.png,real,9.530934039503336e-05,0.09295511245727539
sdxl_fp16,CLIP-D,/media/SSD_4TB/crispy_storage/fake-images/sdxl_fp16_p87_seed210.png,fake,0.9708806872367859,0.06136035919189453
sdxl_fp16,R50_TF,/media/SSD_4TB/crispy_storage/fake-images/sdxl_fp16_p87_seed210.png,fake,0.6146,0.179
sdxl_fp16,NPR,/media/SSD_4TB/crispy_storage/fake-images/sdxl_fp16_p87_seed210.png,fake,1.0,0.0912179946899414
sd35_fp16,CLIP-D,/media/SSD_4TB/crispy_storage/fake-images/sd35_fp16_p76_seed199.png,fake,0.9960893392562866,0.06213116645812988
sd35_fp16,R50_TF,/media/SSD_4TB/crispy_storage/fake-images/sd35_fp16_p76_seed199.png,real,0.4446,0.178
sd35_fp16,NPR,/media/SSD_4TB/crispy_storage/fake-images/sd35_fp16_p76_seed199.png,fake,1.0,0.08914613723754883
pg25_fp4,CLIP-D,/media/SSD_4TB/crispy_storage/fake-images/pg25_fp4_p8_seed131.png,fake,0.9751503467559814,0.0617978572845459
pg25_fp4,R50_TF,/media/SSD_4TB/crispy_storage/fake-images/pg25_fp4_p8_seed131.png,fake,0.5917,0.178
pg25_fp4,NPR,/media/SSD_4TB/crispy_storage/fake-images/pg25_fp4_p8_seed131.png,fake,0.9752547740936279,0.09109759330749512
sd3_fp8,CLIP-D,/media/SSD_4TB/crispy_storage/fake-images/sd3_fp8_p81_seed204.png,fake,0.9667586088180542,0.06322121620178223
sd3_fp8,R50_TF,/media/SSD_4TB/crispy_storage/fake-images/sd3_fp8_p81_seed204.png,fake,0.6367,0.183
sd3_fp8,NPR,/media/SSD_4TB/crispy_storage/fake-images/sd3_fp8_p81_seed204.png,real,0.2150377780199051,0.09125208854675293
sdxl_fp8,CLIP-D,/media/SSD_4TB/crispy_storage/fake-images/sdxl_fp8_p26_seed149.png,fake,0.9775313138961792,0.061423540115356445
sdxl_fp8,R50_TF,/media/SSD_4TB/crispy_storage/fake-images/sdxl_fp8_p26_seed149.png,fake,0.5793,0.179
sdxl_fp8,NPR,/media/SSD_4TB/crispy_storage/fake-images/sdxl_fp8_p26_seed149.png,real,0.015522545203566551,0.0909724235534668
sd15_fp4,CLIP-D,/media/SSD_4TB/crispy_storage/fake-images/sd15_fp4_p75_seed198.png,real,0.22398963570594788,0.06265497207641602
sd15_fp4,R50_TF,/media/SSD_4TB/crispy_storage/fake-images/sd15_fp4_p75_seed198.png,real,0.4101,0.144
sd15_fp4,NPR,/media/SSD_4TB/crispy_storage/fake-images/sd15_fp4_p75_seed198.png,real,0.02773166075348854,0.08921360969543457
sd3_fp16,CLIP-D,/media/SSD_4TB/crispy_storage/fake-images/sd3_fp16_p40_seed163.png,fake,0.9860838055610657,0.06351327896118164
sd3_fp16,R50_TF,/media/SSD_4TB/crispy_storage/fake-images/sd3_fp16_p40_seed163.png,fake,0.6234,0.172
sd3_fp16,NPR,/media/SSD_4TB/crispy_storage/fake-images/sd3_fp16_p40_seed163.png,real,0.019964834675192833,0.09101629257202148
sd15_fp16,CLIP-D,/media/SSD_4TB/crispy_storage/fake-images/sd15_fp16_p61_seed184.png,fake,0.9740617275238037,0.0630645751953125
sd15_fp16,R50_TF,/media/SSD_4TB/crispy_storage/fake-images/sd15_fp16_p61_seed184.png,fake,0.6578,0.138
sd15_fp16,NPR,/media/SSD_4TB/crispy_storage/fake-images/sd15_fp16_p61_seed184.png,real,0.00011094455112470314,0.09059572219848633
pg25_fp8,CLIP-D,/media/SSD_4TB/crispy_storage/fake-images/pg25_fp8_p7_seed130.png,fake,0.9992996454238892,0.0629875659942627
pg25_fp8,R50_TF,/media/SSD_4TB/crispy_storage/fake-images/pg25_fp8_p7_seed130.png,fake,0.6697,0.174
pg25_fp8,NPR,/media/SSD_4TB/crispy_storage/fake-images/pg25_fp8_p7_seed130.png,fake,0.9439887404441833,0.09266781806945801
pg25_fp16,CLIP-D,/media/SSD_4TB/crispy_storage/fake-images/pg25_fp16_p36_seed159.png,fake,0.951520562171936,0.06183123588562012
pg25_fp16,R50_TF,/media/SSD_4TB/crispy_storage/fake-images/pg25_fp16_p36_seed159.png,fake,0.5729,0.175
pg25_fp16,NPR,/media/SSD_4TB/crispy_storage/fake-images/pg25_fp16_p36_seed159.png,fake,1.0,0.08855509757995605
sd35_fp4,CLIP-D,/media/SSD_4TB/crispy_storage/fake-images/sd35_fp4_p14_seed137.png,fake,0.9947392344474792,0.06293940544128418
sd35_fp4,R50_TF,/media/SSD_4TB/crispy_storage/fake-images/sd35_fp4_p14_seed137.png,fake,0.5548,0.177
sd35_fp4,NPR,/media/SSD_4TB/crispy_storage/fake-images/sd35_fp4_p14_seed137.png,fake,0.7325977087020874,0.09018945693969727
sd3_fp8,CLIP-D,/media/SSD_4TB/crispy_storage/fake-images/sd3_fp8_p97_seed220.png,fake,0.9934518337249756,0.059647560119628906
sd3_fp8,R50_TF,/media/SSD_4TB/crispy_storage/fake-images/sd3_fp8_p97_seed220.png,real,0.4373,0.18
sd3_fp8,NPR,/media/SSD_4TB/crispy_storage/fake-images/sd3_fp8_p97_seed220.png,real,0.3133678436279297,0.08859372138977051
sd35_fp8,CLIP-D,/media/SSD_4TB/crispy_storage/fake-images/sd35_fp8_p77_seed200.png,fake,0.993370771408081,0.06101369857788086
sd35_fp8,R50_TF,/media/SSD_4TB/crispy_storage/fake-images/sd35_fp8_p77_seed200.png,fake,0.5957,0.178
sd35_fp8,NPR,/media/SSD_4TB/crispy_storage/fake-images/sd35_fp8_p77_seed200.png,fake,0.8175914883613586,0.09273505210876465
sd35_fp16,CLIP-D,/media/SSD_4TB/crispy_storage/fake-images/sd35_fp16_p58_seed181.png,fake,0.9814376831054688,0.061220645904541016
sd35_fp16,R50_TF,/media/SSD_4TB/crispy_storage/fake-images/sd35_fp16_p58_seed181.png,fake,0.6493,0.17
sd35_fp16,NPR,/media/SSD_4TB/crispy_storage/fake-images/sd35_fp16_p58_seed181.png,fake,0.5169704556465149,0.08938384056091309
sdxl_fp4,CLIP-D,/media/SSD_4TB/crispy_storage/fake-images/sdxl_fp4_p47_seed170.png,fake,0.9943865537643433,0.061676740646362305
sdxl_fp4,R50_TF,/media/SSD_4TB/crispy_storage/fake-images/sdxl_fp4_p47_seed170.png,fake,0.591,0.176
sdxl_fp4,NPR,/media/SSD_4TB/crispy_storage/fake-images/sdxl_fp4_p47_seed170.png,fake,1.0,0.09161615371704102
sd35_fp4,CLIP-D,/media/SSD_4TB/crispy_storage/fake-images/sd35_fp4_p78_seed201.png,fake,0.9823384881019592,0.061980485916137695
sd35_fp4,R50_TF,/media/SSD_4TB/crispy_storage/fake-images/sd35_fp4_p78_seed201.png,real,0.4206,0.18
sd35_fp4,NPR,/media/SSD_4TB/crispy_storage/fake-images/sd35_fp4_p78_seed201.png,real,0.023213109001517296,0.09282851219177246
sd3_fp4,CLIP-D,/media/SSD_4TB/crispy_storage/fake-images/sd3_fp4_p12_seed135.png,fake,0.9988306164741516,0.06297993659973145
sd3_fp4,R50_TF,/media/SSD_4TB/crispy_storage/fake-images/sd3_fp4_p12_seed135.png,real,0.4682,0.179
sd3_fp4,NPR,/media/SSD_4TB/crispy_storage/fake-images/sd3_fp4_p12_seed135.png,fake,0.9997816681861877,0.09117364883422852
sd35_fp8,CLIP-D,/media/SSD_4TB/crispy_storage/fake-images/sd35_fp8_p47_seed170.png,fake,0.9325580596923828,0.06149125099182129
sd35_fp8,R50_TF,/media/SSD_4TB/crispy_storage/fake-images/sd35_fp8_p47_seed170.png,fake,0.6059,0.172
sd35_fp8,NPR,/media/SSD_4TB/crispy_storage/fake-images/sd35_fp8_p47_seed170.png,fake,0.9999645948410034,0.09162259101867676
sdxl_fp16,CLIP-D,/media/SSD_4TB/crispy_storage/fake-images/sdxl_fp16_p95_seed218.png,fake,0.9959865212440491,0.062195539474487305
sdxl_fp16,R50_TF,/media/SSD_4TB/crispy_storage/fake-images/sdxl_fp16_p95_seed218.png,fake,0.6397,0.18
sdxl_fp16,NPR,/media/SSD_4TB/crispy_storage/fake-images/sdxl_fp16_p95_seed218.png,fake,1.0,0.09218430519104004
sd15_fp16,CLIP-D,/media/SSD_4TB/crispy_storage/fake-images/sd15_fp16_p80_seed203.png,real,0.40285608172416687,0.06107926368713379
sd15_fp16,R50_TF,/media/SSD_4TB/crispy_storage/fake-images/sd15_fp16_p80_seed203.png,real,0.441,0.145
sd15_fp16,NPR,/media/SSD_4TB/crispy_storage/fake-images/sd15_fp16_p80_seed203.png,real,0.00018109679513145238,0.09156274795532227
sd15_fp8,CLIP-D,/media/SSD_4TB/crispy_storage/fake-images/sd15_fp8_p70_seed193.png,fake,0.9979966282844543,0.06095480918884277
sd15_fp8,R50_TF,/media/SSD_4TB/crispy_storage/fake-images/sd15_fp8_p70_seed193.png,fake,0.5725,0.142
sd15_fp8,NPR,/media/SSD_4TB/crispy_storage/fake-images/sd15_fp8_p70_seed193.png,fake,0.7811605930328369,0.09226417541503906
sd35_fp16,CLIP-D,/media/SSD_4TB/crispy_storage/fake-images/sd35_fp16_p32_seed155.png,fake,0.9548974633216858,0.06323933601379395
sd35_fp16,R50_TF,/media/SSD_4TB/crispy_storage/fake-images/sd35_fp16_p32_seed155.png,fake,0.5477,0.178
sd35_fp16,NPR,/media/SSD_4TB/crispy_storage/fake-images/sd35_fp16_p32_seed155.png,fake,0.9998441934585571,0.0910336971282959
z-image_fp16,CLIP-D,/media/SSD_4TB/crispy_storage/fake-images/z-image_fp16_p78_seed201.png,fake,0.9492342472076416,0.061414480209350586
z-image_fp16,R50_TF,/media/SSD_4TB/crispy_storage/fake-images/z-image_fp16_p78_seed201.png,real,0.4159,0.177
z-image_fp16,NPR,/media/SSD_4TB/crispy_storage/fake-images/z-image_fp16_p78_seed201.png,fake,0.9654671549797058,0.09287405014038086
sd15_fp4,CLIP-D,/media/SSD_4TB/crispy_storage/fake-images/sd15_fp4_p93_seed216.png,real,0.11336081475019455,0.06282305717468262
sd15_fp4,R50_TF,/media/SSD_4TB/crispy_storage/fake-images/sd15_fp4_p93_seed216.png,real,0.3903,0.145
sd15_fp4,NPR,/media/SSD_4TB/crispy_storage/fake-images/sd15_fp4_p93_seed216.png,real,1.8770005283386126e-07,0.08772420883178711
sd3_fp16,CLIP-D,/media/SSD_4TB/crispy_storage/fake-images/sd3_fp16_p5_seed128.png,fake,0.9994877576828003,0.06272506713867188
sd3_fp16,R50_TF,/media/SSD_4TB/crispy_storage/fake-images/sd3_fp16_p5_seed128.png,fake,0.5477,0.175
sd3_fp16,NPR,/media/SSD_4TB/crispy_storage/fake-images/sd3_fp16_p5_seed128.png,fake,0.9981067180633545,0.0872201919555664
sd3_fp16,CLIP-D,/media/SSD_4TB/crispy_storage/fake-images/sd3_fp16_p77_seed200.png,fake,0.98831707239151,0.06194496154785156
sd3_fp16,R50_TF,/media/SSD_4TB/crispy_storage/fake-images/sd3_fp16_p77_seed200.png,fake,0.5884,0.175
sd3_fp16,NPR,/media/SSD_4TB/crispy_storage/fake-images/sd3_fp16_p77_seed200.png,fake,0.9984890222549438,0.08916640281677246
sd15_fp8,CLIP-D,/media/SSD_4TB/crispy_storage/fake-images/sd15_fp8_p46_seed169.png,real,0.3619944751262665,0.06348419189453125
sd15_fp8,R50_TF,/media/SSD_4TB/crispy_storage/fake-images/sd15_fp8_p46_seed169.png,real,0.387,0.142
sd15_fp8,NPR,/media/SSD_4TB/crispy_storage/fake-images/sd15_fp8_p46_seed169.png,real,7.336167300309171e-07,0.09125494956970215
pg25_fp16,CLIP-D,/media/SSD_4TB/crispy_storage/fake-images/pg25_fp16_p33_seed156.png,fake,0.989185094833374,0.06298542022705078
pg25_fp16,R50_TF,/media/SSD_4TB/crispy_storage/fake-images/pg25_fp16_p33_seed156.png,fake,0.5844,0.172
pg25_fp16,NPR,/media/SSD_4TB/crispy_storage/fake-images/pg25_fp16_p33_seed156.png,fake,0.7622044086456299,0.09142613410949707
sd15_fp4,CLIP-D,/media/SSD_4TB/crispy_storage/fake-images/sd15_fp4_p26_seed149.png,fake,0.9657137989997864,0.06299662590026855
sd15_fp4,R50_TF,/media/SSD_4TB/crispy_storage/fake-images/sd15_fp4_p26_seed149.png,fake,0.5847,0.141
sd15_fp4,NPR,/media/SSD_4TB/crispy_storage/fake-images/sd15_fp4_p26_seed149.png,fake,0.523826003074646,0.08796119689941406
sd35_fp16,CLIP-D,/media/SSD_4TB/crispy_storage/fake-images/sd35_fp16_p28_seed151.png,fake,0.9942143559455872,0.0631411075592041
sd35_fp16,R50_TF,/media/SSD_4TB/crispy_storage/fake-images/sd35_fp16_p28_seed151.png,fake,0.6131,0.181
sd35_fp16,NPR,/media/SSD_4TB/crispy_storage/fake-images/sd35_fp16_p28_seed151.png,fake,0.9582893252372742,0.09142041206359863
sd3_fp4,CLIP-D,/media/SSD_4TB/crispy_storage/fake-images/sd3_fp4_p55_seed178.png,real,0.14001190662384033,0.061791181564331055
sd3_fp4,R50_TF,/media/SSD_4TB/crispy_storage/fake-images/sd3_fp4_p55_seed178.png,real,0.4199,0.18
sd3_fp4,NPR,/media/SSD_4TB/crispy_storage/fake-images/sd3_fp4_p55_seed178.png,real,9.825687448028475e-05,0.09026575088500977
pg25_fp16,CLIP-D,/media/SSD_4TB/crispy_storage/fake-images/pg25_fp16_p21_seed144.png,fake,0.9972537159919739,0.06314587593078613
pg25_fp16,R50_TF,/media/SSD_4TB/crispy_storage/fake-images/pg25_fp16_p21_seed144.png,fake,0.6003,0.177
pg25_fp16,NPR,/media/SSD_4TB/crispy_storage/fake-images/pg25_fp16_p21_seed144.png,fake,0.9975882768630981,0.09201812744140625
sd15_fp4,CLIP-D,/media/SSD_4TB/crispy_storage/fake-images/sd15_fp4_p58_seed181.png,fake,0.974026083946228,0.06268525123596191
sd15_fp4,R50_TF,/media/SSD_4TB/crispy_storage/fake-images/sd15_fp4_p58_seed181.png,fake,0.6386,0.143
sd15_fp4,NPR,/media/SSD_4TB/crispy_storage/fake-images/sd15_fp4_p58_seed181.png,fake,0.9370508193969727,0.09196996688842773
sd15_fp8,CLIP-D,/media/SSD_4TB/crispy_storage/fake-images/sd15_fp8_p57_seed180.png,fake,0.9717057943344116,0.06081652641296387
sd15_fp8,R50_TF,/media/SSD_4TB/crispy_storage/fake-images/sd15_fp8_p57_seed180.png,fake,0.6809,0.146
sd15_fp8,NPR,/media/SSD_4TB/crispy_storage/fake-images/sd15_fp8_p57_seed180.png,fake,0.9041619896888733,0.09302449226379395
z-image_fp8,CLIP-D,/media/SSD_4TB/crispy_storage/fake-images/z-image_fp8_p15_seed138.png,fake,0.9652760624885559,0.062406301498413086
z-image_fp8,R50_TF,/media/SSD_4TB/crispy_storage/fake-images/z-image_fp8_p15_seed138.png,fake,0.5372,0.175
z-image_fp8,NPR,/media/SSD_4TB/crispy_storage/fake-images/z-image_fp8_p15_seed138.png,fake,0.999997615814209,0.09330439567565918
pg25_fp4,CLIP-D,/media/SSD_4TB/crispy_storage/fake-images/pg25_fp4_p64_seed187.png,fake,0.9977899789810181,0.06343340873718262
pg25_fp4,R50_TF,/media/SSD_4TB/crispy_storage/fake-images/pg25_fp4_p64_seed187.png,fake,0.5824,0.181
pg25_fp4,NPR,/media/SSD_4TB/crispy_storage/fake-images/pg25_fp4_p64_seed187.png,fake,0.8725444078445435,0.08785724639892578
sd3_fp8,CLIP-D,/media/SSD_4TB/crispy_storage/fake-images/sd3_fp8_p25_seed148.png,fake,0.9993256330490112,0.06295418739318848
sd3_fp8,R50_TF,/media/SSD_4TB/crispy_storage/fake-images/sd3_fp8_p25_seed148.png,fake,0.5679,0.179
sd3_fp8,NPR,/media/SSD_4TB/crispy_storage/fake-images/sd3_fp8_p25_seed148.png,fake,0.9999974966049194,0.09093070030212402
sd3_fp16,CLIP-D,/media/SSD_4TB/crispy_storage/fake-images/sd3_fp16_p51_seed174.png,fake,0.5898239016532898,0.06322908401489258
sd3_fp16,R50_TF,/media/SSD_4TB/crispy_storage/fake-images/sd3_fp16_p51_seed174.png,real,0.438,0.178
sd3_fp16,NPR,/media/SSD_4TB/crispy_storage/fake-images/sd3_fp16_p51_seed174.png,real,8.988146873889491e-05,0.09123897552490234
sd35_fp8,CLIP-D,/media/SSD_4TB/crispy_storage/fake-images/sd35_fp8_p70_seed193.png,fake,0.9840461015701294,0.06279873847961426
sd35_fp8,R50_TF,/media/SSD_4TB/crispy_storage/fake-images/sd35_fp8_p70_seed193.png,fake,0.6215,0.175
sd35_fp8,NPR,/media/SSD_4TB/crispy_storage/fake-images/sd35_fp8_p70_seed193.png,fake,0.9942646622657776,0.0917966365814209
sd15_fp16,CLIP-D,/media/SSD_4TB/crispy_storage/fake-images/sd15_fp16_p74_seed197.png,fake,0.9945359230041504,0.05985260009765625
sd15_fp16,R50_TF,/media/SSD_4TB/crispy_storage/fake-images/sd15_fp16_p74_seed197.png,real,0.4528,0.143
sd15_fp16,NPR,/media/SSD_4TB/crispy_storage/fake-images/sd15_fp16_p74_seed197.png,fake,0.9645200967788696,0.0936136245727539
pg25_fp16,CLIP-D,/media/SSD_4TB/crispy_storage/fake-images/pg25_fp16_p31_seed154.png,fake,0.9953857064247131,0.061324357986450195
pg25_fp16,R50_TF,/media/SSD_4TB/crispy_storage/fake-images/pg25_fp16_p31_seed154.png,fake,0.6221,0.179
pg25_fp16,NPR,/media/SSD_4TB/crispy_storage/fake-images/pg25_fp16_p31_seed154.png,fake,0.9999996423721313,0.09142184257507324
sdxl_fp8,CLIP-D,/media/SSD_4TB/crispy_storage/fake-images/sdxl_fp8_p56_seed179.png,fake,0.9993096590042114,0.060089826583862305
sdxl_fp8,R50_TF,/media/SSD_4TB/crispy_storage/fake-images/sdxl_fp8_p56_seed179.png,fake,0.6161,0.174
sdxl_fp8,NPR,/media/SSD_4TB/crispy_storage/fake-images/sdxl_fp8_p56_seed179.png,fake,1.0,0.09166169166564941
sd3_fp8,CLIP-D,/media/SSD_4TB/crispy_storage/fake-images/sd3_fp8_p95_seed218.png,fake,0.9835536479949951,0.06213521957397461
sd3_fp8,R50_TF,/media/SSD_4TB/crispy_storage/fake-images/sd3_fp8_p95_seed218.png,fake,0.5478,0.178
sd3_fp8,NPR,/media/SSD_4TB/crispy_storage/fake-images/sd3_fp8_p95_seed218.png,real,1.565360861766063e-11,0.08977627754211426
sd15_fp4,CLIP-D,/media/SSD_4TB/crispy_storage/fake-images/sd15_fp4_p61_seed184.png,fake,0.9959964752197266,0.06075763702392578
sd15_fp4,R50_TF,/media/SSD_4TB/crispy_storage/fake-images/sd15_fp4_p61_seed184.png,fake,0.5954,0.145
sd15_fp4,NPR,/media/SSD_4TB/crispy_storage/fake-images/sd15_fp4_p61_seed184.png,real,0.0013525608228519559,0.09285283088684082
sd3_fp4,CLIP-D,/media/SSD_4TB/crispy_storage/fake-images/sd3_fp4_p76_seed199.png,fake,0.9916953444480896,0.0638577938079834
sd3_fp4,R50_TF,/media/SSD_4TB/crispy_storage/fake-images/sd3_fp4_p76_seed199.png,fake,0.5698,0.175
sd3_fp4,NPR,/media/SSD_4TB/crispy_storage/fake-images/sd3_fp4_p76_seed199.png,fake,0.7446537613868713,0.09141969680786133
sdxl_fp4,CLIP-D,/media/SSD_4TB/crispy_storage/fake-images/sdxl_fp4_p51_seed174.png,fake,0.9965482354164124,0.06265783309936523
sdxl_fp4,R50_TF,/media/SSD_4TB/crispy_storage/fake-images/sdxl_fp4_p51_seed174.png,fake,0.6269,0.173
sdxl_fp4,NPR,/media/SSD_4TB/crispy_storage/fake-images/sdxl_fp4_p51_seed174.png,fake,0.9963273406028748,0.0924534797668457
sd3_fp16,CLIP-D,/media/SSD_4TB/crispy_storage/fake-images/sd3_fp16_p7_seed130.png,fake,0.9772002100944519,0.0634925365447998
sd3_fp16,R50_TF,/media/SSD_4TB/crispy_storage/fake-images/sd3_fp16_p7_seed130.png,fake,0.5775,0.182
sd3_fp16,NPR,/media/SSD_4TB/crispy_storage/fake-images/sd3_fp16_p7_seed130.png,fake,0.9986622333526611,0.09117507934570312
sd15_fp4,CLIP-D,/media/SSD_4TB/crispy_storage/fake-images/sd15_fp4_p31_seed154.png,fake,0.947291910648346,0.0629725456237793
sd15_fp4,R50_TF,/media/SSD_4TB/crispy_storage/fake-images/sd15_fp4_p31_seed154.png,fake,0.6653,0.145
sd15_fp4,NPR,/media/SSD_4TB/crispy_storage/fake-images/sd15_fp4_p31_seed154.png,fake,0.7425184845924377,0.09260749816894531
sdxl_fp4,CLIP-D,/media/SSD_4TB/crispy_storage/fake-images/sdxl_fp4_p16_seed139.png,fake,0.9976387023925781,0.06329941749572754
sdxl_fp4,R50_TF,/media/SSD_4TB/crispy_storage/fake-images/sdxl_fp4_p16_seed139.png,fake,0.5891,0.175
sdxl_fp4,NPR,/media/SSD_4TB/crispy_storage/fake-images/sdxl_fp4_p16_seed139.png,fake,0.9999998807907104,0.09480977058410645
sd15_fp4,CLIP-D,/media/SSD_4TB/crispy_storage/fake-images/sd15_fp4_p35_seed158.png,fake,0.8892558217048645,0.06135439872741699
sd15_fp4,R50_TF,/media/SSD_4TB/crispy_storage/fake-images/sd15_fp4_p35_seed158.png,fake,0.5698,0.147
sd15_fp4,NPR,/media/SSD_4TB/crispy_storage/fake-images/sd15_fp4_p35_seed158.png,fake,0.842538058757782,0.09238433837890625
sdxl_fp4,CLIP-D,/media/SSD_4TB/crispy_storage/fake-images/sdxl_fp4_p7_seed130.png,fake,0.9981316924095154,0.06162595748901367
sdxl_fp4,R50_TF,/media/SSD_4TB/crispy_storage/fake-images/sdxl_fp4_p7_seed130.png,fake,0.7206,0.171
sdxl_fp4,NPR,/media/SSD_4TB/crispy_storage/fake-images/sdxl_fp4_p7_seed130.png,fake,0.8384988903999329,0.09208273887634277
sd15_fp16,CLIP-D,/media/SSD_4TB/crispy_storage/fake-images/sd15_fp16_p6_seed129.png,fake,0.5944002866744995,0.06300640106201172
sd15_fp16,R50_TF,/media/SSD_4TB/crispy_storage/fake-images/sd15_fp16_p6_seed129.png,real,0.4508,0.142
sd15_fp16,NPR,/media/SSD_4TB/crispy_storage/fake-images/sd15_fp16_p6_seed129.png,real,0.0004996614879928529,0.09325432777404785
sd15_fp8,CLIP-D,/media/SSD_4TB/crispy_storage/fake-images/sd15_fp8_p98_seed221.png,real,0.30808448791503906,0.06091928482055664
sd15_fp8,R50_TF,/media/SSD_4TB/crispy_storage/fake-images/sd15_fp8_p98_seed221.png,real,0.397,0.144
sd15_fp8,NPR,/media/SSD_4TB/crispy_storage/fake-images/sd15_fp8_p98_seed221.png,real,0.0004649577313102782,0.0884401798248291
sd35_fp8,CLIP-D,/media/SSD_4TB/crispy_storage/fake-images/sd35_fp8_p71_seed194.png,fake,0.7437444925308228,0.063232421875
sd35_fp8,R50_TF,/media/SSD_4TB/crispy_storage/fake-images/sd35_fp8_p71_seed194.png,real,0.4499,0.179
sd35_fp8,NPR,/media/SSD_4TB/crispy_storage/fake-images/sd35_fp8_p71_seed194.png,real,0.010426984168589115,0.09148263931274414
sd3_fp16,CLIP-D,/media/SSD_4TB/crispy_storage/fake-images/sd3_fp16_p57_seed180.png,fake,0.8514217138290405,0.06285619735717773
sd3_fp16,R50_TF,/media/SSD_4TB/crispy_storage/fake-images/sd3_fp16_p57_seed180.png,fake,0.5946,0.183
sd3_fp16,NPR,/media/SSD_4TB/crispy_storage/fake-images/sd3_fp16_p57_seed180.png,fake,0.7582714557647705,0.0922238826751709
sd3_fp16,CLIP-D,/media/SSD_4TB/crispy_storage/fake-images/sd3_fp16_p75_seed198.png,fake,0.576657772064209,0.0630331039428711
sd3_fp16,R50_TF,/media/SSD_4TB/crispy_storage/fake-images/sd3_fp16_p75_seed198.png,real,0.4162,0.183
sd3_fp16,NPR,/media/SSD_4TB/crispy_storage/fake-images/sd3_fp16_p75_seed198.png,real,0.002304763300344348,0.09157705307006836
pg25_fp8,CLIP-D,/media/SSD_4TB/crispy_storage/fake-images/pg25_fp8_p5_seed128.png,fake,0.9981776475906372,0.06319904327392578
pg25_fp8,R50_TF,/media/SSD_4TB/crispy_storage/fake-images/pg25_fp8_p5_seed128.png,fake,0.6391,0.176
pg25_fp8,NPR,/media/SSD_4TB/crispy_storage/fake-images/pg25_fp8_p5_seed128.png,fake,0.9999996423721313,0.09218645095825195
sd15_fp8,CLIP-D,/media/SSD_4TB/crispy_storage/fake-images/sd15_fp8_p42_seed165.png,real,0.19023312628269196,0.06262326240539551
sd15_fp8,R50_TF,/media/SSD_4TB/crispy_storage/fake-images/sd15_fp8_p42_seed165.png,real,0.4354,0.143
sd15_fp8,NPR,/media/SSD_4TB/crispy_storage/fake-images/sd15_fp8_p42_seed165.png,real,3.162151074320718e-08,0.09209847450256348
sd15_fp16,CLIP-D,/media/SSD_4TB/crispy_storage/fake-images/sd15_fp16_p60_seed183.png,fake,0.5831804871559143,0.0629265308380127
sd15_fp16,R50_TF,/media/SSD_4TB/crispy_storage/fake-images/sd15_fp16_p60_seed183.png,real,0.4408,0.143
sd15_fp16,NPR,/media/SSD_4TB/crispy_storage/fake-images/sd15_fp16_p60_seed183.png,real,0.0001789873349480331,0.09003090858459473
sd15_fp4,CLIP-D,/media/SSD_4TB/crispy_storage/fake-images/sd15_fp4_p12_seed135.png,fake,0.9834266901016235,0.06214714050292969
sd15_fp4,R50_TF,/media/SSD_4TB/crispy_storage/fake-images/sd15_fp4_p12_seed135.png,fake,0.6496,0.14
sd15_fp4,NPR,/media/SSD_4TB/crispy_storage/fake-images/sd15_fp4_p12_seed135.png,fake,0.9999568462371826,0.09134912490844727
sd3_fp8,CLIP-D,/media/SSD_4TB/crispy_storage/fake-images/sd3_fp8_p22_seed145.png,fake,0.9965270161628723,0.06179404258728027
sd3_fp8,R50_TF,/media/SSD_4TB/crispy_storage/fake-images/sd3_fp8_p22_seed145.png,real,0.4554,0.174
sd3_fp8,NPR,/media/SSD_4TB/crispy_storage/fake-images/sd3_fp8_p22_seed145.png,real,0.01829475350677967,0.08875203132629395
sdxl_fp16,CLIP-D,/media/SSD_4TB/crispy_storage/fake-images/sdxl_fp16_p70_seed193.png,fake,0.9995494484901428,0.061547040939331055
sdxl_fp16,R50_TF,/media/SSD_4TB/crispy_storage/fake-images/sdxl_fp16_p70_seed193.png,fake,0.6644,0.182
sdxl_fp16,NPR,/media/SSD_4TB/crispy_storage/fake-images/sdxl_fp16_p70_seed193.png,fake,1.0,0.09096574783325195
sd15_fp4,CLIP-D,/media/SSD_4TB/crispy_storage/fake-images/sd15_fp4_p77_seed200.png,fake,0.9936083555221558,0.05996060371398926
sd15_fp4,R50_TF,/media/SSD_4TB/crispy_storage/fake-images/sd15_fp4_p77_seed200.png,fake,0.595,0.14
sd15_fp4,NPR,/media/SSD_4TB/crispy_storage/fake-images/sd15_fp4_p77_seed200.png,fake,0.997793436050415,0.09123086929321289
pg25_fp16,CLIP-D,/media/SSD_4TB/crispy_storage/fake-images/pg25_fp16_p49_seed172.png,fake,0.9956010580062866,0.06157517433166504
pg25_fp16,R50_TF,/media/SSD_4TB/crispy_storage/fake-images/pg25_fp16_p49_seed172.png,fake,0.5581,0.177
pg25_fp16,NPR,/media/SSD_4TB/crispy_storage/fake-images/pg25_fp16_p49_seed172.png,fake,1.0,0.09032225608825684
z-image_fp16,CLIP-D,/media/SSD_4TB/crispy_storage/fake-images/z-image_fp16_p91_seed214.png,real,0.00953892432153225,0.06157326698303223
z-image_fp16,R50_TF,/media/SSD_4TB/crispy_storage/fake-images/z-image_fp16_p91_seed214.png,real,0.4105,0.175
z-image_fp16,NPR,/media/SSD_4TB/crispy_storage/fake-images/z-image_fp16_p91_seed214.png,real,0.0004440329212229699,0.08774065971374512
sdxl_fp8,CLIP-D,/media/SSD_4TB/crispy_storage/fake-images/sdxl_fp8_p75_seed198.png,fake,0.9894881248474121,0.06356191635131836
sdxl_fp8,R50_TF,/media/SSD_4TB/crispy_storage/fake-images/sdxl_fp8_p75_seed198.png,fake,0.561,0.181
sdxl_fp8,NPR,/media/SSD_4TB/crispy_storage/fake-images/sdxl_fp8_p75_seed198.png,fake,0.9996320009231567,0.09083247184753418
sd15_fp4,CLIP-D,/media/SSD_4TB/crispy_storage/fake-images/sd15_fp4_p62_seed185.png,fake,0.9607623219490051,0.06178545951843262
sd15_fp4,R50_TF,/media/SSD_4TB/crispy_storage/fake-images/sd15_fp4_p62_seed185.png,real,0.4562,0.143
sd15_fp4,NPR,/media/SSD_4TB/crispy_storage/fake-images/sd15_fp4_p62_seed185.png,real,0.4134391248226166,0.08798813819885254
pg25_fp4,CLIP-D,/media/SSD_4TB/crispy_storage/fake-images/pg25_fp4_p70_seed193.png,fake,0.9988020658493042,0.0595700740814209
pg25_fp4,R50_TF,/media/SSD_4TB/crispy_storage/fake-images/pg25_fp4_p70_seed193.png,fake,0.7466,0.175
pg25_fp4,NPR,/media/SSD_4TB/crispy_storage/fake-images/pg25_fp4_p70_seed193.png,fake,0.9999881982803345,0.09141969680786133
sdxl_fp8,CLIP-D,/media/SSD_4TB/crispy_storage/fake-images/sdxl_fp8_p7_seed130.png,fake,0.998279333114624,0.060430049896240234
sdxl_fp8,R50_TF,/media/SSD_4TB/crispy_storage/fake-images/sdxl_fp8_p7_seed130.png,fake,0.7155,0.172
sdxl_fp8,NPR,/media/SSD_4TB/crispy_storage/fake-images/sdxl_fp8_p7_seed130.png,real,0.3475940525531769,0.09104609489440918
sd3_fp8,CLIP-D,/media/SSD_4TB/crispy_storage/fake-images/sd3_fp8_p90_seed213.png,fake,0.6352538466453552,0.06233048439025879
sd3_fp8,R50_TF,/media/SSD_4TB/crispy_storage/fake-images/sd3_fp8_p90_seed213.png,fake,0.5475,0.179
sd3_fp8,NPR,/media/SSD_4TB/crispy_storage/fake-images/sd3_fp8_p90_seed213.png,fake,0.9994945526123047,0.08806538581848145
sd3_fp16,CLIP-D,/media/SSD_4TB/crispy_storage/fake-images/sd3_fp16_p31_seed154.png,fake,0.8705838322639465,0.06314826011657715
sd3_fp16,R50_TF,/media/SSD_4TB/crispy_storage/fake-images/sd3_fp16_p31_seed154.png,fake,0.5848,0.18
sd3_fp16,NPR,/media/SSD_4TB/crispy_storage/fake-images/sd3_fp16_p31_seed154.png,fake,0.9999711513519287,0.08757710456848145
sd3_fp8,CLIP-D,/media/SSD_4TB/crispy_storage/fake-images/sd3_fp8_p4_seed127.png,fake,0.5100182294845581,0.06299996376037598
sd3_fp8,R50_TF,/media/SSD_4TB/crispy_storage/fake-images/sd3_fp8_p4_seed127.png,real,0.4589,0.181
sd3_fp8,NPR,/media/SSD_4TB/crispy_storage/fake-images/sd3_fp8_p4_seed127.png,real,0.0001571646280353889,0.09320759773254395
sd35_fp16,CLIP-D,/media/SSD_4TB/crispy_storage/fake-images/sd35_fp16_p41_seed164.png,fake,0.9357267618179321,0.06099867820739746
sd35_fp16,R50_TF,/media/SSD_4TB/crispy_storage/fake-images/sd35_fp16_p41_seed164.png,fake,0.553,0.176
sd35_fp16,NPR,/media/SSD_4TB/crispy_storage/fake-images/sd35_fp16_p41_seed164.png,fake,0.9144980311393738,0.08916282653808594
sdxl_fp8,CLIP-D,/media/SSD_4TB/crispy_storage/fake-images/sdxl_fp8_p42_seed165.png,fake,0.9827405214309692,0.06296277046203613
sdxl_fp8,R50_TF,/media/SSD_4TB/crispy_storage/fake-images/sdxl_fp8_p42_seed165.png,fake,0.5564,0.175
sdxl_fp8,NPR,/media/SSD_4TB/crispy_storage/fake-images/sdxl_fp8_p42_seed165.png,fake,0.9999997615814209,0.08807802200317383
sd35_fp8,CLIP-D,/media/SSD_4TB/crispy_storage/fake-images/sd35_fp8_p88_seed211.png,real,0.09378131479024887,0.06010007858276367
sd35_fp8,R50_TF,/media/SSD_4TB/crispy_storage/fake-images/sd35_fp8_p88_seed211.png,real,0.4533,0.181
sd35_fp8,NPR,/media/SSD_4TB/crispy_storage/fake-images/sd35_fp8_p88_seed211.png,fake,0.9973264932632446,0.08804678916931152
sd35_fp8,CLIP-D,/media/SSD_4TB/crispy_storage/fake-images/sd35_fp8_p89_seed212.png,fake,0.9872564077377319,0.06307673454284668
sd35_fp8,R50_TF,/media/SSD_4TB/crispy_storage/fake-images/sd35_fp8_p89_seed212.png,fake,0.5405,0.178
sd35_fp8,NPR,/media/SSD_4TB/crispy_storage/fake-images/sd35_fp8_p89_seed212.png,real,0.027066107839345932,0.08930492401123047
pg25_fp4,CLIP-D,/media/SSD_4TB/crispy_storage/fake-images/pg25_fp4_p81_seed204.png,fake,0.9948211908340454,0.06097149848937988
pg25_fp4,R50_TF,/media/SSD_4TB/crispy_storage/fake-images/pg25_fp4_p81_seed204.png,fake,0.6841,0.184
pg25_fp4,NPR,/media/SSD_4TB/crispy_storage/fake-images/pg25_fp4_p81_seed204.png,real,0.0029976293444633484,0.09340643882751465
sd15_fp8,CLIP-D,/media/SSD_4TB/crispy_storage/fake-images/sd15_fp8_p56_seed179.png,fake,0.9444924592971802,0.06131172180175781
sd15_fp8,R50_TF,/media/SSD_4TB/crispy_storage/fake-images/sd15_fp8_p56_seed179.png,real,0.4654,0.142
sd15_fp8,NPR,/media/SSD_4TB/crispy_storage/fake-images/sd15_fp8_p56_seed179.png,real,0.005374420899897814,0.09291386604309082
sdxl_fp16,CLIP-D,/media/SSD_4TB/crispy_storage/fake-images/sdxl_fp16_p56_seed179.png,fake,0.9995191097259521,0.06187772750854492
sdxl_fp16,R50_TF,/media/SSD_4TB/crispy_storage/fake-images/sdxl_fp16_p56_seed179.png,fake,0.6716,0.176
sdxl_fp16,NPR,/media/SSD_4TB/crispy_storage/fake-images/sdxl_fp16_p56_seed179.png,fake,1.0,0.09415483474731445
sd15_fp8,CLIP-D,/media/SSD_4TB/crispy_storage/fake-images/sd15_fp8_p1_seed124.png,fake,0.9964640736579895,0.06237912178039551
sd15_fp8,R50_TF,/media/SSD_4TB/crispy_storage/fake-images/sd15_fp8_p1_seed124.png,fake,0.5976,0.141
sd15_fp8,NPR,/media/SSD_4TB/crispy_storage/fake-images/sd15_fp8_p1_seed124.png,fake,0.9999724626541138,0.09140419960021973
pg25_fp16,CLIP-D,/media/SSD_4TB/crispy_storage/fake-images/pg25_fp16_p64_seed187.png,fake,0.9995056390762329,0.06367182731628418
pg25_fp16,R50_TF,/media/SSD_4TB/crispy_storage/fake-images/pg25_fp16_p64_seed187.png,fake,0.5976,0.179
pg25_fp16,NPR,/media/SSD_4TB/crispy_storage/fake-images/pg25_fp16_p64_seed187.png,fake,0.9999324083328247,0.09372067451477051
sdxl_fp16,CLIP-D,/media/SSD_4TB/crispy_storage/fake-images/sdxl_fp16_p67_seed190.png,fake,0.9952837824821472,0.06361961364746094
sdxl_fp16,R50_TF,/media/SSD_4TB/crispy_storage/fake-images/sdxl_fp16_p67_seed190.png,fake,0.5422,0.18
sdxl_fp16,NPR,/media/SSD_4TB/crispy_storage/fake-images/sdxl_fp16_p67_seed190.png,fake,0.9976462721824646,0.09087657928466797
sd3_fp4,CLIP-D,/media/SSD_4TB/crispy_storage/fake-images/sd3_fp4_p63_seed186.png,fake,0.7142515182495117,0.06311368942260742
sd3_fp4,R50_TF,/media/SSD_4TB/crispy_storage/fake-images/sd3_fp4_p63_seed186.png,real,0.4708,0.178
sd3_fp4,NPR,/media/SSD_4TB/crispy_storage/fake-images/sd3_fp4_p63_seed186.png,real,0.0006435592076741159,0.0914773941040039
pg25_fp4,CLIP-D,/media/SSD_4TB/crispy_storage/fake-images/pg25_fp4_p23_seed146.png,real,0.29633796215057373,0.06324315071105957
pg25_fp4,R50_TF,/media/SSD_4TB/crispy_storage/fake-images/pg25_fp4_p23_seed146.png,real,0.4603,0.174
pg25_fp4,NPR,/media/SSD_4TB/crispy_storage/fake-images/pg25_fp4_p23_seed146.png,real,0.3101087808609009,0.0907144546508789
sd15_fp4,CLIP-D,/media/SSD_4TB/crispy_storage/fake-images/sd15_fp4_p56_seed179.png,fake,0.9321218132972717,0.062326908111572266
sd15_fp4,R50_TF,/media/SSD_4TB/crispy_storage/fake-images/sd15_fp4_p56_seed179.png,fake,0.5786,0.143
sd15_fp4,NPR,/media/SSD_4TB/crispy_storage/fake-images/sd15_fp4_p56_seed179.png,real,0.002759801223874092,0.09235358238220215
pg25_fp8,CLIP-D,/media/SSD_4TB/crispy_storage/fake-images/pg25_fp8_p0_seed123.png,fake,0.9961258769035339,0.06319022178649902
pg25_fp8,R50_TF,/media/SSD_4TB/crispy_storage/fake-images/pg25_fp8_p0_seed123.png,fake,0.5995,0.176
pg25_fp8,NPR,/media/SSD_4TB/crispy_storage/fake-images/pg25_fp8_p0_seed123.png,fake,0.9999927282333374,0.09115052223205566
sdxl_fp8,CLIP-D,/media/SSD_4TB/crispy_storage/fake-images/sdxl_fp8_p43_seed166.png,fake,0.996345579624176,0.060994863510131836
sdxl_fp8,R50_TF,/media/SSD_4TB/crispy_storage/fake-images/sdxl_fp8_p43_seed166.png,fake,0.5967,0.175
sdxl_fp8,NPR,/media/SSD_4TB/crispy_storage/fake-images/sdxl_fp8_p43_seed166.png,fake,0.9964320659637451,0.09141802787780762
sdxl_fp16,CLIP-D,/media/SSD_4TB/crispy_storage/fake-images/sdxl_fp16_p62_seed185.png,fake,0.9809602499008179,0.061388254165649414
sdxl_fp16,R50_TF,/media/SSD_4TB/crispy_storage/fake-images/sdxl_fp16_p62_seed185.png,fake,0.6491,0.177
sdxl_fp16,NPR,/media/SSD_4TB/crispy_storage/fake-images/sdxl_fp16_p62_seed185.png,fake,1.0,0.09119391441345215
sd35_fp4,CLIP-D,/media/SSD_4TB/crispy_storage/fake-images/sd35_fp4_p23_seed146.png,real,0.29153168201446533,0.06286358833312988
sd35_fp4,R50_TF,/media/SSD_4TB/crispy_storage/fake-images/sd35_fp4_p23_seed146.png,fake,0.5975,0.173
sd35_fp4,NPR,/media/SSD_4TB/crispy_storage/fake-images/sd35_fp4_p23_seed146.png,real,0.0010899832705035806,0.0921025276184082
sd3_fp4,CLIP-D,/media/SSD_4TB/crispy_storage/fake-images/sd3_fp4_p82_seed205.png,fake,0.9966854453086853,0.06309390068054199
sd3_fp4,R50_TF,/media/SSD_4TB/crispy_storage/fake-images/sd3_fp4_p82_seed205.png,real,0.4759,0.18
sd3_fp4,NPR,/media/SSD_4TB/crispy_storage/fake-images/sd3_fp4_p82_seed205.png,fake,0.9698708653450012,0.09140229225158691
sdxl_fp16,CLIP-D,/media/SSD_4TB/crispy_storage/fake-images/sdxl_fp16_p2_seed125.png,fake,0.9857543706893921,0.06327605247497559
sdxl_fp16,R50_TF,/media/SSD_4TB/crispy_storage/fake-images/sdxl_fp16_p2_seed125.png,fake,0.6323,0.175
sdxl_fp16,NPR,/media/SSD_4TB/crispy_storage/fake-images/sdxl_fp16_p2_seed125.png,fake,0.9999698400497437,0.0922856330871582
pg25_fp4,CLIP-D,/media/SSD_4TB/crispy_storage/fake-images/pg25_fp4_p43_seed166.png,fake,0.8707911372184753,0.06321001052856445
pg25_fp4,R50_TF,/media/SSD_4TB/crispy_storage/fake-images/pg25_fp4_p43_seed166.png,real,0.3839,0.173
pg25_fp4,NPR,/media/SSD_4TB/crispy_storage/fake-images/pg25_fp4_p43_seed166.png,real,1.3728013982472476e-05,0.0897226333618164
sdxl_fp8,CLIP-D,/media/SSD_4TB/crispy_storage/fake-images/sdxl_fp8_p61_seed184.png,fake,0.9862552881240845,0.0631265640258789
sdxl_fp8,R50_TF,/media/SSD_4TB/crispy_storage/fake-images/sdxl_fp8_p61_seed184.png,fake,0.6177,0.181
sdxl_fp8,NPR,/media/SSD_4TB/crispy_storage/fake-images/sdxl_fp8_p61_seed184.png,real,0.35844260454177856,0.09209442138671875
sd3_fp8,CLIP-D,/media/SSD_4TB/crispy_storage/fake-images/sd3_fp8_p59_seed182.png,fake,0.9944936633110046,0.06341671943664551
sd3_fp8,R50_TF,/media/SSD_4TB/crispy_storage/fake-images/sd3_fp8_p59_seed182.png,real,0.4338,0.177
sd3_fp8,NPR,/media/SSD_4TB/crispy_storage/fake-images/sd3_fp8_p59_seed182.png,real,0.002743406454101205,0.09248065948486328
sdxl_fp8,CLIP-D,/media/SSD_4TB/crispy_storage/fake-images/sdxl_fp8_p15_seed138.png,fake,0.9966999888420105,0.06162858009338379
sdxl_fp8,R50_TF,/media/SSD_4TB/crispy_storage/fake-images/sdxl_fp8_p15_seed138.png,fake,0.5574,0.18
sdxl_fp8,NPR,/media/SSD_4TB/crispy_storage/fake-images/sdxl_fp8_p15_seed138.png,fake,0.9999995231628418,0.08972692489624023
pg25_fp16,CLIP-D,/media/SSD_4TB/crispy_storage/fake-images/pg25_fp16_p53_seed176.png,fake,0.9918982982635498,0.06323981285095215
pg25_fp16,R50_TF,/media/SSD_4TB/crispy_storage/fake-images/pg25_fp16_p53_seed176.png,fake,0.5912,0.18
pg25_fp16,NPR,/media/SSD_4TB/crispy_storage/fake-images/pg25_fp16_p53_seed176.png,fake,1.0,0.0909261703491211
pg25_fp16,CLIP-D,/media/SSD_4TB/crispy_storage/fake-images/pg25_fp16_p11_seed134.png,fake,0.9871668219566345,0.06427454948425293
pg25_fp16,R50_TF,/media/SSD_4TB/crispy_storage/fake-images/pg25_fp16_p11_seed134.png,fake,0.6157,0.179
pg25_fp16,NPR,/media/SSD_4TB/crispy_storage/fake-images/pg25_fp16_p11_seed134.png,fake,1.0,0.08886051177978516
pg25_fp4,CLIP-D,/media/SSD_4TB/crispy_storage/fake-images/pg25_fp4_p93_seed216.png,fake,0.9076440930366516,0.06245732307434082
pg25_fp4,R50_TF,/media/SSD_4TB/crispy_storage/fake-images/pg25_fp4_p93_seed216.png,fake,0.5568,0.181
pg25_fp4,NPR,/media/SSD_4TB/crispy_storage/fake-images/pg25_fp4_p93_seed216.png,fake,0.9999310970306396,0.09099125862121582
sdxl_fp8,CLIP-D,/media/SSD_4TB/crispy_storage/fake-images/sdxl_fp8_p91_seed214.png,fake,0.9988442659378052,0.06060528755187988
sdxl_fp8,R50_TF,/media/SSD_4TB/crispy_storage/fake-images/sdxl_fp8_p91_seed214.png,fake,0.6762,0.175
sdxl_fp8,NPR,/media/SSD_4TB/crispy_storage/fake-images/sdxl_fp8_p91_seed214.png,fake,0.9999775886535645,0.09157371520996094
sd35_fp4,CLIP-D,/media/SSD_4TB/crispy_storage/fake-images/sd35_fp4_p21_seed144.png,fake,0.9877724051475525,0.061707496643066406
sd35_fp4,R50_TF,/media/SSD_4TB/crispy_storage/fake-images/sd35_fp4_p21_seed144.png,fake,0.6186,0.171
sd35_fp4,NPR,/media/SSD_4TB/crispy_storage/fake-images/sd35_fp4_p21_seed144.png,fake,0.9994096755981445,0.09081506729125977
sd35_fp4,CLIP-D,/media/SSD_4TB/crispy_storage/fake-images/sd35_fp4_p95_seed218.png,fake,0.8887957334518433,0.06149888038635254
sd35_fp4,R50_TF,/media/SSD_4TB/crispy_storage/fake-images/sd35_fp4_p95_seed218.png,real,0.4388,0.178
sd35_fp4,NPR,/media/SSD_4TB/crispy_storage/fake-images/sd35_fp4_p95_seed218.png,real,7.950522018518313e-09,0.08889484405517578
sdxl_fp8,CLIP-D,/media/SSD_4TB/crispy_storage/fake-images/sdxl_fp8_p79_seed202.png,fake,0.9775248765945435,0.062835693359375
sdxl_fp8,R50_TF,/media/SSD_4TB/crispy_storage/fake-images/sdxl_fp8_p79_seed202.png,fake,0.565,0.183
sdxl_fp8,NPR,/media/SSD_4TB/crispy_storage/fake-images/sdxl_fp8_p79_seed202.png,fake,0.9999210834503174,0.09211564064025879
sd35_fp4,CLIP-D,/media/SSD_4TB/crispy_storage/fake-images/sd35_fp4_p28_seed151.png,fake,0.9799601435661316,0.061003684997558594
sd35_fp4,R50_TF,/media/SSD_4TB/crispy_storage/fake-images/sd35_fp4_p28_seed151.png,real,0.4421,0.181
sd35_fp4,NPR,/media/SSD_4TB/crispy_storage/fake-images/sd35_fp4_p28_seed151.png,real,0.31746524572372437,0.09116077423095703
sd3_fp8,CLIP-D,/media/SSD_4TB/crispy_storage/fake-images/sd3_fp8_p71_seed194.png,fake,0.8511379361152649,0.0613713264465332
sd3_fp8,R50_TF,/media/SSD_4TB/crispy_storage/fake-images/sd3_fp8_p71_seed194.png,real,0.4483,0.176
sd3_fp8,NPR,/media/SSD_4TB/crispy_storage/fake-images/sd3_fp8_p71_seed194.png,fake,0.8181478977203369,0.09130167961120605
z-image_fp16,CLIP-D,/media/SSD_4TB/crispy_storage/fake-images/z-image_fp16_p89_seed212.png,fake,0.9695093631744385,0.06127595901489258
z-image_fp16,R50_TF,/media/SSD_4TB/crispy_storage/fake-images/z-image_fp16_p89_seed212.png,fake,0.5616,0.179
z-image_fp16,NPR,/media/SSD_4TB/crispy_storage/fake-images/z-image_fp16_p89_seed212.png,fake,0.9999980926513672,0.0878608226776123
sd3_fp4,CLIP-D,/media/SSD_4TB/crispy_storage/fake-images/sd3_fp4_p92_seed215.png,fake,0.9975409507751465,0.06156325340270996
sd3_fp4,R50_TF,/media/SSD_4TB/crispy_storage/fake-images/sd3_fp4_p92_seed215.png,fake,0.5663,0.179
sd3_fp4,NPR,/media/SSD_4TB/crispy_storage/fake-images/sd3_fp4_p92_seed215.png,fake,0.9986976385116577,0.08682847023010254
sd35_fp8,CLIP-D,/media/SSD_4TB/crispy_storage/fake-images/sd35_fp8_p41_seed164.png,fake,0.9186744093894958,0.06195783615112305
sd35_fp8,R50_TF,/media/SSD_4TB/crispy_storage/fake-images/sd35_fp8_p41_seed164.png,fake,0.5538,0.18
sd35_fp8,NPR,/media/SSD_4TB/crispy_storage/fake-images/sd35_fp8_p41_seed164.png,real,0.037518102675676346,0.08887815475463867
sd35_fp4,CLIP-D,/media/SSD_4TB/crispy_storage/fake-images/sd35_fp4_p52_seed175.png,fake,0.9906747937202454,0.06280970573425293
sd35_fp4,R50_TF,/media/SSD_4TB/crispy_storage/fake-images/sd35_fp4_p52_seed175.png,fake,0.556,0.179
sd35_fp4,NPR,/media/SSD_4TB/crispy_storage/fake-images/sd35_fp4_p52_seed175.png,real,0.001115688937716186,0.09214234352111816
sdxl_fp4,CLIP-D,/media/SSD_4TB/crispy_storage/fake-images/sdxl_fp4_p66_seed189.png,fake,0.9243351817131042,0.06334686279296875
sdxl_fp4,R50_TF,/media/SSD_4TB/crispy_storage/fake-images/sdxl_fp4_p66_seed189.png,real,0.3926,0.171
sdxl_fp4,NPR,/media/SSD_4TB/crispy_storage/fake-images/sdxl_fp4_p66_seed189.png,real,0.010206973180174828,0.09255218505859375
sd3_fp16,CLIP-D,/media/SSD_4TB/crispy_storage/fake-images/sd3_fp16_p44_seed167.png,fake,0.9911075234413147,0.06356596946716309
sd3_fp16,R50_TF,/media/SSD_4TB/crispy_storage/fake-images/sd3_fp16_p44_seed167.png,real,0.464,0.178
sd3_fp16,NPR,/media/SSD_4TB/crispy_storage/fake-images/sd3_fp16_p44_seed167.png,fake,0.9910853505134583,0.09213685989379883
pg25_fp16,CLIP-D,/media/SSD_4TB/crispy_storage/fake-images/pg25_fp16_p83_seed206.png,fake,0.9812912940979004,0.06264996528625488
pg25_fp16,R50_TF,/media/SSD_4TB/crispy_storage/fake-images/pg25_fp16_p83_seed206.png,fake,0.5786,0.18
pg25_fp16,NPR,/media/SSD_4TB/crispy_storage/fake-images/pg25_fp16_p83_seed206.png,real,0.007262362167239189,0.09194684028625488
sd35_fp16,CLIP-D,/media/SSD_4TB/crispy_storage/fake-images/sd35_fp16_p10_seed133.png,real,0.006190853659063578,0.06339669227600098
sd35_fp16,R50_TF,/media/SSD_4TB/crispy_storage/fake-images/sd35_fp16_p10_seed133.png,fake,0.5949,0.176
sd35_fp16,NPR,/media/SSD_4TB/crispy_storage/fake-images/sd35_fp16_p10_seed133.png,real,0.005187623668462038,0.09140348434448242
sdxl_fp8,CLIP-D,/media/SSD_4TB/crispy_storage/fake-images/sdxl_fp8_p87_seed210.png,fake,0.9933903217315674,0.06201672554016113
sdxl_fp8,R50_TF,/media/SSD_4TB/crispy_storage/fake-images/sdxl_fp8_p87_seed210.png,fake,0.5936,0.181
sdxl_fp8,NPR,/media/SSD_4TB/crispy_storage/fake-images/sdxl_fp8_p87_seed210.png,fake,0.9999986886978149,0.087738037109375
pg25_fp4,CLIP-D,/media/SSD_4TB/crispy_storage/fake-images/pg25_fp4_p83_seed206.png,fake,0.9761931300163269,0.06236624717712402
pg25_fp4,R50_TF,/media/SSD_4TB/crispy_storage/fake-images/pg25_fp4_p83_seed206.png,fake,0.5675,0.175
pg25_fp4,NPR,/media/SSD_4TB/crispy_storage/fake-images/pg25_fp4_p83_seed206.png,real,0.0002739623887464404,0.09250068664550781
sdxl_fp16,CLIP-D,/media/SSD_4TB/crispy_storage/fake-images/sdxl_fp16_p16_seed139.png,fake,0.99952232837677,0.06331753730773926
sdxl_fp16,R50_TF,/media/SSD_4TB/crispy_storage/fake-images/sdxl_fp16_p16_seed139.png,fake,0.5855,0.177
sdxl_fp16,NPR,/media/SSD_4TB/crispy_storage/fake-images/sdxl_fp16_p16_seed139.png,fake,1.0,0.09164810180664062
sdxl_fp4,CLIP-D,/media/SSD_4TB/crispy_storage/fake-images/sdxl_fp4_p87_seed210.png,fake,0.9878008365631104,0.06267499923706055
sdxl_fp4,R50_TF,/media/SSD_4TB/crispy_storage/fake-images/sdxl_fp4_p87_seed210.png,fake,0.5979,0.181
sdxl_fp4,NPR,/media/SSD_4TB/crispy_storage/fake-images/sdxl_fp4_p87_seed210.png,fake,0.9999011754989624,0.09261536598205566
sd3_fp4,CLIP-D,/media/SSD_4TB/crispy_storage/fake-images/sd3_fp4_p15_seed138.png,fake,0.9974141120910645,0.06261014938354492
sd3_fp4,R50_TF,/media/SSD_4TB/crispy_storage/fake-images/sd3_fp4_p15_seed138.png,real,0.4384,0.178
sd3_fp4,NPR,/media/SSD_4TB/crispy_storage/fake-images/sd3_fp4_p15_seed138.png,real,0.03804146870970726,0.09244155883789062
z-image_fp16,CLIP-D,/media/SSD_4TB/crispy_storage/fake-images/z-image_fp16_p92_seed215.png,fake,0.89299476146698,0.06351423263549805
z-image_fp16,R50_TF,/media/SSD_4TB/crispy_storage/fake-images/z-image_fp16_p92_seed215.png,fake,0.5986,0.176
z-image_fp16,NPR,/media/SSD_4TB/crispy_storage/fake-images/z-image_fp16_p92_seed215.png,fake,0.9998831748962402,0.09254670143127441
pg25_fp16,CLIP-D,/media/SSD_4TB/crispy_storage/fake-images/pg25_fp16_p80_seed203.png,fake,0.9944019913673401,0.0627298355102539
pg25_fp16,R50_TF,/media/SSD_4TB/crispy_storage/fake-images/pg25_fp16_p80_seed203.png,fake,0.608,0.18
pg25_fp16,NPR,/media/SSD_4TB/crispy_storage/fake-images/pg25_fp16_p80_seed203.png,real,0.02420637756586075,0.0927267074584961
sd35_fp8,CLIP-D,/media/SSD_4TB/crispy_storage/fake-images/sd35_fp8_p84_seed207.png,fake,0.9665162563323975,0.06263351440429688
sd35_fp8,R50_TF,/media/SSD_4TB/crispy_storage/fake-images/sd35_fp8_p84_seed207.png,fake,0.5623,0.173
sd35_fp8,NPR,/media/SSD_4TB/crispy_storage/fake-images/sd35_fp8_p84_seed207.png,fake,0.9861915111541748,0.0914614200592041
sd3_fp4,CLIP-D,/media/SSD_4TB/crispy_storage/fake-images/sd3_fp4_p78_seed201.png,fake,0.9938556551933289,0.06329536437988281
sd3_fp4,R50_TF,/media/SSD_4TB/crispy_storage/fake-images/sd3_fp4_p78_seed201.png,real,0.4171,0.178
sd3_fp4,NPR,/media/SSD_4TB/crispy_storage/fake-images/sd3_fp4_p78_seed201.png,real,2.805366057145875e-05,0.09041666984558105
sd35_fp16,CLIP-D,/media/SSD_4TB/crispy_storage/fake-images/sd35_fp16_p74_seed197.png,fake,0.7759798765182495,0.0631861686706543
sd35_fp16,R50_TF,/media/SSD_4TB/crispy_storage/fake-images/sd35_fp16_p74_seed197.png,real,0.4641,0.18
sd35_fp16,NPR,/media/SSD_4TB/crispy_storage/fake-images/sd35_fp16_p74_seed197.png,real,2.1964151528663933e-06,0.09105396270751953
sd15_fp4,CLIP-D,/media/SSD_4TB/crispy_storage/fake-images/sd15_fp4_p74_seed197.png,fake,0.9901053309440613,0.06253623962402344
sd15_fp4,R50_TF,/media/SSD_4TB/crispy_storage/fake-images/sd15_fp4_p74_seed197.png,fake,0.5536,0.143
sd15_fp4,NPR,/media/SSD_4TB/crispy_storage/fake-images/sd15_fp4_p74_seed197.png,real,0.04019450023770332,0.0915384292602539
sdxl_fp4,CLIP-D,/media/SSD_4TB/crispy_storage/fake-images/sdxl_fp4_p93_seed216.png,fake,0.8466949462890625,0.06247901916503906
sdxl_fp4,R50_TF,/media/SSD_4TB/crispy_storage/fake-images/sdxl_fp4_p93_seed216.png,fake,0.5715,0.179
sdxl_fp4,NPR,/media/SSD_4TB/crispy_storage/fake-images/sdxl_fp4_p93_seed216.png,fake,1.0,0.09121584892272949
sd15_fp16,CLIP-D,/media/SSD_4TB/crispy_storage/fake-images/sd15_fp16_p3_seed126.png,fake,0.609332799911499,0.0615386962890625
sd15_fp16,R50_TF,/media/SSD_4TB/crispy_storage/fake-images/sd15_fp16_p3_seed126.png,real,0.4353,0.137
sd15_fp16,NPR,/media/SSD_4TB/crispy_storage/fake-images/sd15_fp16_p3_seed126.png,real,0.035664502531290054,0.09198403358459473
sdxl_fp4,CLIP-D,/media/SSD_4TB/crispy_storage/fake-images/sdxl_fp4_p25_seed148.png,fake,0.9622492790222168,0.06098794937133789
sdxl_fp4,R50_TF,/media/SSD_4TB/crispy_storage/fake-images/sdxl_fp4_p25_seed148.png,fake,0.6004,0.18
sdxl_fp4,NPR,/media/SSD_4TB/crispy_storage/fake-images/sdxl_fp4_p25_seed148.png,real,0.29217591881752014,0.09096670150756836
sd3_fp16,CLIP-D,/media/SSD_4TB/crispy_storage/fake-images/sd3_fp16_p65_seed188.png,fake,0.9579902291297913,0.06309771537780762
sd3_fp16,R50_TF,/media/SSD_4TB/crispy_storage/fake-images/sd3_fp16_p65_seed188.png,real,0.4313,0.176
sd3_fp16,NPR,/media/SSD_4TB/crispy_storage/fake-images/sd3_fp16_p65_seed188.png,real,0.0014111767522990704,0.09087347984313965
sd15_fp8,CLIP-D,/media/SSD_4TB/crispy_storage/fake-images/sd15_fp8_p33_seed156.png,fake,0.9518103003501892,0.06257009506225586
sd15_fp8,R50_TF,/media/SSD_4TB/crispy_storage/fake-images/sd15_fp8_p33_seed156.png,fake,0.583,0.144
sd15_fp8,NPR,/media/SSD_4TB/crispy_storage/fake-images/sd15_fp8_p33_seed156.png,fake,1.0,0.09299397468566895
sdxl_fp4,CLIP-D,/media/SSD_4TB/crispy_storage/fake-images/sdxl_fp4_p74_seed197.png,fake,0.9949416518211365,0.062453269958496094
sdxl_fp4,R50_TF,/media/SSD_4TB/crispy_storage/fake-images/sdxl_fp4_p74_seed197.png,fake,0.6008,0.179
sdxl_fp4,NPR,/media/SSD_4TB/crispy_storage/fake-images/sdxl_fp4_p74_seed197.png,fake,0.9999991655349731,0.09123969078063965
pg25_fp4,CLIP-D,/media/SSD_4TB/crispy_storage/fake-images/pg25_fp4_p88_seed211.png,fake,0.9949063062667847,0.061829566955566406
pg25_fp4,R50_TF,/media/SSD_4TB/crispy_storage/fake-images/pg25_fp4_p88_seed211.png,fake,0.6842,0.18
pg25_fp4,NPR,/media/SSD_4TB/crispy_storage/fake-images/pg25_fp4_p88_seed211.png,fake,0.9993909597396851,0.0912771224975586
sd15_fp4,CLIP-D,/media/SSD_4TB/crispy_storage/fake-images/sd15_fp4_p6_seed129.png,real,0.010252229869365692,0.060965776443481445
sd15_fp4,R50_TF,/media/SSD_4TB/crispy_storage/fake-images/sd15_fp4_p6_seed129.png,real,0.4462,0.143
sd15_fp4,NPR,/media/SSD_4TB/crispy_storage/fake-images/sd15_fp4_p6_seed129.png,real,1.3682243661605753e-05,0.0917811393737793
sd15_fp8,CLIP-D,/media/SSD_4TB/crispy_storage/fake-images/sd15_fp8_p28_seed151.png,fake,0.9956272840499878,0.061048269271850586
sd15_fp8,R50_TF,/media/SSD_4TB/crispy_storage/fake-images/sd15_fp8_p28_seed151.png,fake,0.5986,0.145
sd15_fp8,NPR,/media/SSD_4TB/crispy_storage/fake-images/sd15_fp8_p28_seed151.png,fake,0.9994831085205078,0.09189605712890625
sd3_fp16,CLIP-D,/media/SSD_4TB/crispy_storage/fake-images/sd3_fp16_p64_seed187.png,fake,0.97561115026474,0.06083393096923828
sd3_fp16,R50_TF,/media/SSD_4TB/crispy_storage/fake-images/sd3_fp16_p64_seed187.png,fake,0.5657,0.177
sd3_fp16,NPR,/media/SSD_4TB/crispy_storage/fake-images/sd3_fp16_p64_seed187.png,fake,0.9729728698730469,0.09276604652404785
pg25_fp4,CLIP-D,/media/SSD_4TB/crispy_storage/fake-images/pg25_fp4_p91_seed214.png,fake,0.9894059300422668,0.06219482421875
pg25_fp4,R50_TF,/media/SSD_4TB/crispy_storage/fake-images/pg25_fp4_p91_seed214.png,fake,0.6791,0.182
pg25_fp4,NPR,/media/SSD_4TB/crispy_storage/fake-images/pg25_fp4_p91_seed214.png,fake,0.9986673593521118,0.08789396286010742
sd35_fp8,CLIP-D,/media/SSD_4TB/crispy_storage/fake-images/sd35_fp8_p53_seed176.png,fake,0.7156411409378052,0.06018257141113281
sd35_fp8,R50_TF,/media/SSD_4TB/crispy_storage/fake-images/sd35_fp8_p53_seed176.png,real,0.4377,0.176
sd35_fp8,NPR,/media/SSD_4TB/crispy_storage/fake-images/sd35_fp8_p53_seed176.png,fake,0.9993261098861694,0.09144330024719238
sd35_fp4,CLIP-D,/media/SSD_4TB/crispy_storage/fake-images/sd35_fp4_p58_seed181.png,fake,0.9877029061317444,0.06113624572753906
sd35_fp4,R50_TF,/media/SSD_4TB/crispy_storage/fake-images/sd35_fp4_p58_seed181.png,fake,0.5871,0.172
sd35_fp4,NPR,/media/SSD_4TB/crispy_storage/fake-images/sd35_fp4_p58_seed181.png,fake,0.9826864004135132,0.09244728088378906
sd35_fp4,CLIP-D,/media/SSD_4TB/crispy_storage/fake-images/sd35_fp4_p70_seed193.png,fake,0.8520905375480652,0.06154799461364746
sd35_fp4,R50_TF,/media/SSD_4TB/crispy_storage/fake-images/sd35_fp4_p70_seed193.png,fake,0.6113,0.183
sd35_fp4,NPR,/media/SSD_4TB/crispy_storage/fake-images/sd35_fp4_p70_seed193.png,fake,0.7180232405662537,0.09043335914611816
sd15_fp8,CLIP-D,/media/SSD_4TB/crispy_storage/fake-images/sd15_fp8_p2_seed125.png,fake,0.9724594354629517,0.06102252006530762
sd15_fp8,R50_TF,/media/SSD_4TB/crispy_storage/fake-images/sd15_fp8_p2_seed125.png,fake,0.6164,0.143
sd15_fp8,NPR,/media/SSD_4TB/crispy_storage/fake-images/sd15_fp8_p2_seed125.png,real,0.3547201454639435,0.09132671356201172
sd15_fp4,CLIP-D,/media/SSD_4TB/crispy_storage/fake-images/sd15_fp4_p63_seed186.png,fake,0.7584758996963501,0.06099963188171387
sd15_fp4,R50_TF,/media/SSD_4TB/crispy_storage/fake-images/sd15_fp4_p63_seed186.png,fake,0.5731,0.14
sd15_fp4,NPR,/media/SSD_4TB/crispy_storage/fake-images/sd15_fp4_p63_seed186.png,fake,0.9957829713821411,0.09190034866333008
sd3_fp4,CLIP-D,/media/SSD_4TB/crispy_storage/fake-images/sd3_fp4_p51_seed174.png,fake,0.9349382519721985,0.06241583824157715
sd3_fp4,R50_TF,/media/SSD_4TB/crispy_storage/fake-images/sd3_fp4_p51_seed174.png,real,0.4255,0.18
sd3_fp4,NPR,/media/SSD_4TB/crispy_storage/fake-images/sd3_fp4_p51_seed174.png,real,0.003656267886981368,0.0930478572845459
sdxl_fp16,CLIP-D,/media/SSD_4TB/crispy_storage/fake-images/sdxl_fp16_p7_seed130.png,fake,0.9990530610084534,0.060930728912353516
sdxl_fp16,R50_TF,/media/SSD_4TB/crispy_storage/fake-images/sdxl_fp16_p7_seed130.png,fake,0.6992,0.182
sdxl_fp16,NPR,/media/SSD_4TB/crispy_storage/fake-images/sdxl_fp16_p7_seed130.png,fake,0.9977971315383911,0.09151053428649902
sd3_fp16,CLIP-D,/media/SSD_4TB/crispy_storage/fake-images/sd3_fp16_p96_seed219.png,fake,0.9922049641609192,0.06263542175292969
sd3_fp16,R50_TF,/media/SSD_4TB/crispy_storage/fake-images/sd3_fp16_p96_seed219.png,fake,0.5476,0.179
sd3_fp16,NPR,/media/SSD_4TB/crispy_storage/fake-images/sd3_fp16_p96_seed219.png,fake,0.9662644863128662,0.09139537811279297
sdxl_fp4,CLIP-D,/media/SSD_4TB/crispy_storage/fake-images/sdxl_fp4_p54_seed177.png,fake,0.9744762182235718,0.061681509017944336
sdxl_fp4,R50_TF,/media/SSD_4TB/crispy_storage/fake-images/sdxl_fp4_p54_seed177.png,fake,0.5628,0.18
sdxl_fp4,NPR,/media/SSD_4TB/crispy_storage/fake-images/sdxl_fp4_p54_seed177.png,fake,0.8408503532409668,0.09247565269470215
sd35_fp4,CLIP-D,/media/SSD_4TB/crispy_storage/fake-images/sd35_fp4_p44_seed167.png,real,0.2637937366962433,0.061079978942871094
sd35_fp4,R50_TF,/media/SSD_4TB/crispy_storage/fake-images/sd35_fp4_p44_seed167.png,real,0.4089,0.18
sd35_fp4,NPR,/media/SSD_4TB/crispy_storage/fake-images/sd35_fp4_p44_seed167.png,real,0.00032265172922052443,0.09195685386657715
sd35_fp16,CLIP-D,/media/SSD_4TB/crispy_storage/fake-images/sd35_fp16_p1_seed124.png,fake,0.9979220032691956,0.06146097183227539
sd35_fp16,R50_TF,/media/SSD_4TB/crispy_storage/fake-images/sd35_fp16_p1_seed124.png,fake,0.6249,0.175
sd35_fp16,NPR,/media/SSD_4TB/crispy_storage/fake-images/sd35_fp16_p1_seed124.png,fake,1.0,0.08816933631896973
sd3_fp4,CLIP-D,/media/SSD_4TB/crispy_storage/fake-images/sd3_fp4_p24_seed147.png,fake,0.9786741733551025,0.06096220016479492
sd3_fp4,R50_TF,/media/SSD_4TB/crispy_storage/fake-images/sd3_fp4_p24_seed147.png,fake,0.6966,0.176
sd3_fp4,NPR,/media/SSD_4TB/crispy_storage/fake-images/sd3_fp4_p24_seed147.png,real,0.00021738599753007293,0.08749604225158691
sd15_fp8,CLIP-D,/media/SSD_4TB/crispy_storage/fake-images/sd15_fp8_p88_seed211.png,fake,0.6389819979667664,0.061525583267211914
sd15_fp8,R50_TF,/media/SSD_4TB/crispy_storage/fake-images/sd15_fp8_p88_seed211.png,fake,0.5513,0.141
sd15_fp8,NPR,/media/SSD_4TB/crispy_storage/fake-images/sd15_fp8_p88_seed211.png,real,1.864168189058546e-05,0.09089231491088867
sd35_fp8,CLIP-D,/media/SSD_4TB/crispy_storage/fake-images/sd35_fp8_p64_seed187.png,fake,0.972636342048645,0.061287879943847656
sd35_fp8,R50_TF,/media/SSD_4TB/crispy_storage/fake-images/sd35_fp8_p64_seed187.png,fake,0.5704,0.178
sd35_fp8,NPR,/media/SSD_4TB/crispy_storage/fake-images/sd35_fp8_p64_seed187.png,fake,0.9658122658729553,0.09115791320800781
sd3_fp16,CLIP-D,/media/SSD_4TB/crispy_storage/fake-images/sd3_fp16_p45_seed168.png,fake,0.7030030488967896,0.06322264671325684
sd3_fp16,R50_TF,/media/SSD_4TB/crispy_storage/fake-images/sd3_fp16_p45_seed168.png,fake,0.5613,0.181
sd3_fp16,NPR,/media/SSD_4TB/crispy_storage/fake-images/sd3_fp16_p45_seed168.png,fake,0.9993894100189209,0.09218764305114746
sdxl_fp4,CLIP-D,/media/SSD_4TB/crispy_storage/fake-images/sdxl_fp4_p18_seed141.png,fake,0.9926689863204956,0.0632929801940918
sdxl_fp4,R50_TF,/media/SSD_4TB/crispy_storage/fake-images/sdxl_fp4_p18_seed141.png,fake,0.5739,0.179
sdxl_fp4,NPR,/media/SSD_4TB/crispy_storage/fake-images/sdxl_fp4_p18_seed141.png,fake,1.0,0.09086060523986816
sd15_fp16,CLIP-D,/media/SSD_4TB/crispy_storage/fake-images/sd15_fp16_p64_seed187.png,fake,0.7742241024971008,0.06285905838012695
sd15_fp16,R50_TF,/media/SSD_4TB/crispy_storage/fake-images/sd15_fp16_p64_seed187.png,fake,0.5764,0.143
sd15_fp16,NPR,/media/SSD_4TB/crispy_storage/fake-images/sd15_fp16_p64_seed187.png,fake,0.9804605841636658,0.09129738807678223
sd35_fp8,CLIP-D,/media/SSD_4TB/crispy_storage/fake-images/sd35_fp8_p87_seed210.png,fake,0.9450414776802063,0.06176948547363281
sd35_fp8,R50_TF,/media/SSD_4TB/crispy_storage/fake-images/sd35_fp8_p87_seed210.png,fake,0.5571,0.18
sd35_fp8,NPR,/media/SSD_4TB/crispy_storage/fake-images/sd35_fp8_p87_seed210.png,fake,0.9999992847442627,0.09062695503234863
sd35_fp4,CLIP-D,/media/SSD_4TB/crispy_storage/fake-images/sd35_fp4_p84_seed207.png,fake,0.9766923189163208,0.06318974494934082
sd35_fp4,R50_TF,/media/SSD_4TB/crispy_storage/fake-images/sd35_fp4_p84_seed207.png,fake,0.5621,0.173
sd35_fp4,NPR,/media/SSD_4TB/crispy_storage/fake-images/sd35_fp4_p84_seed207.png,fake,0.971869170665741,0.09286999702453613
pg25_fp16,CLIP-D,/media/SSD_4TB/crispy_storage/fake-images/pg25_fp16_p42_seed165.png,fake,0.989021897315979,0.06095528602600098
pg25_fp16,R50_TF,/media/SSD_4TB/crispy_storage/fake-images/pg25_fp16_p42_seed165.png,fake,0.5586,0.179
pg25_fp16,NPR,/media/SSD_4TB/crispy_storage/fake-images/pg25_fp16_p42_seed165.png,fake,1.0,0.09165000915527344
z-image_fp16,CLIP-D,/media/SSD_4TB/crispy_storage/fake-images/z-image_fp16_p63_seed186.png,fake,0.8320460319519043,0.06123781204223633
z-image_fp16,R50_TF,/media/SSD_4TB/crispy_storage/fake-images/z-image_fp16_p63_seed186.png,real,0.4484,0.178
z-image_fp16,NPR,/media/SSD_4TB/crispy_storage/fake-images/z-image_fp16_p63_seed186.png,real,2.5647343136370182e-05,0.09073853492736816
sdxl_fp16,CLIP-D,/media/SSD_4TB/crispy_storage/fake-images/sdxl_fp16_p53_seed176.png,fake,0.9545187950134277,0.06332540512084961
sdxl_fp16,R50_TF,/media/SSD_4TB/crispy_storage/fake-images/sdxl_fp16_p53_seed176.png,fake,0.5729,0.174
sdxl_fp16,NPR,/media/SSD_4TB/crispy_storage/fake-images/sdxl_fp16_p53_seed176.png,real,0.26850029826164246,0.0882117748260498
sd3_fp8,CLIP-D,/media/SSD_4TB/crispy_storage/fake-images/sd3_fp8_p2_seed125.png,fake,0.8995969891548157,0.06300187110900879
sd3_fp8,R50_TF,/media/SSD_4TB/crispy_storage/fake-images/sd3_fp8_p2_seed125.png,fake,0.5559,0.178
sd3_fp8,NPR,/media/SSD_4TB/crispy_storage/fake-images/sd3_fp8_p2_seed125.png,real,0.005892481654882431,0.09191083908081055
sd35_fp4,CLIP-D,/media/SSD_4TB/crispy_storage/fake-images/sd35_fp4_p50_seed173.png,fake,0.8850235342979431,0.07143139839172363
sd35_fp4,R50_TF,/media/SSD_4TB/crispy_storage/fake-images/sd35_fp4_p50_seed173.png,real,0.4822,0.18
sd35_fp4,NPR,/media/SSD_4TB/crispy_storage/fake-images/sd35_fp4_p50_seed173.png,real,0.1650356948375702,0.09127998352050781
sd3_fp4,CLIP-D,/media/SSD_4TB/crispy_storage/fake-images/sd3_fp4_p44_seed167.png,fake,0.9942962527275085,0.06245684623718262
sd3_fp4,R50_TF,/media/SSD_4TB/crispy_storage/fake-images/sd3_fp4_p44_seed167.png,real,0.4584,0.181
sd3_fp4,NPR,/media/SSD_4TB/crispy_storage/fake-images/sd3_fp4_p44_seed167.png,fake,0.9233025312423706,0.09001302719116211
z-image_fp16,CLIP-D,/media/SSD_4TB/crispy_storage/fake-images/z-image_fp16_p72_seed195.png,fake,0.9572498202323914,0.06292057037353516
z-image_fp16,R50_TF,/media/SSD_4TB/crispy_storage/fake-images/z-image_fp16_p72_seed195.png,fake,0.5456,0.181
z-image_fp16,NPR,/media/SSD_4TB/crispy_storage/fake-images/z-image_fp16_p72_seed195.png,real,0.032234467566013336,0.09236359596252441
pg25_fp16,CLIP-D,/media/SSD_4TB/crispy_storage/fake-images/pg25_fp16_p52_seed175.png,fake,0.9949352145195007,0.06270790100097656
pg25_fp16,R50_TF,/media/SSD_4TB/crispy_storage/fake-images/pg25_fp16_p52_seed175.png,fake,0.5775,0.178
pg25_fp16,NPR,/media/SSD_4TB/crispy_storage/fake-images/pg25_fp16_p52_seed175.png,fake,0.9999997615814209,0.08988738059997559
sdxl_fp4,CLIP-D,/media/SSD_4TB/crispy_storage/fake-images/sdxl_fp4_p85_seed208.png,fake,0.9991993308067322,0.06264805793762207
sdxl_fp4,R50_TF,/media/SSD_4TB/crispy_storage/fake-images/sdxl_fp4_p85_seed208.png,fake,0.7363,0.175
sdxl_fp4,NPR,/media/SSD_4TB/crispy_storage/fake-images/sdxl_fp4_p85_seed208.png,fake,0.9999929666519165,0.09218859672546387
sd15_fp4,CLIP-D,/media/SSD_4TB/crispy_storage/fake-images/sd15_fp4_p81_seed204.png,fake,0.9945001602172852,0.059725284576416016
sd15_fp4,R50_TF,/media/SSD_4TB/crispy_storage/fake-images/sd15_fp4_p81_seed204.png,fake,0.6535,0.144
sd15_fp4,NPR,/media/SSD_4TB/crispy_storage/fake-images/sd15_fp4_p81_seed204.png,real,0.016965227201581,0.09166693687438965
pg25_fp4,CLIP-D,/media/SSD_4TB/crispy_storage/fake-images/pg25_fp4_p40_seed163.png,fake,0.9880064129829407,0.06333804130554199
pg25_fp4,R50_TF,/media/SSD_4TB/crispy_storage/fake-images/pg25_fp4_p40_seed163.png,fake,0.6747,0.186
pg25_fp4,NPR,/media/SSD_4TB/crispy_storage/fake-images/pg25_fp4_p40_seed163.png,fake,0.9982216954231262,0.08592486381530762
sd15_fp8,CLIP-D,/media/SSD_4TB/crispy_storage/fake-images/sd15_fp8_p53_seed176.png,fake,0.9750999212265015,0.06010627746582031
sd15_fp8,R50_TF,/media/SSD_4TB/crispy_storage/fake-images/sd15_fp8_p53_seed176.png,real,0.4232,0.145
sd15_fp8,NPR,/media/SSD_4TB/crispy_storage/fake-images/sd15_fp8_p53_seed176.png,real,0.008272341452538967,0.09153866767883301
z-image_fp8,CLIP-D,/media/SSD_4TB/crispy_storage/fake-images/z-image_fp8_p16_seed139.png,fake,0.9243474006652832,0.06212115287780762
z-image_fp8,R50_TF,/media/SSD_4TB/crispy_storage/fake-images/z-image_fp8_p16_seed139.png,real,0.4161,0.181
z-image_fp8,NPR,/media/SSD_4TB/crispy_storage/fake-images/z-image_fp8_p16_seed139.png,real,0.0017106019658967853,0.08965682983398438
pg25_fp4,CLIP-D,/media/SSD_4TB/crispy_storage/fake-images/pg25_fp4_p50_seed173.png,fake,0.9652904868125916,0.06267905235290527
pg25_fp4,R50_TF,/media/SSD_4TB/crispy_storage/fake-images/pg25_fp4_p50_seed173.png,fake,0.5897,0.179
pg25_fp4,NPR,/media/SSD_4TB/crispy_storage/fake-images/pg25_fp4_p50_seed173.png,real,0.3625016212463379,0.09213733673095703
pg25_fp4,CLIP-D,/media/SSD_4TB/crispy_storage/fake-images/pg25_fp4_p86_seed209.png,fake,0.9638385772705078,0.06298136711120605
pg25_fp4,R50_TF,/media/SSD_4TB/crispy_storage/fake-images/pg25_fp4_p86_seed209.png,fake,0.5974,0.179
pg25_fp4,NPR,/media/SSD_4TB/crispy_storage/fake-images/pg25_fp4_p86_seed209.png,fake,0.9991889595985413,0.0925755500793457
sd15_fp16,CLIP-D,/media/SSD_4TB/crispy_storage/fake-images/sd15_fp16_p52_seed175.png,fake,0.9650254249572754,0.06023049354553223
sd15_fp16,R50_TF,/media/SSD_4TB/crispy_storage/fake-images/sd15_fp16_p52_seed175.png,fake,0.5926,0.145
sd15_fp16,NPR,/media/SSD_4TB/crispy_storage/fake-images/sd15_fp16_p52_seed175.png,real,0.0002727473620325327,0.0931551456451416
z-image_fp8,CLIP-D,/media/SSD_4TB/crispy_storage/fake-images/z-image_fp8_p6_seed129.png,real,0.0616411417722702,0.06277799606323242
z-image_fp8,R50_TF,/media/SSD_4TB/crispy_storage/fake-images/z-image_fp8_p6_seed129.png,real,0.4223,0.183
z-image_fp8,NPR,/media/SSD_4TB/crispy_storage/fake-images/z-image_fp8_p6_seed129.png,real,1.3160122762201354e-05,0.09117674827575684
pg25_fp4,CLIP-D,/media/SSD_4TB/crispy_storage/fake-images/pg25_fp4_p35_seed158.png,fake,0.989682674407959,0.061246395111083984
pg25_fp4,R50_TF,/media/SSD_4TB/crispy_storage/fake-images/pg25_fp4_p35_seed158.png,fake,0.618,0.183
pg25_fp4,NPR,/media/SSD_4TB/crispy_storage/fake-images/pg25_fp4_p35_seed158.png,fake,0.9999146461486816,0.09009671211242676
z-image_fp16,CLIP-D,/media/SSD_4TB/crispy_storage/fake-images/z-image_fp16_p39_seed162.png,real,0.2993833124637604,0.06256365776062012
z-image_fp16,R50_TF,/media/SSD_4TB/crispy_storage/fake-images/z-image_fp16_p39_seed162.png,real,0.4098,0.179
z-image_fp16,NPR,/media/SSD_4TB/crispy_storage/fake-images/z-image_fp16_p39_seed162.png,fake,0.7839036583900452,0.09158182144165039
sd35_fp8,CLIP-D,/media/SSD_4TB/crispy_storage/fake-images/sd35_fp8_p74_seed197.png,fake,0.9472363591194153,0.06264686584472656
sd35_fp8,R50_TF,/media/SSD_4TB/crispy_storage/fake-images/sd35_fp8_p74_seed197.png,real,0.4619,0.179
sd35_fp8,NPR,/media/SSD_4TB/crispy_storage/fake-images/sd35_fp8_p74_seed197.png,real,0.02528735250234604,0.08783578872680664
sdxl_fp8,CLIP-D,/media/SSD_4TB/crispy_storage/fake-images/sdxl_fp8_p39_seed162.png,fake,0.9927998781204224,0.06170988082885742
sdxl_fp8,R50_TF,/media/SSD_4TB/crispy_storage/fake-images/sdxl_fp8_p39_seed162.png,fake,0.6465,0.178
sdxl_fp8,NPR,/media/SSD_4TB/crispy_storage/fake-images/sdxl_fp8_p39_seed162.png,fake,0.9999990463256836,0.09219551086425781
sdxl_fp8,CLIP-D,/media/SSD_4TB/crispy_storage/fake-images/sdxl_fp8_p29_seed152.png,fake,0.9967178702354431,0.061046600341796875
sdxl_fp8,R50_TF,/media/SSD_4TB/crispy_storage/fake-images/sdxl_fp8_p29_seed152.png,fake,0.6194,0.181
sdxl_fp8,NPR,/media/SSD_4TB/crispy_storage/fake-images/sdxl_fp8_p29_seed152.png,fake,0.7467606067657471,0.08842873573303223
pg25_fp4,CLIP-D,/media/SSD_4TB/crispy_storage/fake-images/pg25_fp4_p68_seed191.png,fake,0.9817491769790649,0.0611264705657959
pg25_fp4,R50_TF,/media/SSD_4TB/crispy_storage/fake-images/pg25_fp4_p68_seed191.png,fake,0.6011,0.182
pg25_fp4,NPR,/media/SSD_4TB/crispy_storage/fake-images/pg25_fp4_p68_seed191.png,real,0.28615692257881165,0.09182047843933105
sd3_fp16,CLIP-D,/media/SSD_4TB/crispy_storage/fake-images/sd3_fp16_p8_seed131.png,fake,0.7369222640991211,0.0628662109375
sd3_fp16,R50_TF,/media/SSD_4TB/crispy_storage/fake-images/sd3_fp16_p8_seed131.png,real,0.4267,0.178
sd3_fp16,NPR,/media/SSD_4TB/crispy_storage/fake-images/sd3_fp16_p8_seed131.png,real,0.13641029596328735,0.09216928482055664
sd3_fp4,CLIP-D,/media/SSD_4TB/crispy_storage/fake-images/sd3_fp4_p72_seed195.png,fake,0.8449146151542664,0.061476945877075195
sd3_fp4,R50_TF,/media/SSD_4TB/crispy_storage/fake-images/sd3_fp4_p72_seed195.png,real,0.4355,0.18
sd3_fp4,NPR,/media/SSD_4TB/crispy_storage/fake-images/sd3_fp4_p72_seed195.png,real,0.008309285156428814,0.09221625328063965
sd3_fp8,CLIP-D,/media/SSD_4TB/crispy_storage/fake-images/sd3_fp8_p7_seed130.png,fake,0.9879070520401001,0.06288337707519531
sd3_fp8,R50_TF,/media/SSD_4TB/crispy_storage/fake-images/sd3_fp8_p7_seed130.png,fake,0.5708,0.183
sd3_fp8,NPR,/media/SSD_4TB/crispy_storage/fake-images/sd3_fp8_p7_seed130.png,fake,0.9931703805923462,0.09104490280151367
sd15_fp8,CLIP-D,/media/SSD_4TB/crispy_storage/fake-images/sd15_fp8_p97_seed220.png,fake,0.9867245554924011,0.06256484985351562
sd15_fp8,R50_TF,/media/SSD_4TB/crispy_storage/fake-images/sd15_fp8_p97_seed220.png,fake,0.5971,0.145
sd15_fp8,NPR,/media/SSD_4TB/crispy_storage/fake-images/sd15_fp8_p97_seed220.png,real,0.004691264126449823,0.09178423881530762
sdxl_fp8,CLIP-D,/media/SSD_4TB/crispy_storage/fake-images/sdxl_fp8_p4_seed127.png,fake,0.9717220067977905,0.06292605400085449
sdxl_fp8,R50_TF,/media/SSD_4TB/crispy_storage/fake-images/sdxl_fp8_p4_seed127.png,real,0.4417,0.182
sdxl_fp8,NPR,/media/SSD_4TB/crispy_storage/fake-images/sdxl_fp8_p4_seed127.png,fake,0.9962117671966553,0.09340167045593262
sd35_fp4,CLIP-D,/media/SSD_4TB/crispy_storage/fake-images/sd35_fp4_p37_seed160.png,real,0.41538310050964355,0.06313943862915039
sd35_fp4,R50_TF,/media/SSD_4TB/crispy_storage/fake-images/sd35_fp4_p37_seed160.png,real,0.4233,0.177
sd35_fp4,NPR,/media/SSD_4TB/crispy_storage/fake-images/sd35_fp4_p37_seed160.png,real,0.0025262751150876284,0.09292435646057129
sd3_fp8,CLIP-D,/media/SSD_4TB/crispy_storage/fake-images/sd3_fp8_p3_seed126.png,fake,0.6021777391433716,0.06365180015563965
sd3_fp8,R50_TF,/media/SSD_4TB/crispy_storage/fake-images/sd3_fp8_p3_seed126.png,real,0.4667,0.179
sd3_fp8,NPR,/media/SSD_4TB/crispy_storage/fake-images/sd3_fp8_p3_seed126.png,real,0.008388719521462917,0.09027743339538574
sd35_fp8,CLIP-D,/media/SSD_4TB/crispy_storage/fake-images/sd35_fp8_p56_seed179.png,fake,0.897244393825531,0.06018805503845215
sd35_fp8,R50_TF,/media/SSD_4TB/crispy_storage/fake-images/sd35_fp8_p56_seed179.png,fake,0.5508,0.176
sd35_fp8,NPR,/media/SSD_4TB/crispy_storage/fake-images/sd35_fp8_p56_seed179.png,real,0.31077978014945984,0.0912330150604248
sd15_fp4,CLIP-D,/media/SSD_4TB/crispy_storage/fake-images/sd15_fp4_p28_seed151.png,fake,0.9902908205986023,0.0599668025970459
sd15_fp4,R50_TF,/media/SSD_4TB/crispy_storage/fake-images/sd15_fp4_p28_seed151.png,fake,0.6589,0.14
sd15_fp4,NPR,/media/SSD_4TB/crispy_storage/fake-images/sd15_fp4_p28_seed151.png,real,0.019157016649842262,0.09200334548950195
sd3_fp4,CLIP-D,/media/SSD_4TB/crispy_storage/fake-images/sd3_fp4_p75_seed198.png,fake,0.9300879240036011,0.06234383583068848
sd3_fp4,R50_TF,/media/SSD_4TB/crispy_storage/fake-images/sd3_fp4_p75_seed198.png,real,0.4326,0.178
sd3_fp4,NPR,/media/SSD_4TB/crispy_storage/fake-images/sd3_fp4_p75_seed198.png,real,5.445824717753567e-05,0.08949637413024902
sd15_fp16,CLIP-D,/media/SSD_4TB/crispy_storage/fake-images/sd15_fp16_p91_seed214.png,real,0.09566838294267654,0.06318902969360352
sd15_fp16,R50_TF,/media/SSD_4TB/crispy_storage/fake-images/sd15_fp16_p91_seed214.png,fake,0.5883,0.142
sd15_fp16,NPR,/media/SSD_4TB/crispy_storage/fake-images/sd15_fp16_p91_seed214.png,real,2.0843241088641662e-07,0.09215450286865234
sd15_fp16,CLIP-D,/media/SSD_4TB/crispy_storage/fake-images/sd15_fp16_p50_seed173.png,fake,0.9889217615127563,0.06257367134094238
sd15_fp16,R50_TF,/media/SSD_4TB/crispy_storage/fake-images/sd15_fp16_p50_seed173.png,real,0.4529,0.145
sd15_fp16,NPR,/media/SSD_4TB/crispy_storage/fake-images/sd15_fp16_p50_seed173.png,real,0.22021269798278809,0.09354543685913086
sd3_fp16,CLIP-D,/media/SSD_4TB/crispy_storage/fake-images/sd3_fp16_p99_seed222.png,fake,0.9930099248886108,0.06110239028930664
sd3_fp16,R50_TF,/media/SSD_4TB/crispy_storage/fake-images/sd3_fp16_p99_seed222.png,fake,0.5435,0.184
sd3_fp16,NPR,/media/SSD_4TB/crispy_storage/fake-images/sd3_fp16_p99_seed222.png,fake,0.9999607801437378,0.09247040748596191
z-image_fp16,CLIP-D,/media/SSD_4TB/crispy_storage/fake-images/z-image_fp16_p48_seed171.png,fake,0.9888628721237183,0.06145119667053223
z-image_fp16,R50_TF,/media/SSD_4TB/crispy_storage/fake-images/z-image_fp16_p48_seed171.png,fake,0.5902,0.178
z-image_fp16,NPR,/media/SSD_4TB/crispy_storage/fake-images/z-image_fp16_p48_seed171.png,fake,0.9999940395355225,0.0929117202758789
z-image_fp16,CLIP-D,/media/SSD_4TB/crispy_storage/fake-images/z-image_fp16_p88_seed211.png,real,0.08093634247779846,0.0611422061920166
z-image_fp16,R50_TF,/media/SSD_4TB/crispy_storage/fake-images/z-image_fp16_p88_seed211.png,real,0.4288,0.183
z-image_fp16,NPR,/media/SSD_4TB/crispy_storage/fake-images/z-image_fp16_p88_seed211.png,real,0.0007110538426786661,0.09133195877075195
sd3_fp8,CLIP-D,/media/SSD_4TB/crispy_storage/fake-images/sd3_fp8_p36_seed159.png,fake,0.7707569003105164,0.06151938438415527
sd3_fp8,R50_TF,/media/SSD_4TB/crispy_storage/fake-images/sd3_fp8_p36_seed159.png,real,0.4705,0.174
sd3_fp8,NPR,/media/SSD_4TB/crispy_storage/fake-images/sd3_fp8_p36_seed159.png,real,0.04522040858864784,0.09234786033630371
z-image_fp16,CLIP-D,/media/SSD_4TB/crispy_storage/fake-images/z-image_fp16_p47_seed170.png,fake,0.8425132632255554,0.06088423728942871
z-image_fp16,R50_TF,/media/SSD_4TB/crispy_storage/fake-images/z-image_fp16_p47_seed170.png,fake,0.6023,0.175
z-image_fp16,NPR,/media/SSD_4TB/crispy_storage/fake-images/z-image_fp16_p47_seed170.png,real,0.11638037115335464,0.09094953536987305
sd35_fp8,CLIP-D,/media/SSD_4TB/crispy_storage/fake-images/sd35_fp8_p49_seed172.png,real,0.4321577847003937,0.06141519546508789
sd35_fp8,R50_TF,/media/SSD_4TB/crispy_storage/fake-images/sd35_fp8_p49_seed172.png,fake,0.5477,0.178
sd35_fp8,NPR,/media/SSD_4TB/crispy_storage/fake-images/sd35_fp8_p49_seed172.png,fake,0.9933939576148987,0.08946990966796875
sdxl_fp8,CLIP-D,/media/SSD_4TB/crispy_storage/fake-images/sdxl_fp8_p97_seed220.png,fake,0.9982252717018127,0.06332659721374512
sdxl_fp8,R50_TF,/media/SSD_4TB/crispy_storage/fake-images/sdxl_fp8_p97_seed220.png,fake,0.565,0.178
sdxl_fp8,NPR,/media/SSD_4TB/crispy_storage/fake-images/sdxl_fp8_p97_seed220.png,fake,0.86529940366745,0.09219121932983398
sd35_fp16,CLIP-D,/media/SSD_4TB/crispy_storage/fake-images/sd35_fp16_p88_seed211.png,real,0.149747833609581,0.0637969970703125
sd35_fp16,R50_TF,/media/SSD_4TB/crispy_storage/fake-images/sd35_fp16_p88_seed211.png,fake,0.5573,0.178
sd35_fp16,NPR,/media/SSD_4TB/crispy_storage/fake-images/sd35_fp16_p88_seed211.png,fake,0.9287223815917969,0.0929872989654541
sd3_fp16,CLIP-D,/media/SSD_4TB/crispy_storage/fake-images/sd3_fp16_p22_seed145.png,fake,0.9782338738441467,0.060357093811035156
sd3_fp16,R50_TF,/media/SSD_4TB/crispy_storage/fake-images/sd3_fp16_p22_seed145.png,fake,0.5542,0.178
sd3_fp16,NPR,/media/SSD_4TB/crispy_storage/fake-images/sd3_fp16_p22_seed145.png,real,8.577893459005281e-05,0.09071540832519531
sdxl_fp16,CLIP-D,/media/SSD_4TB/crispy_storage/fake-images/sdxl_fp16_p28_seed151.png,fake,0.9964548349380493,0.06004977226257324
sdxl_fp16,R50_TF,/media/SSD_4TB/crispy_storage/fake-images/sdxl_fp16_p28_seed151.png,fake,0.7203,0.177
sdxl_fp16,NPR,/media/SSD_4TB/crispy_storage/fake-images/sdxl_fp16_p28_seed151.png,fake,0.9999382495880127,0.09195566177368164
sd15_fp16,CLIP-D,/media/SSD_4TB/crispy_storage/fake-images/sd15_fp16_p85_seed208.png,fake,0.9907604455947876,0.06159400939941406
sd15_fp16,R50_TF,/media/SSD_4TB/crispy_storage/fake-images/sd15_fp16_p85_seed208.png,fake,0.7638,0.142
sd15_fp16,NPR,/media/SSD_4TB/crispy_storage/fake-images/sd15_fp16_p85_seed208.png,real,0.09549008309841156,0.0934305191040039
sd15_fp8,CLIP-D,/media/SSD_4TB/crispy_storage/fake-images/sd15_fp8_p96_seed219.png,fake,0.9911317229270935,0.06138730049133301
sd15_fp8,R50_TF,/media/SSD_4TB/crispy_storage/fake-images/sd15_fp8_p96_seed219.png,fake,0.5893,0.158
sd15_fp8,NPR,/media/SSD_4TB/crispy_storage/fake-images/sd15_fp8_p96_seed219.png,fake,0.9998573064804077,0.09234142303466797
z-image_fp16,CLIP-D,/media/SSD_4TB/crispy_storage/fake-images/z-image_fp16_p36_seed159.png,fake,0.6372778415679932,0.061284780502319336
z-image_fp16,R50_TF,/media/SSD_4TB/crispy_storage/fake-images/z-image_fp16_p36_seed159.png,fake,0.5437,0.181
z-image_fp16,NPR,/media/SSD_4TB/crispy_storage/fake-images/z-image_fp16_p36_seed159.png,fake,0.8395178914070129,0.08992505073547363
sd3_fp4,CLIP-D,/media/SSD_4TB/crispy_storage/fake-images/sd3_fp4_p23_seed146.png,real,0.01294444315135479,0.05969858169555664
sd3_fp4,R50_TF,/media/SSD_4TB/crispy_storage/fake-images/sd3_fp4_p23_seed146.png,fake,0.5679,0.178
sd3_fp4,NPR,/media/SSD_4TB/crispy_storage/fake-images/sd3_fp4_p23_seed146.png,real,0.025093073025345802,0.08795595169067383
sd35_fp8,CLIP-D,/media/SSD_4TB/crispy_storage/fake-images/sd35_fp8_p93_seed216.png,fake,0.6306003928184509,0.060451507568359375
sd35_fp8,R50_TF,/media/SSD_4TB/crispy_storage/fake-images/sd35_fp8_p93_seed216.png,fake,0.5639,0.177
sd35_fp8,NPR,/media/SSD_4TB/crispy_storage/fake-images/sd35_fp8_p93_seed216.png,fake,0.9991538524627686,0.08882260322570801
sdxl_fp4,CLIP-D,/media/SSD_4TB/crispy_storage/fake-images/sdxl_fp4_p69_seed192.png,fake,0.996323823928833,0.06326580047607422
sdxl_fp4,R50_TF,/media/SSD_4TB/crispy_storage/fake-images/sdxl_fp4_p69_seed192.png,fake,0.5731,0.174
sdxl_fp4,NPR,/media/SSD_4TB/crispy_storage/fake-images/sdxl_fp4_p69_seed192.png,real,0.03989129513502121,0.08877253532409668
sdxl_fp16,CLIP-D,/media/SSD_4TB/crispy_storage/fake-images/sdxl_fp16_p94_seed217.png,fake,0.9767791628837585,0.0633394718170166
sdxl_fp16,R50_TF,/media/SSD_4TB/crispy_storage/fake-images/sdxl_fp16_p94_seed217.png,fake,0.589,0.18
sdxl_fp16,NPR,/media/SSD_4TB/crispy_storage/fake-images/sdxl_fp16_p94_seed217.png,fake,0.9999997615814209,0.09251236915588379
sd3_fp8,CLIP-D,/media/SSD_4TB/crispy_storage/fake-images/sd3_fp8_p32_seed155.png,fake,0.7812225818634033,0.06308913230895996
sd3_fp8,R50_TF,/media/SSD_4TB/crispy_storage/fake-images/sd3_fp8_p32_seed155.png,real,0.4272,0.179
sd3_fp8,NPR,/media/SSD_4TB/crispy_storage/fake-images/sd3_fp8_p32_seed155.png,real,0.05285591259598732,0.08883261680603027
sdxl_fp4,CLIP-D,/media/SSD_4TB/crispy_storage/fake-images/sdxl_fp4_p53_seed176.png,fake,0.9937623143196106,0.06313657760620117
sdxl_fp4,R50_TF,/media/SSD_4TB/crispy_storage/fake-images/sdxl_fp4_p53_seed176.png,fake,0.5532,0.179
sdxl_fp4,NPR,/media/SSD_4TB/crispy_storage/fake-images/sdxl_fp4_p53_seed176.png,fake,0.8684104681015015,0.09168100357055664
pg25_fp16,CLIP-D,/media/SSD_4TB/crispy_storage/fake-images/pg25_fp16_p54_seed177.png,fake,0.9779767394065857,0.0614926815032959
pg25_fp16,R50_TF,/media/SSD_4TB/crispy_storage/fake-images/pg25_fp16_p54_seed177.png,fake,0.5932,0.183
pg25_fp16,NPR,/media/SSD_4TB/crispy_storage/fake-images/pg25_fp16_p54_seed177.png,fake,0.9999929666519165,0.08907270431518555
sdxl_fp16,CLIP-D,/media/SSD_4TB/crispy_storage/fake-images/sdxl_fp16_p38_seed161.png,fake,0.9788718819618225,0.06155586242675781
sdxl_fp16,R50_TF,/media/SSD_4TB/crispy_storage/fake-images/sdxl_fp16_p38_seed161.png,fake,0.5816,0.176
sdxl_fp16,NPR,/media/SSD_4TB/crispy_storage/fake-images/sdxl_fp16_p38_seed161.png,fake,1.0,0.09206414222717285
sd3_fp8,CLIP-D,/media/SSD_4TB/crispy_storage/fake-images/sd3_fp8_p47_seed170.png,fake,0.5457866787910461,0.06131625175476074
sd3_fp8,R50_TF,/media/SSD_4TB/crispy_storage/fake-images/sd3_fp8_p47_seed170.png,fake,0.5617,0.175
sd3_fp8,NPR,/media/SSD_4TB/crispy_storage/fake-images/sd3_fp8_p47_seed170.png,real,0.006677686702460051,0.08794140815734863
sd3_fp16,CLIP-D,/media/SSD_4TB/crispy_storage/fake-images/sd3_fp16_p33_seed156.png,fake,0.8540247082710266,0.06235074996948242
sd3_fp16,R50_TF,/media/SSD_4TB/crispy_storage/fake-images/sd3_fp16_p33_seed156.png,real,0.401,0.174
sd3_fp16,NPR,/media/SSD_4TB/crispy_storage/fake-images/sd3_fp16_p33_seed156.png,fake,0.9430528879165649,0.09103274345397949
sd15_fp8,CLIP-D,/media/SSD_4TB/crispy_storage/fake-images/sd15_fp8_p90_seed213.png,real,0.3777790069580078,0.06123018264770508
sd15_fp8,R50_TF,/media/SSD_4TB/crispy_storage/fake-images/sd15_fp8_p90_seed213.png,fake,0.5989,0.147
sd15_fp8,NPR,/media/SSD_4TB/crispy_storage/fake-images/sd15_fp8_p90_seed213.png,real,0.055790264159440994,0.0884101390838623
sdxl_fp8,CLIP-D,/media/SSD_4TB/crispy_storage/fake-images/sdxl_fp8_p58_seed181.png,fake,0.9943112134933472,0.06100153923034668
sdxl_fp8,R50_TF,/media/SSD_4TB/crispy_storage/fake-images/sdxl_fp8_p58_seed181.png,fake,0.5848,0.173
sdxl_fp8,NPR,/media/SSD_4TB/crispy_storage/fake-images/sdxl_fp8_p58_seed181.png,fake,1.0,0.09032702445983887
sd35_fp8,CLIP-D,/media/SSD_4TB/crispy_storage/fake-images/sd35_fp8_p22_seed145.png,fake,0.9873588681221008,0.06360197067260742
sd35_fp8,R50_TF,/media/SSD_4TB/crispy_storage/fake-images/sd35_fp8_p22_seed145.png,fake,0.56,0.18
sd35_fp8,NPR,/media/SSD_4TB/crispy_storage/fake-images/sd35_fp8_p22_seed145.png,real,0.16809581220149994,0.09170007705688477
sd15_fp8,CLIP-D,/media/SSD_4TB/crispy_storage/fake-images/sd15_fp8_p71_seed194.png,fake,0.8045453429222107,0.061997175216674805
sd15_fp8,R50_TF,/media/SSD_4TB/crispy_storage/fake-images/sd15_fp8_p71_seed194.png,fake,0.562,0.141
sd15_fp8,NPR,/media/SSD_4TB/crispy_storage/fake-images/sd15_fp8_p71_seed194.png,real,0.00024340821255464107,0.09027695655822754
z-image_fp16,CLIP-D,/media/SSD_4TB/crispy_storage/fake-images/z-image_fp16_p8_seed131.png,fake,0.8745594620704651,0.061425209045410156
z-image_fp16,R50_TF,/media/SSD_4TB/crispy_storage/fake-images/z-image_fp16_p8_seed131.png,real,0.3969,0.18
z-image_fp16,NPR,/media/SSD_4TB/crispy_storage/fake-images/z-image_fp16_p8_seed131.png,real,0.49149277806282043,0.09301304817199707
sd3_fp16,CLIP-D,/media/SSD_4TB/crispy_storage/fake-images/sd3_fp16_p93_seed216.png,fake,0.8696491718292236,0.06160712242126465
sd3_fp16,R50_TF,/media/SSD_4TB/crispy_storage/fake-images/sd3_fp16_p93_seed216.png,fake,0.5404,0.182
sd3_fp16,NPR,/media/SSD_4TB/crispy_storage/fake-images/sd3_fp16_p93_seed216.png,fake,0.9736211895942688,0.09104800224304199
sdxl_fp16,CLIP-D,/media/SSD_4TB/crispy_storage/fake-images/sdxl_fp16_p79_seed202.png,fake,0.9738043546676636,0.06275081634521484
sdxl_fp16,R50_TF,/media/SSD_4TB/crispy_storage/fake-images/sdxl_fp16_p79_seed202.png,real,0.433,0.179
sdxl_fp16,NPR,/media/SSD_4TB/crispy_storage/fake-images/sdxl_fp16_p79_seed202.png,fake,0.9241095185279846,0.08779597282409668
sd15_fp4,CLIP-D,/media/SSD_4TB/crispy_storage/fake-images/sd15_fp4_p9_seed132.png,real,0.22386671602725983,0.06255412101745605
sd15_fp4,R50_TF,/media/SSD_4TB/crispy_storage/fake-images/sd15_fp4_p9_seed132.png,real,0.4099,0.145
sd15_fp4,NPR,/media/SSD_4TB/crispy_storage/fake-images/sd15_fp4_p9_seed132.png,real,0.005530769936740398,0.0917201042175293
pg25_fp16,CLIP-D,/media/SSD_4TB/crispy_storage/fake-images/pg25_fp16_p0_seed123.png,fake,0.9950414299964905,0.061431169509887695
pg25_fp16,R50_TF,/media/SSD_4TB/crispy_storage/fake-images/pg25_fp16_p0_seed123.png,fake,0.6012,0.181
pg25_fp16,NPR,/media/SSD_4TB/crispy_storage/fake-images/pg25_fp16_p0_seed123.png,fake,0.999995231628418,0.08773255348205566
sd35_fp4,CLIP-D,/media/SSD_4TB/crispy_storage/fake-images/sd35_fp4_p80_seed203.png,fake,0.9542904496192932,0.06075906753540039
sd35_fp4,R50_TF,/media/SSD_4TB/crispy_storage/fake-images/sd35_fp4_p80_seed203.png,real,0.4405,0.178
sd35_fp4,NPR,/media/SSD_4TB/crispy_storage/fake-images/sd35_fp4_p80_seed203.png,fake,0.9858424067497253,0.09250283241271973
sd15_fp8,CLIP-D,/media/SSD_4TB/crispy_storage/fake-images/sd15_fp8_p40_seed163.png,fake,0.9762182235717773,0.06250500679016113
sd15_fp8,R50_TF,/media/SSD_4TB/crispy_storage/fake-images/sd15_fp8_p40_seed163.png,fake,0.711,0.142
sd15_fp8,NPR,/media/SSD_4TB/crispy_storage/fake-images/sd15_fp8_p40_seed163.png,real,0.05228707566857338,0.0908970832824707
sdxl_fp8,CLIP-D,/media/SSD_4TB/crispy_storage/fake-images/sdxl_fp8_p45_seed168.png,fake,0.9776982665061951,0.06317949295043945
sdxl_fp8,R50_TF,/media/SSD_4TB/crispy_storage/fake-images/sdxl_fp8_p45_seed168.png,fake,0.5615,0.179
sdxl_fp8,NPR,/media/SSD_4TB/crispy_storage/fake-images/sdxl_fp8_p45_seed168.png,fake,0.9999998807907104,0.0932607650756836
sd15_fp4,CLIP-D,/media/SSD_4TB/crispy_storage/fake-images/sd15_fp4_p72_seed195.png,fake,0.9680241942405701,0.062345266342163086
sd15_fp4,R50_TF,/media/SSD_4TB/crispy_storage/fake-images/sd15_fp4_p72_seed195.png,fake,0.5643,0.144
sd15_fp4,NPR,/media/SSD_4TB/crispy_storage/fake-images/sd15_fp4_p72_seed195.png,real,0.023463230580091476,0.089874267578125
sd15_fp16,CLIP-D,/media/SSD_4TB/crispy_storage/fake-images/sd15_fp16_p75_seed198.png,real,0.15242476761341095,0.0626063346862793
sd15_fp16,R50_TF,/media/SSD_4TB/crispy_storage/fake-images/sd15_fp16_p75_seed198.png,real,0.3951,0.144
sd15_fp16,NPR,/media/SSD_4TB/crispy_storage/fake-images/sd15_fp16_p75_seed198.png,real,0.002913396805524826,0.09359383583068848
z-image_fp16,CLIP-D,/media/SSD_4TB/crispy_storage/fake-images/z-image_fp16_p50_seed173.png,fake,0.9524360299110413,0.06104612350463867
z-image_fp16,R50_TF,/media/SSD_4TB/crispy_storage/fake-images/z-image_fp16_p50_seed173.png,fake,0.5619,0.181
z-image_fp16,NPR,/media/SSD_4TB/crispy_storage/fake-images/z-image_fp16_p50_seed173.png,real,0.30190664529800415,0.09078311920166016
sd15_fp8,CLIP-D,/media/SSD_4TB/crispy_storage/fake-images/sd15_fp8_p6_seed129.png,fake,0.6222825050354004,0.06279206275939941
sd15_fp8,R50_TF,/media/SSD_4TB/crispy_storage/fake-images/sd15_fp8_p6_seed129.png,real,0.4509,0.147
sd15_fp8,NPR,/media/SSD_4TB/crispy_storage/fake-images/sd15_fp8_p6_seed129.png,real,0.000311967363813892,0.09073019027709961
sd15_fp4,CLIP-D,/media/SSD_4TB/crispy_storage/fake-images/sd15_fp4_p48_seed171.png,real,0.2885170578956604,0.06135821342468262
sd15_fp4,R50_TF,/media/SSD_4TB/crispy_storage/fake-images/sd15_fp4_p48_seed171.png,real,0.4146,0.144
sd15_fp4,NPR,/media/SSD_4TB/crispy_storage/fake-images/sd15_fp4_p48_seed171.png,real,1.5802418147359276e-06,0.09280896186828613
pg25_fp16,CLIP-D,/media/SSD_4TB/crispy_storage/fake-images/pg25_fp16_p48_seed171.png,fake,0.9973185658454895,0.06201791763305664
pg25_fp16,R50_TF,/media/SSD_4TB/crispy_storage/fake-images/pg25_fp16_p48_seed171.png,fake,0.5961,0.182
pg25_fp16,NPR,/media/SSD_4TB/crispy_storage/fake-images/pg25_fp16_p48_seed171.png,fake,1.0,0.08910775184631348
sd35_fp4,CLIP-D,/media/SSD_4TB/crispy_storage/fake-images/sd35_fp4_p81_seed204.png,fake,0.9449896812438965,0.061998844146728516
sd35_fp4,R50_TF,/media/SSD_4TB/crispy_storage/fake-images/sd35_fp4_p81_seed204.png,fake,0.6367,0.181
sd35_fp4,NPR,/media/SSD_4TB/crispy_storage/fake-images/sd35_fp4_p81_seed204.png,real,0.0023681609891355038,0.0879509449005127
z-image_fp4,CLIP-D,/media/SSD_4TB/crispy_storage/fake-images/z-image_fp4_p7_seed130.png,fake,0.9932721257209778,0.06077313423156738
z-image_fp4,R50_TF,/media/SSD_4TB/crispy_storage/fake-images/z-image_fp4_p7_seed130.png,real,0.4352,0.176
z-image_fp4,NPR,/media/SSD_4TB/crispy_storage/fake-images/z-image_fp4_p7_seed130.png,fake,0.9967451095581055,0.09023785591125488
sd3_fp8,CLIP-D,/media/SSD_4TB/crispy_storage/fake-images/sd3_fp8_p92_seed215.png,fake,0.9789616465568542,0.06039834022521973
sd3_fp8,R50_TF,/media/SSD_4TB/crispy_storage/fake-images/sd3_fp8_p92_seed215.png,fake,0.5703,0.172
sd3_fp8,NPR,/media/SSD_4TB/crispy_storage/fake-images/sd3_fp8_p92_seed215.png,real,0.03086940012872219,0.09015059471130371
sd35_fp8,CLIP-D,/media/SSD_4TB/crispy_storage/fake-images/sd35_fp8_p34_seed157.png,fake,0.9788157939910889,0.06309103965759277
sd35_fp8,R50_TF,/media/SSD_4TB/crispy_storage/fake-images/sd35_fp8_p34_seed157.png,fake,0.6193,0.183
sd35_fp8,NPR,/media/SSD_4TB/crispy_storage/fake-images/sd35_fp8_p34_seed157.png,fake,0.8933975100517273,0.08685636520385742
sd35_fp4,CLIP-D,/media/SSD_4TB/crispy_storage/fake-images/sd35_fp4_p17_seed140.png,fake,0.9568354487419128,0.061299800872802734
sd35_fp4,R50_TF,/media/SSD_4TB/crispy_storage/fake-images/sd35_fp4_p17_seed140.png,fake,0.5573,0.181
sd35_fp4,NPR,/media/SSD_4TB/crispy_storage/fake-images/sd35_fp4_p17_seed140.png,fake,0.9999997615814209,0.09217548370361328
z-image_fp16,CLIP-D,/media/SSD_4TB/crispy_storage/fake-images/z-image_fp16_p90_seed213.png,fake,0.5785183310508728,0.0615236759185791
z-image_fp16,R50_TF,/media/SSD_4TB/crispy_storage/fake-images/z-image_fp16_p90_seed213.png,fake,0.543,0.177
z-image_fp16,NPR,/media/SSD_4TB/crispy_storage/fake-images/z-image_fp16_p90_seed213.png,real,0.0020603793673217297,0.0883333683013916
sd15_fp8,CLIP-D,/media/SSD_4TB/crispy_storage/fake-images/sd15_fp8_p36_seed159.png,fake,0.9518148303031921,0.06109309196472168
sd15_fp8,R50_TF,/media/SSD_4TB/crispy_storage/fake-images/sd15_fp8_p36_seed159.png,fake,0.5967,0.145
sd15_fp8,NPR,/media/SSD_4TB/crispy_storage/fake-images/sd15_fp8_p36_seed159.png,real,0.00029820401687175035,0.09164118766784668
sd3_fp8,CLIP-D,/media/SSD_4TB/crispy_storage/fake-images/sd3_fp8_p93_seed216.png,fake,0.6516737341880798,0.06279134750366211
sd3_fp8,R50_TF,/media/SSD_4TB/crispy_storage/fake-images/sd3_fp8_p93_seed216.png,fake,0.5353,0.18
sd3_fp8,NPR,/media/SSD_4TB/crispy_storage/fake-images/sd3_fp8_p93_seed216.png,real,0.08935050666332245,0.08741521835327148
z-image_fp16,CLIP-D,/media/SSD_4TB/crispy_storage/fake-images/z-image_fp16_p73_seed196.png,fake,0.9720749258995056,0.06145215034484863
z-image_fp16,R50_TF,/media/SSD_4TB/crispy_storage/fake-images/z-image_fp16_p73_seed196.png,fake,0.5654,0.178
z-image_fp16,NPR,/media/SSD_4TB/crispy_storage/fake-images/z-image_fp16_p73_seed196.png,fake,0.5446820259094238,0.09269595146179199
sd35_fp16,CLIP-D,/media/SSD_4TB/crispy_storage/fake-images/sd35_fp16_p99_seed222.png,fake,0.9583567976951599,0.06216239929199219
sd35_fp16,R50_TF,/media/SSD_4TB/crispy_storage/fake-images/sd35_fp16_p99_seed222.png,fake,0.5956,0.18
sd35_fp16,NPR,/media/SSD_4TB/crispy_storage/fake-images/sd35_fp16_p99_seed222.png,fake,0.8914517164230347,0.09248065948486328
sd15_fp16,CLIP-D,/media/SSD_4TB/crispy_storage/fake-images/sd15_fp16_p43_seed166.png,fake,0.9567784667015076,0.0629117488861084
sd15_fp16,R50_TF,/media/SSD_4TB/crispy_storage/fake-images/sd15_fp16_p43_seed166.png,fake,0.5806,0.142
sd15_fp16,NPR,/media/SSD_4TB/crispy_storage/fake-images/sd15_fp16_p43_seed166.png,fake,0.9970592260360718,0.09156322479248047
sd15_fp4,CLIP-D,/media/SSD_4TB/crispy_storage/fake-images/sd15_fp4_p43_seed166.png,fake,0.6872538924217224,0.05995512008666992
sd15_fp4,R50_TF,/media/SSD_4TB/crispy_storage/fake-images/sd15_fp4_p43_seed166.png,real,0.4187,0.142
sd15_fp4,NPR,/media/SSD_4TB/crispy_storage/fake-images/sd15_fp4_p43_seed166.png,fake,0.6127177476882935,0.09232497215270996
sd35_fp16,CLIP-D,/media/SSD_4TB/crispy_storage/fake-images/sd35_fp16_p62_seed185.png,fake,0.9985097050666809,0.06254768371582031
sd35_fp16,R50_TF,/media/SSD_4TB/crispy_storage/fake-images/sd35_fp16_p62_seed185.png,fake,0.6394,0.173
sd35_fp16,NPR,/media/SSD_4TB/crispy_storage/fake-images/sd35_fp16_p62_seed185.png,fake,0.9999940395355225,0.09195470809936523
sd15_fp4,CLIP-D,/media/SSD_4TB/crispy_storage/fake-images/sd15_fp4_p65_seed188.png,fake,0.9963823556900024,0.06248307228088379
sd15_fp4,R50_TF,/media/SSD_4TB/crispy_storage/fake-images/sd15_fp4_p65_seed188.png,real,0.4373,0.141
sd15_fp4,NPR,/media/SSD_4TB/crispy_storage/fake-images/sd15_fp4_p65_seed188.png,real,1.1249281669734046e-05,0.09146642684936523
sdxl_fp4,CLIP-D,/media/SSD_4TB/crispy_storage/fake-images/sdxl_fp4_p63_seed186.png,fake,0.6892766952514648,0.06283354759216309
sdxl_fp4,R50_TF,/media/SSD_4TB/crispy_storage/fake-images/sdxl_fp4_p63_seed186.png,real,0.4396,0.18
sdxl_fp4,NPR,/media/SSD_4TB/crispy_storage/fake-images/sdxl_fp4_p63_seed186.png,real,0.0006441507721319795,0.09087491035461426
pg25_fp16,CLIP-D,/media/SSD_4TB/crispy_storage/fake-images/pg25_fp16_p28_seed151.png,fake,0.9995582699775696,0.060128211975097656
pg25_fp16,R50_TF,/media/SSD_4TB/crispy_storage/fake-images/pg25_fp16_p28_seed151.png,fake,0.7925,0.176
pg25_fp16,NPR,/media/SSD_4TB/crispy_storage/fake-images/pg25_fp16_p28_seed151.png,fake,0.9999873638153076,0.09075140953063965
sd35_fp16,CLIP-D,/media/SSD_4TB/crispy_storage/fake-images/sd35_fp16_p27_seed150.png,fake,0.9661893844604492,0.06269145011901855
sd35_fp16,R50_TF,/media/SSD_4TB/crispy_storage/fake-images/sd35_fp16_p27_seed150.png,fake,0.5455,0.181
sd35_fp16,NPR,/media/SSD_4TB/crispy_storage/fake-images/sd35_fp16_p27_seed150.png,fake,0.9999253749847412,0.09062552452087402
sdxl_fp16,CLIP-D,/media/SSD_4TB/crispy_storage/fake-images/sdxl_fp16_p68_seed191.png,fake,0.9580639600753784,0.06328773498535156
sdxl_fp16,R50_TF,/media/SSD_4TB/crispy_storage/fake-images/sdxl_fp16_p68_seed191.png,fake,0.5849,0.181
sdxl_fp16,NPR,/media/SSD_4TB/crispy_storage/fake-images/sdxl_fp16_p68_seed191.png,fake,0.9178181290626526,0.0917506217956543
sd15_fp16,CLIP-D,/media/SSD_4TB/crispy_storage/fake-images/sd15_fp16_p83_seed206.png,fake,0.980190098285675,0.06147027015686035
sd15_fp16,R50_TF,/media/SSD_4TB/crispy_storage/fake-images/sd15_fp16_p83_seed206.png,fake,0.5687,0.148
sd15_fp16,NPR,/media/SSD_4TB/crispy_storage/fake-images/sd15_fp16_p83_seed206.png,real,0.00032718072179704905,0.09204697608947754
sd35_fp16,CLIP-D,/media/SSD_4TB/crispy_storage/fake-images/sd35_fp16_p89_seed212.png,fake,0.9912663102149963,0.0628654956817627
sd35_fp16,R50_TF,/media/SSD_4TB/crispy_storage/fake-images/sd35_fp16_p89_seed212.png,fake,0.5471,0.182
sd35_fp16,NPR,/media/SSD_4TB/crispy_storage/fake-images/sd35_fp16_p89_seed212.png,real,0.4875708520412445,0.08831143379211426
sd15_fp4,CLIP-D,/media/SSD_4TB/crispy_storage/fake-images/sd15_fp4_p57_seed180.png,fake,0.9709281921386719,0.06295514106750488
sd15_fp4,R50_TF,/media/SSD_4TB/crispy_storage/fake-images/sd15_fp4_p57_seed180.png,fake,0.6789,0.143
sd15_fp4,NPR,/media/SSD_4TB/crispy_storage/fake-images/sd15_fp4_p57_seed180.png,real,0.30610427260398865,0.09333300590515137
sd3_fp8,CLIP-D,/media/SSD_4TB/crispy_storage/fake-images/sd3_fp8_p20_seed143.png,fake,0.9927045702934265,0.06487131118774414
sd3_fp8,R50_TF,/media/SSD_4TB/crispy_storage/fake-images/sd3_fp8_p20_seed143.png,fake,0.5614,0.177
sd3_fp8,NPR,/media/SSD_4TB/crispy_storage/fake-images/sd3_fp8_p20_seed143.png,fake,0.9998016953468323,0.09098291397094727
sd35_fp8,CLIP-D,/media/SSD_4TB/crispy_storage/fake-images/sd35_fp8_p35_seed158.png,fake,0.952994167804718,0.06282997131347656
sd35_fp8,R50_TF,/media/SSD_4TB/crispy_storage/fake-images/sd35_fp8_p35_seed158.png,fake,0.5681,0.176
sd35_fp8,NPR,/media/SSD_4TB/crispy_storage/fake-images/sd35_fp8_p35_seed158.png,fake,0.9979504942893982,0.09249711036682129
sd3_fp4,CLIP-D,/media/SSD_4TB/crispy_storage/fake-images/sd3_fp4_p53_seed176.png,fake,0.9644113183021545,0.0625314712524414
sd3_fp4,R50_TF,/media/SSD_4TB/crispy_storage/fake-images/sd3_fp4_p53_seed176.png,real,0.4254,0.18
sd3_fp4,NPR,/media/SSD_4TB/crispy_storage/fake-images/sd3_fp4_p53_seed176.png,real,0.007140226196497679,0.0921773910522461
pg25_fp16,CLIP-D,/media/SSD_4TB/crispy_storage/fake-images/pg25_fp16_p34_seed157.png,fake,0.9992203712463379,0.06128859519958496
pg25_fp16,R50_TF,/media/SSD_4TB/crispy_storage/fake-images/pg25_fp16_p34_seed157.png,fake,0.7085,0.181
pg25_fp16,NPR,/media/SSD_4TB/crispy_storage/fake-images/pg25_fp16_p34_seed157.png,fake,0.9919324517250061,0.08811044692993164
sd3_fp8,CLIP-D,/media/SSD_4TB/crispy_storage/fake-images/sd3_fp8_p0_seed123.png,fake,0.9380322098731995,0.061107635498046875
sd3_fp8,R50_TF,/media/SSD_4TB/crispy_storage/fake-images/sd3_fp8_p0_seed123.png,real,0.4467,0.179
sd3_fp8,NPR,/media/SSD_4TB/crispy_storage/fake-images/sd3_fp8_p0_seed123.png,fake,0.962069571018219,0.09245014190673828
sd3_fp4,CLIP-D,/media/SSD_4TB/crispy_storage/fake-images/sd3_fp4_p4_seed127.png,fake,0.886916995048523,0.06389832496643066
sd3_fp4,R50_TF,/media/SSD_4TB/crispy_storage/fake-images/sd3_fp4_p4_seed127.png,fake,0.5638,0.178
sd3_fp4,NPR,/media/SSD_4TB/crispy_storage/fake-images/sd3_fp4_p4_seed127.png,real,0.11389085650444031,0.09142041206359863
sd35_fp16,CLIP-D,/media/SSD_4TB/crispy_storage/fake-images/sd35_fp16_p26_seed149.png,fake,0.947945773601532,0.06153416633605957
sd35_fp16,R50_TF,/media/SSD_4TB/crispy_storage/fake-images/sd35_fp16_p26_seed149.png,fake,0.6538,0.184
sd35_fp16,NPR,/media/SSD_4TB/crispy_storage/fake-images/sd35_fp16_p26_seed149.png,real,0.18679066002368927,0.09292483329772949
pg25_fp16,CLIP-D,/media/SSD_4TB/crispy_storage/fake-images/pg25_fp16_p61_seed184.png,fake,0.997340738773346,0.06080913543701172
pg25_fp16,R50_TF,/media/SSD_4TB/crispy_storage/fake-images/pg25_fp16_p61_seed184.png,fake,0.6754,0.178
pg25_fp16,NPR,/media/SSD_4TB/crispy_storage/fake-images/pg25_fp16_p61_seed184.png,fake,0.99998939037323,0.0926218032836914
sd15_fp16,CLIP-D,/media/SSD_4TB/crispy_storage/fake-images/sd15_fp16_p26_seed149.png,fake,0.9896221160888672,0.060785531997680664
sd15_fp16,R50_TF,/media/SSD_4TB/crispy_storage/fake-images/sd15_fp16_p26_seed149.png,fake,0.6254,0.141
sd15_fp16,NPR,/media/SSD_4TB/crispy_storage/fake-images/sd15_fp16_p26_seed149.png,real,0.028468245640397072,0.09239554405212402
z-image_fp16,CLIP-D,/media/SSD_4TB/crispy_storage/fake-images/z-image_fp16_p19_seed142.png,fake,0.9022271037101746,0.06272268295288086
z-image_fp16,R50_TF,/media/SSD_4TB/crispy_storage/fake-images/z-image_fp16_p19_seed142.png,fake,0.5643,0.18
z-image_fp16,NPR,/media/SSD_4TB/crispy_storage/fake-images/z-image_fp16_p19_seed142.png,fake,0.942747175693512,0.09325313568115234
sd3_fp4,CLIP-D,/media/SSD_4TB/crispy_storage/fake-images/sd3_fp4_p39_seed162.png,fake,0.9944751858711243,0.06303668022155762
sd3_fp4,R50_TF,/media/SSD_4TB/crispy_storage/fake-images/sd3_fp4_p39_seed162.png,real,0.4243,0.182
sd3_fp4,NPR,/media/SSD_4TB/crispy_storage/fake-images/sd3_fp4_p39_seed162.png,real,0.014995114877820015,0.09108757972717285
sdxl_fp16,CLIP-D,/media/SSD_4TB/crispy_storage/fake-images/sdxl_fp16_p51_seed174.png,fake,0.9983054399490356,0.06302523612976074
sdxl_fp16,R50_TF,/media/SSD_4TB/crispy_storage/fake-images/sdxl_fp16_p51_seed174.png,fake,0.6519,0.173
sdxl_fp16,NPR,/media/SSD_4TB/crispy_storage/fake-images/sdxl_fp16_p51_seed174.png,fake,0.9864451289176941,0.09084105491638184
pg25_fp4,CLIP-D,/media/SSD_4TB/crispy_storage/fake-images/pg25_fp4_p27_seed150.png,fake,0.9672547578811646,0.0634613037109375
pg25_fp4,R50_TF,/media/SSD_4TB/crispy_storage/fake-images/pg25_fp4_p27_seed150.png,fake,0.6232,0.182
pg25_fp4,NPR,/media/SSD_4TB/crispy_storage/fake-images/pg25_fp4_p27_seed150.png,fake,1.0,0.09216070175170898
sd3_fp4,CLIP-D,/media/SSD_4TB/crispy_storage/fake-images/sd3_fp4_p13_seed136.png,fake,0.9490627646446228,0.061255693435668945
sd3_fp4,R50_TF,/media/SSD_4TB/crispy_storage/fake-images/sd3_fp4_p13_seed136.png,real,0.4547,0.177
sd3_fp4,NPR,/media/SSD_4TB/crispy_storage/fake-images/sd3_fp4_p13_seed136.png,real,0.0009315041825175285,0.09185528755187988
sd3_fp4,CLIP-D,/media/SSD_4TB/crispy_storage/fake-images/sd3_fp4_p5_seed128.png,fake,0.9994551539421082,0.06238389015197754
sd3_fp4,R50_TF,/media/SSD_4TB/crispy_storage/fake-images/sd3_fp4_p5_seed128.png,fake,0.5492,0.178
sd3_fp4,NPR,/media/SSD_4TB/crispy_storage/fake-images/sd3_fp4_p5_seed128.png,real,0.06243896484375,0.08789300918579102
z-image_fp16,CLIP-D,/media/SSD_4TB/crispy_storage/fake-images/z-image_fp16_p23_seed146.png,real,0.004838881548494101,0.06347846984863281
z-image_fp16,R50_TF,/media/SSD_4TB/crispy_storage/fake-images/z-image_fp16_p23_seed146.png,real,0.4265,0.18
z-image_fp16,NPR,/media/SSD_4TB/crispy_storage/fake-images/z-image_fp16_p23_seed146.png,real,2.0106881493120454e-05,0.08696866035461426
sd15_fp8,CLIP-D,/media/SSD_4TB/crispy_storage/fake-images/sd15_fp8_p32_seed155.png,real,0.42266255617141724,0.06291627883911133
sd15_fp8,R50_TF,/media/SSD_4TB/crispy_storage/fake-images/sd15_fp8_p32_seed155.png,real,0.4406,0.145
sd15_fp8,NPR,/media/SSD_4TB/crispy_storage/fake-images/sd15_fp8_p32_seed155.png,real,0.014542575925588608,0.09148097038269043
sd3_fp16,CLIP-D,/media/SSD_4TB/crispy_storage/fake-images/sd3_fp16_p29_seed152.png,fake,0.9909580945968628,0.06114602088928223
sd3_fp16,R50_TF,/media/SSD_4TB/crispy_storage/fake-images/sd3_fp16_p29_seed152.png,fake,0.6186,0.177
sd3_fp16,NPR,/media/SSD_4TB/crispy_storage/fake-images/sd3_fp16_p29_seed152.png,real,0.0015566599322482944,0.09147143363952637
sd15_fp8,CLIP-D,/media/SSD_4TB/crispy_storage/fake-images/sd15_fp8_p72_seed195.png,fake,0.9761290550231934,0.06270790100097656
sd15_fp8,R50_TF,/media/SSD_4TB/crispy_storage/fake-images/sd15_fp8_p72_seed195.png,fake,0.5836,0.144
sd15_fp8,NPR,/media/SSD_4TB/crispy_storage/fake-images/sd15_fp8_p72_seed195.png,real,0.10173273831605911,0.09310483932495117
pg25_fp16,CLIP-D,/media/SSD_4TB/crispy_storage/fake-images/pg25_fp16_p78_seed201.png,fake,0.9934727549552917,0.06357526779174805
pg25_fp16,R50_TF,/media/SSD_4TB/crispy_storage/fake-images/pg25_fp16_p78_seed201.png,fake,0.5501,0.179
pg25_fp16,NPR,/media/SSD_4TB/crispy_storage/fake-images/pg25_fp16_p78_seed201.png,fake,0.8247614502906799,0.09354734420776367
sd3_fp8,CLIP-D,/media/SSD_4TB/crispy_storage/fake-images/sd3_fp8_p94_seed217.png,fake,0.9514421820640564,0.06300854682922363
sd3_fp8,R50_TF,/media/SSD_4TB/crispy_storage/fake-images/sd3_fp8_p94_seed217.png,fake,0.5428,0.181
sd3_fp8,NPR,/media/SSD_4TB/crispy_storage/fake-images/sd3_fp8_p94_seed217.png,real,0.4216897189617157,0.0909428596496582
sd15_fp16,CLIP-D,/media/SSD_4TB/crispy_storage/fake-images/sd15_fp16_p69_seed192.png,fake,0.9970755577087402,0.06279492378234863
sd15_fp16,R50_TF,/media/SSD_4TB/crispy_storage/fake-images/sd15_fp16_p69_seed192.png,fake,0.5591,0.143
sd15_fp16,NPR,/media/SSD_4TB/crispy_storage/fake-images/sd15_fp16_p69_seed192.png,fake,0.823527455329895,0.09312725067138672
sd3_fp16,CLIP-D,/media/SSD_4TB/crispy_storage/fake-images/sd3_fp16_p17_seed140.png,fake,0.9789527654647827,0.061434268951416016
sd3_fp16,R50_TF,/media/SSD_4TB/crispy_storage/fake-images/sd3_fp16_p17_seed140.png,real,0.4601,0.18
sd3_fp16,NPR,/media/SSD_4TB/crispy_storage/fake-images/sd3_fp16_p17_seed140.png,fake,0.9975716471672058,0.09289813041687012
pg25_fp16,CLIP-D,/media/SSD_4TB/crispy_storage/fake-images/pg25_fp16_p99_seed222.png,fake,0.9971984624862671,0.06111311912536621
pg25_fp16,R50_TF,/media/SSD_4TB/crispy_storage/fake-images/pg25_fp16_p99_seed222.png,fake,0.5772,0.176
pg25_fp16,NPR,/media/SSD_4TB/crispy_storage/fake-images/pg25_fp16_p99_seed222.png,fake,1.0,0.09208130836486816
sd15_fp8,CLIP-D,/media/SSD_4TB/crispy_storage/fake-images/sd15_fp8_p25_seed148.png,fake,0.9797167181968689,0.06146049499511719
sd15_fp8,R50_TF,/media/SSD_4TB/crispy_storage/fake-images/sd15_fp8_p25_seed148.png,fake,0.5671,0.146
sd15_fp8,NPR,/media/SSD_4TB/crispy_storage/fake-images/sd15_fp8_p25_seed148.png,real,0.005030432716012001,0.0915839672088623
pg25_fp4,CLIP-D,/media/SSD_4TB/crispy_storage/fake-images/pg25_fp4_p3_seed126.png,fake,0.8256644010543823,0.06316518783569336
pg25_fp4,R50_TF,/media/SSD_4TB/crispy_storage/fake-images/pg25_fp4_p3_seed126.png,fake,0.5357,0.179
pg25_fp4,NPR,/media/SSD_4TB/crispy_storage/fake-images/pg25_fp4_p3_seed126.png,real,0.020154504105448723,0.09083676338195801
sd3_fp16,CLIP-D,/media/SSD_4TB/crispy_storage/fake-images/sd3_fp16_p52_seed175.png,fake,0.9730972051620483,0.06296229362487793
sd3_fp16,R50_TF,/media/SSD_4TB/crispy_storage/fake-images/sd3_fp16_p52_seed175.png,fake,0.5616,0.179
sd3_fp16,NPR,/media/SSD_4TB/crispy_storage/fake-images/sd3_fp16_p52_seed175.png,fake,0.6587730646133423,0.09206414222717285
sd15_fp4,CLIP-D,/media/SSD_4TB/crispy_storage/fake-images/sd15_fp4_p84_seed207.png,fake,0.9933376312255859,0.06329011917114258
sd15_fp4,R50_TF,/media/SSD_4TB/crispy_storage/fake-images/sd15_fp4_p84_seed207.png,fake,0.6075,0.14
sd15_fp4,NPR,/media/SSD_4TB/crispy_storage/fake-images/sd15_fp4_p84_seed207.png,fake,0.9326327443122864,0.09141349792480469
sdxl_fp8,CLIP-D,/media/SSD_4TB/crispy_storage/fake-images/sdxl_fp8_p98_seed221.png,fake,0.8717086315155029,0.060288429260253906
sdxl_fp8,R50_TF,/media/SSD_4TB/crispy_storage/fake-images/sdxl_fp8_p98_seed221.png,real,0.415,0.178
sdxl_fp8,NPR,/media/SSD_4TB/crispy_storage/fake-images/sdxl_fp8_p98_seed221.png,fake,1.0,0.09229660034179688
pg25_fp16,CLIP-D,/media/SSD_4TB/crispy_storage/fake-images/pg25_fp16_p29_seed152.png,fake,0.9962303042411804,0.06213974952697754
pg25_fp16,R50_TF,/media/SSD_4TB/crispy_storage/fake-images/pg25_fp16_p29_seed152.png,fake,0.7095,0.175
pg25_fp16,NPR,/media/SSD_4TB/crispy_storage/fake-images/pg25_fp16_p29_seed152.png,fake,0.9999853372573853,0.0926504135131836
sd3_fp4,CLIP-D,/media/SSD_4TB/crispy_storage/fake-images/sd3_fp4_p97_seed220.png,fake,0.9946786165237427,0.20897150039672852
sd3_fp4,R50_TF,/media/SSD_4TB/crispy_storage/fake-images/sd3_fp4_p97_seed220.png,fake,0.5735,0.211
sd3_fp4,NPR,/media/SSD_4TB/crispy_storage/fake-images/sd3_fp4_p97_seed220.png,real,0.016776010394096375,0.09054160118103027
sd3_fp16,CLIP-D,/media/SSD_4TB/crispy_storage/fake-images/sd3_fp16_p11_seed134.png,fake,0.9677427411079407,0.06231999397277832
sd3_fp16,R50_TF,/media/SSD_4TB/crispy_storage/fake-images/sd3_fp16_p11_seed134.png,fake,0.5332,0.174
sd3_fp16,NPR,/media/SSD_4TB/crispy_storage/fake-images/sd3_fp16_p11_seed134.png,fake,0.9987412095069885,0.0869898796081543
sd3_fp4,CLIP-D,/media/SSD_4TB/crispy_storage/fake-images/sd3_fp4_p89_seed212.png,fake,0.9787845015525818,0.06581687927246094
sd3_fp4,R50_TF,/media/SSD_4TB/crispy_storage/fake-images/sd3_fp4_p89_seed212.png,fake,0.5399,0.176
sd3_fp4,NPR,/media/SSD_4TB/crispy_storage/fake-images/sd3_fp4_p89_seed212.png,fake,0.7307906746864319,0.08670902252197266
sd35_fp16,CLIP-D,/media/SSD_4TB/crispy_storage/fake-images/sd35_fp16_p20_seed143.png,fake,0.9932088255882263,0.06065487861633301
sd35_fp16,R50_TF,/media/SSD_4TB/crispy_storage/fake-images/sd35_fp16_p20_seed143.png,fake,0.5816,0.172
sd35_fp16,NPR,/media/SSD_4TB/crispy_storage/fake-images/sd35_fp16_p20_seed143.png,fake,0.8802506923675537,0.08765387535095215
sd35_fp16,CLIP-D,/media/SSD_4TB/crispy_storage/fake-images/sd35_fp16_p44_seed167.png,fake,0.9654462337493896,0.060907602310180664
sd35_fp16,R50_TF,/media/SSD_4TB/crispy_storage/fake-images/sd35_fp16_p44_seed167.png,real,0.4457,0.177
sd35_fp16,NPR,/media/SSD_4TB/crispy_storage/fake-images/sd35_fp16_p44_seed167.png,fake,0.5379731059074402,0.09081459045410156
sd35_fp4,CLIP-D,/media/SSD_4TB/crispy_storage/fake-images/sd35_fp4_p92_seed215.png,fake,0.912651777267456,0.061148881912231445
sd35_fp4,R50_TF,/media/SSD_4TB/crispy_storage/fake-images/sd35_fp4_p92_seed215.png,fake,0.5866,0.171
sd35_fp4,NPR,/media/SSD_4TB/crispy_storage/fake-images/sd35_fp4_p92_seed215.png,fake,0.8413571119308472,0.08874249458312988
sd35_fp4,CLIP-D,/media/SSD_4TB/crispy_storage/fake-images/sd35_fp4_p65_seed188.png,fake,0.6736159920692444,0.0608363151550293
sd35_fp4,R50_TF,/media/SSD_4TB/crispy_storage/fake-images/sd35_fp4_p65_seed188.png,real,0.4155,0.175
sd35_fp4,NPR,/media/SSD_4TB/crispy_storage/fake-images/sd35_fp4_p65_seed188.png,real,1.4319847529975505e-09,0.08681750297546387
pg25_fp4,CLIP-D,/media/SSD_4TB/crispy_storage/fake-images/pg25_fp4_p28_seed151.png,fake,0.9995049238204956,0.06450963020324707
pg25_fp4,R50_TF,/media/SSD_4TB/crispy_storage/fake-images/pg25_fp4_p28_seed151.png,fake,0.7766,0.171
pg25_fp4,NPR,/media/SSD_4TB/crispy_storage/fake-images/pg25_fp4_p28_seed151.png,fake,0.9999982118606567,0.08758306503295898
sdxl_fp8,CLIP-D,/media/SSD_4TB/crispy_storage/fake-images/sdxl_fp8_p62_seed185.png,fake,0.9985285997390747,0.06245851516723633
sdxl_fp8,R50_TF,/media/SSD_4TB/crispy_storage/fake-images/sdxl_fp8_p62_seed185.png,fake,0.5909,0.171
sdxl_fp8,NPR,/media/SSD_4TB/crispy_storage/fake-images/sdxl_fp8_p62_seed185.png,fake,1.0,0.08873295783996582
sd3_fp8,CLIP-D,/media/SSD_4TB/crispy_storage/fake-images/sd3_fp8_p26_seed149.png,fake,0.9890072345733643,0.06194448471069336
sd3_fp8,R50_TF,/media/SSD_4TB/crispy_storage/fake-images/sd3_fp8_p26_seed149.png,fake,0.5932,0.176
sd3_fp8,NPR,/media/SSD_4TB/crispy_storage/fake-images/sd3_fp8_p26_seed149.png,fake,0.9342907667160034,0.08753299713134766
sd35_fp8,CLIP-D,/media/SSD_4TB/crispy_storage/fake-images/sd35_fp8_p48_seed171.png,fake,0.9676464200019836,0.061763763427734375
sd35_fp8,R50_TF,/media/SSD_4TB/crispy_storage/fake-images/sd35_fp8_p48_seed171.png,fake,0.5868,0.174
sd35_fp8,NPR,/media/SSD_4TB/crispy_storage/fake-images/sd35_fp8_p48_seed171.png,fake,0.999976634979248,0.08846449851989746
sdxl_fp8,CLIP-D,/media/SSD_4TB/crispy_storage/fake-images/sdxl_fp8_p12_seed135.png,fake,0.999363124370575,0.06232309341430664
sdxl_fp8,R50_TF,/media/SSD_4TB/crispy_storage/fake-images/sdxl_fp8_p12_seed135.png,real,0.3802,0.17
sdxl_fp8,NPR,/media/SSD_4TB/crispy_storage/fake-images/sdxl_fp8_p12_seed135.png,fake,0.999994158744812,0.08895087242126465
sd15_fp8,CLIP-D,/media/SSD_4TB/crispy_storage/fake-images/sd15_fp8_p74_seed197.png,fake,0.9842945337295532,0.06366729736328125
sd15_fp8,R50_TF,/media/SSD_4TB/crispy_storage/fake-images/sd15_fp8_p74_seed197.png,fake,0.5432,0.148
sd15_fp8,NPR,/media/SSD_4TB/crispy_storage/fake-images/sd15_fp8_p74_seed197.png,fake,0.9875989556312561,0.08906197547912598
sdxl_fp8,CLIP-D,/media/SSD_4TB/crispy_storage/fake-images/sdxl_fp8_p95_seed218.png,fake,0.9969024062156677,0.06209230422973633
sdxl_fp8,R50_TF,/media/SSD_4TB/crispy_storage/fake-images/sdxl_fp8_p95_seed218.png,fake,0.5951,0.172
sdxl_fp8,NPR,/media/SSD_4TB/crispy_storage/fake-images/sdxl_fp8_p95_seed218.png,real,0.005346701014786959,0.0889899730682373
sdxl_fp8,CLIP-D,/media/SSD_4TB/crispy_storage/fake-images/sdxl_fp8_p9_seed132.png,fake,0.9937830567359924,0.06270146369934082
sdxl_fp8,R50_TF,/media/SSD_4TB/crispy_storage/fake-images/sdxl_fp8_p9_seed132.png,fake,0.6265,0.171
sdxl_fp8,NPR,/media/SSD_4TB/crispy_storage/fake-images/sdxl_fp8_p9_seed132.png,fake,0.9996426105499268,0.08807659149169922
sd15_fp16,CLIP-D,/media/SSD_4TB/crispy_storage/fake-images/sd15_fp16_p89_seed212.png,fake,0.991378903388977,0.06121230125427246
sd15_fp16,NPR,/media/SSD_4TB/crispy_storage/fake-images/sd15_fp16_p89_seed212.png,fake,0.7604864239692688,0.0889127254486084
z-image_fp8,CLIP-D,/media/SSD_4TB/crispy_storage/fake-images/z-image_fp8_p7_seed130.png,real,0.10677580535411835,0.061758995056152344
z-image_fp8,R50_TF,/media/SSD_4TB/crispy_storage/fake-images/z-image_fp8_p7_seed130.png,real,0.4046,0.177
z-image_fp8,NPR,/media/SSD_4TB/crispy_storage/fake-images/z-image_fp8_p7_seed130.png,real,0.004049952141940594,0.08887362480163574
