batch_label,detector,detector_mode,image_path,prediction,confidence,elapsed_time
00547,CLIP-D,default,/media/CrispyMcMarkInc/Real_cropped_1024/00547.jpg,real,0.009152174927294254,0.07017350196838379
00458,CLIP-D,default,/media/CrispyMcMarkInc/Real_cropped_1024/00458.jpg,real,0.01021582167595625,0.06903982162475586
00153,CLIP-D,default,/media/CrispyMcMarkInc/Real_cropped_1024/00153.jpg,real,0.0014283198397606611,0.0694584846496582
00643,CLIP-D,default,/media/CrispyMcMarkInc/Real_cropped_1024/00643.jpg,real,0.0006358944810926914,0.06682419776916504
00099,CLIP-D,default,/media/CrispyMcMarkInc/Real_cropped_1024/00099.jpg,real,0.00021215298329479992,0.06707453727722168
00122,CLIP-D,default,/media/CrispyMcMarkInc/Real_cropped_1024/00122.jpg,real,0.002413373440504074,0.06778717041015625
00946,CLIP-D,default,/media/CrispyMcMarkInc/Real_cropped_1024/00946.jpg,real,0.0008767331601120532,0.0675649642944336
00231,CLIP-D,default,/media/CrispyMcMarkInc/Real_cropped_1024/00231.jpg,real,0.0009044554317370057,0.06989026069641113
00286,CLIP-D,default,/media/CrispyMcMarkInc/Real_cropped_1024/00286.jpg,real,0.0003243910032324493,0.07184791564941406
00812,CLIP-D,default,/media/CrispyMcMarkInc/Real_cropped_1024/00812.jpg,real,0.007106602191925049,0.06743216514587402
00511,CLIP-D,default,/media/CrispyMcMarkInc/Real_cropped_1024/00511.jpg,real,0.0008623242028988898,0.06747293472290039
00213,CLIP-D,default,/media/CrispyMcMarkInc/Real_cropped_1024/00213.jpg,real,0.0002828227588906884,0.07426309585571289
00594,CLIP-D,default,/media/CrispyMcMarkInc/Real_cropped_1024/00594.jpg,real,0.00012880013673566282,0.07288885116577148
00896,CLIP-D,default,/media/CrispyMcMarkInc/Real_cropped_1024/00896.jpg,real,0.0004816837317775935,0.07295012474060059
00026,CLIP-D,default,/media/CrispyMcMarkInc/Real_cropped_1024/00026.jpg,real,0.0009376195957884192,0.07379698753356934
00223,CLIP-D,default,/media/CrispyMcMarkInc/Real_cropped_1024/00223.jpg,real,0.05445875599980354,0.07442045211791992
00607,CLIP-D,default,/media/CrispyMcMarkInc/Real_cropped_1024/00607.jpg,real,0.001385411131195724,0.0745086669921875
00412,CLIP-D,default,/media/CrispyMcMarkInc/Real_cropped_1024/00412.jpg,real,0.0003462210879661143,0.07246518135070801
00993,CLIP-D,default,/media/CrispyMcMarkInc/Real_cropped_1024/00993.jpg,real,0.047225356101989746,0.07973074913024902
00776,CLIP-D,default,/media/CrispyMcMarkInc/Real_cropped_1024/00776.jpg,real,0.0011287883389741182,0.07981085777282715
00994,CLIP-D,default,/media/CrispyMcMarkInc/Real_cropped_1024/00994.jpg,real,0.006555777974426746,0.07811164855957031
00111,CLIP-D,default,/media/CrispyMcMarkInc/Real_cropped_1024/00111.jpg,real,0.005952673964202404,0.08084273338317871
00487,CLIP-D,default,/media/CrispyMcMarkInc/Real_cropped_1024/00487.jpg,real,0.00031182344537228346,0.08047771453857422
00571,CLIP-D,default,/media/CrispyMcMarkInc/Real_cropped_1024/00571.jpg,real,0.0004288326308596879,0.08115029335021973
00395,CLIP-D,default,/media/CrispyMcMarkInc/Real_cropped_1024/00395.jpg,real,0.000556479615624994,0.07916593551635742
00525,CLIP-D,default,/media/CrispyMcMarkInc/Real_cropped_1024/00525.jpg,real,0.0004451708809938282,0.08603787422180176
00823,CLIP-D,default,/media/CrispyMcMarkInc/Real_cropped_1024/00823.jpg,real,0.0014997171238064766,0.07937455177307129
00427,CLIP-D,default,/media/CrispyMcMarkInc/Real_cropped_1024/00427.jpg,real,0.016815222799777985,0.0804445743560791
00827,CLIP-D,default,/media/CrispyMcMarkInc/Real_cropped_1024/00827.jpg,real,0.026334943249821663,0.07734990119934082
00029,CLIP-D,default,/media/CrispyMcMarkInc/Real_cropped_1024/00029.jpg,real,0.00067583640338853,0.08342933654785156
00833,CLIP-D,default,/media/CrispyMcMarkInc/Real_cropped_1024/00833.jpg,real,0.02245165780186653,0.07926487922668457
00843,CLIP-D,default,/media/CrispyMcMarkInc/Real_cropped_1024/00843.jpg,real,0.008079173043370247,0.07851171493530273
00403,CLIP-D,default,/media/CrispyMcMarkInc/Real_cropped_1024/00403.jpg,real,0.053281694650650024,0.08179283142089844
00321,CLIP-D,default,/media/CrispyMcMarkInc/Real_cropped_1024/00321.jpg,real,0.05843047425150871,0.07890200614929199
00040,CLIP-D,default,/media/CrispyMcMarkInc/Real_cropped_1024/00040.jpg,real,0.0018236752366647124,0.08189034461975098
00822,CLIP-D,default,/media/CrispyMcMarkInc/Real_cropped_1024/00822.jpg,real,0.00187760591506958,0.08040452003479004
00779,CLIP-D,default,/media/CrispyMcMarkInc/Real_cropped_1024/00779.jpg,real,0.01218875776976347,0.0811319351196289
00113,CLIP-D,default,/media/CrispyMcMarkInc/Real_cropped_1024/00113.jpg,real,0.00040439399890601635,0.07868003845214844
00630,CLIP-D,default,/media/CrispyMcMarkInc/Real_cropped_1024/00630.jpg,real,0.0011596080148592591,0.08219099044799805
00805,CLIP-D,default,/media/CrispyMcMarkInc/Real_cropped_1024/00805.jpg,real,0.11646478623151779,0.0791778564453125
00459,CLIP-D,default,/media/CrispyMcMarkInc/Real_cropped_1024/00459.jpg,real,0.0004221650306135416,0.08115816116333008
00095,CLIP-D,default,/media/CrispyMcMarkInc/Real_cropped_1024/00095.jpg,real,0.0021163024939596653,0.07850313186645508
00094,CLIP-D,default,/media/CrispyMcMarkInc/Real_cropped_1024/00094.jpg,real,0.1393359750509262,0.08030438423156738
00452,CLIP-D,default,/media/CrispyMcMarkInc/Real_cropped_1024/00452.jpg,real,0.0010177093790844083,0.08084225654602051
00510,CLIP-D,default,/media/CrispyMcMarkInc/Real_cropped_1024/00510.jpg,real,0.0011988990008831024,0.07539868354797363
00791,CLIP-D,default,/media/CrispyMcMarkInc/Real_cropped_1024/00791.jpg,real,0.0011264827335253358,0.08079314231872559
00410,CLIP-D,default,/media/CrispyMcMarkInc/Real_cropped_1024/00410.jpg,real,0.004116353578865528,0.07857823371887207
00851,CLIP-D,default,/media/CrispyMcMarkInc/Real_cropped_1024/00851.jpg,real,0.023385530337691307,0.07865118980407715
00365,CLIP-D,default,/media/CrispyMcMarkInc/Real_cropped_1024/00365.jpg,real,0.07072655856609344,0.07889151573181152
00689,CLIP-D,default,/media/CrispyMcMarkInc/Real_cropped_1024/00689.jpg,real,0.005067750811576843,0.08184385299682617
00890,CLIP-D,default,/media/CrispyMcMarkInc/Real_cropped_1024/00890.jpg,real,0.001136581413447857,0.07885241508483887
00077,CLIP-D,default,/media/CrispyMcMarkInc/Real_cropped_1024/00077.jpg,real,0.0015476812841370702,0.08176350593566895
00187,CLIP-D,default,/media/CrispyMcMarkInc/Real_cropped_1024/00187.jpg,real,0.01590670458972454,0.07905030250549316
00475,CLIP-D,default,/media/CrispyMcMarkInc/Real_cropped_1024/00475.jpg,real,0.0001918523048516363,0.08431816101074219
00999,CLIP-D,default,/media/CrispyMcMarkInc/Real_cropped_1024/00999.jpg,real,0.0014822699595242739,0.08128762245178223
00173,CLIP-D,default,/media/CrispyMcMarkInc/Real_cropped_1024/00173.jpg,real,0.001345252268947661,0.08105659484863281
00919,CLIP-D,default,/media/CrispyMcMarkInc/Real_cropped_1024/00919.jpg,real,0.002952642273157835,0.08184647560119629
00433,CLIP-D,default,/media/CrispyMcMarkInc/Real_cropped_1024/00433.jpg,real,0.002447773702442646,0.07909965515136719
00147,CLIP-D,default,/media/CrispyMcMarkInc/Real_cropped_1024/00147.jpg,real,0.019205566495656967,0.07985901832580566
00230,CLIP-D,default,/media/CrispyMcMarkInc/Real_cropped_1024/00230.jpg,real,0.0005299096810631454,0.07848262786865234
00382,CLIP-D,default,/media/CrispyMcMarkInc/Real_cropped_1024/00382.jpg,real,0.001607922837138176,0.07959628105163574
00962,CLIP-D,default,/media/CrispyMcMarkInc/Real_cropped_1024/00962.jpg,fake,0.9899753928184509,0.07837724685668945
00780,CLIP-D,default,/media/CrispyMcMarkInc/Real_cropped_1024/00780.jpg,real,0.002028234302997589,0.08075237274169922
00782,CLIP-D,default,/media/CrispyMcMarkInc/Real_cropped_1024/00782.jpg,real,0.30263859033584595,0.07916021347045898
00076,CLIP-D,default,/media/CrispyMcMarkInc/Real_cropped_1024/00076.jpg,real,0.007894904352724552,0.07937860488891602
00656,CLIP-D,default,/media/CrispyMcMarkInc/Real_cropped_1024/00656.jpg,real,0.0005608302890323102,0.0795586109161377
00804,CLIP-D,default,/media/CrispyMcMarkInc/Real_cropped_1024/00804.jpg,real,0.0011233146069571376,0.08050084114074707
00659,CLIP-D,default,/media/CrispyMcMarkInc/Real_cropped_1024/00659.jpg,real,0.0008623747853562236,0.07887673377990723
00538,CLIP-D,default,/media/CrispyMcMarkInc/Real_cropped_1024/00538.jpg,real,0.020454511046409607,0.0747370719909668
00037,CLIP-D,default,/media/CrispyMcMarkInc/Real_cropped_1024/00037.jpg,real,0.0037137132603675127,0.08082890510559082
00563,CLIP-D,default,/media/CrispyMcMarkInc/Real_cropped_1024/00563.jpg,real,0.0029794289730489254,0.0782918930053711
00758,CLIP-D,default,/media/CrispyMcMarkInc/Real_cropped_1024/00758.jpg,real,0.2365136593580246,0.07954263687133789
00584,CLIP-D,default,/media/CrispyMcMarkInc/Real_cropped_1024/00584.jpg,real,0.0007860759506002069,0.0802915096282959
00509,CLIP-D,default,/media/CrispyMcMarkInc/Real_cropped_1024/00509.jpg,real,0.0014162523439154029,0.08154916763305664
00541,CLIP-D,default,/media/CrispyMcMarkInc/Real_cropped_1024/00541.jpg,real,0.2998757064342499,0.08170056343078613
00133,CLIP-D,default,/media/CrispyMcMarkInc/Real_cropped_1024/00133.jpg,real,0.04061555117368698,0.08145022392272949
00931,CLIP-D,default,/media/CrispyMcMarkInc/Real_cropped_1024/00931.jpg,real,0.00021744053810834885,0.07966828346252441
00792,CLIP-D,default,/media/CrispyMcMarkInc/Real_cropped_1024/00792.jpg,real,0.0026880609802901745,0.07876324653625488
00590,CLIP-D,default,/media/CrispyMcMarkInc/Real_cropped_1024/00590.jpg,real,0.000424684927565977,0.07971906661987305
00740,CLIP-D,default,/media/CrispyMcMarkInc/Real_cropped_1024/00740.jpg,real,0.004421867895871401,0.07957720756530762
00745,CLIP-D,default,/media/CrispyMcMarkInc/Real_cropped_1024/00745.jpg,real,0.005974278319627047,0.08222341537475586
00074,CLIP-D,default,/media/CrispyMcMarkInc/Real_cropped_1024/00074.jpg,real,0.0015066993655636907,0.08010029792785645
00514,CLIP-D,default,/media/CrispyMcMarkInc/Real_cropped_1024/00514.jpg,real,0.13156385719776154,0.0786123275756836
00001,CLIP-D,default,/media/CrispyMcMarkInc/Real_cropped_1024/00001.jpg,real,0.00046459087752737105,0.08146476745605469
00290,CLIP-D,default,/media/CrispyMcMarkInc/Real_cropped_1024/00290.jpg,real,0.0003673630999401212,0.08114027976989746
00306,CLIP-D,default,/media/CrispyMcMarkInc/Real_cropped_1024/00306.jpg,real,0.005184526089578867,0.08037495613098145
00874,CLIP-D,default,/media/CrispyMcMarkInc/Real_cropped_1024/00874.jpg,real,0.009095534682273865,0.07971453666687012
00178,CLIP-D,default,/media/CrispyMcMarkInc/Real_cropped_1024/00178.jpg,real,0.002893658820539713,0.07864212989807129
00238,CLIP-D,default,/media/CrispyMcMarkInc/Real_cropped_1024/00238.jpg,real,9.57524316618219e-05,0.07945537567138672
00005,CLIP-D,default,/media/CrispyMcMarkInc/Real_cropped_1024/00005.jpg,real,0.0002703824720811099,0.07949280738830566
00385,CLIP-D,default,/media/CrispyMcMarkInc/Real_cropped_1024/00385.jpg,real,0.001146400347352028,0.0804903507232666
00308,CLIP-D,default,/media/CrispyMcMarkInc/Real_cropped_1024/00308.jpg,real,3.648097481345758e-05,0.07691550254821777
00448,CLIP-D,default,/media/CrispyMcMarkInc/Real_cropped_1024/00448.jpg,real,0.00292708957567811,0.07717561721801758
00761,CLIP-D,default,/media/CrispyMcMarkInc/Real_cropped_1024/00761.jpg,real,0.00012004475138382986,0.08050274848937988
00754,CLIP-D,default,/media/CrispyMcMarkInc/Real_cropped_1024/00754.jpg,real,0.00021831324556842446,0.07909035682678223
00098,CLIP-D,default,/media/CrispyMcMarkInc/Real_cropped_1024/00098.jpg,real,0.0014315206790342927,0.0827784538269043
00483,CLIP-D,default,/media/CrispyMcMarkInc/Real_cropped_1024/00483.jpg,real,0.032212916761636734,0.07987809181213379
00574,CLIP-D,default,/media/CrispyMcMarkInc/Real_cropped_1024/00574.jpg,real,0.00028243177803233266,0.08054232597351074
00789,CLIP-D,default,/media/CrispyMcMarkInc/Real_cropped_1024/00789.jpg,real,0.004529381636530161,0.07978367805480957
00841,CLIP-D,default,/media/CrispyMcMarkInc/Real_cropped_1024/00841.jpg,real,0.0006961848121136427,0.08021020889282227
00586,CLIP-D,default,/media/CrispyMcMarkInc/Real_cropped_1024/00586.jpg,real,0.0023830998688936234,0.08198881149291992
00910,CLIP-D,default,/media/CrispyMcMarkInc/Real_cropped_1024/00910.jpg,real,0.01955886371433735,0.08078384399414062
00625,CLIP-D,default,/media/CrispyMcMarkInc/Real_cropped_1024/00625.jpg,real,0.00022477741003967822,0.07844281196594238
00753,CLIP-D,default,/media/CrispyMcMarkInc/Real_cropped_1024/00753.jpg,real,7.749049837002531e-05,0.08031702041625977
00718,CLIP-D,default,/media/CrispyMcMarkInc/Real_cropped_1024/00718.jpg,real,0.00037134066224098206,0.08028006553649902
00879,CLIP-D,default,/media/CrispyMcMarkInc/Real_cropped_1024/00879.jpg,real,0.0032440107315778732,0.07893943786621094
00115,CLIP-D,default,/media/CrispyMcMarkInc/Real_cropped_1024/00115.jpg,real,0.00023740292817819864,0.0823831558227539
00046,CLIP-D,default,/media/CrispyMcMarkInc/Real_cropped_1024/00046.jpg,real,0.004149381071329117,0.07425880432128906
00711,CLIP-D,default,/media/CrispyMcMarkInc/Real_cropped_1024/00711.jpg,real,0.012589246034622192,0.08303546905517578
00345,CLIP-D,default,/media/CrispyMcMarkInc/Real_cropped_1024/00345.jpg,real,0.013177046552300453,0.07988643646240234
00668,CLIP-D,default,/media/CrispyMcMarkInc/Real_cropped_1024/00668.jpg,real,0.0016796562122181058,0.07844972610473633
00079,CLIP-D,default,/media/CrispyMcMarkInc/Real_cropped_1024/00079.jpg,real,0.0005719210021197796,0.07974839210510254
00562,CLIP-D,default,/media/CrispyMcMarkInc/Real_cropped_1024/00562.jpg,real,0.011992646381258965,0.07989859580993652
00613,CLIP-D,default,/media/CrispyMcMarkInc/Real_cropped_1024/00613.jpg,real,0.0341920480132103,0.07978081703186035
00949,CLIP-D,default,/media/CrispyMcMarkInc/Real_cropped_1024/00949.jpg,real,0.006271441467106342,0.07958245277404785
00809,CLIP-D,default,/media/CrispyMcMarkInc/Real_cropped_1024/00809.jpg,real,0.004802144132554531,0.07939291000366211
00677,CLIP-D,default,/media/CrispyMcMarkInc/Real_cropped_1024/00677.jpg,real,0.15561649203300476,0.08117294311523438
00307,CLIP-D,default,/media/CrispyMcMarkInc/Real_cropped_1024/00307.jpg,real,0.0018518796423450112,0.07842588424682617
00329,CLIP-D,default,/media/CrispyMcMarkInc/Real_cropped_1024/00329.jpg,real,0.016635902225971222,0.08083200454711914
00903,CLIP-D,default,/media/CrispyMcMarkInc/Real_cropped_1024/00903.jpg,real,0.0018913003150373697,0.08015322685241699
00444,CLIP-D,default,/media/CrispyMcMarkInc/Real_cropped_1024/00444.jpg,real,0.0035142358392477036,0.07933616638183594
00628,CLIP-D,default,/media/CrispyMcMarkInc/Real_cropped_1024/00628.jpg,real,0.013466425240039825,0.0793912410736084
00602,CLIP-D,default,/media/CrispyMcMarkInc/Real_cropped_1024/00602.jpg,real,0.0004264968156348914,0.08179283142089844
00927,CLIP-D,default,/media/CrispyMcMarkInc/Real_cropped_1024/00927.jpg,real,0.0005317455506883562,0.08173871040344238
00442,CLIP-D,default,/media/CrispyMcMarkInc/Real_cropped_1024/00442.jpg,real,0.0007622401462867856,0.07804083824157715
00377,CLIP-D,default,/media/CrispyMcMarkInc/Real_cropped_1024/00377.jpg,real,0.005567057523876429,0.07858943939208984
00986,CLIP-D,default,/media/CrispyMcMarkInc/Real_cropped_1024/00986.jpg,real,0.00028237656806595623,0.07736778259277344
00508,CLIP-D,default,/media/CrispyMcMarkInc/Real_cropped_1024/00508.jpg,real,0.00041698632412590086,0.07874178886413574
00210,CLIP-D,default,/media/CrispyMcMarkInc/Real_cropped_1024/00210.jpg,real,0.002591051859781146,0.07967257499694824
00341,CLIP-D,default,/media/CrispyMcMarkInc/Real_cropped_1024/00341.jpg,real,0.0009823242435231805,0.08259868621826172
00229,CLIP-D,default,/media/CrispyMcMarkInc/Real_cropped_1024/00229.jpg,real,0.00022109699784778059,0.07923007011413574
00517,CLIP-D,default,/media/CrispyMcMarkInc/Real_cropped_1024/00517.jpg,real,0.001977427862584591,0.07950711250305176
00090,CLIP-D,default,/media/CrispyMcMarkInc/Real_cropped_1024/00090.jpg,real,0.0003907943901140243,0.0772256851196289
00303,CLIP-D,default,/media/CrispyMcMarkInc/Real_cropped_1024/00303.jpg,real,0.04410761594772339,0.08056855201721191
00610,CLIP-D,default,/media/CrispyMcMarkInc/Real_cropped_1024/00610.jpg,real,0.0002732174179982394,0.0846090316772461
00837,CLIP-D,default,/media/CrispyMcMarkInc/Real_cropped_1024/00837.jpg,real,0.0018050374928861856,0.08127355575561523
00523,CLIP-D,default,/media/CrispyMcMarkInc/Real_cropped_1024/00523.jpg,real,0.021360117942094803,0.08282208442687988
00878,CLIP-D,default,/media/CrispyMcMarkInc/Real_cropped_1024/00878.jpg,real,0.008762593381106853,0.07627081871032715
00494,CLIP-D,default,/media/CrispyMcMarkInc/Real_cropped_1024/00494.jpg,real,0.028876448050141335,0.07942032814025879
00138,CLIP-D,default,/media/CrispyMcMarkInc/Real_cropped_1024/00138.jpg,real,0.011949697509407997,0.0818023681640625
00885,CLIP-D,default,/media/CrispyMcMarkInc/Real_cropped_1024/00885.jpg,real,0.0014357863692566752,0.0798335075378418
00826,CLIP-D,default,/media/CrispyMcMarkInc/Real_cropped_1024/00826.jpg,real,0.0008553673978894949,0.0810859203338623
00085,CLIP-D,default,/media/CrispyMcMarkInc/Real_cropped_1024/00085.jpg,real,0.001014574314467609,0.07820844650268555
00418,CLIP-D,default,/media/CrispyMcMarkInc/Real_cropped_1024/00418.jpg,real,0.0026644773315638304,0.0780646800994873
00071,CLIP-D,default,/media/CrispyMcMarkInc/Real_cropped_1024/00071.jpg,real,0.001007857033982873,0.0699150562286377
00540,CLIP-D,default,/media/CrispyMcMarkInc/Real_cropped_1024/00540.jpg,real,0.00035431390278972685,0.07176637649536133
00854,CLIP-D,default,/media/CrispyMcMarkInc/Real_cropped_1024/00854.jpg,real,0.0005789243732579052,0.07068490982055664
00501,CLIP-D,default,/media/CrispyMcMarkInc/Real_cropped_1024/00501.jpg,real,0.0012651188299059868,0.07054948806762695
00637,CLIP-D,default,/media/CrispyMcMarkInc/Real_cropped_1024/00637.jpg,real,0.010159831494092941,0.07058858871459961
00568,CLIP-D,default,/media/CrispyMcMarkInc/Real_cropped_1024/00568.jpg,real,0.00027763177058659494,0.07488369941711426
00650,CLIP-D,default,/media/CrispyMcMarkInc/Real_cropped_1024/00650.jpg,real,0.010723804123699665,0.07155323028564453
00422,CLIP-D,default,/media/CrispyMcMarkInc/Real_cropped_1024/00422.jpg,real,0.002699154894798994,0.07039570808410645
00846,CLIP-D,default,/media/CrispyMcMarkInc/Real_cropped_1024/00846.jpg,real,0.12627482414245605,0.07120490074157715
00916,CLIP-D,default,/media/CrispyMcMarkInc/Real_cropped_1024/00916.jpg,real,0.0009429114870727062,0.07043886184692383
00070,CLIP-D,default,/media/CrispyMcMarkInc/Real_cropped_1024/00070.jpg,real,0.0011373974848538637,0.0713653564453125
00596,CLIP-D,default,/media/CrispyMcMarkInc/Real_cropped_1024/00596.jpg,real,0.00019362499006092548,0.0723576545715332
00498,CLIP-D,default,/media/CrispyMcMarkInc/Real_cropped_1024/00498.jpg,real,0.05187789350748062,0.07558393478393555
00423,CLIP-D,default,/media/CrispyMcMarkInc/Real_cropped_1024/00423.jpg,real,0.0024881649296730757,0.07441926002502441
00836,CLIP-D,default,/media/CrispyMcMarkInc/Real_cropped_1024/00836.jpg,real,0.0003999955370090902,0.07982373237609863
00047,CLIP-D,default,/media/CrispyMcMarkInc/Real_cropped_1024/00047.jpg,real,0.028535006567835808,0.08078289031982422
00042,CLIP-D,default,/media/CrispyMcMarkInc/Real_cropped_1024/00042.jpg,real,0.03733896091580391,0.08321332931518555
00543,CLIP-D,default,/media/CrispyMcMarkInc/Real_cropped_1024/00543.jpg,real,0.0021828659810125828,0.08014535903930664
00003,CLIP-D,default,/media/CrispyMcMarkInc/Real_cropped_1024/00003.jpg,real,0.004553117323666811,0.08096575736999512
00589,CLIP-D,default,/media/CrispyMcMarkInc/Real_cropped_1024/00589.jpg,real,0.0921139270067215,0.0760202407836914
00431,CLIP-D,default,/media/CrispyMcMarkInc/Real_cropped_1024/00431.jpg,real,0.058932945132255554,0.0764322280883789
00591,CLIP-D,default,/media/CrispyMcMarkInc/Real_cropped_1024/00591.jpg,fake,0.9987404942512512,0.07884001731872559
00648,CLIP-D,default,/media/CrispyMcMarkInc/Real_cropped_1024/00648.jpg,real,0.004931309726089239,0.0732111930847168
00964,CLIP-D,default,/media/CrispyMcMarkInc/Real_cropped_1024/00964.jpg,real,3.3608233934501186e-05,0.07239913940429688
00959,CLIP-D,default,/media/CrispyMcMarkInc/Real_cropped_1024/00959.jpg,real,0.00014421915693674237,0.0707848072052002
00692,CLIP-D,default,/media/CrispyMcMarkInc/Real_cropped_1024/00692.jpg,real,0.001209861016832292,0.07247614860534668
00644,CLIP-D,default,/media/CrispyMcMarkInc/Real_cropped_1024/00644.jpg,real,0.0014263251796364784,0.07065296173095703
00429,CLIP-D,default,/media/CrispyMcMarkInc/Real_cropped_1024/00429.jpg,real,0.0009355078800581396,0.07045221328735352
00480,CLIP-D,default,/media/CrispyMcMarkInc/Real_cropped_1024/00480.jpg,real,0.0034988648258149624,0.07087588310241699
00595,CLIP-D,default,/media/CrispyMcMarkInc/Real_cropped_1024/00595.jpg,real,0.017339009791612625,0.07067108154296875
00068,CLIP-D,default,/media/CrispyMcMarkInc/Real_cropped_1024/00068.jpg,real,0.00039600778836756945,0.07021784782409668
00570,CLIP-D,default,/media/CrispyMcMarkInc/Real_cropped_1024/00570.jpg,real,0.011098741553723812,0.06956744194030762
00887,CLIP-D,default,/media/CrispyMcMarkInc/Real_cropped_1024/00887.jpg,real,0.04858414828777313,0.07042336463928223
00930,CLIP-D,default,/media/CrispyMcMarkInc/Real_cropped_1024/00930.jpg,real,0.0009120760951191187,0.07180213928222656
00834,CLIP-D,default,/media/CrispyMcMarkInc/Real_cropped_1024/00834.jpg,real,0.00024520765873603523,0.07093620300292969
00554,CLIP-D,default,/media/CrispyMcMarkInc/Real_cropped_1024/00554.jpg,real,0.002691866597160697,0.07161450386047363
00062,CLIP-D,default,/media/CrispyMcMarkInc/Real_cropped_1024/00062.jpg,real,0.00037012892425991595,0.07100272178649902
00881,CLIP-D,default,/media/CrispyMcMarkInc/Real_cropped_1024/00881.jpg,real,0.0008364421664737165,0.070343017578125
00424,CLIP-D,default,/media/CrispyMcMarkInc/Real_cropped_1024/00424.jpg,real,0.0034170241560786963,0.07115364074707031
00024,CLIP-D,default,/media/CrispyMcMarkInc/Real_cropped_1024/00024.jpg,real,0.005365768913179636,0.07162880897521973
00935,CLIP-D,default,/media/CrispyMcMarkInc/Real_cropped_1024/00935.jpg,real,0.0009576446609571576,0.0722498893737793
00603,CLIP-D,default,/media/CrispyMcMarkInc/Real_cropped_1024/00603.jpg,real,0.0036707508843392134,0.07090592384338379
00338,CLIP-D,default,/media/CrispyMcMarkInc/Real_cropped_1024/00338.jpg,real,0.0006180368363857269,0.0727381706237793
00663,CLIP-D,default,/media/CrispyMcMarkInc/Real_cropped_1024/00663.jpg,real,0.0002157973067369312,0.07286810874938965
00572,CLIP-D,default,/media/CrispyMcMarkInc/Real_cropped_1024/00572.jpg,fake,0.7525145411491394,0.07264280319213867
00152,CLIP-D,default,/media/CrispyMcMarkInc/Real_cropped_1024/00152.jpg,real,0.0001776331482687965,0.07230854034423828
00492,CLIP-D,default,/media/CrispyMcMarkInc/Real_cropped_1024/00492.jpg,real,0.000792364648077637,0.07286238670349121
00327,CLIP-D,default,/media/CrispyMcMarkInc/Real_cropped_1024/00327.jpg,fake,0.9687575101852417,0.07143068313598633
00375,CLIP-D,default,/media/CrispyMcMarkInc/Real_cropped_1024/00375.jpg,real,0.0006648206617683172,0.07175779342651367
00192,CLIP-D,default,/media/CrispyMcMarkInc/Real_cropped_1024/00192.jpg,real,0.012255513109266758,0.07034540176391602
00771,CLIP-D,default,/media/CrispyMcMarkInc/Real_cropped_1024/00771.jpg,real,0.008760584518313408,0.07167744636535645
00676,CLIP-D,default,/media/CrispyMcMarkInc/Real_cropped_1024/00676.jpg,real,0.27867576479911804,0.07019996643066406
00010,CLIP-D,default,/media/CrispyMcMarkInc/Real_cropped_1024/00010.jpg,real,0.0063059390522539616,0.06969308853149414
00756,CLIP-D,default,/media/CrispyMcMarkInc/Real_cropped_1024/00756.jpg,real,0.00269277929328382,0.06946349143981934
00794,CLIP-D,default,/media/CrispyMcMarkInc/Real_cropped_1024/00794.jpg,real,0.0011718571186065674,0.06986427307128906
00416,CLIP-D,default,/media/CrispyMcMarkInc/Real_cropped_1024/00416.jpg,real,0.15214653313159943,0.07052183151245117
00168,CLIP-D,default,/media/CrispyMcMarkInc/Real_cropped_1024/00168.jpg,real,0.0014712371630594134,0.07092928886413574
00110,CLIP-D,default,/media/CrispyMcMarkInc/Real_cropped_1024/00110.jpg,real,0.0005872742622159421,0.07397961616516113
00491,CLIP-D,default,/media/CrispyMcMarkInc/Real_cropped_1024/00491.jpg,real,0.001310986466705799,0.07268834114074707
00169,CLIP-D,default,/media/CrispyMcMarkInc/Real_cropped_1024/00169.jpg,real,0.0008148129563778639,0.07146072387695312
00685,CLIP-D,default,/media/CrispyMcMarkInc/Real_cropped_1024/00685.jpg,real,0.06736527383327484,0.07103443145751953
00282,CLIP-D,default,/media/CrispyMcMarkInc/Real_cropped_1024/00282.jpg,real,0.00291732931509614,0.07132482528686523
00011,CLIP-D,default,/media/CrispyMcMarkInc/Real_cropped_1024/00011.jpg,real,0.008205675520002842,0.07249927520751953
00089,CLIP-D,default,/media/CrispyMcMarkInc/Real_cropped_1024/00089.jpg,real,0.0011083235731348395,0.07241058349609375
00901,CLIP-D,default,/media/CrispyMcMarkInc/Real_cropped_1024/00901.jpg,real,0.0002201499737566337,0.06999826431274414
00464,CLIP-D,default,/media/CrispyMcMarkInc/Real_cropped_1024/00464.jpg,real,0.0020154197700321674,0.0702352523803711
00399,CLIP-D,default,/media/CrispyMcMarkInc/Real_cropped_1024/00399.jpg,real,0.0004383632622193545,0.07038187980651855
00450,CLIP-D,default,/media/CrispyMcMarkInc/Real_cropped_1024/00450.jpg,real,0.00014892620674800128,0.07149076461791992
00372,CLIP-D,default,/media/CrispyMcMarkInc/Real_cropped_1024/00372.jpg,real,0.0018204707885161042,0.07060599327087402
00757,CLIP-D,default,/media/CrispyMcMarkInc/Real_cropped_1024/00757.jpg,real,0.0037235780619084835,0.07229948043823242
00277,CLIP-D,default,/media/CrispyMcMarkInc/Real_cropped_1024/00277.jpg,real,0.0011540761915966868,0.07112455368041992
00687,CLIP-D,default,/media/CrispyMcMarkInc/Real_cropped_1024/00687.jpg,real,0.0006739251548424363,0.07093381881713867
00055,CLIP-D,default,/media/CrispyMcMarkInc/Real_cropped_1024/00055.jpg,real,0.005727916490286589,0.0702967643737793
00829,CLIP-D,default,/media/CrispyMcMarkInc/Real_cropped_1024/00829.jpg,real,0.01569359190762043,0.07103085517883301
00188,CLIP-D,default,/media/CrispyMcMarkInc/Real_cropped_1024/00188.jpg,real,0.004424668848514557,0.06983089447021484
00666,CLIP-D,default,/media/CrispyMcMarkInc/Real_cropped_1024/00666.jpg,real,0.0001506035914644599,0.0707399845123291
00938,CLIP-D,default,/media/CrispyMcMarkInc/Real_cropped_1024/00938.jpg,real,0.00022475728474091738,0.06999444961547852
00564,CLIP-D,default,/media/CrispyMcMarkInc/Real_cropped_1024/00564.jpg,real,0.042200613766908646,0.07078790664672852
00265,CLIP-D,default,/media/CrispyMcMarkInc/Real_cropped_1024/00265.jpg,real,0.002629657043144107,0.0700826644897461
00276,CLIP-D,default,/media/CrispyMcMarkInc/Real_cropped_1024/00276.jpg,real,0.2701122760772705,0.07016324996948242
00333,CLIP-D,default,/media/CrispyMcMarkInc/Real_cropped_1024/00333.jpg,real,0.0009870595531538129,0.07118654251098633
00724,CLIP-D,default,/media/CrispyMcMarkInc/Real_cropped_1024/00724.jpg,real,0.01826753094792366,0.07134699821472168
00449,CLIP-D,default,/media/CrispyMcMarkInc/Real_cropped_1024/00449.jpg,real,0.0025869589298963547,0.07130980491638184
00463,CLIP-D,default,/media/CrispyMcMarkInc/Real_cropped_1024/00463.jpg,real,0.006433788221329451,0.07296180725097656
00618,CLIP-D,default,/media/CrispyMcMarkInc/Real_cropped_1024/00618.jpg,real,0.001584273879416287,0.07182168960571289
00298,CLIP-D,default,/media/CrispyMcMarkInc/Real_cropped_1024/00298.jpg,real,0.00010242274584015831,0.07117080688476562
00016,CLIP-D,default,/media/CrispyMcMarkInc/Real_cropped_1024/00016.jpg,real,0.008958831429481506,0.07204532623291016
00302,CLIP-D,default,/media/CrispyMcMarkInc/Real_cropped_1024/00302.jpg,real,0.011719263158738613,0.07298469543457031
00814,CLIP-D,default,/media/CrispyMcMarkInc/Real_cropped_1024/00814.jpg,real,0.0003455342666711658,0.07440757751464844
00762,CLIP-D,default,/media/CrispyMcMarkInc/Real_cropped_1024/00762.jpg,real,0.006245460361242294,0.07245516777038574
00093,CLIP-D,default,/media/CrispyMcMarkInc/Real_cropped_1024/00093.jpg,fake,0.8238749504089355,0.07370185852050781
00581,CLIP-D,default,/media/CrispyMcMarkInc/Real_cropped_1024/00581.jpg,real,0.0008695679134689271,0.07035231590270996
00720,CLIP-D,default,/media/CrispyMcMarkInc/Real_cropped_1024/00720.jpg,real,0.0047630867920815945,0.07084107398986816
00943,CLIP-D,default,/media/CrispyMcMarkInc/Real_cropped_1024/00943.jpg,real,0.005507118999958038,0.07171058654785156
00376,CLIP-D,default,/media/CrispyMcMarkInc/Real_cropped_1024/00376.jpg,real,0.0012890881625935435,0.07363653182983398
00312,CLIP-D,default,/media/CrispyMcMarkInc/Real_cropped_1024/00312.jpg,real,0.00017668532382231206,0.07126641273498535
00288,CLIP-D,default,/media/CrispyMcMarkInc/Real_cropped_1024/00288.jpg,real,0.021843930706381798,0.07003402709960938
00258,CLIP-D,default,/media/CrispyMcMarkInc/Real_cropped_1024/00258.jpg,real,0.00401225546374917,0.07249569892883301
00914,CLIP-D,default,/media/CrispyMcMarkInc/Real_cropped_1024/00914.jpg,real,0.1625887006521225,0.0731501579284668
00899,CLIP-D,default,/media/CrispyMcMarkInc/Real_cropped_1024/00899.jpg,real,0.029827779158949852,0.07185792922973633
00908,CLIP-D,default,/media/CrispyMcMarkInc/Real_cropped_1024/00908.jpg,real,0.21188609302043915,0.0707695484161377
00243,CLIP-D,default,/media/CrispyMcMarkInc/Real_cropped_1024/00243.jpg,real,0.0016288706101477146,0.07088971138000488
00240,CLIP-D,default,/media/CrispyMcMarkInc/Real_cropped_1024/00240.jpg,real,0.0012196521274745464,0.07227587699890137
00736,CLIP-D,default,/media/CrispyMcMarkInc/Real_cropped_1024/00736.jpg,real,0.0006933605181984603,0.07032394409179688
00708,CLIP-D,default,/media/CrispyMcMarkInc/Real_cropped_1024/00708.jpg,real,0.00036614423152059317,0.07064485549926758
00918,CLIP-D,default,/media/CrispyMcMarkInc/Real_cropped_1024/00918.jpg,real,0.0006557232118211687,0.0713949203491211
00393,CLIP-D,default,/media/CrispyMcMarkInc/Real_cropped_1024/00393.jpg,real,7.718002598267049e-05,0.07040286064147949
00981,CLIP-D,default,/media/CrispyMcMarkInc/Real_cropped_1024/00981.jpg,real,7.615416689077392e-05,0.07280230522155762
00121,CLIP-D,default,/media/CrispyMcMarkInc/Real_cropped_1024/00121.jpg,real,0.0001801840990083292,0.07289791107177734
00699,CLIP-D,default,/media/CrispyMcMarkInc/Real_cropped_1024/00699.jpg,real,0.0003377431130502373,0.07130694389343262
00714,CLIP-D,default,/media/CrispyMcMarkInc/Real_cropped_1024/00714.jpg,real,0.0053124320693314075,0.0712580680847168
00719,CLIP-D,default,/media/CrispyMcMarkInc/Real_cropped_1024/00719.jpg,real,0.0011120690032839775,0.07042288780212402
00402,CLIP-D,default,/media/CrispyMcMarkInc/Real_cropped_1024/00402.jpg,real,0.02104831486940384,0.07032990455627441
00334,CLIP-D,default,/media/CrispyMcMarkInc/Real_cropped_1024/00334.jpg,real,0.0006299783126451075,0.07054448127746582
00528,CLIP-D,default,/media/CrispyMcMarkInc/Real_cropped_1024/00528.jpg,real,0.005841519217938185,0.07411074638366699
00909,CLIP-D,default,/media/CrispyMcMarkInc/Real_cropped_1024/00909.jpg,real,0.0015236898325383663,0.07627224922180176
00390,CLIP-D,default,/media/CrispyMcMarkInc/Real_cropped_1024/00390.jpg,real,0.0013359345030039549,0.07218551635742188
00199,CLIP-D,default,/media/CrispyMcMarkInc/Real_cropped_1024/00199.jpg,real,0.013769218698143959,0.07243609428405762
00907,CLIP-D,default,/media/CrispyMcMarkInc/Real_cropped_1024/00907.jpg,real,0.04869645833969116,0.07269597053527832
00744,CLIP-D,default,/media/CrispyMcMarkInc/Real_cropped_1024/00744.jpg,real,0.016445336863398552,0.0724785327911377
00686,CLIP-D,default,/media/CrispyMcMarkInc/Real_cropped_1024/00686.jpg,real,0.0004968657158315182,0.07122969627380371
00381,CLIP-D,default,/media/CrispyMcMarkInc/Real_cropped_1024/00381.jpg,real,0.28210824728012085,0.07116127014160156
00262,CLIP-D,default,/media/CrispyMcMarkInc/Real_cropped_1024/00262.jpg,real,0.003052715677767992,0.0801239013671875
00086,CLIP-D,default,/media/CrispyMcMarkInc/Real_cropped_1024/00086.jpg,real,0.009499983862042427,0.07500696182250977
00201,CLIP-D,default,/media/CrispyMcMarkInc/Real_cropped_1024/00201.jpg,real,0.00042955164099112153,0.08152985572814941
00926,CLIP-D,default,/media/CrispyMcMarkInc/Real_cropped_1024/00926.jpg,real,0.00012824741133954376,0.08072209358215332
00146,CLIP-D,default,/media/CrispyMcMarkInc/Real_cropped_1024/00146.jpg,real,0.0007047749240882695,0.07900619506835938
00191,CLIP-D,default,/media/CrispyMcMarkInc/Real_cropped_1024/00191.jpg,real,0.016957711428403854,0.07768106460571289
00725,CLIP-D,default,/media/CrispyMcMarkInc/Real_cropped_1024/00725.jpg,real,0.0004802141338586807,0.08018732070922852
00696,CLIP-D,default,/media/CrispyMcMarkInc/Real_cropped_1024/00696.jpg,real,0.0007442753412760794,0.0797731876373291
00228,CLIP-D,default,/media/CrispyMcMarkInc/Real_cropped_1024/00228.jpg,real,0.0031962848734110594,0.07805013656616211
00806,CLIP-D,default,/media/CrispyMcMarkInc/Real_cropped_1024/00806.jpg,real,0.007401962764561176,0.07135200500488281
00880,CLIP-D,default,/media/CrispyMcMarkInc/Real_cropped_1024/00880.jpg,real,0.016141358762979507,0.07171869277954102
00775,CLIP-D,default,/media/CrispyMcMarkInc/Real_cropped_1024/00775.jpg,real,0.0035841420758515596,0.07353043556213379
00469,CLIP-D,default,/media/CrispyMcMarkInc/Real_cropped_1024/00469.jpg,real,0.0031000920571386814,0.07268595695495605
00127,CLIP-D,default,/media/CrispyMcMarkInc/Real_cropped_1024/00127.jpg,real,0.00016797147691249847,0.07327079772949219
00250,CLIP-D,default,/media/CrispyMcMarkInc/Real_cropped_1024/00250.jpg,real,0.0011578458361327648,0.07569289207458496
00328,CLIP-D,default,/media/CrispyMcMarkInc/Real_cropped_1024/00328.jpg,real,0.0005022333352826536,0.0714268684387207
00214,CLIP-D,default,/media/CrispyMcMarkInc/Real_cropped_1024/00214.jpg,real,0.013751578517258167,0.07130813598632812
00023,CLIP-D,default,/media/CrispyMcMarkInc/Real_cropped_1024/00023.jpg,real,0.20022015273571014,0.07608985900878906
00526,CLIP-D,default,/media/CrispyMcMarkInc/Real_cropped_1024/00526.jpg,real,0.0007930142455734313,0.07166028022766113
00631,CLIP-D,default,/media/CrispyMcMarkInc/Real_cropped_1024/00631.jpg,real,0.12967723608016968,0.07401132583618164
00867,CLIP-D,default,/media/CrispyMcMarkInc/Real_cropped_1024/00867.jpg,real,0.0014676724094897509,0.0710909366607666
00269,CLIP-D,default,/media/CrispyMcMarkInc/Real_cropped_1024/00269.jpg,real,0.0009682305390015244,0.07035470008850098
00788,CLIP-D,default,/media/CrispyMcMarkInc/Real_cropped_1024/00788.jpg,real,0.17030252516269684,0.07198143005371094
00665,CLIP-D,default,/media/CrispyMcMarkInc/Real_cropped_1024/00665.jpg,real,0.27079904079437256,0.07256460189819336
00506,CLIP-D,default,/media/CrispyMcMarkInc/Real_cropped_1024/00506.jpg,real,0.0010994866024702787,0.0723879337310791
00652,CLIP-D,default,/media/CrispyMcMarkInc/Real_cropped_1024/00652.jpg,real,0.0001872461725724861,0.07361125946044922
00315,CLIP-D,default,/media/CrispyMcMarkInc/Real_cropped_1024/00315.jpg,real,0.0007665962912142277,0.07236647605895996
00020,CLIP-D,default,/media/CrispyMcMarkInc/Real_cropped_1024/00020.jpg,real,0.0008523330907337368,0.07330894470214844
00417,CLIP-D,default,/media/CrispyMcMarkInc/Real_cropped_1024/00417.jpg,fake,0.8762009739875793,0.08077812194824219
00141,CLIP-D,default,/media/CrispyMcMarkInc/Real_cropped_1024/00141.jpg,real,0.00034657606738619506,0.07957839965820312
00597,CLIP-D,default,/media/CrispyMcMarkInc/Real_cropped_1024/00597.jpg,real,0.00028680815012194216,0.07320713996887207
00154,CLIP-D,default,/media/CrispyMcMarkInc/Real_cropped_1024/00154.jpg,real,0.00022406509378924966,0.07189321517944336
00905,CLIP-D,default,/media/CrispyMcMarkInc/Real_cropped_1024/00905.jpg,real,0.0050381929613649845,0.07277941703796387
00787,CLIP-D,default,/media/CrispyMcMarkInc/Real_cropped_1024/00787.jpg,real,0.03990231826901436,0.07987022399902344
00032,CLIP-D,default,/media/CrispyMcMarkInc/Real_cropped_1024/00032.jpg,real,0.0005471318727359176,0.07082748413085938
00106,CLIP-D,default,/media/CrispyMcMarkInc/Real_cropped_1024/00106.jpg,real,0.0005296541494317353,0.07175469398498535
00235,CLIP-D,default,/media/CrispyMcMarkInc/Real_cropped_1024/00235.jpg,real,0.0011246331268921494,0.07007741928100586
00845,CLIP-D,default,/media/CrispyMcMarkInc/Real_cropped_1024/00845.jpg,real,0.0044019222259521484,0.0699920654296875
00882,CLIP-D,default,/media/CrispyMcMarkInc/Real_cropped_1024/00882.jpg,real,0.0005476624937728047,0.07072067260742188
00673,CLIP-D,default,/media/CrispyMcMarkInc/Real_cropped_1024/00673.jpg,real,0.0015359203098341823,0.0705103874206543
00743,CLIP-D,default,/media/CrispyMcMarkInc/Real_cropped_1024/00743.jpg,real,0.00149432139005512,0.07048916816711426
00641,CLIP-D,default,/media/CrispyMcMarkInc/Real_cropped_1024/00641.jpg,real,0.00014584783639293164,0.07065701484680176
00048,CLIP-D,default,/media/CrispyMcMarkInc/Real_cropped_1024/00048.jpg,real,0.0005667142104357481,0.07115912437438965
00413,CLIP-D,default,/media/CrispyMcMarkInc/Real_cropped_1024/00413.jpg,real,0.0006027190247550607,0.07427358627319336
00670,CLIP-D,default,/media/CrispyMcMarkInc/Real_cropped_1024/00670.jpg,real,0.00015662335499655455,0.07147908210754395
00356,CLIP-D,default,/media/CrispyMcMarkInc/Real_cropped_1024/00356.jpg,real,0.0014037925284355879,0.07090640068054199
00285,CLIP-D,default,/media/CrispyMcMarkInc/Real_cropped_1024/00285.jpg,real,0.00026824744418263435,0.07211542129516602
00236,CLIP-D,default,/media/CrispyMcMarkInc/Real_cropped_1024/00236.jpg,real,0.0015591810224577785,0.07033777236938477
00170,CLIP-D,default,/media/CrispyMcMarkInc/Real_cropped_1024/00170.jpg,real,0.0015922905877232552,0.06995463371276855
00660,CLIP-D,default,/media/CrispyMcMarkInc/Real_cropped_1024/00660.jpg,real,0.003359616966918111,0.07157373428344727
00544,CLIP-D,default,/media/CrispyMcMarkInc/Real_cropped_1024/00544.jpg,real,0.00018322326650377363,0.07121992111206055
00212,CLIP-D,default,/media/CrispyMcMarkInc/Real_cropped_1024/00212.jpg,real,0.0023456928320229053,0.07100534439086914
00379,CLIP-D,default,/media/CrispyMcMarkInc/Real_cropped_1024/00379.jpg,real,0.0008208052604459226,0.07074618339538574
00202,CLIP-D,default,/media/CrispyMcMarkInc/Real_cropped_1024/00202.jpg,fake,0.6841253638267517,0.06979870796203613
00892,CLIP-D,default,/media/CrispyMcMarkInc/Real_cropped_1024/00892.jpg,real,0.0019582794047892094,0.06968998908996582
00317,CLIP-D,default,/media/CrispyMcMarkInc/Real_cropped_1024/00317.jpg,real,0.0007335987174883485,0.07122087478637695
00850,CLIP-D,default,/media/CrispyMcMarkInc/Real_cropped_1024/00850.jpg,real,0.006884682923555374,0.07107782363891602
00268,CLIP-D,default,/media/CrispyMcMarkInc/Real_cropped_1024/00268.jpg,real,0.0005338668706826866,0.07089114189147949
00612,CLIP-D,default,/media/CrispyMcMarkInc/Real_cropped_1024/00612.jpg,real,0.0002286627423018217,0.07156491279602051
00530,CLIP-D,default,/media/CrispyMcMarkInc/Real_cropped_1024/00530.jpg,real,0.0006106886430643499,0.07161521911621094
00044,CLIP-D,default,/media/CrispyMcMarkInc/Real_cropped_1024/00044.jpg,real,0.0070269410498440266,0.07223200798034668
00624,CLIP-D,default,/media/CrispyMcMarkInc/Real_cropped_1024/00624.jpg,real,0.027681909501552582,0.07265543937683105
00955,CLIP-D,default,/media/CrispyMcMarkInc/Real_cropped_1024/00955.jpg,real,0.1373991221189499,0.07152009010314941
00117,CLIP-D,default,/media/CrispyMcMarkInc/Real_cropped_1024/00117.jpg,real,0.004277440719306469,0.07081222534179688
00629,CLIP-D,default,/media/CrispyMcMarkInc/Real_cropped_1024/00629.jpg,real,0.00868314504623413,0.07128357887268066
00549,CLIP-D,default,/media/CrispyMcMarkInc/Real_cropped_1024/00549.jpg,real,0.001961354399099946,0.07095122337341309
00889,CLIP-D,default,/media/CrispyMcMarkInc/Real_cropped_1024/00889.jpg,real,0.004950470291078091,0.07100653648376465
00324,CLIP-D,default,/media/CrispyMcMarkInc/Real_cropped_1024/00324.jpg,real,0.0020318638999015093,0.07086324691772461
00004,CLIP-D,default,/media/CrispyMcMarkInc/Real_cropped_1024/00004.jpg,real,0.0011762874200940132,0.07151150703430176
00283,CLIP-D,default,/media/CrispyMcMarkInc/Real_cropped_1024/00283.jpg,real,0.0004684379091486335,0.06982183456420898
00310,CLIP-D,default,/media/CrispyMcMarkInc/Real_cropped_1024/00310.jpg,real,0.0009825676679611206,0.07224535942077637
00721,CLIP-D,default,/media/CrispyMcMarkInc/Real_cropped_1024/00721.jpg,real,0.047051601111888885,0.0724325180053711
00852,CLIP-D,default,/media/CrispyMcMarkInc/Real_cropped_1024/00852.jpg,real,0.00038253102684393525,0.07536792755126953
00616,CLIP-D,default,/media/CrispyMcMarkInc/Real_cropped_1024/00616.jpg,real,0.01628563180565834,0.07158756256103516
00505,CLIP-D,default,/media/CrispyMcMarkInc/Real_cropped_1024/00505.jpg,real,0.00012804237485397607,0.07151293754577637
00749,CLIP-D,default,/media/CrispyMcMarkInc/Real_cropped_1024/00749.jpg,real,0.003711233614012599,0.07316279411315918
00053,CLIP-D,default,/media/CrispyMcMarkInc/Real_cropped_1024/00053.jpg,real,0.0010855022119358182,0.07013916969299316
00136,CLIP-D,default,/media/CrispyMcMarkInc/Real_cropped_1024/00136.jpg,fake,0.6809813976287842,0.0707247257232666
00479,CLIP-D,default,/media/CrispyMcMarkInc/Real_cropped_1024/00479.jpg,real,0.0075519392266869545,0.06953310966491699
00533,CLIP-D,default,/media/CrispyMcMarkInc/Real_cropped_1024/00533.jpg,real,0.00032529994496144354,0.07382941246032715
00344,CLIP-D,default,/media/CrispyMcMarkInc/Real_cropped_1024/00344.jpg,real,0.0005440732347778976,0.07293248176574707
00335,CLIP-D,default,/media/CrispyMcMarkInc/Real_cropped_1024/00335.jpg,real,0.021997086703777313,0.07156205177307129
00386,CLIP-D,default,/media/CrispyMcMarkInc/Real_cropped_1024/00386.jpg,real,0.00039406889118254185,0.07133793830871582
00838,CLIP-D,default,/media/CrispyMcMarkInc/Real_cropped_1024/00838.jpg,real,0.0006645115208812058,0.06983423233032227
00944,CLIP-D,default,/media/CrispyMcMarkInc/Real_cropped_1024/00944.jpg,real,0.0008645629277452826,0.06988096237182617
00481,CLIP-D,default,/media/CrispyMcMarkInc/Real_cropped_1024/00481.jpg,real,0.0015601946506649256,0.07181954383850098
00990,CLIP-D,default,/media/CrispyMcMarkInc/Real_cropped_1024/00990.jpg,real,0.0007549400324933231,0.07195281982421875
00537,CLIP-D,default,/media/CrispyMcMarkInc/Real_cropped_1024/00537.jpg,real,0.004680704791098833,0.0717465877532959
00654,CLIP-D,default,/media/CrispyMcMarkInc/Real_cropped_1024/00654.jpg,real,0.12995979189872742,0.07068014144897461
00835,CLIP-D,default,/media/CrispyMcMarkInc/Real_cropped_1024/00835.jpg,real,0.00014081002154853195,0.07439517974853516
00839,CLIP-D,default,/media/CrispyMcMarkInc/Real_cropped_1024/00839.jpg,real,0.007119369227439165,0.07864046096801758
00695,CLIP-D,default,/media/CrispyMcMarkInc/Real_cropped_1024/00695.jpg,real,0.0015681671211495996,0.07250094413757324
00222,CLIP-D,default,/media/CrispyMcMarkInc/Real_cropped_1024/00222.jpg,real,0.0002116707037203014,0.0741124153137207
00014,CLIP-D,default,/media/CrispyMcMarkInc/Real_cropped_1024/00014.jpg,real,0.15820233523845673,0.07310843467712402
00157,CLIP-D,default,/media/CrispyMcMarkInc/Real_cropped_1024/00157.jpg,real,0.0009559792233631015,0.0723721981048584
00741,CLIP-D,default,/media/CrispyMcMarkInc/Real_cropped_1024/00741.jpg,real,0.001905631273984909,0.0718848705291748
00807,CLIP-D,default,/media/CrispyMcMarkInc/Real_cropped_1024/00807.jpg,real,0.005162548739463091,0.0715796947479248
00970,CLIP-D,default,/media/CrispyMcMarkInc/Real_cropped_1024/00970.jpg,real,0.005615260452032089,0.0725545883178711
00856,CLIP-D,default,/media/CrispyMcMarkInc/Real_cropped_1024/00856.jpg,real,0.0007505870889872313,0.07235169410705566
00242,CLIP-D,default,/media/CrispyMcMarkInc/Real_cropped_1024/00242.jpg,real,0.036499593406915665,0.07006216049194336
00224,CLIP-D,default,/media/CrispyMcMarkInc/Real_cropped_1024/00224.jpg,fake,0.9699755907058716,0.07151317596435547
00698,CLIP-D,default,/media/CrispyMcMarkInc/Real_cropped_1024/00698.jpg,real,0.00017088287859223783,0.07060074806213379
00135,CLIP-D,default,/media/CrispyMcMarkInc/Real_cropped_1024/00135.jpg,real,0.04056974872946739,0.07167291641235352
00305,CLIP-D,default,/media/CrispyMcMarkInc/Real_cropped_1024/00305.jpg,real,0.00027466044411994517,0.07106256484985352
00684,CLIP-D,default,/media/CrispyMcMarkInc/Real_cropped_1024/00684.jpg,real,0.016854621469974518,0.07159900665283203
00198,CLIP-D,default,/media/CrispyMcMarkInc/Real_cropped_1024/00198.jpg,real,0.004465903155505657,0.0698995590209961
00853,CLIP-D,default,/media/CrispyMcMarkInc/Real_cropped_1024/00853.jpg,real,0.0002736000460572541,0.07070660591125488
00816,CLIP-D,default,/media/CrispyMcMarkInc/Real_cropped_1024/00816.jpg,real,0.0007677754620090127,0.07058978080749512
00193,CLIP-D,default,/media/CrispyMcMarkInc/Real_cropped_1024/00193.jpg,real,0.00019558068015612662,0.07121443748474121
00080,CLIP-D,default,/media/CrispyMcMarkInc/Real_cropped_1024/00080.jpg,real,0.0006197639741003513,0.07150006294250488
00555,CLIP-D,default,/media/CrispyMcMarkInc/Real_cropped_1024/00555.jpg,real,0.00031572964508086443,0.06971883773803711
00104,CLIP-D,default,/media/CrispyMcMarkInc/Real_cropped_1024/00104.jpg,real,0.008978811092674732,0.0706167221069336
00951,CLIP-D,default,/media/CrispyMcMarkInc/Real_cropped_1024/00951.jpg,real,0.0011571749346330762,0.0710442066192627
00960,CLIP-D,default,/media/CrispyMcMarkInc/Real_cropped_1024/00960.jpg,real,8.86538255144842e-05,0.07094407081604004
00715,CLIP-D,default,/media/CrispyMcMarkInc/Real_cropped_1024/00715.jpg,real,0.027316007763147354,0.0706181526184082
00203,CLIP-D,default,/media/CrispyMcMarkInc/Real_cropped_1024/00203.jpg,real,0.004087062552571297,0.07106399536132812
00394,CLIP-D,default,/media/CrispyMcMarkInc/Real_cropped_1024/00394.jpg,real,0.00016483392391819507,0.07167482376098633
00105,CLIP-D,default,/media/CrispyMcMarkInc/Real_cropped_1024/00105.jpg,real,0.0017781318165361881,0.0713491439819336
00457,CLIP-D,default,/media/CrispyMcMarkInc/Real_cropped_1024/00457.jpg,real,0.0019584638066589832,0.07183027267456055
00700,CLIP-D,default,/media/CrispyMcMarkInc/Real_cropped_1024/00700.jpg,real,0.0033379599917680025,0.07266044616699219
00730,CLIP-D,default,/media/CrispyMcMarkInc/Real_cropped_1024/00730.jpg,real,0.0033354118932038546,0.07276463508605957
00600,CLIP-D,default,/media/CrispyMcMarkInc/Real_cropped_1024/00600.jpg,real,0.0024687624536454678,0.07584309577941895
00404,CLIP-D,default,/media/CrispyMcMarkInc/Real_cropped_1024/00404.jpg,real,0.0012583216885104775,0.07775044441223145
00369,CLIP-D,default,/media/CrispyMcMarkInc/Real_cropped_1024/00369.jpg,real,0.002030694391578436,0.07863187789916992
00703,CLIP-D,default,/media/CrispyMcMarkInc/Real_cropped_1024/00703.jpg,real,0.00016553008754272014,0.08025431632995605
00128,CLIP-D,default,/media/CrispyMcMarkInc/Real_cropped_1024/00128.jpg,real,5.817598139401525e-05,0.07363724708557129
00166,CLIP-D,default,/media/CrispyMcMarkInc/Real_cropped_1024/00166.jpg,real,0.0008110281778499484,0.072784423828125
00997,CLIP-D,default,/media/CrispyMcMarkInc/Real_cropped_1024/00997.jpg,real,0.006069114897400141,0.07040166854858398
00163,CLIP-D,default,/media/CrispyMcMarkInc/Real_cropped_1024/00163.jpg,real,0.0009095718851312995,0.07099413871765137
00561,CLIP-D,default,/media/CrispyMcMarkInc/Real_cropped_1024/00561.jpg,real,0.0005706384545192122,0.07048606872558594
00254,CLIP-D,default,/media/CrispyMcMarkInc/Real_cropped_1024/00254.jpg,real,0.0011395441833883524,0.07008886337280273
00488,CLIP-D,default,/media/CrispyMcMarkInc/Real_cropped_1024/00488.jpg,real,0.0008572603692300618,0.07253456115722656
00680,CLIP-D,default,/media/CrispyMcMarkInc/Real_cropped_1024/00680.jpg,real,5.671412873198278e-05,0.0716862678527832
00215,CLIP-D,default,/media/CrispyMcMarkInc/Real_cropped_1024/00215.jpg,real,0.00593739515170455,0.07171082496643066
00130,CLIP-D,default,/media/CrispyMcMarkInc/Real_cropped_1024/00130.jpg,real,0.00046447396744042635,0.07143950462341309
00998,CLIP-D,default,/media/CrispyMcMarkInc/Real_cropped_1024/00998.jpg,real,0.004501556046307087,0.07099461555480957
00493,CLIP-D,default,/media/CrispyMcMarkInc/Real_cropped_1024/00493.jpg,real,0.43193259835243225,0.07380008697509766
00871,CLIP-D,default,/media/CrispyMcMarkInc/Real_cropped_1024/00871.jpg,real,0.06148916855454445,0.07203173637390137
00015,CLIP-D,default,/media/CrispyMcMarkInc/Real_cropped_1024/00015.jpg,real,0.0005433243932202458,0.0721595287322998
00035,CLIP-D,default,/media/CrispyMcMarkInc/Real_cropped_1024/00035.jpg,real,0.002124346559867263,0.0706934928894043
00326,CLIP-D,default,/media/CrispyMcMarkInc/Real_cropped_1024/00326.jpg,real,0.04914666339755058,0.07141280174255371
00759,CLIP-D,default,/media/CrispyMcMarkInc/Real_cropped_1024/00759.jpg,real,0.0014744623331353068,0.07157135009765625
00560,CLIP-D,default,/media/CrispyMcMarkInc/Real_cropped_1024/00560.jpg,real,0.0022194222547113895,0.07103753089904785
00987,CLIP-D,default,/media/CrispyMcMarkInc/Real_cropped_1024/00987.jpg,real,0.001132101402617991,0.07923054695129395
00773,CLIP-D,default,/media/CrispyMcMarkInc/Real_cropped_1024/00773.jpg,real,0.0007932123262435198,0.07454919815063477
00783,CLIP-D,default,/media/CrispyMcMarkInc/Real_cropped_1024/00783.jpg,real,0.0030990897212177515,0.07748079299926758
00446,CLIP-D,default,/media/CrispyMcMarkInc/Real_cropped_1024/00446.jpg,real,0.0036530662328004837,0.07850003242492676
00257,CLIP-D,default,/media/CrispyMcMarkInc/Real_cropped_1024/00257.jpg,real,0.0003028679930139333,0.08047604560852051
00337,CLIP-D,default,/media/CrispyMcMarkInc/Real_cropped_1024/00337.jpg,real,0.005709308665245771,0.08156895637512207
00075,CLIP-D,default,/media/CrispyMcMarkInc/Real_cropped_1024/00075.jpg,real,0.0033066216856241226,0.0802304744720459
00587,CLIP-D,default,/media/CrispyMcMarkInc/Real_cropped_1024/00587.jpg,real,0.005539307836443186,0.08173370361328125
00064,CLIP-D,default,/media/CrispyMcMarkInc/Real_cropped_1024/00064.jpg,real,0.0016004355857148767,0.07976818084716797
00989,CLIP-D,default,/media/CrispyMcMarkInc/Real_cropped_1024/00989.jpg,real,0.0014304856304079294,0.07757210731506348
00143,CLIP-D,default,/media/CrispyMcMarkInc/Real_cropped_1024/00143.jpg,real,0.004006826784461737,0.08161234855651855
00950,CLIP-D,default,/media/CrispyMcMarkInc/Real_cropped_1024/00950.jpg,real,0.0003580058109946549,0.07857847213745117
00144,CLIP-D,default,/media/CrispyMcMarkInc/Real_cropped_1024/00144.jpg,real,0.0017159348353743553,0.07889294624328613
00716,CLIP-D,default,/media/CrispyMcMarkInc/Real_cropped_1024/00716.jpg,real,0.024994656443595886,0.08014202117919922
00438,CLIP-D,default,/media/CrispyMcMarkInc/Real_cropped_1024/00438.jpg,real,0.0003408334741834551,0.0782473087310791
00069,CLIP-D,default,/media/CrispyMcMarkInc/Real_cropped_1024/00069.jpg,real,0.0018323567928746343,0.07815885543823242
00366,CLIP-D,default,/media/CrispyMcMarkInc/Real_cropped_1024/00366.jpg,real,0.0026485309936106205,0.08159446716308594
00615,CLIP-D,default,/media/CrispyMcMarkInc/Real_cropped_1024/00615.jpg,real,0.020582355558872223,0.07870745658874512
00096,CLIP-D,default,/media/CrispyMcMarkInc/Real_cropped_1024/00096.jpg,real,0.013845991343259811,0.07917976379394531
00278,CLIP-D,default,/media/CrispyMcMarkInc/Real_cropped_1024/00278.jpg,real,0.0049581993371248245,0.07910656929016113
00760,CLIP-D,default,/media/CrispyMcMarkInc/Real_cropped_1024/00760.jpg,real,0.0006799689144827425,0.08008360862731934
00266,CLIP-D,default,/media/CrispyMcMarkInc/Real_cropped_1024/00266.jpg,real,0.0024360257666558027,0.07979869842529297
00437,CLIP-D,default,/media/CrispyMcMarkInc/Real_cropped_1024/00437.jpg,real,0.006940915714949369,0.07964825630187988
00726,CLIP-D,default,/media/CrispyMcMarkInc/Real_cropped_1024/00726.jpg,real,0.0009336299845017493,0.07873344421386719
00728,CLIP-D,default,/media/CrispyMcMarkInc/Real_cropped_1024/00728.jpg,real,0.004407308995723724,0.07918548583984375
00948,CLIP-D,default,/media/CrispyMcMarkInc/Real_cropped_1024/00948.jpg,real,0.005936396308243275,0.07908129692077637
00101,CLIP-D,default,/media/CrispyMcMarkInc/Real_cropped_1024/00101.jpg,real,0.00015914133109617978,0.07831931114196777
00664,CLIP-D,default,/media/CrispyMcMarkInc/Real_cropped_1024/00664.jpg,real,0.0017889317823573947,0.07773184776306152
00477,CLIP-D,default,/media/CrispyMcMarkInc/Real_cropped_1024/00477.jpg,real,0.00020895799389109015,0.08067202568054199
00165,CLIP-D,default,/media/CrispyMcMarkInc/Real_cropped_1024/00165.jpg,real,0.0009824486915022135,0.0702202320098877
00151,CLIP-D,default,/media/CrispyMcMarkInc/Real_cropped_1024/00151.jpg,real,0.0024415221996605396,0.0807185173034668
00632,CLIP-D,default,/media/CrispyMcMarkInc/Real_cropped_1024/00632.jpg,real,0.0952114537358284,0.0802302360534668
00380,CLIP-D,default,/media/CrispyMcMarkInc/Real_cropped_1024/00380.jpg,real,0.0015077608404681087,0.07970881462097168
00553,CLIP-D,default,/media/CrispyMcMarkInc/Real_cropped_1024/00553.jpg,real,0.0003439199645072222,0.08043789863586426
00100,CLIP-D,default,/media/CrispyMcMarkInc/Real_cropped_1024/00100.jpg,real,0.0010490062413737178,0.077911376953125
00876,CLIP-D,default,/media/CrispyMcMarkInc/Real_cropped_1024/00876.jpg,real,0.006595602259039879,0.08084917068481445
00371,CLIP-D,default,/media/CrispyMcMarkInc/Real_cropped_1024/00371.jpg,real,0.00021069996000733227,0.07793116569519043
00489,CLIP-D,default,/media/CrispyMcMarkInc/Real_cropped_1024/00489.jpg,real,0.0006821458227932453,0.0794515609741211
00182,CLIP-D,default,/media/CrispyMcMarkInc/Real_cropped_1024/00182.jpg,real,0.24026289582252502,0.07989811897277832
00441,CLIP-D,default,/media/CrispyMcMarkInc/Real_cropped_1024/00441.jpg,real,0.0009745223796926439,0.08037424087524414
00232,CLIP-D,default,/media/CrispyMcMarkInc/Real_cropped_1024/00232.jpg,real,0.0012859416892752051,0.07736945152282715
00279,CLIP-D,default,/media/CrispyMcMarkInc/Real_cropped_1024/00279.jpg,real,0.022931214421987534,0.079925537109375
00470,CLIP-D,default,/media/CrispyMcMarkInc/Real_cropped_1024/00470.jpg,real,0.00038208934711292386,0.07879376411437988
00179,CLIP-D,default,/media/CrispyMcMarkInc/Real_cropped_1024/00179.jpg,real,0.0002947960456367582,0.07998275756835938
00877,CLIP-D,default,/media/CrispyMcMarkInc/Real_cropped_1024/00877.jpg,real,0.0032073731999844313,0.07988977432250977
00996,CLIP-D,default,/media/CrispyMcMarkInc/Real_cropped_1024/00996.jpg,real,0.00047727051423862576,0.0789794921875
00149,CLIP-D,default,/media/CrispyMcMarkInc/Real_cropped_1024/00149.jpg,real,0.0002664115745574236,0.08215641975402832
00225,CLIP-D,default,/media/CrispyMcMarkInc/Real_cropped_1024/00225.jpg,real,0.1533966064453125,0.07829928398132324
00658,CLIP-D,default,/media/CrispyMcMarkInc/Real_cropped_1024/00658.jpg,real,0.0005172825767658651,0.07822418212890625
00340,CLIP-D,default,/media/CrispyMcMarkInc/Real_cropped_1024/00340.jpg,real,0.0035493692848831415,0.07880473136901855
00078,CLIP-D,default,/media/CrispyMcMarkInc/Real_cropped_1024/00078.jpg,real,0.003560950281098485,0.07175040245056152
00060,CLIP-D,default,/media/CrispyMcMarkInc/Real_cropped_1024/00060.jpg,real,0.0012882929295301437,0.07003974914550781
00855,CLIP-D,default,/media/CrispyMcMarkInc/Real_cropped_1024/00855.jpg,real,0.0019651083275675774,0.06979727745056152
00929,CLIP-D,default,/media/CrispyMcMarkInc/Real_cropped_1024/00929.jpg,real,0.0012677785707637668,0.07171750068664551
00439,CLIP-D,default,/media/CrispyMcMarkInc/Real_cropped_1024/00439.jpg,real,0.0054393550381064415,0.07270669937133789
00397,CLIP-D,default,/media/CrispyMcMarkInc/Real_cropped_1024/00397.jpg,real,0.016435613855719566,0.07252287864685059
00460,CLIP-D,default,/media/CrispyMcMarkInc/Real_cropped_1024/00460.jpg,real,0.0003684707044158131,0.07251644134521484
00859,CLIP-D,default,/media/CrispyMcMarkInc/Real_cropped_1024/00859.jpg,real,0.001022725715301931,0.07253384590148926
00195,CLIP-D,default,/media/CrispyMcMarkInc/Real_cropped_1024/00195.jpg,real,0.016162628307938576,0.0722036361694336
00868,CLIP-D,default,/media/CrispyMcMarkInc/Real_cropped_1024/00868.jpg,real,0.23033267259597778,0.07393980026245117
00028,CLIP-D,default,/media/CrispyMcMarkInc/Real_cropped_1024/00028.jpg,real,0.00251140003092587,0.07335472106933594
00132,CLIP-D,default,/media/CrispyMcMarkInc/Real_cropped_1024/00132.jpg,real,0.0007237079553306103,0.07051897048950195
00378,CLIP-D,default,/media/CrispyMcMarkInc/Real_cropped_1024/00378.jpg,real,0.03228690102696419,0.06978917121887207
00018,CLIP-D,default,/media/CrispyMcMarkInc/Real_cropped_1024/00018.jpg,real,0.036903541535139084,0.07005620002746582
00411,CLIP-D,default,/media/CrispyMcMarkInc/Real_cropped_1024/00411.jpg,real,9.76932278717868e-05,0.07047700881958008
00793,CLIP-D,default,/media/CrispyMcMarkInc/Real_cropped_1024/00793.jpg,real,0.0006055878475308418,0.07118606567382812
00647,CLIP-D,default,/media/CrispyMcMarkInc/Real_cropped_1024/00647.jpg,real,0.002984513994306326,0.07060575485229492
00383,CLIP-D,default,/media/CrispyMcMarkInc/Real_cropped_1024/00383.jpg,real,0.0003100456960964948,0.07009744644165039
00667,CLIP-D,default,/media/CrispyMcMarkInc/Real_cropped_1024/00667.jpg,real,0.0008129245252348483,0.06972312927246094
00292,CLIP-D,default,/media/CrispyMcMarkInc/Real_cropped_1024/00292.jpg,real,0.0006949028465896845,0.07092428207397461
00897,CLIP-D,default,/media/CrispyMcMarkInc/Real_cropped_1024/00897.jpg,real,0.16569718718528748,0.07106685638427734
00803,CLIP-D,default,/media/CrispyMcMarkInc/Real_cropped_1024/00803.jpg,real,0.0014832314336672425,0.07140088081359863
00917,CLIP-D,default,/media/CrispyMcMarkInc/Real_cropped_1024/00917.jpg,real,0.0013929768465459347,0.07018804550170898
00031,CLIP-D,default,/media/CrispyMcMarkInc/Real_cropped_1024/00031.jpg,real,0.0010526648256927729,0.07171750068664551
00447,CLIP-D,default,/media/CrispyMcMarkInc/Real_cropped_1024/00447.jpg,real,0.0004925148678012192,0.0716559886932373
00052,CLIP-D,default,/media/CrispyMcMarkInc/Real_cropped_1024/00052.jpg,real,0.00014922671834938228,0.0708763599395752
00486,CLIP-D,default,/media/CrispyMcMarkInc/Real_cropped_1024/00486.jpg,real,0.0008881997200660408,0.07168221473693848
00419,CLIP-D,default,/media/CrispyMcMarkInc/Real_cropped_1024/00419.jpg,real,0.28748950362205505,0.07128000259399414
00428,CLIP-D,default,/media/CrispyMcMarkInc/Real_cropped_1024/00428.jpg,real,0.0011414894834160805,0.06984376907348633
00777,CLIP-D,default,/media/CrispyMcMarkInc/Real_cropped_1024/00777.jpg,real,0.00018680783978197724,0.07005047798156738
00354,CLIP-D,default,/media/CrispyMcMarkInc/Real_cropped_1024/00354.jpg,real,0.02918730117380619,0.0702979564666748
00633,CLIP-D,default,/media/CrispyMcMarkInc/Real_cropped_1024/00633.jpg,real,0.00015481635637115687,0.06974124908447266
00284,CLIP-D,default,/media/CrispyMcMarkInc/Real_cropped_1024/00284.jpg,real,0.0942014828324318,0.07007718086242676
00797,CLIP-D,default,/media/CrispyMcMarkInc/Real_cropped_1024/00797.jpg,real,0.00018977350555360317,0.07032418251037598
00323,CLIP-D,default,/media/CrispyMcMarkInc/Real_cropped_1024/00323.jpg,fake,0.8419987559318542,0.07110095024108887
00019,CLIP-D,default,/media/CrispyMcMarkInc/Real_cropped_1024/00019.jpg,real,0.000817890337202698,0.07071995735168457
00982,CLIP-D,default,/media/CrispyMcMarkInc/Real_cropped_1024/00982.jpg,real,6.585534720215946e-05,0.07132339477539062
00355,CLIP-D,default,/media/CrispyMcMarkInc/Real_cropped_1024/00355.jpg,real,0.0024409403558820486,0.0706486701965332
00216,CLIP-D,default,/media/CrispyMcMarkInc/Real_cropped_1024/00216.jpg,real,0.001772772753611207,0.07049036026000977
00107,CLIP-D,default,/media/CrispyMcMarkInc/Real_cropped_1024/00107.jpg,real,0.01464805193245411,0.07091856002807617
00821,CLIP-D,default,/media/CrispyMcMarkInc/Real_cropped_1024/00821.jpg,real,0.003257338423281908,0.07069206237792969
00065,CLIP-D,default,/media/CrispyMcMarkInc/Real_cropped_1024/00065.jpg,real,0.0003723282425198704,0.07026839256286621
00082,CLIP-D,default,/media/CrispyMcMarkInc/Real_cropped_1024/00082.jpg,real,0.009975005872547626,0.07032036781311035
00636,CLIP-D,default,/media/CrispyMcMarkInc/Real_cropped_1024/00636.jpg,real,0.00016662686539348215,0.07103729248046875
00314,CLIP-D,default,/media/CrispyMcMarkInc/Real_cropped_1024/00314.jpg,real,0.0014332352438941598,0.0704798698425293
00576,CLIP-D,default,/media/CrispyMcMarkInc/Real_cropped_1024/00576.jpg,real,0.0018485606415197253,0.070770263671875
00891,CLIP-D,default,/media/CrispyMcMarkInc/Real_cropped_1024/00891.jpg,real,0.006156448740512133,0.07041645050048828
00831,CLIP-D,default,/media/CrispyMcMarkInc/Real_cropped_1024/00831.jpg,real,0.004307106602936983,0.06948018074035645
00894,CLIP-D,default,/media/CrispyMcMarkInc/Real_cropped_1024/00894.jpg,real,0.10683684051036835,0.07024216651916504
00420,CLIP-D,default,/media/CrispyMcMarkInc/Real_cropped_1024/00420.jpg,real,0.00911417044699192,0.07036805152893066
00145,CLIP-D,default,/media/CrispyMcMarkInc/Real_cropped_1024/00145.jpg,real,0.007432800717651844,0.07135510444641113
00260,CLIP-D,default,/media/CrispyMcMarkInc/Real_cropped_1024/00260.jpg,real,0.02077077515423298,0.07096099853515625
00737,CLIP-D,default,/media/CrispyMcMarkInc/Real_cropped_1024/00737.jpg,real,0.0013120839139446616,0.07081890106201172
00545,CLIP-D,default,/media/CrispyMcMarkInc/Real_cropped_1024/00545.jpg,real,0.0008038890664465725,0.07162833213806152
00542,CLIP-D,default,/media/CrispyMcMarkInc/Real_cropped_1024/00542.jpg,real,0.00292953010648489,0.07182836532592773
00186,CLIP-D,default,/media/CrispyMcMarkInc/Real_cropped_1024/00186.jpg,real,0.00048285454977303743,0.07141876220703125
00808,CLIP-D,default,/media/CrispyMcMarkInc/Real_cropped_1024/00808.jpg,real,0.09480484575033188,0.07691454887390137
00270,CLIP-D,default,/media/CrispyMcMarkInc/Real_cropped_1024/00270.jpg,real,0.0016523334197700024,0.0709543228149414
00795,CLIP-D,default,/media/CrispyMcMarkInc/Real_cropped_1024/00795.jpg,real,0.018413882702589035,0.07281160354614258
00388,CLIP-D,default,/media/CrispyMcMarkInc/Real_cropped_1024/00388.jpg,real,0.002347551519051194,0.07092022895812988
00784,CLIP-D,default,/media/CrispyMcMarkInc/Real_cropped_1024/00784.jpg,real,0.013779310509562492,0.07067608833312988
00462,CLIP-D,default,/media/CrispyMcMarkInc/Real_cropped_1024/00462.jpg,real,0.008281453512609005,0.07299423217773438
00261,CLIP-D,default,/media/CrispyMcMarkInc/Real_cropped_1024/00261.jpg,real,0.00015535463171545416,0.07216835021972656
00205,CLIP-D,default,/media/CrispyMcMarkInc/Real_cropped_1024/00205.jpg,real,0.017785362899303436,0.07219910621643066
00922,CLIP-D,default,/media/CrispyMcMarkInc/Real_cropped_1024/00922.jpg,real,0.004856050945818424,0.07056140899658203
00453,CLIP-D,default,/media/CrispyMcMarkInc/Real_cropped_1024/00453.jpg,real,0.0009384767035953701,0.07137203216552734
00025,CLIP-D,default,/media/CrispyMcMarkInc/Real_cropped_1024/00025.jpg,real,0.0026536223012953997,0.06979227066040039
00478,CLIP-D,default,/media/CrispyMcMarkInc/Real_cropped_1024/00478.jpg,real,0.0008215811103582382,0.06984901428222656
00866,CLIP-D,default,/media/CrispyMcMarkInc/Real_cropped_1024/00866.jpg,real,0.00016952709120232612,0.07178926467895508
00810,CLIP-D,default,/media/CrispyMcMarkInc/Real_cropped_1024/00810.jpg,real,0.0002300943451700732,0.07098507881164551
00083,CLIP-D,default,/media/CrispyMcMarkInc/Real_cropped_1024/00083.jpg,real,0.003722506109625101,0.07266831398010254
00635,CLIP-D,default,/media/CrispyMcMarkInc/Real_cropped_1024/00635.jpg,real,0.0023882235400378704,0.07265138626098633
00059,CLIP-D,default,/media/CrispyMcMarkInc/Real_cropped_1024/00059.jpg,real,8.180270378943533e-05,0.07079887390136719
00194,CLIP-D,default,/media/CrispyMcMarkInc/Real_cropped_1024/00194.jpg,real,0.013545464724302292,0.07043838500976562
00921,CLIP-D,default,/media/CrispyMcMarkInc/Real_cropped_1024/00921.jpg,real,0.0062455227598547935,0.0713202953338623
00204,CLIP-D,default,/media/CrispyMcMarkInc/Real_cropped_1024/00204.jpg,real,0.4882492125034332,0.07166695594787598
00116,CLIP-D,default,/media/CrispyMcMarkInc/Real_cropped_1024/00116.jpg,real,0.10959875583648682,0.07014298439025879
00175,CLIP-D,default,/media/CrispyMcMarkInc/Real_cropped_1024/00175.jpg,fake,0.9494820237159729,0.0705564022064209
00731,CLIP-D,default,/media/CrispyMcMarkInc/Real_cropped_1024/00731.jpg,real,0.0006740529788658023,0.0701131820678711
00368,CLIP-D,default,/media/CrispyMcMarkInc/Real_cropped_1024/00368.jpg,real,0.0005957780522294343,0.07001137733459473
00271,CLIP-D,default,/media/CrispyMcMarkInc/Real_cropped_1024/00271.jpg,real,0.0008185483748093247,0.0697638988494873
00109,CLIP-D,default,/media/CrispyMcMarkInc/Real_cropped_1024/00109.jpg,real,0.00014139786071609706,0.0711972713470459
00471,CLIP-D,default,/media/CrispyMcMarkInc/Real_cropped_1024/00471.jpg,real,0.00010358735744375736,0.07031416893005371
00709,CLIP-D,default,/media/CrispyMcMarkInc/Real_cropped_1024/00709.jpg,real,0.0008627717616036534,0.07008934020996094
00190,CLIP-D,default,/media/CrispyMcMarkInc/Real_cropped_1024/00190.jpg,real,0.000746007717680186,0.07133722305297852
00289,CLIP-D,default,/media/CrispyMcMarkInc/Real_cropped_1024/00289.jpg,real,0.0033717749174684286,0.07176804542541504
00180,CLIP-D,default,/media/CrispyMcMarkInc/Real_cropped_1024/00180.jpg,real,0.0008567838231101632,0.07175421714782715
00813,CLIP-D,default,/media/CrispyMcMarkInc/Real_cropped_1024/00813.jpg,real,0.002801674185320735,0.07090377807617188
00226,CLIP-D,default,/media/CrispyMcMarkInc/Real_cropped_1024/00226.jpg,real,0.02164299599826336,0.07212328910827637
00884,CLIP-D,default,/media/CrispyMcMarkInc/Real_cropped_1024/00884.jpg,real,0.001000742195174098,0.07180023193359375
00769,CLIP-D,default,/media/CrispyMcMarkInc/Real_cropped_1024/00769.jpg,real,0.01547117717564106,0.07299375534057617
00304,CLIP-D,default,/media/CrispyMcMarkInc/Real_cropped_1024/00304.jpg,real,0.003970998805016279,0.0710456371307373
00558,CLIP-D,default,/media/CrispyMcMarkInc/Real_cropped_1024/00558.jpg,real,0.008027751930058002,0.07269120216369629
00472,CLIP-D,default,/media/CrispyMcMarkInc/Real_cropped_1024/00472.jpg,real,0.03007389046251774,0.07056927680969238
00092,CLIP-D,default,/media/CrispyMcMarkInc/Real_cropped_1024/00092.jpg,real,0.0012613072758540511,0.07377099990844727
00954,CLIP-D,default,/media/CrispyMcMarkInc/Real_cropped_1024/00954.jpg,real,0.0012482063611969352,0.0704498291015625
00942,CLIP-D,default,/media/CrispyMcMarkInc/Real_cropped_1024/00942.jpg,real,0.005075679160654545,0.07060742378234863
00755,CLIP-D,default,/media/CrispyMcMarkInc/Real_cropped_1024/00755.jpg,real,0.003040002193301916,0.07048368453979492
00408,CLIP-D,default,/media/CrispyMcMarkInc/Real_cropped_1024/00408.jpg,real,0.031064551323652267,0.0708000659942627
00531,CLIP-D,default,/media/CrispyMcMarkInc/Real_cropped_1024/00531.jpg,real,0.23150546848773956,0.07104325294494629
00580,CLIP-D,default,/media/CrispyMcMarkInc/Real_cropped_1024/00580.jpg,fake,0.9964608550071716,0.07172226905822754
00088,CLIP-D,default,/media/CrispyMcMarkInc/Real_cropped_1024/00088.jpg,real,0.0003413072554394603,0.0698995590209961
00415,CLIP-D,default,/media/CrispyMcMarkInc/Real_cropped_1024/00415.jpg,real,0.00034911895636469126,0.0710756778717041
00799,CLIP-D,default,/media/CrispyMcMarkInc/Real_cropped_1024/00799.jpg,real,0.003567024599760771,0.0705568790435791
00752,CLIP-D,default,/media/CrispyMcMarkInc/Real_cropped_1024/00752.jpg,real,0.0025415304116904736,0.07115745544433594
00264,CLIP-D,default,/media/CrispyMcMarkInc/Real_cropped_1024/00264.jpg,real,0.0013122757663950324,0.07305550575256348
00790,CLIP-D,default,/media/CrispyMcMarkInc/Real_cropped_1024/00790.jpg,real,0.0015583111671730876,0.07025671005249023
00496,CLIP-D,default,/media/CrispyMcMarkInc/Real_cropped_1024/00496.jpg,real,0.000756872643250972,0.0707542896270752
00056,CLIP-D,default,/media/CrispyMcMarkInc/Real_cropped_1024/00056.jpg,real,0.000638055382296443,0.07026028633117676
00009,CLIP-D,default,/media/CrispyMcMarkInc/Real_cropped_1024/00009.jpg,real,0.0021105443593114614,0.07049560546875
00608,CLIP-D,default,/media/CrispyMcMarkInc/Real_cropped_1024/00608.jpg,real,0.002813733881339431,0.0705254077911377
00923,CLIP-D,default,/media/CrispyMcMarkInc/Real_cropped_1024/00923.jpg,real,0.014574412256479263,0.07230472564697266
00847,CLIP-D,default,/media/CrispyMcMarkInc/Real_cropped_1024/00847.jpg,real,2.7133190087624826e-05,0.07287383079528809
00164,CLIP-D,default,/media/CrispyMcMarkInc/Real_cropped_1024/00164.jpg,real,0.0001124617483583279,0.07165217399597168
00287,CLIP-D,default,/media/CrispyMcMarkInc/Real_cropped_1024/00287.jpg,real,0.0001056064575095661,0.07256913185119629
00735,CLIP-D,default,/media/CrispyMcMarkInc/Real_cropped_1024/00735.jpg,real,0.0005372769082896411,0.07648348808288574
00349,CLIP-D,default,/media/CrispyMcMarkInc/Real_cropped_1024/00349.jpg,real,0.01637309417128563,0.07457280158996582
00933,CLIP-D,default,/media/CrispyMcMarkInc/Real_cropped_1024/00933.jpg,real,0.0008465612190775573,0.0798192024230957
00400,CLIP-D,default,/media/CrispyMcMarkInc/Real_cropped_1024/00400.jpg,real,0.0003343984135426581,0.07402777671813965
00710,CLIP-D,default,/media/CrispyMcMarkInc/Real_cropped_1024/00710.jpg,real,4.3219883082201704e-05,0.07174253463745117
00451,CLIP-D,default,/media/CrispyMcMarkInc/Real_cropped_1024/00451.jpg,real,0.001090309931896627,0.07138729095458984
00183,CLIP-D,default,/media/CrispyMcMarkInc/Real_cropped_1024/00183.jpg,real,0.00010256308451062068,0.07247257232666016
00336,CLIP-D,default,/media/CrispyMcMarkInc/Real_cropped_1024/00336.jpg,real,0.001556744216941297,0.07542181015014648
00925,CLIP-D,default,/media/CrispyMcMarkInc/Real_cropped_1024/00925.jpg,real,0.00047084238030947745,0.07909250259399414
00251,CLIP-D,default,/media/CrispyMcMarkInc/Real_cropped_1024/00251.jpg,real,7.967764395289123e-05,0.07781982421875
00430,CLIP-D,default,/media/CrispyMcMarkInc/Real_cropped_1024/00430.jpg,real,0.12087482213973999,0.07392001152038574
00717,CLIP-D,default,/media/CrispyMcMarkInc/Real_cropped_1024/00717.jpg,real,0.0029374617151916027,0.07704997062683105
00515,CLIP-D,default,/media/CrispyMcMarkInc/Real_cropped_1024/00515.jpg,real,0.001621177070774138,0.08032369613647461
00172,CLIP-D,default,/media/CrispyMcMarkInc/Real_cropped_1024/00172.jpg,real,0.07076116651296616,0.08180737495422363
00712,CLIP-D,default,/media/CrispyMcMarkInc/Real_cropped_1024/00712.jpg,real,0.006460502278059721,0.0787043571472168
00674,CLIP-D,default,/media/CrispyMcMarkInc/Real_cropped_1024/00674.jpg,real,0.0005516904639080167,0.0818631649017334
00294,CLIP-D,default,/media/CrispyMcMarkInc/Real_cropped_1024/00294.jpg,real,0.0003739649255294353,0.07531261444091797
00690,CLIP-D,default,/media/CrispyMcMarkInc/Real_cropped_1024/00690.jpg,real,0.0003720241948030889,0.07172369956970215
00299,CLIP-D,default,/media/CrispyMcMarkInc/Real_cropped_1024/00299.jpg,real,0.21698403358459473,0.07285046577453613
00267,CLIP-D,default,/media/CrispyMcMarkInc/Real_cropped_1024/00267.jpg,real,0.004480497445911169,0.0717465877532959
00886,CLIP-D,default,/media/CrispyMcMarkInc/Real_cropped_1024/00886.jpg,real,0.02098730020225048,0.07962822914123535
00559,CLIP-D,default,/media/CrispyMcMarkInc/Real_cropped_1024/00559.jpg,real,0.01114797592163086,0.07307744026184082
00565,CLIP-D,default,/media/CrispyMcMarkInc/Real_cropped_1024/00565.jpg,real,0.0518898107111454,0.08382439613342285
00651,CLIP-D,default,/media/CrispyMcMarkInc/Real_cropped_1024/00651.jpg,fake,0.7913205623626709,0.08092951774597168
00765,CLIP-D,default,/media/CrispyMcMarkInc/Real_cropped_1024/00765.jpg,real,0.04912947490811348,0.07427620887756348
00671,CLIP-D,default,/media/CrispyMcMarkInc/Real_cropped_1024/00671.jpg,real,0.0005730750854127109,0.07217812538146973
00634,CLIP-D,default,/media/CrispyMcMarkInc/Real_cropped_1024/00634.jpg,real,0.00022042132331989706,0.07150578498840332
00467,CLIP-D,default,/media/CrispyMcMarkInc/Real_cropped_1024/00467.jpg,real,0.0004836678272113204,0.06975555419921875
00414,CLIP-D,default,/media/CrispyMcMarkInc/Real_cropped_1024/00414.jpg,real,0.019166719168424606,0.07072210311889648
00824,CLIP-D,default,/media/CrispyMcMarkInc/Real_cropped_1024/00824.jpg,real,0.003549527609720826,0.07019209861755371
00091,CLIP-D,default,/media/CrispyMcMarkInc/Real_cropped_1024/00091.jpg,real,0.0007073783781379461,0.07024478912353516
00583,CLIP-D,default,/media/CrispyMcMarkInc/Real_cropped_1024/00583.jpg,real,0.0013132228050380945,0.07036328315734863
00112,CLIP-D,default,/media/CrispyMcMarkInc/Real_cropped_1024/00112.jpg,real,0.0003935324202757329,0.07007694244384766
00322,CLIP-D,default,/media/CrispyMcMarkInc/Real_cropped_1024/00322.jpg,real,0.0016515235183760524,0.07133865356445312
00167,CLIP-D,default,/media/CrispyMcMarkInc/Real_cropped_1024/00167.jpg,real,0.00045361227239482105,0.0715487003326416
00551,CLIP-D,default,/media/CrispyMcMarkInc/Real_cropped_1024/00551.jpg,real,0.0020266645587980747,0.07539963722229004
00953,CLIP-D,default,/media/CrispyMcMarkInc/Real_cropped_1024/00953.jpg,real,0.00874695461243391,0.07237052917480469
00007,CLIP-D,default,/media/CrispyMcMarkInc/Real_cropped_1024/00007.jpg,real,0.007378063164651394,0.0722055435180664
00738,CLIP-D,default,/media/CrispyMcMarkInc/Real_cropped_1024/00738.jpg,real,0.00401263264939189,0.07194900512695312
00573,CLIP-D,default,/media/CrispyMcMarkInc/Real_cropped_1024/00573.jpg,real,0.004889227915555239,0.0699911117553711
00347,CLIP-D,default,/media/CrispyMcMarkInc/Real_cropped_1024/00347.jpg,real,0.009740679524838924,0.07100582122802734
00436,CLIP-D,default,/media/CrispyMcMarkInc/Real_cropped_1024/00436.jpg,real,0.000608302594628185,0.07012486457824707
00174,CLIP-D,default,/media/CrispyMcMarkInc/Real_cropped_1024/00174.jpg,real,0.010173474438488483,0.07136988639831543
00351,CLIP-D,default,/media/CrispyMcMarkInc/Real_cropped_1024/00351.jpg,real,0.0030390629544854164,0.06940388679504395
00384,CLIP-D,default,/media/CrispyMcMarkInc/Real_cropped_1024/00384.jpg,real,0.019762663170695305,0.07115530967712402
00620,CLIP-D,default,/media/CrispyMcMarkInc/Real_cropped_1024/00620.jpg,real,0.00010195141658186913,0.07090067863464355
00796,CLIP-D,default,/media/CrispyMcMarkInc/Real_cropped_1024/00796.jpg,real,0.00018566336075309664,0.0702207088470459
00556,CLIP-D,default,/media/CrispyMcMarkInc/Real_cropped_1024/00556.jpg,real,0.0013317156117409468,0.07148504257202148
00217,CLIP-D,default,/media/CrispyMcMarkInc/Real_cropped_1024/00217.jpg,real,0.006944107357412577,0.07172203063964844
00455,CLIP-D,default,/media/CrispyMcMarkInc/Real_cropped_1024/00455.jpg,real,0.005934050306677818,0.07172822952270508
00253,CLIP-D,default,/media/CrispyMcMarkInc/Real_cropped_1024/00253.jpg,real,0.001991389086470008,0.07134270668029785
00067,CLIP-D,default,/media/CrispyMcMarkInc/Real_cropped_1024/00067.jpg,real,0.028137512505054474,0.073150634765625
00220,CLIP-D,default,/media/CrispyMcMarkInc/Real_cropped_1024/00220.jpg,real,0.0007338700233958662,0.07140612602233887
00066,CLIP-D,default,/media/CrispyMcMarkInc/Real_cropped_1024/00066.jpg,real,0.00043738927342928946,0.07261347770690918
00764,CLIP-D,default,/media/CrispyMcMarkInc/Real_cropped_1024/00764.jpg,real,0.2734599709510803,0.0739588737487793
00432,CLIP-D,default,/media/CrispyMcMarkInc/Real_cropped_1024/00432.jpg,real,0.0047792415134608746,0.07381916046142578
00000,CLIP-D,default,/media/CrispyMcMarkInc/Real_cropped_1024/00000.jpg,real,0.018578851595520973,0.07331013679504395
00503,CLIP-D,default,/media/CrispyMcMarkInc/Real_cropped_1024/00503.jpg,real,0.0038162756245583296,0.07440948486328125
00552,CLIP-D,default,/media/CrispyMcMarkInc/Real_cropped_1024/00552.jpg,real,0.0003610150015447289,0.07269906997680664
00331,CLIP-D,default,/media/CrispyMcMarkInc/Real_cropped_1024/00331.jpg,real,0.03908718377351761,0.07519316673278809
00484,CLIP-D,default,/media/CrispyMcMarkInc/Real_cropped_1024/00484.jpg,real,0.008044742979109287,0.07903265953063965
00977,CLIP-D,default,/media/CrispyMcMarkInc/Real_cropped_1024/00977.jpg,real,0.0005797504563815892,0.07711195945739746
00502,CLIP-D,default,/media/CrispyMcMarkInc/Real_cropped_1024/00502.jpg,real,0.025022342801094055,0.07919859886169434
00763,CLIP-D,default,/media/CrispyMcMarkInc/Real_cropped_1024/00763.jpg,real,0.04754259064793587,0.08019208908081055
00957,CLIP-D,default,/media/CrispyMcMarkInc/Real_cropped_1024/00957.jpg,real,0.0024125606287270784,0.07234954833984375
00348,CLIP-D,default,/media/CrispyMcMarkInc/Real_cropped_1024/00348.jpg,real,0.002307545393705368,0.07117772102355957
00627,CLIP-D,default,/media/CrispyMcMarkInc/Real_cropped_1024/00627.jpg,real,0.00304809701628983,0.07235479354858398
00527,CLIP-D,default,/media/CrispyMcMarkInc/Real_cropped_1024/00527.jpg,real,0.000584437686484307,0.07206273078918457
00054,CLIP-D,default,/media/CrispyMcMarkInc/Real_cropped_1024/00054.jpg,real,0.00037790046189911664,0.0704498291015625
00002,CLIP-D,default,/media/CrispyMcMarkInc/Real_cropped_1024/00002.jpg,real,0.0029918018262833357,0.0721430778503418
00967,CLIP-D,default,/media/CrispyMcMarkInc/Real_cropped_1024/00967.jpg,real,0.00045996790868230164,0.07305169105529785
00642,CLIP-D,default,/media/CrispyMcMarkInc/Real_cropped_1024/00642.jpg,real,0.0004299005086068064,0.07261967658996582
00785,CLIP-D,default,/media/CrispyMcMarkInc/Real_cropped_1024/00785.jpg,real,0.000595380668528378,0.07242250442504883
00800,CLIP-D,default,/media/CrispyMcMarkInc/Real_cropped_1024/00800.jpg,real,0.0025141779333353043,0.07247400283813477
00126,CLIP-D,default,/media/CrispyMcMarkInc/Real_cropped_1024/00126.jpg,real,0.0028970714192837477,0.07205891609191895
00248,CLIP-D,default,/media/CrispyMcMarkInc/Real_cropped_1024/00248.jpg,real,0.0072134509682655334,0.07211160659790039
00118,CLIP-D,default,/media/CrispyMcMarkInc/Real_cropped_1024/00118.jpg,real,0.00035190224298276007,0.07249855995178223
00979,CLIP-D,default,/media/CrispyMcMarkInc/Real_cropped_1024/00979.jpg,real,0.0006308456650003791,0.07228446006774902
00244,CLIP-D,default,/media/CrispyMcMarkInc/Real_cropped_1024/00244.jpg,real,0.0007627556915394962,0.07317471504211426
00125,CLIP-D,default,/media/CrispyMcMarkInc/Real_cropped_1024/00125.jpg,fake,0.9402984976768494,0.07229495048522949
00072,CLIP-D,default,/media/CrispyMcMarkInc/Real_cropped_1024/00072.jpg,real,0.2732541859149933,0.07302713394165039
00295,CLIP-D,default,/media/CrispyMcMarkInc/Real_cropped_1024/00295.jpg,fake,0.9996935129165649,0.07094359397888184
00937,CLIP-D,default,/media/CrispyMcMarkInc/Real_cropped_1024/00937.jpg,real,0.0033313040621578693,0.0721888542175293
00367,CLIP-D,default,/media/CrispyMcMarkInc/Real_cropped_1024/00367.jpg,real,0.03888079896569252,0.07093620300292969
00391,CLIP-D,default,/media/CrispyMcMarkInc/Real_cropped_1024/00391.jpg,real,0.0024964273907244205,0.0748739242553711
00849,CLIP-D,default,/media/CrispyMcMarkInc/Real_cropped_1024/00849.jpg,real,0.00819568894803524,0.07185077667236328
00140,CLIP-D,default,/media/CrispyMcMarkInc/Real_cropped_1024/00140.jpg,real,0.016145842149853706,0.07474064826965332
00832,CLIP-D,default,/media/CrispyMcMarkInc/Real_cropped_1024/00832.jpg,real,0.09511864185333252,0.07249283790588379
00184,CLIP-D,default,/media/CrispyMcMarkInc/Real_cropped_1024/00184.jpg,real,0.0020515527576208115,0.07321548461914062
00519,CLIP-D,default,/media/CrispyMcMarkInc/Real_cropped_1024/00519.jpg,real,0.0038330170791596174,0.0801553726196289
00245,CLIP-D,default,/media/CrispyMcMarkInc/Real_cropped_1024/00245.jpg,real,0.00018788590386975557,0.08071541786193848
00830,CLIP-D,default,/media/CrispyMcMarkInc/Real_cropped_1024/00830.jpg,real,0.002496634144335985,0.08134341239929199
00984,CLIP-D,default,/media/CrispyMcMarkInc/Real_cropped_1024/00984.jpg,real,0.00021028632181696594,0.07487201690673828
00234,CLIP-D,default,/media/CrispyMcMarkInc/Real_cropped_1024/00234.jpg,real,0.0004628320748452097,0.07173538208007812
00768,CLIP-D,default,/media/CrispyMcMarkInc/Real_cropped_1024/00768.jpg,real,0.00019310874631628394,0.07506060600280762
00913,CLIP-D,default,/media/CrispyMcMarkInc/Real_cropped_1024/00913.jpg,real,0.345978319644928,0.07505464553833008
00343,CLIP-D,default,/media/CrispyMcMarkInc/Real_cropped_1024/00343.jpg,real,0.05718760937452316,0.07477116584777832
00387,CLIP-D,default,/media/CrispyMcMarkInc/Real_cropped_1024/00387.jpg,real,0.009263942018151283,0.07288599014282227
00036,CLIP-D,default,/media/CrispyMcMarkInc/Real_cropped_1024/00036.jpg,real,0.09123706817626953,0.07609701156616211
00219,CLIP-D,default,/media/CrispyMcMarkInc/Real_cropped_1024/00219.jpg,real,0.36316099762916565,0.08123087882995605
00786,CLIP-D,default,/media/CrispyMcMarkInc/Real_cropped_1024/00786.jpg,real,0.0007612289628013968,0.0805962085723877
00084,CLIP-D,default,/media/CrispyMcMarkInc/Real_cropped_1024/00084.jpg,real,0.00035158253740519285,0.0797114372253418
00691,CLIP-D,default,/media/CrispyMcMarkInc/Real_cropped_1024/00691.jpg,real,0.004645114298909903,0.07893967628479004
00748,CLIP-D,default,/media/CrispyMcMarkInc/Real_cropped_1024/00748.jpg,fake,0.9769957065582275,0.08083963394165039
00309,CLIP-D,default,/media/CrispyMcMarkInc/Real_cropped_1024/00309.jpg,real,0.00531532010063529,0.08054709434509277
00604,CLIP-D,default,/media/CrispyMcMarkInc/Real_cropped_1024/00604.jpg,real,0.000997586059384048,0.08055353164672852
00256,CLIP-D,default,/media/CrispyMcMarkInc/Real_cropped_1024/00256.jpg,real,0.00045291901915334165,0.07922673225402832
00601,CLIP-D,default,/media/CrispyMcMarkInc/Real_cropped_1024/00601.jpg,real,0.0025623266119509935,0.07158708572387695
00928,CLIP-D,default,/media/CrispyMcMarkInc/Real_cropped_1024/00928.jpg,real,0.0005202533793635666,0.07177019119262695
00189,CLIP-D,default,/media/CrispyMcMarkInc/Real_cropped_1024/00189.jpg,real,0.004196042660623789,0.07160091400146484
00902,CLIP-D,default,/media/CrispyMcMarkInc/Real_cropped_1024/00902.jpg,real,0.007439065258949995,0.0755608081817627
00638,CLIP-D,default,/media/CrispyMcMarkInc/Real_cropped_1024/00638.jpg,real,0.003596986411139369,0.07538294792175293
00722,CLIP-D,default,/media/CrispyMcMarkInc/Real_cropped_1024/00722.jpg,real,0.0023546102456748486,0.07420468330383301
00844,CLIP-D,default,/media/CrispyMcMarkInc/Real_cropped_1024/00844.jpg,real,0.0005082824500277638,0.07192611694335938
00520,CLIP-D,default,/media/CrispyMcMarkInc/Real_cropped_1024/00520.jpg,real,0.0025848669465631247,0.07306551933288574
00008,CLIP-D,default,/media/CrispyMcMarkInc/Real_cropped_1024/00008.jpg,real,0.0004390036629047245,0.07159614562988281
00579,CLIP-D,default,/media/CrispyMcMarkInc/Real_cropped_1024/00579.jpg,real,0.0016381891909986734,0.07067465782165527
00401,CLIP-D,default,/media/CrispyMcMarkInc/Real_cropped_1024/00401.jpg,real,0.004609184805303812,0.07169342041015625
00818,CLIP-D,default,/media/CrispyMcMarkInc/Real_cropped_1024/00818.jpg,real,0.0007871193811297417,0.07203793525695801
00049,CLIP-D,default,/media/CrispyMcMarkInc/Real_cropped_1024/00049.jpg,real,0.0001323920878348872,0.07448959350585938
00672,CLIP-D,default,/media/CrispyMcMarkInc/Real_cropped_1024/00672.jpg,real,0.00023786535894032568,0.07086730003356934
00915,CLIP-D,default,/media/CrispyMcMarkInc/Real_cropped_1024/00915.jpg,real,0.0019884584471583366,0.07189679145812988
00196,CLIP-D,default,/media/CrispyMcMarkInc/Real_cropped_1024/00196.jpg,real,0.0012178006581962109,0.07279729843139648
00405,CLIP-D,default,/media/CrispyMcMarkInc/Real_cropped_1024/00405.jpg,real,0.0040303547866642475,0.07082533836364746
00350,CLIP-D,default,/media/CrispyMcMarkInc/Real_cropped_1024/00350.jpg,real,0.009739967063069344,0.07215070724487305
00142,CLIP-D,default,/media/CrispyMcMarkInc/Real_cropped_1024/00142.jpg,real,0.0025556557811796665,0.07210445404052734
00811,CLIP-D,default,/media/CrispyMcMarkInc/Real_cropped_1024/00811.jpg,real,0.05081995204091072,0.0733797550201416
00947,CLIP-D,default,/media/CrispyMcMarkInc/Real_cropped_1024/00947.jpg,real,0.000649040681309998,0.07190680503845215
00272,CLIP-D,default,/media/CrispyMcMarkInc/Real_cropped_1024/00272.jpg,real,0.001533781411126256,0.07223105430603027
00739,CLIP-D,default,/media/CrispyMcMarkInc/Real_cropped_1024/00739.jpg,real,0.0028247032314538956,0.07160139083862305
00920,CLIP-D,default,/media/CrispyMcMarkInc/Real_cropped_1024/00920.jpg,real,0.004008052404969931,0.07067418098449707
00653,CLIP-D,default,/media/CrispyMcMarkInc/Real_cropped_1024/00653.jpg,real,0.0009379841503687203,0.07097053527832031
00593,CLIP-D,default,/media/CrispyMcMarkInc/Real_cropped_1024/00593.jpg,real,0.00037190766306594014,0.0720815658569336
00358,CLIP-D,default,/media/CrispyMcMarkInc/Real_cropped_1024/00358.jpg,real,0.005804719403386116,0.07352972030639648
00857,CLIP-D,default,/media/CrispyMcMarkInc/Real_cropped_1024/00857.jpg,real,0.0012425552122294903,0.07268667221069336
00297,CLIP-D,default,/media/CrispyMcMarkInc/Real_cropped_1024/00297.jpg,real,0.002466002246364951,0.07093358039855957
00500,CLIP-D,default,/media/CrispyMcMarkInc/Real_cropped_1024/00500.jpg,real,0.015735816210508347,0.07650113105773926
00958,CLIP-D,default,/media/CrispyMcMarkInc/Real_cropped_1024/00958.jpg,real,0.0029661888256669044,0.07798910140991211
00985,CLIP-D,default,/media/CrispyMcMarkInc/Real_cropped_1024/00985.jpg,real,0.000895549135748297,0.07861852645874023
00895,CLIP-D,default,/media/CrispyMcMarkInc/Real_cropped_1024/00895.jpg,real,0.002324326429516077,0.08129382133483887
00162,CLIP-D,default,/media/CrispyMcMarkInc/Real_cropped_1024/00162.jpg,real,0.0001597758091520518,0.07524490356445312
00976,CLIP-D,default,/media/CrispyMcMarkInc/Real_cropped_1024/00976.jpg,real,0.40222954750061035,0.07374835014343262
00185,CLIP-D,default,/media/CrispyMcMarkInc/Real_cropped_1024/00185.jpg,real,0.0020550955086946487,0.07191991806030273
00038,CLIP-D,default,/media/CrispyMcMarkInc/Real_cropped_1024/00038.jpg,real,0.0004293815582059324,0.07204508781433105
00409,CLIP-D,default,/media/CrispyMcMarkInc/Real_cropped_1024/00409.jpg,real,0.00038810717524029315,0.07244324684143066
00992,CLIP-D,default,/media/CrispyMcMarkInc/Real_cropped_1024/00992.jpg,fake,0.8144155740737915,0.07321834564208984
00861,CLIP-D,default,/media/CrispyMcMarkInc/Real_cropped_1024/00861.jpg,real,0.0009323458652943373,0.07092118263244629
00313,CLIP-D,default,/media/CrispyMcMarkInc/Real_cropped_1024/00313.jpg,real,0.0011203298345208168,0.07272601127624512
00211,CLIP-D,default,/media/CrispyMcMarkInc/Real_cropped_1024/00211.jpg,real,0.0009599077748134732,0.07065582275390625
00988,CLIP-D,default,/media/CrispyMcMarkInc/Real_cropped_1024/00988.jpg,real,0.0009085116907954216,0.07276749610900879
00599,CLIP-D,default,/media/CrispyMcMarkInc/Real_cropped_1024/00599.jpg,real,6.766286242054775e-05,0.07258200645446777
00373,CLIP-D,default,/media/CrispyMcMarkInc/Real_cropped_1024/00373.jpg,real,0.004037903156131506,0.0693514347076416
00683,CLIP-D,default,/media/CrispyMcMarkInc/Real_cropped_1024/00683.jpg,real,0.09690391272306442,0.07107853889465332
00120,CLIP-D,default,/media/CrispyMcMarkInc/Real_cropped_1024/00120.jpg,real,0.0174617487937212,0.07001829147338867
00485,CLIP-D,default,/media/CrispyMcMarkInc/Real_cropped_1024/00485.jpg,real,0.008042445406317711,0.07152414321899414
00701,CLIP-D,default,/media/CrispyMcMarkInc/Real_cropped_1024/00701.jpg,real,0.07642403990030289,0.07111191749572754
00548,CLIP-D,default,/media/CrispyMcMarkInc/Real_cropped_1024/00548.jpg,real,0.00023444565886165947,0.07117247581481934
00539,CLIP-D,default,/media/CrispyMcMarkInc/Real_cropped_1024/00539.jpg,real,0.00028498758911155164,0.07099008560180664
00426,CLIP-D,default,/media/CrispyMcMarkInc/Real_cropped_1024/00426.jpg,real,0.001135949743911624,0.07101893424987793
00406,CLIP-D,default,/media/CrispyMcMarkInc/Real_cropped_1024/00406.jpg,real,0.0009836489334702492,0.07130265235900879
00873,CLIP-D,default,/media/CrispyMcMarkInc/Real_cropped_1024/00873.jpg,real,0.0013914229348301888,0.07133221626281738
00747,CLIP-D,default,/media/CrispyMcMarkInc/Real_cropped_1024/00747.jpg,real,0.0001789414236554876,0.08043861389160156
00139,CLIP-D,default,/media/CrispyMcMarkInc/Real_cropped_1024/00139.jpg,real,0.00030541501473635435,0.07558631896972656
00197,CLIP-D,default,/media/CrispyMcMarkInc/Real_cropped_1024/00197.jpg,real,0.026389775797724724,0.07232332229614258
00774,CLIP-D,default,/media/CrispyMcMarkInc/Real_cropped_1024/00774.jpg,real,0.04581230878829956,0.07216095924377441
00255,CLIP-D,default,/media/CrispyMcMarkInc/Real_cropped_1024/00255.jpg,real,0.001697984174825251,0.0728602409362793
00039,CLIP-D,default,/media/CrispyMcMarkInc/Real_cropped_1024/00039.jpg,real,0.008511878550052643,0.07256340980529785
00883,CLIP-D,default,/media/CrispyMcMarkInc/Real_cropped_1024/00883.jpg,real,0.0006251351442188025,0.0759282112121582
00729,CLIP-D,default,/media/CrispyMcMarkInc/Real_cropped_1024/00729.jpg,real,0.002285547088831663,0.0730428695678711
00611,CLIP-D,default,/media/CrispyMcMarkInc/Real_cropped_1024/00611.jpg,real,0.036835651844739914,0.07169723510742188
00911,CLIP-D,default,/media/CrispyMcMarkInc/Real_cropped_1024/00911.jpg,real,0.0009381701238453388,0.07013463973999023
00482,CLIP-D,default,/media/CrispyMcMarkInc/Real_cropped_1024/00482.jpg,real,0.0011376218171790242,0.07159590721130371
00801,CLIP-D,default,/media/CrispyMcMarkInc/Real_cropped_1024/00801.jpg,real,0.001421594643034041,0.07109332084655762
00389,CLIP-D,default,/media/CrispyMcMarkInc/Real_cropped_1024/00389.jpg,real,0.0018408658215776086,0.06990361213684082
00529,CLIP-D,default,/media/CrispyMcMarkInc/Real_cropped_1024/00529.jpg,real,0.0024943018797785044,0.07097744941711426
00456,CLIP-D,default,/media/CrispyMcMarkInc/Real_cropped_1024/00456.jpg,real,0.0014557662652805448,0.07444572448730469
00675,CLIP-D,default,/media/CrispyMcMarkInc/Real_cropped_1024/00675.jpg,real,0.12510743737220764,0.07146430015563965
00006,CLIP-D,default,/media/CrispyMcMarkInc/Real_cropped_1024/00006.jpg,real,0.024633798748254776,0.07187438011169434
00280,CLIP-D,default,/media/CrispyMcMarkInc/Real_cropped_1024/00280.jpg,real,0.0017288891831412911,0.07125282287597656
00156,CLIP-D,default,/media/CrispyMcMarkInc/Real_cropped_1024/00156.jpg,real,0.00019731628708541393,0.0715785026550293
00041,CLIP-D,default,/media/CrispyMcMarkInc/Real_cropped_1024/00041.jpg,real,0.001990219112485647,0.07057380676269531
00770,CLIP-D,default,/media/CrispyMcMarkInc/Real_cropped_1024/00770.jpg,real,0.0008785428362898529,0.0708317756652832
00778,CLIP-D,default,/media/CrispyMcMarkInc/Real_cropped_1024/00778.jpg,real,0.2231089025735855,0.07087063789367676
00870,CLIP-D,default,/media/CrispyMcMarkInc/Real_cropped_1024/00870.jpg,real,0.0009181140339933336,0.07076692581176758
00445,CLIP-D,default,/media/CrispyMcMarkInc/Real_cropped_1024/00445.jpg,real,0.005670386366546154,0.0704813003540039
00119,CLIP-D,default,/media/CrispyMcMarkInc/Real_cropped_1024/00119.jpg,real,0.03617842495441437,0.07309532165527344
00499,CLIP-D,default,/media/CrispyMcMarkInc/Real_cropped_1024/00499.jpg,real,0.0004285367322154343,0.07418370246887207
00940,CLIP-D,default,/media/CrispyMcMarkInc/Real_cropped_1024/00940.jpg,real,0.00034999821218661964,0.07259631156921387
00087,CLIP-D,default,/media/CrispyMcMarkInc/Real_cropped_1024/00087.jpg,real,0.00977941881865263,0.0725243091583252
00021,CLIP-D,default,/media/CrispyMcMarkInc/Real_cropped_1024/00021.jpg,real,0.0012019812129437923,0.07146263122558594
00332,CLIP-D,default,/media/CrispyMcMarkInc/Real_cropped_1024/00332.jpg,real,0.0003844558959826827,0.07196640968322754
00681,CLIP-D,default,/media/CrispyMcMarkInc/Real_cropped_1024/00681.jpg,real,0.014965828508138657,0.06991100311279297
00705,CLIP-D,default,/media/CrispyMcMarkInc/Real_cropped_1024/00705.jpg,real,0.0033946128096431494,0.07118535041809082
00657,CLIP-D,default,/media/CrispyMcMarkInc/Real_cropped_1024/00657.jpg,real,0.0005832918686792254,0.07230067253112793
00798,CLIP-D,default,/media/CrispyMcMarkInc/Real_cropped_1024/00798.jpg,real,0.0013633689377456903,0.07468366622924805
00396,CLIP-D,default,/media/CrispyMcMarkInc/Real_cropped_1024/00396.jpg,real,0.013394858688116074,0.07712507247924805
00362,CLIP-D,default,/media/CrispyMcMarkInc/Real_cropped_1024/00362.jpg,real,0.20294055342674255,0.08266758918762207
00952,CLIP-D,default,/media/CrispyMcMarkInc/Real_cropped_1024/00952.jpg,real,0.0013077977346256375,0.07337594032287598
00862,CLIP-D,default,/media/CrispyMcMarkInc/Real_cropped_1024/00862.jpg,real,0.0009762843255884945,0.07240629196166992
00972,CLIP-D,default,/media/CrispyMcMarkInc/Real_cropped_1024/00972.jpg,real,0.00724160298705101,0.07153010368347168
00454,CLIP-D,default,/media/CrispyMcMarkInc/Real_cropped_1024/00454.jpg,real,0.0010338721331208944,0.07564830780029297
00767,CLIP-D,default,/media/CrispyMcMarkInc/Real_cropped_1024/00767.jpg,real,0.0006194208399392664,0.07223629951477051
00468,CLIP-D,default,/media/CrispyMcMarkInc/Real_cropped_1024/00468.jpg,real,0.004873338155448437,0.07192754745483398
00137,CLIP-D,default,/media/CrispyMcMarkInc/Real_cropped_1024/00137.jpg,real,0.018402516841888428,0.07106494903564453
00359,CLIP-D,default,/media/CrispyMcMarkInc/Real_cropped_1024/00359.jpg,real,0.0008844597032293677,0.07236361503601074
00569,CLIP-D,default,/media/CrispyMcMarkInc/Real_cropped_1024/00569.jpg,real,0.00043411660590209067,0.07773542404174805
00045,CLIP-D,default,/media/CrispyMcMarkInc/Real_cropped_1024/00045.jpg,real,0.0010723257437348366,0.07848834991455078
00904,CLIP-D,default,/media/CrispyMcMarkInc/Real_cropped_1024/00904.jpg,real,0.3437215983867645,0.07877421379089355
00622,CLIP-D,default,/media/CrispyMcMarkInc/Real_cropped_1024/00622.jpg,real,0.0007059032213874161,0.07225799560546875
00863,CLIP-D,default,/media/CrispyMcMarkInc/Real_cropped_1024/00863.jpg,real,0.00020148273324593902,0.07119345664978027
00772,CLIP-D,default,/media/CrispyMcMarkInc/Real_cropped_1024/00772.jpg,real,0.006658736150711775,0.07335138320922852
00221,CLIP-D,default,/media/CrispyMcMarkInc/Real_cropped_1024/00221.jpg,real,0.007230168674141169,0.07377123832702637
00939,CLIP-D,default,/media/CrispyMcMarkInc/Real_cropped_1024/00939.jpg,real,0.20029990375041962,0.07265591621398926
00679,CLIP-D,default,/media/CrispyMcMarkInc/Real_cropped_1024/00679.jpg,fake,0.9772087335586548,0.07173323631286621
00865,CLIP-D,default,/media/CrispyMcMarkInc/Real_cropped_1024/00865.jpg,real,0.017567532137036324,0.07349967956542969
00971,CLIP-D,default,/media/CrispyMcMarkInc/Real_cropped_1024/00971.jpg,real,0.006752295885235071,0.07342767715454102
00961,CLIP-D,default,/media/CrispyMcMarkInc/Real_cropped_1024/00961.jpg,real,0.09777738153934479,0.0702972412109375
00275,CLIP-D,default,/media/CrispyMcMarkInc/Real_cropped_1024/00275.jpg,real,0.003311013802886009,0.07117795944213867
00465,CLIP-D,default,/media/CrispyMcMarkInc/Real_cropped_1024/00465.jpg,real,0.011102280579507351,0.07284975051879883
00567,CLIP-D,default,/media/CrispyMcMarkInc/Real_cropped_1024/00567.jpg,real,0.006455214694142342,0.07242107391357422
00227,CLIP-D,default,/media/CrispyMcMarkInc/Real_cropped_1024/00227.jpg,real,0.002979016862809658,0.0753777027130127
00208,CLIP-D,default,/media/CrispyMcMarkInc/Real_cropped_1024/00208.jpg,real,0.006913718301802874,0.07855534553527832
00081,CLIP-D,default,/media/CrispyMcMarkInc/Real_cropped_1024/00081.jpg,real,0.00010867366654565558,0.07772612571716309
00817,CLIP-D,default,/media/CrispyMcMarkInc/Real_cropped_1024/00817.jpg,real,0.002394747920334339,0.0797109603881836
00707,CLIP-D,default,/media/CrispyMcMarkInc/Real_cropped_1024/00707.jpg,real,0.006918349303305149,0.0753936767578125
00346,CLIP-D,default,/media/CrispyMcMarkInc/Real_cropped_1024/00346.jpg,real,7.23523844499141e-05,0.07190227508544922
00742,CLIP-D,default,/media/CrispyMcMarkInc/Real_cropped_1024/00742.jpg,real,0.0006048241630196571,0.07425308227539062
00941,CLIP-D,default,/media/CrispyMcMarkInc/Real_cropped_1024/00941.jpg,fake,0.8038095831871033,0.07475066184997559
00965,CLIP-D,default,/media/CrispyMcMarkInc/Real_cropped_1024/00965.jpg,real,0.0004666247114073485,0.07551717758178711
00639,CLIP-D,default,/media/CrispyMcMarkInc/Real_cropped_1024/00639.jpg,real,0.0006099542952142656,0.07392597198486328
00532,CLIP-D,default,/media/CrispyMcMarkInc/Real_cropped_1024/00532.jpg,real,0.002148972824215889,0.07858753204345703
00435,CLIP-D,default,/media/CrispyMcMarkInc/Real_cropped_1024/00435.jpg,real,0.027095623314380646,0.07892751693725586
00621,CLIP-D,default,/media/CrispyMcMarkInc/Real_cropped_1024/00621.jpg,real,0.00028320832643657923,0.07608747482299805
00766,CLIP-D,default,/media/CrispyMcMarkInc/Real_cropped_1024/00766.jpg,real,0.0005394843174144626,0.07390952110290527
00546,CLIP-D,default,/media/CrispyMcMarkInc/Real_cropped_1024/00546.jpg,real,0.0015622414648532867,0.07235169410705566
00013,CLIP-D,default,/media/CrispyMcMarkInc/Real_cropped_1024/00013.jpg,real,0.01184555608779192,0.07090568542480469
00134,CLIP-D,default,/media/CrispyMcMarkInc/Real_cropped_1024/00134.jpg,real,0.003344999859109521,0.0699915885925293
00123,CLIP-D,default,/media/CrispyMcMarkInc/Real_cropped_1024/00123.jpg,real,0.0012976261787116528,0.07221126556396484
00034,CLIP-D,default,/media/CrispyMcMarkInc/Real_cropped_1024/00034.jpg,real,0.0002331743307877332,0.07239127159118652
00872,CLIP-D,default,/media/CrispyMcMarkInc/Real_cropped_1024/00872.jpg,real,0.027976524084806442,0.07219529151916504
00521,CLIP-D,default,/media/CrispyMcMarkInc/Real_cropped_1024/00521.jpg,real,0.00570674566552043,0.07163381576538086
00124,CLIP-D,default,/media/CrispyMcMarkInc/Real_cropped_1024/00124.jpg,real,0.006314998958259821,0.06997442245483398
00605,CLIP-D,default,/media/CrispyMcMarkInc/Real_cropped_1024/00605.jpg,real,0.005846195854246616,0.11571526527404785
00534,CLIP-D,default,/media/CrispyMcMarkInc/Real_cropped_1024/00534.jpg,real,0.00039360165828838944,0.08982229232788086
00781,CLIP-D,default,/media/CrispyMcMarkInc/Real_cropped_1024/00781.jpg,real,0.001578090712428093,0.08443784713745117
00934,CLIP-D,default,/media/CrispyMcMarkInc/Real_cropped_1024/00934.jpg,real,0.00015640979108866304,0.07840371131896973
00364,CLIP-D,default,/media/CrispyMcMarkInc/Real_cropped_1024/00364.jpg,real,0.010892393067479134,0.08486199378967285
00352,CLIP-D,default,/media/CrispyMcMarkInc/Real_cropped_1024/00352.jpg,real,0.001068944577127695,0.07984375953674316
00614,CLIP-D,default,/media/CrispyMcMarkInc/Real_cropped_1024/00614.jpg,real,0.001086078817024827,0.08103466033935547
00330,CLIP-D,default,/media/CrispyMcMarkInc/Real_cropped_1024/00330.jpg,real,0.014299477450549603,0.08022284507751465
00864,CLIP-D,default,/media/CrispyMcMarkInc/Real_cropped_1024/00864.jpg,real,0.0009531588293612003,0.07946085929870605
00626,CLIP-D,default,/media/CrispyMcMarkInc/Real_cropped_1024/00626.jpg,real,0.002020185347646475,0.0771176815032959
00353,CLIP-D,default,/media/CrispyMcMarkInc/Real_cropped_1024/00353.jpg,real,0.00011155624815728515,0.07789254188537598
00291,CLIP-D,default,/media/CrispyMcMarkInc/Real_cropped_1024/00291.jpg,real,0.02173895761370659,0.07937216758728027
00828,CLIP-D,default,/media/CrispyMcMarkInc/Real_cropped_1024/00828.jpg,real,0.00022089893172960728,0.07988262176513672
00474,CLIP-D,default,/media/CrispyMcMarkInc/Real_cropped_1024/00474.jpg,real,0.25033092498779297,0.08313274383544922
00936,CLIP-D,default,/media/CrispyMcMarkInc/Real_cropped_1024/00936.jpg,fake,0.7570613622665405,0.07919621467590332
00706,CLIP-D,default,/media/CrispyMcMarkInc/Real_cropped_1024/00706.jpg,real,0.002321014879271388,0.0806586742401123
00750,CLIP-D,default,/media/CrispyMcMarkInc/Real_cropped_1024/00750.jpg,real,0.003268857952207327,0.07739424705505371
00017,CLIP-D,default,/media/CrispyMcMarkInc/Real_cropped_1024/00017.jpg,real,4.376874858280644e-05,0.07895231246948242
00218,CLIP-D,default,/media/CrispyMcMarkInc/Real_cropped_1024/00218.jpg,real,0.0006231617298908532,0.0778965950012207
00342,CLIP-D,default,/media/CrispyMcMarkInc/Real_cropped_1024/00342.jpg,real,0.0024336420465260744,0.08167219161987305
00645,CLIP-D,default,/media/CrispyMcMarkInc/Real_cropped_1024/00645.jpg,real,0.004396590404212475,0.07983255386352539
00693,CLIP-D,default,/media/CrispyMcMarkInc/Real_cropped_1024/00693.jpg,real,0.0014329241821542382,0.07967376708984375
00296,CLIP-D,default,/media/CrispyMcMarkInc/Real_cropped_1024/00296.jpg,real,0.45111528038978577,0.07938718795776367
00022,CLIP-D,default,/media/CrispyMcMarkInc/Real_cropped_1024/00022.jpg,real,0.0004201718547847122,0.07741403579711914
00815,CLIP-D,default,/media/CrispyMcMarkInc/Real_cropped_1024/00815.jpg,real,0.003257209900766611,0.07894706726074219
00159,CLIP-D,default,/media/CrispyMcMarkInc/Real_cropped_1024/00159.jpg,real,0.0008406221750192344,0.0780036449432373
00932,CLIP-D,default,/media/CrispyMcMarkInc/Real_cropped_1024/00932.jpg,real,0.0017942383419722319,0.07761526107788086
00924,CLIP-D,default,/media/CrispyMcMarkInc/Real_cropped_1024/00924.jpg,real,0.005117760039865971,0.13296794891357422
00274,CLIP-D,default,/media/CrispyMcMarkInc/Real_cropped_1024/00274.jpg,real,0.0112159950658679,0.15955424308776855
00102,CLIP-D,default,/media/CrispyMcMarkInc/Real_cropped_1024/00102.jpg,real,0.0009036589763127267,0.15921568870544434
00732,CLIP-D,default,/media/CrispyMcMarkInc/Real_cropped_1024/00732.jpg,real,0.001544110826216638,0.16191768646240234
00361,CLIP-D,default,/media/CrispyMcMarkInc/Real_cropped_1024/00361.jpg,real,0.0040565854869782925,0.1620197296142578
00619,CLIP-D,default,/media/CrispyMcMarkInc/Real_cropped_1024/00619.jpg,real,0.0011316651944071054,0.14707159996032715
00751,CLIP-D,default,/media/CrispyMcMarkInc/Real_cropped_1024/00751.jpg,real,0.0004586225259117782,0.16061830520629883
00012,CLIP-D,default,/media/CrispyMcMarkInc/Real_cropped_1024/00012.jpg,real,0.000161180374561809,0.1611766815185547
00842,CLIP-D,default,/media/CrispyMcMarkInc/Real_cropped_1024/00842.jpg,real,0.00011146510951220989,0.16176223754882812
00678,CLIP-D,default,/media/CrispyMcMarkInc/Real_cropped_1024/00678.jpg,real,0.0014361748471856117,0.15811562538146973
00963,CLIP-D,default,/media/CrispyMcMarkInc/Real_cropped_1024/00963.jpg,real,0.00476279528811574,0.10554981231689453
00617,CLIP-D,default,/media/CrispyMcMarkInc/Real_cropped_1024/00617.jpg,real,0.05543035268783569,0.1460874080657959
00318,CLIP-D,default,/media/CrispyMcMarkInc/Real_cropped_1024/00318.jpg,real,0.0013265243032947183,0.15399527549743652
00819,CLIP-D,default,/media/CrispyMcMarkInc/Real_cropped_1024/00819.jpg,real,0.0017450748709961772,0.1584765911102295
00697,CLIP-D,default,/media/CrispyMcMarkInc/Real_cropped_1024/00697.jpg,real,0.00048532368964515626,0.10554671287536621
00975,CLIP-D,default,/media/CrispyMcMarkInc/Real_cropped_1024/00975.jpg,real,0.00906769372522831,0.1044764518737793
00357,CLIP-D,default,/media/CrispyMcMarkInc/Real_cropped_1024/00357.jpg,fake,0.735184907913208,0.1582489013671875
00734,CLIP-D,default,/media/CrispyMcMarkInc/Real_cropped_1024/00734.jpg,real,0.007806135807186365,0.154008150100708
00360,CLIP-D,default,/media/CrispyMcMarkInc/Real_cropped_1024/00360.jpg,real,0.0006873171078041196,0.15618062019348145
00263,CLIP-D,default,/media/CrispyMcMarkInc/Real_cropped_1024/00263.jpg,real,0.0010671416530385613,0.1555478572845459
00057,CLIP-D,default,/media/CrispyMcMarkInc/Real_cropped_1024/00057.jpg,real,0.001192286261357367,0.11452841758728027
00097,CLIP-D,default,/media/CrispyMcMarkInc/Real_cropped_1024/00097.jpg,real,0.002999061718583107,0.15643978118896484
00825,CLIP-D,default,/media/CrispyMcMarkInc/Real_cropped_1024/00825.jpg,real,0.0003556850424502045,0.1586754322052002
00497,CLIP-D,default,/media/CrispyMcMarkInc/Real_cropped_1024/00497.jpg,real,0.006207054480910301,0.1773221492767334
00421,CLIP-D,default,/media/CrispyMcMarkInc/Real_cropped_1024/00421.jpg,real,0.0023743403144180775,0.17823052406311035
00392,CLIP-D,default,/media/CrispyMcMarkInc/Real_cropped_1024/00392.jpg,real,0.000360989710316062,0.16300725936889648
00495,CLIP-D,default,/media/CrispyMcMarkInc/Real_cropped_1024/00495.jpg,real,0.001121131586842239,0.16037821769714355
00733,CLIP-D,default,/media/CrispyMcMarkInc/Real_cropped_1024/00733.jpg,real,0.005672101862728596,0.17822861671447754
00513,CLIP-D,default,/media/CrispyMcMarkInc/Real_cropped_1024/00513.jpg,fake,0.9990591406822205,0.12821340560913086
00575,CLIP-D,default,/media/CrispyMcMarkInc/Real_cropped_1024/00575.jpg,real,0.005801726598292589,0.15966057777404785
00802,CLIP-D,default,/media/CrispyMcMarkInc/Real_cropped_1024/00802.jpg,real,0.03841907158493996,0.11839795112609863
00051,CLIP-D,default,/media/CrispyMcMarkInc/Real_cropped_1024/00051.jpg,real,0.014528414234519005,0.1662616729736328
00704,CLIP-D,default,/media/CrispyMcMarkInc/Real_cropped_1024/00704.jpg,real,0.012170250527560711,0.16043567657470703
00713,CLIP-D,default,/media/CrispyMcMarkInc/Real_cropped_1024/00713.jpg,real,0.0007848091772757471,0.16074633598327637
00727,CLIP-D,default,/media/CrispyMcMarkInc/Real_cropped_1024/00727.jpg,real,0.00020264390332158655,0.20156550407409668
00516,CLIP-D,default,/media/CrispyMcMarkInc/Real_cropped_1024/00516.jpg,real,0.0006883000605739653,0.17438411712646484
00968,CLIP-D,default,/media/CrispyMcMarkInc/Real_cropped_1024/00968.jpg,real,0.005115716252475977,0.17658472061157227
00176,CLIP-D,default,/media/CrispyMcMarkInc/Real_cropped_1024/00176.jpg,real,0.0009190842392854393,0.15842580795288086
00577,CLIP-D,default,/media/CrispyMcMarkInc/Real_cropped_1024/00577.jpg,real,0.0008132871589623392,0.12417316436767578
00592,CLIP-D,default,/media/CrispyMcMarkInc/Real_cropped_1024/00592.jpg,real,0.0020243851467967033,0.1653304100036621
00609,CLIP-D,default,/media/CrispyMcMarkInc/Real_cropped_1024/00609.jpg,real,0.0002626516798045486,0.1531982421875
00027,CLIP-D,default,/media/CrispyMcMarkInc/Real_cropped_1024/00027.jpg,fake,0.9819127321243286,0.4674062728881836
00363,CLIP-D,default,/media/CrispyMcMarkInc/Real_cropped_1024/00363.jpg,real,0.0017835353501141071,0.16240572929382324
00129,CLIP-D,default,/media/CrispyMcMarkInc/Real_cropped_1024/00129.jpg,real,0.000827019743155688,0.16239213943481445
00966,CLIP-D,default,/media/CrispyMcMarkInc/Real_cropped_1024/00966.jpg,real,0.0004945789696648717,0.16241669654846191
00840,CLIP-D,default,/media/CrispyMcMarkInc/Real_cropped_1024/00840.jpg,real,0.003985948394984007,0.16235566139221191
00875,CLIP-D,default,/media/CrispyMcMarkInc/Real_cropped_1024/00875.jpg,real,0.00320137245580554,0.1560821533203125
00623,CLIP-D,default,/media/CrispyMcMarkInc/Real_cropped_1024/00623.jpg,real,0.02272440306842327,0.16210484504699707
00247,CLIP-D,default,/media/CrispyMcMarkInc/Real_cropped_1024/00247.jpg,real,9.593056165613234e-05,0.15600800514221191
00518,CLIP-D,default,/media/CrispyMcMarkInc/Real_cropped_1024/00518.jpg,real,9.122479968937114e-05,0.16220545768737793
00200,CLIP-D,default,/media/CrispyMcMarkInc/Real_cropped_1024/00200.jpg,fake,0.6341353058815002,0.16036438941955566
00249,CLIP-D,default,/media/CrispyMcMarkInc/Real_cropped_1024/00249.jpg,real,0.0003851556102745235,0.1558377742767334
00043,CLIP-D,default,/media/CrispyMcMarkInc/Real_cropped_1024/00043.jpg,real,0.10295918583869934,0.16450285911560059
00945,CLIP-D,default,/media/CrispyMcMarkInc/Real_cropped_1024/00945.jpg,real,0.022106846794486046,0.16449213027954102
00233,CLIP-D,default,/media/CrispyMcMarkInc/Real_cropped_1024/00233.jpg,real,0.0022134885657578707,0.1636199951171875
00588,CLIP-D,default,/media/CrispyMcMarkInc/Real_cropped_1024/00588.jpg,real,0.0003367278550285846,0.16007566452026367
00466,CLIP-D,default,/media/CrispyMcMarkInc/Real_cropped_1024/00466.jpg,real,0.01753249019384384,0.1622314453125
00682,CLIP-D,default,/media/CrispyMcMarkInc/Real_cropped_1024/00682.jpg,real,0.002874905476346612,0.1619257926940918
00723,CLIP-D,default,/media/CrispyMcMarkInc/Real_cropped_1024/00723.jpg,real,3.468356590019539e-05,0.16702651977539062
00512,CLIP-D,default,/media/CrispyMcMarkInc/Real_cropped_1024/00512.jpg,real,0.001298375311307609,0.16455888748168945
00473,CLIP-D,default,/media/CrispyMcMarkInc/Real_cropped_1024/00473.jpg,real,0.0031118900515139103,0.1656944751739502
00860,CLIP-D,default,/media/CrispyMcMarkInc/Real_cropped_1024/00860.jpg,real,0.00018370240286458284,0.16033196449279785
00259,CLIP-D,default,/media/CrispyMcMarkInc/Real_cropped_1024/00259.jpg,real,0.0009320341050624847,0.16254448890686035
00339,CLIP-D,default,/media/CrispyMcMarkInc/Real_cropped_1024/00339.jpg,fake,0.9773277044296265,0.156172513961792
00995,CLIP-D,default,/media/CrispyMcMarkInc/Real_cropped_1024/00995.jpg,real,0.02039077691733837,0.16237092018127441
00073,CLIP-D,default,/media/CrispyMcMarkInc/Real_cropped_1024/00073.jpg,real,0.0008565487805753946,0.1645503044128418
00160,CLIP-D,default,/media/CrispyMcMarkInc/Real_cropped_1024/00160.jpg,real,0.00980667769908905,0.10994195938110352
00606,CLIP-D,default,/media/CrispyMcMarkInc/Real_cropped_1024/00606.jpg,real,0.05502276495099068,0.16234517097473145
00661,CLIP-D,default,/media/CrispyMcMarkInc/Real_cropped_1024/00661.jpg,real,0.006930773612111807,0.16225743293762207
00425,CLIP-D,default,/media/CrispyMcMarkInc/Real_cropped_1024/00425.jpg,real,0.0059091863222420216,0.11313843727111816
00114,CLIP-D,default,/media/CrispyMcMarkInc/Real_cropped_1024/00114.jpg,real,0.019964106380939484,0.16225290298461914
00956,CLIP-D,default,/media/CrispyMcMarkInc/Real_cropped_1024/00956.jpg,real,0.00040612302836962044,0.1621403694152832
00983,CLIP-D,default,/media/CrispyMcMarkInc/Real_cropped_1024/00983.jpg,fake,0.7345359921455383,0.1641521453857422
00980,CLIP-D,default,/media/CrispyMcMarkInc/Real_cropped_1024/00980.jpg,real,0.06739211082458496,0.16437101364135742
00585,CLIP-D,default,/media/CrispyMcMarkInc/Real_cropped_1024/00585.jpg,real,0.00047763570910319686,0.13843083381652832
00311,CLIP-D,default,/media/CrispyMcMarkInc/Real_cropped_1024/00311.jpg,real,0.012250440195202827,0.16489863395690918
00131,CLIP-D,default,/media/CrispyMcMarkInc/Real_cropped_1024/00131.jpg,real,0.38510575890541077,0.16211724281311035
00524,CLIP-D,default,/media/CrispyMcMarkInc/Real_cropped_1024/00524.jpg,real,0.0022893710993230343,0.1671135425567627
00688,CLIP-D,default,/media/CrispyMcMarkInc/Real_cropped_1024/00688.jpg,real,0.00024986540665850043,0.16260099411010742
00398,CLIP-D,default,/media/CrispyMcMarkInc/Real_cropped_1024/00398.jpg,real,0.007002671714872122,0.16435647010803223
00476,CLIP-D,default,/media/CrispyMcMarkInc/Real_cropped_1024/00476.jpg,real,0.00021308065333869308,0.16501402854919434
00161,CLIP-D,default,/media/CrispyMcMarkInc/Real_cropped_1024/00161.jpg,real,0.00012562565098050982,0.15483880043029785
00171,CLIP-D,default,/media/CrispyMcMarkInc/Real_cropped_1024/00171.jpg,real,0.004269035067409277,0.16676974296569824
00640,CLIP-D,default,/media/CrispyMcMarkInc/Real_cropped_1024/00640.jpg,real,0.013635084964334965,0.16262006759643555
00370,CLIP-D,default,/media/CrispyMcMarkInc/Real_cropped_1024/00370.jpg,real,0.0008133487426675856,0.1646883487701416
00273,CLIP-D,default,/media/CrispyMcMarkInc/Real_cropped_1024/00273.jpg,real,0.0005991337238810956,0.16295123100280762
00746,CLIP-D,default,/media/CrispyMcMarkInc/Real_cropped_1024/00746.jpg,real,0.0008460032404400408,0.16740012168884277
00181,CLIP-D,default,/media/CrispyMcMarkInc/Real_cropped_1024/00181.jpg,real,0.001761385821737349,0.16471362113952637
00033,CLIP-D,default,/media/CrispyMcMarkInc/Real_cropped_1024/00033.jpg,real,0.0001397851447109133,0.1628856658935547
00858,CLIP-D,default,/media/CrispyMcMarkInc/Real_cropped_1024/00858.jpg,real,0.11341032385826111,0.16256499290466309
00301,CLIP-D,default,/media/CrispyMcMarkInc/Real_cropped_1024/00301.jpg,real,0.001203689957037568,0.15293502807617188
00490,CLIP-D,default,/media/CrispyMcMarkInc/Real_cropped_1024/00490.jpg,real,0.0005399698857218027,0.14062213897705078
00900,CLIP-D,default,/media/CrispyMcMarkInc/Real_cropped_1024/00900.jpg,real,0.0002262832858832553,0.16257381439208984
00207,CLIP-D,default,/media/CrispyMcMarkInc/Real_cropped_1024/00207.jpg,real,0.006933435797691345,0.16251063346862793
00504,CLIP-D,default,/media/CrispyMcMarkInc/Real_cropped_1024/00504.jpg,real,0.002401014557108283,0.1662886142730713
00655,CLIP-D,default,/media/CrispyMcMarkInc/Real_cropped_1024/00655.jpg,real,0.0017717058071866632,0.16277194023132324
00898,CLIP-D,default,/media/CrispyMcMarkInc/Real_cropped_1024/00898.jpg,real,0.02259022742509842,0.15967416763305664
00158,CLIP-D,default,/media/CrispyMcMarkInc/Real_cropped_1024/00158.jpg,real,0.06452170759439468,0.16471076011657715
00246,CLIP-D,default,/media/CrispyMcMarkInc/Real_cropped_1024/00246.jpg,real,0.0003632624866440892,0.15629792213439941
00155,CLIP-D,default,/media/CrispyMcMarkInc/Real_cropped_1024/00155.jpg,real,0.001245385268703103,0.14818644523620605
00535,CLIP-D,default,/media/CrispyMcMarkInc/Real_cropped_1024/00535.jpg,real,0.0007227836758829653,0.1583113670349121
00320,CLIP-D,default,/media/CrispyMcMarkInc/Real_cropped_1024/00320.jpg,real,0.000651357346214354,0.15764689445495605
00030,CLIP-D,default,/media/CrispyMcMarkInc/Real_cropped_1024/00030.jpg,real,0.0018790086032822728,0.16452407836914062
00978,CLIP-D,default,/media/CrispyMcMarkInc/Real_cropped_1024/00978.jpg,real,0.035925284028053284,0.1564044952392578
00820,CLIP-D,default,/media/CrispyMcMarkInc/Real_cropped_1024/00820.jpg,real,0.08491015434265137,0.1563403606414795
00061,CLIP-D,default,/media/CrispyMcMarkInc/Real_cropped_1024/00061.jpg,real,0.013829614967107773,0.1564626693725586
00522,CLIP-D,default,/media/CrispyMcMarkInc/Real_cropped_1024/00522.jpg,real,0.0047436486929655075,0.15799474716186523
00536,CLIP-D,default,/media/CrispyMcMarkInc/Real_cropped_1024/00536.jpg,real,0.000132844434119761,0.11979913711547852
00241,CLIP-D,default,/media/CrispyMcMarkInc/Real_cropped_1024/00241.jpg,real,0.00016957639309111983,0.16404390335083008
00063,CLIP-D,default,/media/CrispyMcMarkInc/Real_cropped_1024/00063.jpg,real,0.0013744411990046501,0.16249537467956543
00050,CLIP-D,default,/media/CrispyMcMarkInc/Real_cropped_1024/00050.jpg,real,0.005689609330147505,0.16229653358459473
00407,CLIP-D,default,/media/CrispyMcMarkInc/Real_cropped_1024/00407.jpg,real,0.0016514630988240242,0.11798596382141113
00578,CLIP-D,default,/media/CrispyMcMarkInc/Real_cropped_1024/00578.jpg,real,0.003960104659199715,0.16479945182800293
00507,CLIP-D,default,/media/CrispyMcMarkInc/Real_cropped_1024/00507.jpg,real,0.0004648092435672879,0.16483426094055176
00150,CLIP-D,default,/media/CrispyMcMarkInc/Real_cropped_1024/00150.jpg,real,0.0802297294139862,0.16460037231445312
00237,CLIP-D,default,/media/CrispyMcMarkInc/Real_cropped_1024/00237.jpg,fake,0.9934953451156616,0.15359163284301758
00058,CLIP-D,default,/media/CrispyMcMarkInc/Real_cropped_1024/00058.jpg,real,0.00034052898990921676,0.16463303565979004
00598,CLIP-D,default,/media/CrispyMcMarkInc/Real_cropped_1024/00598.jpg,real,0.011037790216505527,0.1562209129333496
00319,CLIP-D,default,/media/CrispyMcMarkInc/Real_cropped_1024/00319.jpg,real,0.0005950261256657541,0.15267157554626465
00669,CLIP-D,default,/media/CrispyMcMarkInc/Real_cropped_1024/00669.jpg,real,0.0015385645674541593,0.1693258285522461
00566,CLIP-D,default,/media/CrispyMcMarkInc/Real_cropped_1024/00566.jpg,real,0.0627894476056099,0.16483139991760254
00108,CLIP-D,default,/media/CrispyMcMarkInc/Real_cropped_1024/00108.jpg,real,0.00012074873666279018,0.16017365455627441
00582,CLIP-D,default,/media/CrispyMcMarkInc/Real_cropped_1024/00582.jpg,real,0.00035768040106631815,0.16445302963256836
00252,CLIP-D,default,/media/CrispyMcMarkInc/Real_cropped_1024/00252.jpg,real,0.007995165884494781,0.15622973442077637
00239,CLIP-D,default,/media/CrispyMcMarkInc/Real_cropped_1024/00239.jpg,fake,0.9164159893989563,0.11766338348388672
00969,CLIP-D,default,/media/CrispyMcMarkInc/Real_cropped_1024/00969.jpg,real,0.010836915113031864,0.1638944149017334
00888,CLIP-D,default,/media/CrispyMcMarkInc/Real_cropped_1024/00888.jpg,real,0.0004073703894391656,0.13016605377197266
00973,CLIP-D,default,/media/CrispyMcMarkInc/Real_cropped_1024/00973.jpg,real,0.00023711135145276785,0.1519484519958496
00440,CLIP-D,default,/media/CrispyMcMarkInc/Real_cropped_1024/00440.jpg,real,0.001495800563134253,0.12740135192871094
