path,label
/media/CrispyMcMarkInc/Real_cropped_1024/00776.jpg,0
/media/CrispyMcMarkInc/fake-images-img2img/train/00776_sd15_fp16_seed123_s30_g3.5_str0.3.png,1
/media/CrispyMcMarkInc/fake-images-img2img/train/00776_sd35_fp16_seed123_s30_g3.5_str0.3.png,1
/media/CrispyMcMarkInc/fake-images-img2img/train/00776_sd3_fp16_seed123_s30_g3.5_str0.3.png,1
/media/CrispyMcMarkInc/Real_cropped_1024/00507.jpg,0
/media/CrispyMcMarkInc/fake-images-img2img/train/00507_sd15_fp16_seed124_s30_g3.5_str0.3.png,1
/media/CrispyMcMarkInc/fake-images-img2img/train/00507_sd35_fp16_seed124_s30_g3.5_str0.3.png,1
/media/CrispyMcMarkInc/fake-images-img2img/train/00507_sd3_fp16_seed124_s30_g3.5_str0.3.png,1
/media/CrispyMcMarkInc/Real_cropped_1024/00895.jpg,0
/media/CrispyMcMarkInc/fake-images-img2img/train/00895_sd15_fp16_seed125_s30_g3.5_str0.3.png,1
/media/CrispyMcMarkInc/fake-images-img2img/train/00895_sd35_fp16_seed125_s30_g3.5_str0.3.png,1
/media/CrispyMcMarkInc/fake-images-img2img/train/00895_sd3_fp16_seed125_s30_g3.5_str0.3.png,1
/media/CrispyMcMarkInc/Real_cropped_1024/00922.jpg,0
/media/CrispyMcMarkInc/fake-images-img2img/train/00922_sd15_fp16_seed126_s30_g3.5_str0.3.png,1
/media/CrispyMcMarkInc/fake-images-img2img/train/00922_sd35_fp16_seed126_s30_g3.5_str0.3.png,1
/media/CrispyMcMarkInc/fake-images-img2img/train/00922_sd3_fp16_seed126_s30_g3.5_str0.3.png,1
/media/CrispyMcMarkInc/Real_cropped_1024/00033.jpg,0
/media/CrispyMcMarkInc/fake-images-img2img/train/00033_sd15_fp16_seed127_s30_g3.5_str0.3.png,1
/media/CrispyMcMarkInc/fake-images-img2img/train/00033_sd35_fp16_seed127_s30_g3.5_str0.3.png,1
/media/CrispyMcMarkInc/fake-images-img2img/train/00033_sd3_fp16_seed127_s30_g3.5_str0.3.png,1
/media/CrispyMcMarkInc/Real_cropped_1024/00483.jpg,0
/media/CrispyMcMarkInc/fake-images-img2img/train/00483_sd15_fp16_seed128_s30_g3.5_str0.3.png,1
/media/CrispyMcMarkInc/fake-images-img2img/train/00483_sd35_fp16_seed128_s30_g3.5_str0.3.png,1
/media/CrispyMcMarkInc/fake-images-img2img/train/00483_sd3_fp16_seed128_s30_g3.5_str0.3.png,1
/media/CrispyMcMarkInc/Real_cropped_1024/00085.jpg,0
/media/CrispyMcMarkInc/fake-images-img2img/train/00085_sd15_fp16_seed129_s30_g3.5_str0.3.png,1
/media/CrispyMcMarkInc/fake-images-img2img/train/00085_sd35_fp16_seed129_s30_g3.5_str0.3.png,1
/media/CrispyMcMarkInc/fake-images-img2img/train/00085_sd3_fp16_seed129_s30_g3.5_str0.3.png,1
/media/CrispyMcMarkInc/Real_cropped_1024/00750.jpg,0
/media/CrispyMcMarkInc/fake-images-img2img/train/00750_sd15_fp16_seed130_s30_g3.5_str0.3.png,1
/media/CrispyMcMarkInc/fake-images-img2img/train/00750_sd35_fp16_seed130_s30_g3.5_str0.3.png,1
/media/CrispyMcMarkInc/fake-images-img2img/train/00750_sd3_fp16_seed130_s30_g3.5_str0.3.png,1
/media/CrispyMcMarkInc/Real_cropped_1024/00354.jpg,0
/media/CrispyMcMarkInc/fake-images-img2img/train/00354_sd15_fp16_seed131_s30_g3.5_str0.3.png,1
/media/CrispyMcMarkInc/fake-images-img2img/train/00354_sd35_fp16_seed131_s30_g3.5_str0.3.png,1
/media/CrispyMcMarkInc/fake-images-img2img/train/00354_sd3_fp16_seed131_s30_g3.5_str0.3.png,1
/media/CrispyMcMarkInc/Real_cropped_1024/00523.jpg,0
/media/CrispyMcMarkInc/fake-images-img2img/train/00523_sd15_fp16_seed132_s30_g3.5_str0.3.png,1
/media/CrispyMcMarkInc/fake-images-img2img/train/00523_sd35_fp16_seed132_s30_g3.5_str0.3.png,1
/media/CrispyMcMarkInc/fake-images-img2img/train/00523_sd3_fp16_seed132_s30_g3.5_str0.3.png,1
/media/CrispyMcMarkInc/Real_cropped_1024/00184.jpg,0
/media/CrispyMcMarkInc/fake-images-img2img/train/00184_sd15_fp16_seed133_s30_g3.5_str0.3.png,1
/media/CrispyMcMarkInc/fake-images-img2img/train/00184_sd35_fp16_seed133_s30_g3.5_str0.3.png,1
/media/CrispyMcMarkInc/fake-images-img2img/train/00184_sd3_fp16_seed133_s30_g3.5_str0.3.png,1
/media/CrispyMcMarkInc/Real_cropped_1024/00809.jpg,0
/media/CrispyMcMarkInc/fake-images-img2img/train/00809_sd15_fp16_seed134_s30_g3.5_str0.3.png,1
/media/CrispyMcMarkInc/fake-images-img2img/train/00809_sd35_fp16_seed134_s30_g3.5_str0.3.png,1
/media/CrispyMcMarkInc/fake-images-img2img/train/00809_sd3_fp16_seed134_s30_g3.5_str0.3.png,1
/media/CrispyMcMarkInc/Real_cropped_1024/00418.jpg,0
/media/CrispyMcMarkInc/fake-images-img2img/train/00418_sd15_fp16_seed135_s30_g3.5_str0.3.png,1
/media/CrispyMcMarkInc/fake-images-img2img/train/00418_sd35_fp16_seed135_s30_g3.5_str0.3.png,1
/media/CrispyMcMarkInc/fake-images-img2img/train/00418_sd3_fp16_seed135_s30_g3.5_str0.3.png,1
/media/CrispyMcMarkInc/Real_cropped_1024/00615.jpg,0
/media/CrispyMcMarkInc/fake-images-img2img/train/00615_sd15_fp16_seed136_s30_g3.5_str0.3.png,1
/media/CrispyMcMarkInc/fake-images-img2img/train/00615_sd35_fp16_seed136_s30_g3.5_str0.3.png,1
/media/CrispyMcMarkInc/fake-images-img2img/train/00615_sd3_fp16_seed136_s30_g3.5_str0.3.png,1
/media/CrispyMcMarkInc/Real_cropped_1024/00682.jpg,0
/media/CrispyMcMarkInc/fake-images-img2img/train/00682_sd15_fp16_seed137_s30_g3.5_str0.3.png,1
/media/CrispyMcMarkInc/fake-images-img2img/train/00682_sd35_fp16_seed137_s30_g3.5_str0.3.png,1
/media/CrispyMcMarkInc/fake-images-img2img/train/00682_sd3_fp16_seed137_s30_g3.5_str0.3.png,1
/media/CrispyMcMarkInc/Real_cropped_1024/00501.jpg,0
/media/CrispyMcMarkInc/fake-images-img2img/train/00501_sd15_fp16_seed138_s30_g3.5_str0.3.png,1
/media/CrispyMcMarkInc/fake-images-img2img/train/00501_sd35_fp16_seed138_s30_g3.5_str0.3.png,1
/media/CrispyMcMarkInc/fake-images-img2img/train/00501_sd3_fp16_seed138_s30_g3.5_str0.3.png,1
/media/CrispyMcMarkInc/Real_cropped_1024/00760.jpg,0
/media/CrispyMcMarkInc/fake-images-img2img/train/00760_sd15_fp16_seed139_s30_g3.5_str0.3.png,1
/media/CrispyMcMarkInc/fake-images-img2img/train/00760_sd35_fp16_seed139_s30_g3.5_str0.3.png,1
/media/CrispyMcMarkInc/fake-images-img2img/train/00760_sd3_fp16_seed139_s30_g3.5_str0.3.png,1
/media/CrispyMcMarkInc/Real_cropped_1024/00049.jpg,0
/media/CrispyMcMarkInc/fake-images-img2img/train/00049_sd15_fp16_seed140_s30_g3.5_str0.3.png,1
/media/CrispyMcMarkInc/fake-images-img2img/train/00049_sd35_fp16_seed140_s30_g3.5_str0.3.png,1
/media/CrispyMcMarkInc/fake-images-img2img/train/00049_sd3_fp16_seed140_s30_g3.5_str0.3.png,1
/media/CrispyMcMarkInc/Real_cropped_1024/00732.jpg,0
/media/CrispyMcMarkInc/fake-images-img2img/train/00732_sd15_fp16_seed141_s30_g3.5_str0.3.png,1
/media/CrispyMcMarkInc/fake-images-img2img/train/00732_sd35_fp16_seed141_s30_g3.5_str0.3.png,1
/media/CrispyMcMarkInc/fake-images-img2img/train/00732_sd3_fp16_seed141_s30_g3.5_str0.3.png,1
/media/CrispyMcMarkInc/Real_cropped_1024/00336.jpg,0
/media/CrispyMcMarkInc/fake-images-img2img/train/00336_sd15_fp16_seed142_s30_g3.5_str0.3.png,1
/media/CrispyMcMarkInc/fake-images-img2img/train/00336_sd35_fp16_seed142_s30_g3.5_str0.3.png,1
/media/CrispyMcMarkInc/fake-images-img2img/train/00336_sd3_fp16_seed142_s30_g3.5_str0.3.png,1
/media/CrispyMcMarkInc/Real_cropped_1024/00450.jpg,0
/media/CrispyMcMarkInc/fake-images-img2img/train/00450_sd15_fp16_seed143_s30_g3.5_str0.3.png,1
/media/CrispyMcMarkInc/fake-images-img2img/train/00450_sd35_fp16_seed143_s30_g3.5_str0.3.png,1
/media/CrispyMcMarkInc/fake-images-img2img/train/00450_sd3_fp16_seed143_s30_g3.5_str0.3.png,1
/media/CrispyMcMarkInc/Real_cropped_1024/00790.jpg,0
/media/CrispyMcMarkInc/fake-images-img2img/train/00790_sd15_fp16_seed144_s30_g3.5_str0.3.png,1
/media/CrispyMcMarkInc/fake-images-img2img/train/00790_sd35_fp16_seed144_s30_g3.5_str0.3.png,1
/media/CrispyMcMarkInc/fake-images-img2img/train/00790_sd3_fp16_seed144_s30_g3.5_str0.3.png,1
/media/CrispyMcMarkInc/Real_cropped_1024/00350.jpg,0
/media/CrispyMcMarkInc/fake-images-img2img/train/00350_sd15_fp16_seed145_s30_g3.5_str0.3.png,1
/media/CrispyMcMarkInc/fake-images-img2img/train/00350_sd35_fp16_seed145_s30_g3.5_str0.3.png,1
/media/CrispyMcMarkInc/fake-images-img2img/train/00350_sd3_fp16_seed145_s30_g3.5_str0.3.png,1
/media/CrispyMcMarkInc/Real_cropped_1024/00467.jpg,0
/media/CrispyMcMarkInc/fake-images-img2img/train/00467_sd15_fp16_seed146_s30_g3.5_str0.3.png,1
/media/CrispyMcMarkInc/fake-images-img2img/train/00467_sd35_fp16_seed146_s30_g3.5_str0.3.png,1
/media/CrispyMcMarkInc/fake-images-img2img/train/00467_sd3_fp16_seed146_s30_g3.5_str0.3.png,1
/media/CrispyMcMarkInc/Real_cropped_1024/00622.jpg,0
/media/CrispyMcMarkInc/fake-images-img2img/train/00622_sd15_fp16_seed147_s30_g3.5_str0.3.png,1
/media/CrispyMcMarkInc/fake-images-img2img/train/00622_sd35_fp16_seed147_s30_g3.5_str0.3.png,1
/media/CrispyMcMarkInc/fake-images-img2img/train/00622_sd3_fp16_seed147_s30_g3.5_str0.3.png,1
/media/CrispyMcMarkInc/Real_cropped_1024/00476.jpg,0
/media/CrispyMcMarkInc/fake-images-img2img/train/00476_sd15_fp16_seed148_s30_g3.5_str0.3.png,1
/media/CrispyMcMarkInc/fake-images-img2img/train/00476_sd35_fp16_seed148_s30_g3.5_str0.3.png,1
/media/CrispyMcMarkInc/fake-images-img2img/train/00476_sd3_fp16_seed148_s30_g3.5_str0.3.png,1
/media/CrispyMcMarkInc/Real_cropped_1024/00614.jpg,0
/media/CrispyMcMarkInc/fake-images-img2img/train/00614_sd15_fp16_seed149_s30_g3.5_str0.3.png,1
/media/CrispyMcMarkInc/fake-images-img2img/train/00614_sd35_fp16_seed149_s30_g3.5_str0.3.png,1
/media/CrispyMcMarkInc/fake-images-img2img/train/00614_sd3_fp16_seed149_s30_g3.5_str0.3.png,1
/media/CrispyMcMarkInc/Real_cropped_1024/00554.jpg,0
/media/CrispyMcMarkInc/fake-images-img2img/train/00554_sd15_fp16_seed150_s30_g3.5_str0.3.png,1
/media/CrispyMcMarkInc/fake-images-img2img/train/00554_sd35_fp16_seed150_s30_g3.5_str0.3.png,1
/media/CrispyMcMarkInc/fake-images-img2img/train/00554_sd3_fp16_seed150_s30_g3.5_str0.3.png,1
/media/CrispyMcMarkInc/Real_cropped_1024/00365.jpg,0
/media/CrispyMcMarkInc/fake-images-img2img/train/00365_sd15_fp16_seed151_s30_g3.5_str0.3.png,1
/media/CrispyMcMarkInc/fake-images-img2img/train/00365_sd35_fp16_seed151_s30_g3.5_str0.3.png,1
/media/CrispyMcMarkInc/fake-images-img2img/train/00365_sd3_fp16_seed151_s30_g3.5_str0.3.png,1
/media/CrispyMcMarkInc/Real_cropped_1024/00770.jpg,0
/media/CrispyMcMarkInc/fake-images-img2img/train/00770_sd15_fp16_seed152_s30_g3.5_str0.3.png,1
/media/CrispyMcMarkInc/fake-images-img2img/train/00770_sd35_fp16_seed152_s30_g3.5_str0.3.png,1
/media/CrispyMcMarkInc/fake-images-img2img/train/00770_sd3_fp16_seed152_s30_g3.5_str0.3.png,1
/media/CrispyMcMarkInc/Real_cropped_1024/00630.jpg,0
/media/CrispyMcMarkInc/fake-images-img2img/train/00630_sd15_fp16_seed153_s30_g3.5_str0.3.png,1
/media/CrispyMcMarkInc/fake-images-img2img/train/00630_sd35_fp16_seed153_s30_g3.5_str0.3.png,1
/media/CrispyMcMarkInc/fake-images-img2img/train/00630_sd3_fp16_seed153_s30_g3.5_str0.3.png,1
/media/CrispyMcMarkInc/Real_cropped_1024/00940.jpg,0
/media/CrispyMcMarkInc/fake-images-img2img/train/00940_sd15_fp16_seed154_s30_g3.5_str0.3.png,1
/media/CrispyMcMarkInc/fake-images-img2img/train/00940_sd35_fp16_seed154_s30_g3.5_str0.3.png,1
/media/CrispyMcMarkInc/fake-images-img2img/train/00940_sd3_fp16_seed154_s30_g3.5_str0.3.png,1
/media/CrispyMcMarkInc/Real_cropped_1024/00797.jpg,0
/media/CrispyMcMarkInc/fake-images-img2img/train/00797_sd15_fp16_seed155_s30_g3.5_str0.3.png,1
/media/CrispyMcMarkInc/fake-images-img2img/train/00797_sd35_fp16_seed155_s30_g3.5_str0.3.png,1
/media/CrispyMcMarkInc/fake-images-img2img/train/00797_sd3_fp16_seed155_s30_g3.5_str0.3.png,1
/media/CrispyMcMarkInc/Real_cropped_1024/00496.jpg,0
/media/CrispyMcMarkInc/fake-images-img2img/train/00496_sd15_fp16_seed156_s30_g3.5_str0.3.png,1
/media/CrispyMcMarkInc/fake-images-img2img/train/00496_sd35_fp16_seed156_s30_g3.5_str0.3.png,1
/media/CrispyMcMarkInc/fake-images-img2img/train/00496_sd3_fp16_seed156_s30_g3.5_str0.3.png,1
/media/CrispyMcMarkInc/Real_cropped_1024/00924.jpg,0
/media/CrispyMcMarkInc/fake-images-img2img/train/00924_sd15_fp16_seed157_s30_g3.5_str0.3.png,1
/media/CrispyMcMarkInc/fake-images-img2img/train/00924_sd35_fp16_seed157_s30_g3.5_str0.3.png,1
/media/CrispyMcMarkInc/fake-images-img2img/train/00924_sd3_fp16_seed157_s30_g3.5_str0.3.png,1
/media/CrispyMcMarkInc/Real_cropped_1024/00369.jpg,0
/media/CrispyMcMarkInc/fake-images-img2img/train/00369_sd15_fp16_seed157_s30_g3.5_str0.3.png,1
/media/CrispyMcMarkInc/fake-images-img2img/train/00369_sd15_fp16_seed158_s30_g3.5_str0.3.png,1
/media/CrispyMcMarkInc/fake-images-img2img/train/00369_sd35_fp16_seed158_s30_g3.5_str0.3.png,1
/media/CrispyMcMarkInc/fake-images-img2img/train/00369_sd3_fp16_seed158_s30_g3.5_str0.3.png,1
/media/CrispyMcMarkInc/Real_cropped_1024/00596.jpg,0
/media/CrispyMcMarkInc/fake-images-img2img/train/00596_sd15_fp16_seed158_s30_g3.5_str0.3.png,1
/media/CrispyMcMarkInc/fake-images-img2img/train/00596_sd15_fp16_seed159_s30_g3.5_str0.3.png,1
/media/CrispyMcMarkInc/fake-images-img2img/train/00596_sd35_fp16_seed159_s30_g3.5_str0.3.png,1
/media/CrispyMcMarkInc/fake-images-img2img/train/00596_sd3_fp16_seed159_s30_g3.5_str0.3.png,1
/media/CrispyMcMarkInc/Real_cropped_1024/00720.jpg,0
/media/CrispyMcMarkInc/fake-images-img2img/train/00720_sd15_fp16_seed159_s30_g3.5_str0.3.png,1
/media/CrispyMcMarkInc/fake-images-img2img/train/00720_sd15_fp16_seed160_s30_g3.5_str0.3.png,1
/media/CrispyMcMarkInc/fake-images-img2img/train/00720_sd35_fp16_seed160_s30_g3.5_str0.3.png,1
/media/CrispyMcMarkInc/fake-images-img2img/train/00720_sd3_fp16_seed160_s30_g3.5_str0.3.png,1
/media/CrispyMcMarkInc/Real_cropped_1024/00053.jpg,0
/media/CrispyMcMarkInc/fake-images-img2img/train/00053_sd15_fp16_seed160_s30_g3.5_str0.3.png,1
/media/CrispyMcMarkInc/fake-images-img2img/train/00053_sd15_fp16_seed161_s30_g3.5_str0.3.png,1
/media/CrispyMcMarkInc/fake-images-img2img/train/00053_sd35_fp16_seed161_s30_g3.5_str0.3.png,1
/media/CrispyMcMarkInc/fake-images-img2img/train/00053_sd3_fp16_seed161_s30_g3.5_str0.3.png,1
/media/CrispyMcMarkInc/Real_cropped_1024/00426.jpg,0
/media/CrispyMcMarkInc/fake-images-img2img/train/00426_sd15_fp16_seed161_s30_g3.5_str0.3.png,1
/media/CrispyMcMarkInc/fake-images-img2img/train/00426_sd15_fp16_seed162_s30_g3.5_str0.3.png,1
/media/CrispyMcMarkInc/fake-images-img2img/train/00426_sd35_fp16_seed162_s30_g3.5_str0.3.png,1
/media/CrispyMcMarkInc/fake-images-img2img/train/00426_sd3_fp16_seed162_s30_g3.5_str0.3.png,1
/media/CrispyMcMarkInc/Real_cropped_1024/00056.jpg,0
/media/CrispyMcMarkInc/fake-images-img2img/train/00056_sd15_fp16_seed162_s30_g3.5_str0.3.png,1
/media/CrispyMcMarkInc/fake-images-img2img/train/00056_sd15_fp16_seed163_s30_g3.5_str0.3.png,1
/media/CrispyMcMarkInc/fake-images-img2img/train/00056_sd35_fp16_seed163_s30_g3.5_str0.3.png,1
/media/CrispyMcMarkInc/fake-images-img2img/train/00056_sd3_fp16_seed163_s30_g3.5_str0.3.png,1
/media/CrispyMcMarkInc/Real_cropped_1024/00264.jpg,0
/media/CrispyMcMarkInc/fake-images-img2img/train/00264_sd15_fp16_seed163_s30_g3.5_str0.3.png,1
/media/CrispyMcMarkInc/fake-images-img2img/train/00264_sd15_fp16_seed164_s30_g3.5_str0.3.png,1
/media/CrispyMcMarkInc/fake-images-img2img/train/00264_sd35_fp16_seed164_s30_g3.5_str0.3.png,1
/media/CrispyMcMarkInc/fake-images-img2img/train/00264_sd3_fp16_seed164_s30_g3.5_str0.3.png,1
/media/CrispyMcMarkInc/Real_cropped_1024/00772.jpg,0
/media/CrispyMcMarkInc/fake-images-img2img/train/00772_sd15_fp16_seed164_s30_g3.5_str0.3.png,1
/media/CrispyMcMarkInc/fake-images-img2img/train/00772_sd15_fp16_seed165_s30_g3.5_str0.3.png,1
/media/CrispyMcMarkInc/fake-images-img2img/train/00772_sd35_fp16_seed165_s30_g3.5_str0.3.png,1
/media/CrispyMcMarkInc/fake-images-img2img/train/00772_sd3_fp16_seed165_s30_g3.5_str0.3.png,1
/media/CrispyMcMarkInc/Real_cropped_1024/00185.jpg,0
/media/CrispyMcMarkInc/fake-images-img2img/train/00185_sd15_fp16_seed165_s30_g3.5_str0.3.png,1
/media/CrispyMcMarkInc/fake-images-img2img/train/00185_sd15_fp16_seed166_s30_g3.5_str0.3.png,1
/media/CrispyMcMarkInc/fake-images-img2img/train/00185_sd35_fp16_seed166_s30_g3.5_str0.3.png,1
/media/CrispyMcMarkInc/fake-images-img2img/train/00185_sd3_fp16_seed166_s30_g3.5_str0.3.png,1
/media/CrispyMcMarkInc/Real_cropped_1024/00466.jpg,0
/media/CrispyMcMarkInc/fake-images-img2img/train/00466_sd15_fp16_seed166_s30_g3.5_str0.3.png,1
/media/CrispyMcMarkInc/fake-images-img2img/train/00466_sd15_fp16_seed167_s30_g3.5_str0.3.png,1
/media/CrispyMcMarkInc/fake-images-img2img/train/00466_sd35_fp16_seed167_s30_g3.5_str0.3.png,1
/media/CrispyMcMarkInc/fake-images-img2img/train/00466_sd3_fp16_seed167_s30_g3.5_str0.3.png,1
/media/CrispyMcMarkInc/Real_cropped_1024/00789.jpg,0
/media/CrispyMcMarkInc/fake-images-img2img/train/00789_sd15_fp16_seed167_s30_g3.5_str0.3.png,1
/media/CrispyMcMarkInc/fake-images-img2img/train/00789_sd15_fp16_seed168_s30_g3.5_str0.3.png,1
/media/CrispyMcMarkInc/fake-images-img2img/train/00789_sd35_fp16_seed168_s30_g3.5_str0.3.png,1
/media/CrispyMcMarkInc/fake-images-img2img/train/00789_sd3_fp16_seed168_s30_g3.5_str0.3.png,1
/media/CrispyMcMarkInc/Real_cropped_1024/00174.jpg,0
/media/CrispyMcMarkInc/fake-images-img2img/train/00174_sd15_fp16_seed168_s30_g3.5_str0.3.png,1
/media/CrispyMcMarkInc/fake-images-img2img/train/00174_sd15_fp16_seed169_s30_g3.5_str0.3.png,1
/media/CrispyMcMarkInc/fake-images-img2img/train/00174_sd35_fp16_seed169_s30_g3.5_str0.3.png,1
/media/CrispyMcMarkInc/fake-images-img2img/train/00174_sd3_fp16_seed169_s30_g3.5_str0.3.png,1
/media/CrispyMcMarkInc/Real_cropped_1024/00150.jpg,0
/media/CrispyMcMarkInc/fake-images-img2img/train/00150_sd15_fp16_seed169_s30_g3.5_str0.3.png,1
/media/CrispyMcMarkInc/fake-images-img2img/train/00150_sd15_fp16_seed170_s30_g3.5_str0.3.png,1
/media/CrispyMcMarkInc/fake-images-img2img/train/00150_sd35_fp16_seed170_s30_g3.5_str0.3.png,1
/media/CrispyMcMarkInc/fake-images-img2img/train/00150_sd3_fp16_seed170_s30_g3.5_str0.3.png,1
/media/CrispyMcMarkInc/Real_cropped_1024/00741.jpg,0
/media/CrispyMcMarkInc/fake-images-img2img/train/00741_sd15_fp16_seed170_s30_g3.5_str0.3.png,1
/media/CrispyMcMarkInc/fake-images-img2img/train/00741_sd15_fp16_seed171_s30_g3.5_str0.3.png,1
/media/CrispyMcMarkInc/fake-images-img2img/train/00741_sd35_fp16_seed171_s30_g3.5_str0.3.png,1
/media/CrispyMcMarkInc/fake-images-img2img/train/00741_sd3_fp16_seed171_s30_g3.5_str0.3.png,1
/media/CrispyMcMarkInc/Real_cropped_1024/00113.jpg,0
/media/CrispyMcMarkInc/fake-images-img2img/train/00113_sd15_fp16_seed171_s30_g3.5_str0.3.png,1
/media/CrispyMcMarkInc/fake-images-img2img/train/00113_sd15_fp16_seed172_s30_g3.5_str0.3.png,1
/media/CrispyMcMarkInc/fake-images-img2img/train/00113_sd35_fp16_seed172_s30_g3.5_str0.3.png,1
/media/CrispyMcMarkInc/fake-images-img2img/train/00113_sd3_fp16_seed172_s30_g3.5_str0.3.png,1
/media/CrispyMcMarkInc/Real_cropped_1024/00428.jpg,0
/media/CrispyMcMarkInc/fake-images-img2img/train/00428_sd15_fp16_seed172_s30_g3.5_str0.3.png,1
/media/CrispyMcMarkInc/fake-images-img2img/train/00428_sd15_fp16_seed173_s30_g3.5_str0.3.png,1
/media/CrispyMcMarkInc/fake-images-img2img/train/00428_sd35_fp16_seed173_s30_g3.5_str0.3.png,1
/media/CrispyMcMarkInc/fake-images-img2img/train/00428_sd3_fp16_seed173_s30_g3.5_str0.3.png,1
/media/CrispyMcMarkInc/Real_cropped_1024/00965.jpg,0
/media/CrispyMcMarkInc/fake-images-img2img/train/00965_sd15_fp16_seed173_s30_g3.5_str0.3.png,1
/media/CrispyMcMarkInc/fake-images-img2img/train/00965_sd15_fp16_seed174_s30_g3.5_str0.3.png,1
/media/CrispyMcMarkInc/fake-images-img2img/train/00965_sd35_fp16_seed174_s30_g3.5_str0.3.png,1
/media/CrispyMcMarkInc/fake-images-img2img/train/00965_sd3_fp16_seed174_s30_g3.5_str0.3.png,1
/media/CrispyMcMarkInc/Real_cropped_1024/00018.jpg,0
/media/CrispyMcMarkInc/fake-images-img2img/train/00018_sd15_fp16_seed174_s30_g3.5_str0.3.png,1
/media/CrispyMcMarkInc/fake-images-img2img/train/00018_sd15_fp16_seed175_s30_g3.5_str0.3.png,1
/media/CrispyMcMarkInc/fake-images-img2img/train/00018_sd35_fp16_seed175_s30_g3.5_str0.3.png,1
/media/CrispyMcMarkInc/fake-images-img2img/train/00018_sd3_fp16_seed175_s30_g3.5_str0.3.png,1
/media/CrispyMcMarkInc/Real_cropped_1024/00189.jpg,0
/media/CrispyMcMarkInc/fake-images-img2img/train/00189_sd15_fp16_seed175_s30_g3.5_str0.3.png,1
/media/CrispyMcMarkInc/fake-images-img2img/train/00189_sd15_fp16_seed176_s30_g3.5_str0.3.png,1
/media/CrispyMcMarkInc/fake-images-img2img/train/00189_sd35_fp16_seed176_s30_g3.5_str0.3.png,1
/media/CrispyMcMarkInc/fake-images-img2img/train/00189_sd3_fp16_seed176_s30_g3.5_str0.3.png,1
/media/CrispyMcMarkInc/Real_cropped_1024/00414.jpg,0
/media/CrispyMcMarkInc/fake-images-img2img/train/00414_sd15_fp16_seed176_s30_g3.5_str0.3.png,1
/media/CrispyMcMarkInc/fake-images-img2img/train/00414_sd15_fp16_seed177_s30_g3.5_str0.3.png,1
/media/CrispyMcMarkInc/fake-images-img2img/train/00414_sd35_fp16_seed177_s30_g3.5_str0.3.png,1
/media/CrispyMcMarkInc/fake-images-img2img/train/00414_sd3_fp16_seed177_s30_g3.5_str0.3.png,1
/media/CrispyMcMarkInc/Real_cropped_1024/00589.jpg,0
/media/CrispyMcMarkInc/fake-images-img2img/train/00589_sd15_fp16_seed177_s30_g3.5_str0.3.png,1
/media/CrispyMcMarkInc/fake-images-img2img/train/00589_sd15_fp16_seed178_s30_g3.5_str0.3.png,1
/media/CrispyMcMarkInc/fake-images-img2img/train/00589_sd35_fp16_seed178_s30_g3.5_str0.3.png,1
/media/CrispyMcMarkInc/fake-images-img2img/train/00589_sd3_fp16_seed178_s30_g3.5_str0.3.png,1
/media/CrispyMcMarkInc/Real_cropped_1024/00666.jpg,0
/media/CrispyMcMarkInc/fake-images-img2img/train/00666_sd15_fp16_seed178_s30_g3.5_str0.3.png,1
/media/CrispyMcMarkInc/fake-images-img2img/train/00666_sd15_fp16_seed179_s30_g3.5_str0.3.png,1
/media/CrispyMcMarkInc/fake-images-img2img/train/00666_sd35_fp16_seed179_s30_g3.5_str0.3.png,1
/media/CrispyMcMarkInc/fake-images-img2img/train/00666_sd3_fp16_seed179_s30_g3.5_str0.3.png,1
/media/CrispyMcMarkInc/Real_cropped_1024/00763.jpg,0
/media/CrispyMcMarkInc/fake-images-img2img/train/00763_sd15_fp16_seed179_s30_g3.5_str0.3.png,1
/media/CrispyMcMarkInc/fake-images-img2img/train/00763_sd15_fp16_seed180_s30_g3.5_str0.3.png,1
/media/CrispyMcMarkInc/fake-images-img2img/train/00763_sd35_fp16_seed180_s30_g3.5_str0.3.png,1
/media/CrispyMcMarkInc/fake-images-img2img/train/00763_sd3_fp16_seed180_s30_g3.5_str0.3.png,1
/media/CrispyMcMarkInc/Real_cropped_1024/00221.jpg,0
/media/CrispyMcMarkInc/fake-images-img2img/train/00221_sd15_fp16_seed180_s30_g3.5_str0.3.png,1
/media/CrispyMcMarkInc/fake-images-img2img/train/00221_sd15_fp16_seed181_s30_g3.5_str0.3.png,1
/media/CrispyMcMarkInc/fake-images-img2img/train/00221_sd35_fp16_seed181_s30_g3.5_str0.3.png,1
/media/CrispyMcMarkInc/fake-images-img2img/train/00221_sd3_fp16_seed181_s30_g3.5_str0.3.png,1
/media/CrispyMcMarkInc/Real_cropped_1024/00586.jpg,0
/media/CrispyMcMarkInc/fake-images-img2img/train/00586_sd15_fp16_seed181_s30_g3.5_str0.3.png,1
/media/CrispyMcMarkInc/fake-images-img2img/train/00586_sd15_fp16_seed182_s30_g3.5_str0.3.png,1
/media/CrispyMcMarkInc/fake-images-img2img/train/00586_sd35_fp16_seed182_s30_g3.5_str0.3.png,1
/media/CrispyMcMarkInc/fake-images-img2img/train/00586_sd3_fp16_seed182_s30_g3.5_str0.3.png,1
/media/CrispyMcMarkInc/Real_cropped_1024/00581.jpg,0
/media/CrispyMcMarkInc/fake-images-img2img/train/00581_sd15_fp16_seed182_s30_g3.5_str0.3.png,1
/media/CrispyMcMarkInc/fake-images-img2img/train/00581_sd15_fp16_seed183_s30_g3.5_str0.3.png,1
/media/CrispyMcMarkInc/fake-images-img2img/train/00581_sd35_fp16_seed183_s30_g3.5_str0.3.png,1
/media/CrispyMcMarkInc/fake-images-img2img/train/00581_sd3_fp16_seed183_s30_g3.5_str0.3.png,1
/media/CrispyMcMarkInc/Real_cropped_1024/00299.jpg,0
/media/CrispyMcMarkInc/fake-images-img2img/train/00299_sd15_fp16_seed183_s30_g3.5_str0.3.png,1
/media/CrispyMcMarkInc/fake-images-img2img/train/00299_sd15_fp16_seed184_s30_g3.5_str0.3.png,1
/media/CrispyMcMarkInc/fake-images-img2img/train/00299_sd35_fp16_seed184_s30_g3.5_str0.3.png,1
/media/CrispyMcMarkInc/fake-images-img2img/train/00299_sd3_fp16_seed184_s30_g3.5_str0.3.png,1
/media/CrispyMcMarkInc/Real_cropped_1024/00638.jpg,0
/media/CrispyMcMarkInc/fake-images-img2img/train/00638_sd15_fp16_seed184_s30_g3.5_str0.3.png,1
/media/CrispyMcMarkInc/fake-images-img2img/train/00638_sd15_fp16_seed185_s30_g3.5_str0.3.png,1
/media/CrispyMcMarkInc/fake-images-img2img/train/00638_sd35_fp16_seed185_s30_g3.5_str0.3.png,1
/media/CrispyMcMarkInc/fake-images-img2img/train/00638_sd3_fp16_seed185_s30_g3.5_str0.3.png,1
/media/CrispyMcMarkInc/Real_cropped_1024/00386.jpg,0
/media/CrispyMcMarkInc/fake-images-img2img/train/00386_sd15_fp16_seed185_s30_g3.5_str0.3.png,1
/media/CrispyMcMarkInc/fake-images-img2img/train/00386_sd15_fp16_seed186_s30_g3.5_str0.3.png,1
/media/CrispyMcMarkInc/fake-images-img2img/train/00386_sd35_fp16_seed186_s30_g3.5_str0.3.png,1
/media/CrispyMcMarkInc/fake-images-img2img/train/00386_sd3_fp16_seed186_s30_g3.5_str0.3.png,1
/media/CrispyMcMarkInc/Real_cropped_1024/00364.jpg,0
/media/CrispyMcMarkInc/fake-images-img2img/train/00364_sd15_fp16_seed186_s30_g3.5_str0.3.png,1
/media/CrispyMcMarkInc/fake-images-img2img/train/00364_sd15_fp16_seed187_s30_g3.5_str0.3.png,1
/media/CrispyMcMarkInc/fake-images-img2img/train/00364_sd35_fp16_seed187_s30_g3.5_str0.3.png,1
/media/CrispyMcMarkInc/fake-images-img2img/train/00364_sd3_fp16_seed187_s30_g3.5_str0.3.png,1
/media/CrispyMcMarkInc/Real_cropped_1024/00879.jpg,0
/media/CrispyMcMarkInc/fake-images-img2img/train/00879_sd15_fp16_seed187_s30_g3.5_str0.3.png,1
/media/CrispyMcMarkInc/fake-images-img2img/train/00879_sd15_fp16_seed188_s30_g3.5_str0.3.png,1
/media/CrispyMcMarkInc/fake-images-img2img/train/00879_sd35_fp16_seed188_s30_g3.5_str0.3.png,1
/media/CrispyMcMarkInc/fake-images-img2img/train/00879_sd3_fp16_seed188_s30_g3.5_str0.3.png,1
/media/CrispyMcMarkInc/Real_cropped_1024/00334.jpg,0
/media/CrispyMcMarkInc/fake-images-img2img/train/00334_sd15_fp16_seed188_s30_g3.5_str0.3.png,1
/media/CrispyMcMarkInc/fake-images-img2img/train/00334_sd15_fp16_seed189_s30_g3.5_str0.3.png,1
/media/CrispyMcMarkInc/fake-images-img2img/train/00334_sd35_fp16_seed189_s30_g3.5_str0.3.png,1
/media/CrispyMcMarkInc/fake-images-img2img/train/00334_sd3_fp16_seed189_s30_g3.5_str0.3.png,1
/media/CrispyMcMarkInc/Real_cropped_1024/00016.jpg,0
/media/CrispyMcMarkInc/fake-images-img2img/train/00016_sd15_fp16_seed189_s30_g3.5_str0.3.png,1
/media/CrispyMcMarkInc/fake-images-img2img/train/00016_sd15_fp16_seed190_s30_g3.5_str0.3.png,1
/media/CrispyMcMarkInc/fake-images-img2img/train/00016_sd35_fp16_seed190_s30_g3.5_str0.3.png,1
/media/CrispyMcMarkInc/fake-images-img2img/train/00016_sd3_fp16_seed190_s30_g3.5_str0.3.png,1
/media/CrispyMcMarkInc/Real_cropped_1024/00202.jpg,0
/media/CrispyMcMarkInc/fake-images-img2img/train/00202_sd15_fp16_seed190_s30_g3.5_str0.3.png,1
/media/CrispyMcMarkInc/fake-images-img2img/train/00202_sd15_fp16_seed191_s30_g3.5_str0.3.png,1
/media/CrispyMcMarkInc/fake-images-img2img/train/00202_sd35_fp16_seed191_s30_g3.5_str0.3.png,1
/media/CrispyMcMarkInc/fake-images-img2img/train/00202_sd3_fp16_seed191_s30_g3.5_str0.3.png,1
/media/CrispyMcMarkInc/Real_cropped_1024/00001.jpg,0
/media/CrispyMcMarkInc/fake-images-img2img/train/00001_sd15_fp16_seed191_s30_g3.5_str0.3.png,1
/media/CrispyMcMarkInc/fake-images-img2img/train/00001_sd15_fp16_seed192_s30_g3.5_str0.3.png,1
/media/CrispyMcMarkInc/fake-images-img2img/train/00001_sd35_fp16_seed192_s30_g3.5_str0.3.png,1
/media/CrispyMcMarkInc/fake-images-img2img/train/00001_sd3_fp16_seed192_s30_g3.5_str0.3.png,1
/media/CrispyMcMarkInc/Real_cropped_1024/00038.jpg,0
/media/CrispyMcMarkInc/fake-images-img2img/train/00038_sd15_fp16_seed192_s30_g3.5_str0.3.png,1
/media/CrispyMcMarkInc/fake-images-img2img/train/00038_sd15_fp16_seed193_s30_g3.5_str0.3.png,1
/media/CrispyMcMarkInc/fake-images-img2img/train/00038_sd35_fp16_seed193_s30_g3.5_str0.3.png,1
/media/CrispyMcMarkInc/fake-images-img2img/train/00038_sd3_fp16_seed193_s30_g3.5_str0.3.png,1
/media/CrispyMcMarkInc/Real_cropped_1024/00290.jpg,0
/media/CrispyMcMarkInc/fake-images-img2img/train/00290_sd15_fp16_seed193_s30_g3.5_str0.3.png,1
/media/CrispyMcMarkInc/fake-images-img2img/train/00290_sd15_fp16_seed194_s30_g3.5_str0.3.png,1
/media/CrispyMcMarkInc/fake-images-img2img/train/00290_sd35_fp16_seed194_s30_g3.5_str0.3.png,1
/media/CrispyMcMarkInc/fake-images-img2img/train/00290_sd3_fp16_seed194_s30_g3.5_str0.3.png,1
/media/CrispyMcMarkInc/Real_cropped_1024/00493.jpg,0
/media/CrispyMcMarkInc/fake-images-img2img/train/00493_sd15_fp16_seed194_s30_g3.5_str0.3.png,1
/media/CrispyMcMarkInc/fake-images-img2img/train/00493_sd15_fp16_seed195_s30_g3.5_str0.3.png,1
/media/CrispyMcMarkInc/fake-images-img2img/train/00493_sd35_fp16_seed195_s30_g3.5_str0.3.png,1
/media/CrispyMcMarkInc/fake-images-img2img/train/00493_sd3_fp16_seed195_s30_g3.5_str0.3.png,1
/media/CrispyMcMarkInc/Real_cropped_1024/00247.jpg,0
/media/CrispyMcMarkInc/fake-images-img2img/train/00247_sd15_fp16_seed195_s30_g3.5_str0.3.png,1
/media/CrispyMcMarkInc/fake-images-img2img/train/00247_sd15_fp16_seed196_s30_g3.5_str0.3.png,1
/media/CrispyMcMarkInc/fake-images-img2img/train/00247_sd35_fp16_seed196_s30_g3.5_str0.3.png,1
/media/CrispyMcMarkInc/fake-images-img2img/train/00247_sd3_fp16_seed196_s30_g3.5_str0.3.png,1
/media/CrispyMcMarkInc/Real_cropped_1024/00506.jpg,0
/media/CrispyMcMarkInc/fake-images-img2img/train/00506_sd15_fp16_seed196_s30_g3.5_str0.3.png,1
/media/CrispyMcMarkInc/fake-images-img2img/train/00506_sd15_fp16_seed197_s30_g3.5_str0.3.png,1
/media/CrispyMcMarkInc/fake-images-img2img/train/00506_sd35_fp16_seed197_s30_g3.5_str0.3.png,1
/media/CrispyMcMarkInc/fake-images-img2img/train/00506_sd3_fp16_seed197_s30_g3.5_str0.3.png,1
/media/CrispyMcMarkInc/Real_cropped_1024/00896.jpg,0
/media/CrispyMcMarkInc/fake-images-img2img/train/00896_sd15_fp16_seed197_s30_g3.5_str0.3.png,1
/media/CrispyMcMarkInc/fake-images-img2img/train/00896_sd15_fp16_seed198_s30_g3.5_str0.3.png,1
/media/CrispyMcMarkInc/fake-images-img2img/train/00896_sd35_fp16_seed198_s30_g3.5_str0.3.png,1
/media/CrispyMcMarkInc/fake-images-img2img/train/00896_sd3_fp16_seed198_s30_g3.5_str0.3.png,1
/media/CrispyMcMarkInc/Real_cropped_1024/00713.jpg,0
/media/CrispyMcMarkInc/fake-images-img2img/train/00713_sd15_fp16_seed198_s30_g3.5_str0.3.png,1
/media/CrispyMcMarkInc/fake-images-img2img/train/00713_sd15_fp16_seed199_s30_g3.5_str0.3.png,1
/media/CrispyMcMarkInc/fake-images-img2img/train/00713_sd35_fp16_seed199_s30_g3.5_str0.3.png,1
/media/CrispyMcMarkInc/fake-images-img2img/train/00713_sd3_fp16_seed199_s30_g3.5_str0.3.png,1
/media/CrispyMcMarkInc/Real_cropped_1024/00891.jpg,0
/media/CrispyMcMarkInc/fake-images-img2img/train/00891_sd15_fp16_seed199_s30_g3.5_str0.3.png,1
/media/CrispyMcMarkInc/fake-images-img2img/train/00891_sd15_fp16_seed200_s30_g3.5_str0.3.png,1
/media/CrispyMcMarkInc/fake-images-img2img/train/00891_sd35_fp16_seed200_s30_g3.5_str0.3.png,1
/media/CrispyMcMarkInc/fake-images-img2img/train/00891_sd3_fp16_seed200_s30_g3.5_str0.3.png,1
/media/CrispyMcMarkInc/Real_cropped_1024/00076.jpg,0
/media/CrispyMcMarkInc/fake-images-img2img/train/00076_sd15_fp16_seed200_s30_g3.5_str0.3.png,1
/media/CrispyMcMarkInc/fake-images-img2img/train/00076_sd15_fp16_seed201_s30_g3.5_str0.3.png,1
/media/CrispyMcMarkInc/fake-images-img2img/train/00076_sd35_fp16_seed201_s30_g3.5_str0.3.png,1
/media/CrispyMcMarkInc/fake-images-img2img/train/00076_sd3_fp16_seed201_s30_g3.5_str0.3.png,1
/media/CrispyMcMarkInc/Real_cropped_1024/00911.jpg,0
/media/CrispyMcMarkInc/fake-images-img2img/train/00911_sd15_fp16_seed201_s30_g3.5_str0.3.png,1
/media/CrispyMcMarkInc/fake-images-img2img/train/00911_sd15_fp16_seed202_s30_g3.5_str0.3.png,1
/media/CrispyMcMarkInc/fake-images-img2img/train/00911_sd35_fp16_seed202_s30_g3.5_str0.3.png,1
/media/CrispyMcMarkInc/fake-images-img2img/train/00911_sd3_fp16_seed202_s30_g3.5_str0.3.png,1
/media/CrispyMcMarkInc/Real_cropped_1024/00792.jpg,0
/media/CrispyMcMarkInc/fake-images-img2img/train/00792_sd15_fp16_seed202_s30_g3.5_str0.3.png,1
/media/CrispyMcMarkInc/fake-images-img2img/train/00792_sd15_fp16_seed203_s30_g3.5_str0.3.png,1
/media/CrispyMcMarkInc/fake-images-img2img/train/00792_sd35_fp16_seed203_s30_g3.5_str0.3.png,1
/media/CrispyMcMarkInc/fake-images-img2img/train/00792_sd3_fp16_seed203_s30_g3.5_str0.3.png,1
/media/CrispyMcMarkInc/Real_cropped_1024/00508.jpg,0
/media/CrispyMcMarkInc/fake-images-img2img/train/00508_sd15_fp16_seed203_s30_g3.5_str0.3.png,1
/media/CrispyMcMarkInc/fake-images-img2img/train/00508_sd15_fp16_seed204_s30_g3.5_str0.3.png,1
/media/CrispyMcMarkInc/fake-images-img2img/train/00508_sd35_fp16_seed204_s30_g3.5_str0.3.png,1
/media/CrispyMcMarkInc/fake-images-img2img/train/00508_sd3_fp16_seed204_s30_g3.5_str0.3.png,1
/media/CrispyMcMarkInc/Real_cropped_1024/00177.jpg,0
/media/CrispyMcMarkInc/fake-images-img2img/train/00177_sd15_fp16_seed204_s30_g3.5_str0.3.png,1
/media/CrispyMcMarkInc/fake-images-img2img/train/00177_sd15_fp16_seed205_s30_g3.5_str0.3.png,1
/media/CrispyMcMarkInc/fake-images-img2img/train/00177_sd35_fp16_seed205_s30_g3.5_str0.3.png,1
/media/CrispyMcMarkInc/fake-images-img2img/train/00177_sd3_fp16_seed205_s30_g3.5_str0.3.png,1
/media/CrispyMcMarkInc/Real_cropped_1024/00842.jpg,0
/media/CrispyMcMarkInc/fake-images-img2img/train/00842_sd15_fp16_seed205_s30_g3.5_str0.3.png,1
/media/CrispyMcMarkInc/fake-images-img2img/train/00842_sd15_fp16_seed206_s30_g3.5_str0.3.png,1
/media/CrispyMcMarkInc/fake-images-img2img/train/00842_sd35_fp16_seed206_s30_g3.5_str0.3.png,1
/media/CrispyMcMarkInc/fake-images-img2img/train/00842_sd3_fp16_seed206_s30_g3.5_str0.3.png,1
/media/CrispyMcMarkInc/Real_cropped_1024/00200.jpg,0
/media/CrispyMcMarkInc/fake-images-img2img/train/00200_sd15_fp16_seed206_s30_g3.5_str0.3.png,1
/media/CrispyMcMarkInc/fake-images-img2img/train/00200_sd15_fp16_seed207_s30_g3.5_str0.3.png,1
/media/CrispyMcMarkInc/fake-images-img2img/train/00200_sd35_fp16_seed207_s30_g3.5_str0.3.png,1
/media/CrispyMcMarkInc/fake-images-img2img/train/00200_sd3_fp16_seed207_s30_g3.5_str0.3.png,1
/media/CrispyMcMarkInc/Real_cropped_1024/00765.jpg,0
/media/CrispyMcMarkInc/fake-images-img2img/train/00765_sd15_fp16_seed207_s30_g3.5_str0.3.png,1
/media/CrispyMcMarkInc/fake-images-img2img/train/00765_sd15_fp16_seed208_s30_g3.5_str0.3.png,1
/media/CrispyMcMarkInc/fake-images-img2img/train/00765_sd35_fp16_seed208_s30_g3.5_str0.3.png,1
/media/CrispyMcMarkInc/fake-images-img2img/train/00765_sd3_fp16_seed208_s30_g3.5_str0.3.png,1
/media/CrispyMcMarkInc/Real_cropped_1024/00909.jpg,0
/media/CrispyMcMarkInc/fake-images-img2img/train/00909_sd15_fp16_seed208_s30_g3.5_str0.3.png,1
/media/CrispyMcMarkInc/fake-images-img2img/train/00909_sd15_fp16_seed209_s30_g3.5_str0.3.png,1
/media/CrispyMcMarkInc/fake-images-img2img/train/00909_sd35_fp16_seed209_s30_g3.5_str0.3.png,1
/media/CrispyMcMarkInc/fake-images-img2img/train/00909_sd3_fp16_seed209_s30_g3.5_str0.3.png,1
/media/CrispyMcMarkInc/Real_cropped_1024/00293.jpg,0
/media/CrispyMcMarkInc/fake-images-img2img/train/00293_sd15_fp16_seed209_s30_g3.5_str0.3.png,1
/media/CrispyMcMarkInc/fake-images-img2img/train/00293_sd15_fp16_seed210_s30_g3.5_str0.3.png,1
/media/CrispyMcMarkInc/fake-images-img2img/train/00293_sd35_fp16_seed210_s30_g3.5_str0.3.png,1
/media/CrispyMcMarkInc/fake-images-img2img/train/00293_sd3_fp16_seed210_s30_g3.5_str0.3.png,1
/media/CrispyMcMarkInc/Real_cropped_1024/00538.jpg,0
/media/CrispyMcMarkInc/fake-images-img2img/train/00538_sd15_fp16_seed210_s30_g3.5_str0.3.png,1
/media/CrispyMcMarkInc/fake-images-img2img/train/00538_sd15_fp16_seed211_s30_g3.5_str0.3.png,1
/media/CrispyMcMarkInc/fake-images-img2img/train/00538_sd35_fp16_seed211_s30_g3.5_str0.3.png,1
/media/CrispyMcMarkInc/fake-images-img2img/train/00538_sd3_fp16_seed211_s30_g3.5_str0.3.png,1
/media/CrispyMcMarkInc/Real_cropped_1024/00024.jpg,0
/media/CrispyMcMarkInc/fake-images-img2img/train/00024_sd15_fp16_seed211_s30_g3.5_str0.3.png,1
/media/CrispyMcMarkInc/fake-images-img2img/train/00024_sd15_fp16_seed212_s30_g3.5_str0.3.png,1
/media/CrispyMcMarkInc/fake-images-img2img/train/00024_sd35_fp16_seed212_s30_g3.5_str0.3.png,1
/media/CrispyMcMarkInc/fake-images-img2img/train/00024_sd3_fp16_seed212_s30_g3.5_str0.3.png,1
/media/CrispyMcMarkInc/Real_cropped_1024/00694.jpg,0
/media/CrispyMcMarkInc/fake-images-img2img/train/00694_sd15_fp16_seed212_s30_g3.5_str0.3.png,1
/media/CrispyMcMarkInc/fake-images-img2img/train/00694_sd15_fp16_seed213_s30_g3.5_str0.3.png,1
/media/CrispyMcMarkInc/fake-images-img2img/train/00694_sd35_fp16_seed213_s30_g3.5_str0.3.png,1
/media/CrispyMcMarkInc/fake-images-img2img/train/00694_sd3_fp16_seed213_s30_g3.5_str0.3.png,1
/media/CrispyMcMarkInc/Real_cropped_1024/00210.jpg,0
/media/CrispyMcMarkInc/fake-images-img2img/train/00210_sd15_fp16_seed213_s30_g3.5_str0.3.png,1
/media/CrispyMcMarkInc/fake-images-img2img/train/00210_sd15_fp16_seed214_s30_g3.5_str0.3.png,1
/media/CrispyMcMarkInc/fake-images-img2img/train/00210_sd35_fp16_seed214_s30_g3.5_str0.3.png,1
/media/CrispyMcMarkInc/fake-images-img2img/train/00210_sd3_fp16_seed214_s30_g3.5_str0.3.png,1
/media/CrispyMcMarkInc/Real_cropped_1024/00424.jpg,0
/media/CrispyMcMarkInc/fake-images-img2img/train/00424_sd15_fp16_seed214_s30_g3.5_str0.3.png,1
/media/CrispyMcMarkInc/fake-images-img2img/train/00424_sd15_fp16_seed215_s30_g3.5_str0.3.png,1
/media/CrispyMcMarkInc/fake-images-img2img/train/00424_sd35_fp16_seed215_s30_g3.5_str0.3.png,1
/media/CrispyMcMarkInc/fake-images-img2img/train/00424_sd3_fp16_seed215_s30_g3.5_str0.3.png,1
/media/CrispyMcMarkInc/Real_cropped_1024/00528.jpg,0
/media/CrispyMcMarkInc/fake-images-img2img/train/00528_sd15_fp16_seed215_s30_g3.5_str0.3.png,1
/media/CrispyMcMarkInc/fake-images-img2img/train/00528_sd15_fp16_seed216_s30_g3.5_str0.3.png,1
/media/CrispyMcMarkInc/fake-images-img2img/train/00528_sd35_fp16_seed216_s30_g3.5_str0.3.png,1
/media/CrispyMcMarkInc/fake-images-img2img/train/00528_sd3_fp16_seed216_s30_g3.5_str0.3.png,1
/media/CrispyMcMarkInc/Real_cropped_1024/00034.jpg,0
/media/CrispyMcMarkInc/fake-images-img2img/train/00034_sd15_fp16_seed216_s30_g3.5_str0.3.png,1
/media/CrispyMcMarkInc/fake-images-img2img/train/00034_sd15_fp16_seed217_s30_g3.5_str0.3.png,1
/media/CrispyMcMarkInc/fake-images-img2img/train/00034_sd35_fp16_seed217_s30_g3.5_str0.3.png,1
/media/CrispyMcMarkInc/fake-images-img2img/train/00034_sd3_fp16_seed217_s30_g3.5_str0.3.png,1
/media/CrispyMcMarkInc/Real_cropped_1024/00928.jpg,0
/media/CrispyMcMarkInc/fake-images-img2img/train/00928_sd15_fp16_seed217_s30_g3.5_str0.3.png,1
/media/CrispyMcMarkInc/fake-images-img2img/train/00928_sd15_fp16_seed218_s30_g3.5_str0.3.png,1
/media/CrispyMcMarkInc/fake-images-img2img/train/00928_sd35_fp16_seed218_s30_g3.5_str0.3.png,1
/media/CrispyMcMarkInc/fake-images-img2img/train/00928_sd3_fp16_seed218_s30_g3.5_str0.3.png,1
/media/CrispyMcMarkInc/Real_cropped_1024/00398.jpg,0
/media/CrispyMcMarkInc/fake-images-img2img/train/00398_sd15_fp16_seed218_s30_g3.5_str0.3.png,1
/media/CrispyMcMarkInc/fake-images-img2img/train/00398_sd15_fp16_seed219_s30_g3.5_str0.3.png,1
/media/CrispyMcMarkInc/fake-images-img2img/train/00398_sd35_fp16_seed219_s30_g3.5_str0.3.png,1
/media/CrispyMcMarkInc/fake-images-img2img/train/00398_sd3_fp16_seed219_s30_g3.5_str0.3.png,1
/media/CrispyMcMarkInc/Real_cropped_1024/00607.jpg,0
/media/CrispyMcMarkInc/fake-images-img2img/train/00607_sd15_fp16_seed219_s30_g3.5_str0.3.png,1
/media/CrispyMcMarkInc/fake-images-img2img/train/00607_sd15_fp16_seed220_s30_g3.5_str0.3.png,1
/media/CrispyMcMarkInc/fake-images-img2img/train/00607_sd35_fp16_seed220_s30_g3.5_str0.3.png,1
/media/CrispyMcMarkInc/fake-images-img2img/train/00607_sd3_fp16_seed220_s30_g3.5_str0.3.png,1
/media/CrispyMcMarkInc/Real_cropped_1024/00298.jpg,0
/media/CrispyMcMarkInc/fake-images-img2img/train/00298_sd15_fp16_seed220_s30_g3.5_str0.3.png,1
/media/CrispyMcMarkInc/fake-images-img2img/train/00298_sd15_fp16_seed221_s30_g3.5_str0.3.png,1
/media/CrispyMcMarkInc/fake-images-img2img/train/00298_sd35_fp16_seed221_s30_g3.5_str0.3.png,1
/media/CrispyMcMarkInc/fake-images-img2img/train/00298_sd3_fp16_seed221_s30_g3.5_str0.3.png,1
/media/CrispyMcMarkInc/Real_cropped_1024/00848.jpg,0
/media/CrispyMcMarkInc/fake-images-img2img/train/00848_sd15_fp16_seed221_s30_g3.5_str0.3.png,1
/media/CrispyMcMarkInc/fake-images-img2img/train/00848_sd15_fp16_seed222_s30_g3.5_str0.3.png,1
/media/CrispyMcMarkInc/fake-images-img2img/train/00848_sd35_fp16_seed222_s30_g3.5_str0.3.png,1
/media/CrispyMcMarkInc/fake-images-img2img/train/00848_sd3_fp16_seed222_s30_g3.5_str0.3.png,1
/media/CrispyMcMarkInc/Real_cropped_1024/00668.jpg,0
/media/CrispyMcMarkInc/fake-images-img2img/train/00668_sd15_fp16_seed222_s30_g3.5_str0.3.png,1
/media/CrispyMcMarkInc/fake-images-img2img/train/00668_sd15_fp16_seed223_s30_g3.5_str0.3.png,1
/media/CrispyMcMarkInc/fake-images-img2img/train/00668_sd35_fp16_seed223_s30_g3.5_str0.3.png,1
/media/CrispyMcMarkInc/fake-images-img2img/train/00668_sd3_fp16_seed223_s30_g3.5_str0.3.png,1
/media/CrispyMcMarkInc/Real_cropped_1024/00282.jpg,0
/media/CrispyMcMarkInc/fake-images-img2img/train/00282_sd15_fp16_seed223_s30_g3.5_str0.3.png,1
/media/CrispyMcMarkInc/fake-images-img2img/train/00282_sd15_fp16_seed224_s30_g3.5_str0.3.png,1
/media/CrispyMcMarkInc/fake-images-img2img/train/00282_sd35_fp16_seed224_s30_g3.5_str0.3.png,1
/media/CrispyMcMarkInc/fake-images-img2img/train/00282_sd3_fp16_seed224_s30_g3.5_str0.3.png,1
/media/CrispyMcMarkInc/Real_cropped_1024/00939.jpg,0
/media/CrispyMcMarkInc/fake-images-img2img/train/00939_sd15_fp16_seed224_s30_g3.5_str0.3.png,1
/media/CrispyMcMarkInc/fake-images-img2img/train/00939_sd15_fp16_seed225_s30_g3.5_str0.3.png,1
/media/CrispyMcMarkInc/fake-images-img2img/train/00939_sd35_fp16_seed225_s30_g3.5_str0.3.png,1
/media/CrispyMcMarkInc/fake-images-img2img/train/00939_sd3_fp16_seed225_s30_g3.5_str0.3.png,1
/media/CrispyMcMarkInc/Real_cropped_1024/00944.jpg,0
/media/CrispyMcMarkInc/fake-images-img2img/train/00944_sd15_fp16_seed225_s30_g3.5_str0.3.png,1
/media/CrispyMcMarkInc/fake-images-img2img/train/00944_sd15_fp16_seed226_s30_g3.5_str0.3.png,1
/media/CrispyMcMarkInc/fake-images-img2img/train/00944_sd35_fp16_seed226_s30_g3.5_str0.3.png,1
/media/CrispyMcMarkInc/fake-images-img2img/train/00944_sd3_fp16_seed226_s30_g3.5_str0.3.png,1
/media/CrispyMcMarkInc/Real_cropped_1024/00606.jpg,0
/media/CrispyMcMarkInc/fake-images-img2img/train/00606_sd15_fp16_seed226_s30_g3.5_str0.3.png,1
/media/CrispyMcMarkInc/fake-images-img2img/train/00606_sd15_fp16_seed227_s30_g3.5_str0.3.png,1
/media/CrispyMcMarkInc/fake-images-img2img/train/00606_sd35_fp16_seed227_s30_g3.5_str0.3.png,1
/media/CrispyMcMarkInc/fake-images-img2img/train/00606_sd3_fp16_seed227_s30_g3.5_str0.3.png,1
/media/CrispyMcMarkInc/Real_cropped_1024/00959.jpg,0
/media/CrispyMcMarkInc/fake-images-img2img/train/00959_sd15_fp16_seed227_s30_g3.5_str0.3.png,1
/media/CrispyMcMarkInc/fake-images-img2img/train/00959_sd15_fp16_seed228_s30_g3.5_str0.3.png,1
/media/CrispyMcMarkInc/fake-images-img2img/train/00959_sd35_fp16_seed228_s30_g3.5_str0.3.png,1
/media/CrispyMcMarkInc/fake-images-img2img/train/00959_sd3_fp16_seed228_s30_g3.5_str0.3.png,1
/media/CrispyMcMarkInc/Real_cropped_1024/00934.jpg,0
/media/CrispyMcMarkInc/fake-images-img2img/train/00934_sd15_fp16_seed228_s30_g3.5_str0.3.png,1
/media/CrispyMcMarkInc/fake-images-img2img/train/00934_sd15_fp16_seed229_s30_g3.5_str0.3.png,1
/media/CrispyMcMarkInc/fake-images-img2img/train/00934_sd35_fp16_seed229_s30_g3.5_str0.3.png,1
/media/CrispyMcMarkInc/fake-images-img2img/train/00934_sd3_fp16_seed229_s30_g3.5_str0.3.png,1
/media/CrispyMcMarkInc/Real_cropped_1024/00731.jpg,0
/media/CrispyMcMarkInc/fake-images-img2img/train/00731_sd15_fp16_seed229_s30_g3.5_str0.3.png,1
/media/CrispyMcMarkInc/fake-images-img2img/train/00731_sd15_fp16_seed230_s30_g3.5_str0.3.png,1
/media/CrispyMcMarkInc/fake-images-img2img/train/00731_sd35_fp16_seed230_s30_g3.5_str0.3.png,1
/media/CrispyMcMarkInc/fake-images-img2img/train/00731_sd3_fp16_seed230_s30_g3.5_str0.3.png,1
/media/CrispyMcMarkInc/Real_cropped_1024/00287.jpg,0
/media/CrispyMcMarkInc/fake-images-img2img/train/00287_sd15_fp16_seed230_s30_g3.5_str0.3.png,1
/media/CrispyMcMarkInc/fake-images-img2img/train/00287_sd15_fp16_seed231_s30_g3.5_str0.3.png,1
/media/CrispyMcMarkInc/fake-images-img2img/train/00287_sd35_fp16_seed231_s30_g3.5_str0.3.png,1
/media/CrispyMcMarkInc/fake-images-img2img/train/00287_sd3_fp16_seed231_s30_g3.5_str0.3.png,1
/media/CrispyMcMarkInc/Real_cropped_1024/00527.jpg,0
/media/CrispyMcMarkInc/fake-images-img2img/train/00527_sd15_fp16_seed231_s30_g3.5_str0.3.png,1
/media/CrispyMcMarkInc/fake-images-img2img/train/00527_sd15_fp16_seed232_s30_g3.5_str0.3.png,1
/media/CrispyMcMarkInc/fake-images-img2img/train/00527_sd35_fp16_seed232_s30_g3.5_str0.3.png,1
/media/CrispyMcMarkInc/fake-images-img2img/train/00527_sd3_fp16_seed232_s30_g3.5_str0.3.png,1
/media/CrispyMcMarkInc/Real_cropped_1024/00807.jpg,0
/media/CrispyMcMarkInc/fake-images-img2img/train/00807_sd15_fp16_seed232_s30_g3.5_str0.3.png,1
/media/CrispyMcMarkInc/fake-images-img2img/train/00807_sd15_fp16_seed233_s30_g3.5_str0.3.png,1
/media/CrispyMcMarkInc/fake-images-img2img/train/00807_sd35_fp16_seed233_s30_g3.5_str0.3.png,1
/media/CrispyMcMarkInc/fake-images-img2img/train/00807_sd3_fp16_seed233_s30_g3.5_str0.3.png,1
/media/CrispyMcMarkInc/Real_cropped_1024/00229.jpg,0
/media/CrispyMcMarkInc/fake-images-img2img/train/00229_sd15_fp16_seed233_s30_g3.5_str0.3.png,1
/media/CrispyMcMarkInc/fake-images-img2img/train/00229_sd15_fp16_seed234_s30_g3.5_str0.3.png,1
/media/CrispyMcMarkInc/fake-images-img2img/train/00229_sd35_fp16_seed234_s30_g3.5_str0.3.png,1
/media/CrispyMcMarkInc/fake-images-img2img/train/00229_sd3_fp16_seed234_s30_g3.5_str0.3.png,1
/media/CrispyMcMarkInc/Real_cropped_1024/00436.jpg,0
/media/CrispyMcMarkInc/fake-images-img2img/train/00436_sd15_fp16_seed234_s30_g3.5_str0.3.png,1
/media/CrispyMcMarkInc/fake-images-img2img/train/00436_sd15_fp16_seed235_s30_g3.5_str0.3.png,1
/media/CrispyMcMarkInc/fake-images-img2img/train/00436_sd35_fp16_seed235_s30_g3.5_str0.3.png,1
/media/CrispyMcMarkInc/fake-images-img2img/train/00436_sd3_fp16_seed235_s30_g3.5_str0.3.png,1
/media/CrispyMcMarkInc/Real_cropped_1024/00028.jpg,0
/media/CrispyMcMarkInc/fake-images-img2img/train/00028_sd15_fp16_seed235_s30_g3.5_str0.3.png,1
/media/CrispyMcMarkInc/fake-images-img2img/train/00028_sd15_fp16_seed236_s30_g3.5_str0.3.png,1
/media/CrispyMcMarkInc/fake-images-img2img/train/00028_sd35_fp16_seed236_s30_g3.5_str0.3.png,1
/media/CrispyMcMarkInc/fake-images-img2img/train/00028_sd3_fp16_seed236_s30_g3.5_str0.3.png,1
/media/CrispyMcMarkInc/Real_cropped_1024/00374.jpg,0
/media/CrispyMcMarkInc/fake-images-img2img/train/00374_sd15_fp16_seed236_s30_g3.5_str0.3.png,1
/media/CrispyMcMarkInc/fake-images-img2img/train/00374_sd15_fp16_seed237_s30_g3.5_str0.3.png,1
/media/CrispyMcMarkInc/fake-images-img2img/train/00374_sd35_fp16_seed237_s30_g3.5_str0.3.png,1
/media/CrispyMcMarkInc/fake-images-img2img/train/00374_sd3_fp16_seed237_s30_g3.5_str0.3.png,1
/media/CrispyMcMarkInc/Real_cropped_1024/00819.jpg,0
/media/CrispyMcMarkInc/fake-images-img2img/train/00819_sd15_fp16_seed237_s30_g3.5_str0.3.png,1
/media/CrispyMcMarkInc/fake-images-img2img/train/00819_sd15_fp16_seed238_s30_g3.5_str0.3.png,1
/media/CrispyMcMarkInc/fake-images-img2img/train/00819_sd35_fp16_seed238_s30_g3.5_str0.3.png,1
/media/CrispyMcMarkInc/fake-images-img2img/train/00819_sd3_fp16_seed238_s30_g3.5_str0.3.png,1
/media/CrispyMcMarkInc/Real_cropped_1024/00316.jpg,0
/media/CrispyMcMarkInc/fake-images-img2img/train/00316_sd15_fp16_seed238_s30_g3.5_str0.3.png,1
/media/CrispyMcMarkInc/fake-images-img2img/train/00316_sd15_fp16_seed239_s30_g3.5_str0.3.png,1
/media/CrispyMcMarkInc/fake-images-img2img/train/00316_sd35_fp16_seed239_s30_g3.5_str0.3.png,1
/media/CrispyMcMarkInc/fake-images-img2img/train/00316_sd3_fp16_seed239_s30_g3.5_str0.3.png,1
/media/CrispyMcMarkInc/Real_cropped_1024/00560.jpg,0
/media/CrispyMcMarkInc/fake-images-img2img/train/00560_sd15_fp16_seed239_s30_g3.5_str0.3.png,1
/media/CrispyMcMarkInc/fake-images-img2img/train/00560_sd15_fp16_seed240_s30_g3.5_str0.3.png,1
/media/CrispyMcMarkInc/fake-images-img2img/train/00560_sd35_fp16_seed240_s30_g3.5_str0.3.png,1
/media/CrispyMcMarkInc/fake-images-img2img/train/00560_sd3_fp16_seed240_s30_g3.5_str0.3.png,1
/media/CrispyMcMarkInc/Real_cropped_1024/00241.jpg,0
/media/CrispyMcMarkInc/fake-images-img2img/train/00241_sd15_fp16_seed240_s30_g3.5_str0.3.png,1
/media/CrispyMcMarkInc/fake-images-img2img/train/00241_sd15_fp16_seed241_s30_g3.5_str0.3.png,1
/media/CrispyMcMarkInc/fake-images-img2img/train/00241_sd35_fp16_seed241_s30_g3.5_str0.3.png,1
/media/CrispyMcMarkInc/fake-images-img2img/train/00241_sd3_fp16_seed241_s30_g3.5_str0.3.png,1
/media/CrispyMcMarkInc/Real_cropped_1024/00149.jpg,0
/media/CrispyMcMarkInc/fake-images-img2img/train/00149_sd15_fp16_seed241_s30_g3.5_str0.3.png,1
/media/CrispyMcMarkInc/fake-images-img2img/train/00149_sd15_fp16_seed242_s30_g3.5_str0.3.png,1
/media/CrispyMcMarkInc/fake-images-img2img/train/00149_sd35_fp16_seed242_s30_g3.5_str0.3.png,1
/media/CrispyMcMarkInc/fake-images-img2img/train/00149_sd3_fp16_seed242_s30_g3.5_str0.3.png,1
/media/CrispyMcMarkInc/Real_cropped_1024/00516.jpg,0
/media/CrispyMcMarkInc/fake-images-img2img/train/00516_sd15_fp16_seed242_s30_g3.5_str0.3.png,1
/media/CrispyMcMarkInc/fake-images-img2img/train/00516_sd15_fp16_seed243_s30_g3.5_str0.3.png,1
/media/CrispyMcMarkInc/fake-images-img2img/train/00516_sd35_fp16_seed243_s30_g3.5_str0.3.png,1
/media/CrispyMcMarkInc/fake-images-img2img/train/00516_sd3_fp16_seed243_s30_g3.5_str0.3.png,1
/media/CrispyMcMarkInc/Real_cropped_1024/00417.jpg,0
/media/CrispyMcMarkInc/fake-images-img2img/train/00417_sd15_fp16_seed243_s30_g3.5_str0.3.png,1
/media/CrispyMcMarkInc/fake-images-img2img/train/00417_sd15_fp16_seed244_s30_g3.5_str0.3.png,1
/media/CrispyMcMarkInc/fake-images-img2img/train/00417_sd35_fp16_seed244_s30_g3.5_str0.3.png,1
/media/CrispyMcMarkInc/fake-images-img2img/train/00417_sd3_fp16_seed244_s30_g3.5_str0.3.png,1
/media/CrispyMcMarkInc/Real_cropped_1024/00660.jpg,0
/media/CrispyMcMarkInc/fake-images-img2img/train/00660_sd15_fp16_seed244_s30_g3.5_str0.3.png,1
/media/CrispyMcMarkInc/fake-images-img2img/train/00660_sd15_fp16_seed245_s30_g3.5_str0.3.png,1
/media/CrispyMcMarkInc/fake-images-img2img/train/00660_sd35_fp16_seed245_s30_g3.5_str0.3.png,1
/media/CrispyMcMarkInc/fake-images-img2img/train/00660_sd3_fp16_seed245_s30_g3.5_str0.3.png,1
/media/CrispyMcMarkInc/Real_cropped_1024/00198.jpg,0
/media/CrispyMcMarkInc/fake-images-img2img/train/00198_sd15_fp16_seed245_s30_g3.5_str0.3.png,1
/media/CrispyMcMarkInc/fake-images-img2img/train/00198_sd15_fp16_seed246_s30_g3.5_str0.3.png,1
/media/CrispyMcMarkInc/fake-images-img2img/train/00198_sd35_fp16_seed246_s30_g3.5_str0.3.png,1
/media/CrispyMcMarkInc/fake-images-img2img/train/00198_sd3_fp16_seed246_s30_g3.5_str0.3.png,1
/media/CrispyMcMarkInc/Real_cropped_1024/00585.jpg,0
/media/CrispyMcMarkInc/fake-images-img2img/train/00585_sd15_fp16_seed246_s30_g3.5_str0.3.png,1
/media/CrispyMcMarkInc/fake-images-img2img/train/00585_sd15_fp16_seed247_s30_g3.5_str0.3.png,1
/media/CrispyMcMarkInc/fake-images-img2img/train/00585_sd35_fp16_seed247_s30_g3.5_str0.3.png,1
/media/CrispyMcMarkInc/fake-images-img2img/train/00585_sd3_fp16_seed247_s30_g3.5_str0.3.png,1
/media/CrispyMcMarkInc/Real_cropped_1024/00325.jpg,0
/media/CrispyMcMarkInc/fake-images-img2img/train/00325_sd15_fp16_seed247_s30_g3.5_str0.3.png,1
/media/CrispyMcMarkInc/fake-images-img2img/train/00325_sd15_fp16_seed248_s30_g3.5_str0.3.png,1
/media/CrispyMcMarkInc/fake-images-img2img/train/00325_sd35_fp16_seed248_s30_g3.5_str0.3.png,1
/media/CrispyMcMarkInc/fake-images-img2img/train/00325_sd3_fp16_seed248_s30_g3.5_str0.3.png,1
/media/CrispyMcMarkInc/Real_cropped_1024/00823.jpg,0
/media/CrispyMcMarkInc/fake-images-img2img/train/00823_sd15_fp16_seed248_s30_g3.5_str0.3.png,1
/media/CrispyMcMarkInc/fake-images-img2img/train/00823_sd15_fp16_seed249_s30_g3.5_str0.3.png,1
/media/CrispyMcMarkInc/fake-images-img2img/train/00823_sd35_fp16_seed249_s30_g3.5_str0.3.png,1
/media/CrispyMcMarkInc/fake-images-img2img/train/00823_sd3_fp16_seed249_s30_g3.5_str0.3.png,1
/media/CrispyMcMarkInc/Real_cropped_1024/00702.jpg,0
/media/CrispyMcMarkInc/fake-images-img2img/train/00702_sd15_fp16_seed249_s30_g3.5_str0.3.png,1
/media/CrispyMcMarkInc/fake-images-img2img/train/00702_sd15_fp16_seed250_s30_g3.5_str0.3.png,1
/media/CrispyMcMarkInc/fake-images-img2img/train/00702_sd35_fp16_seed250_s30_g3.5_str0.3.png,1
/media/CrispyMcMarkInc/fake-images-img2img/train/00702_sd3_fp16_seed250_s30_g3.5_str0.3.png,1
/media/CrispyMcMarkInc/Real_cropped_1024/00949.jpg,0
/media/CrispyMcMarkInc/fake-images-img2img/train/00949_sd15_fp16_seed250_s30_g3.5_str0.3.png,1
/media/CrispyMcMarkInc/fake-images-img2img/train/00949_sd15_fp16_seed251_s30_g3.5_str0.3.png,1
/media/CrispyMcMarkInc/fake-images-img2img/train/00949_sd35_fp16_seed251_s30_g3.5_str0.3.png,1
/media/CrispyMcMarkInc/fake-images-img2img/train/00949_sd3_fp16_seed251_s30_g3.5_str0.3.png,1
/media/CrispyMcMarkInc/Real_cropped_1024/00515.jpg,0
/media/CrispyMcMarkInc/fake-images-img2img/train/00515_sd15_fp16_seed251_s30_g3.5_str0.3.png,1
/media/CrispyMcMarkInc/fake-images-img2img/train/00515_sd15_fp16_seed252_s30_g3.5_str0.3.png,1
/media/CrispyMcMarkInc/fake-images-img2img/train/00515_sd35_fp16_seed252_s30_g3.5_str0.3.png,1
/media/CrispyMcMarkInc/fake-images-img2img/train/00515_sd3_fp16_seed252_s30_g3.5_str0.3.png,1
/media/CrispyMcMarkInc/Real_cropped_1024/00864.jpg,0
/media/CrispyMcMarkInc/fake-images-img2img/train/00864_sd15_fp16_seed252_s30_g3.5_str0.3.png,1
/media/CrispyMcMarkInc/fake-images-img2img/train/00864_sd15_fp16_seed253_s30_g3.5_str0.3.png,1
/media/CrispyMcMarkInc/fake-images-img2img/train/00864_sd35_fp16_seed253_s30_g3.5_str0.3.png,1
/media/CrispyMcMarkInc/fake-images-img2img/train/00864_sd3_fp16_seed253_s30_g3.5_str0.3.png,1
/media/CrispyMcMarkInc/Real_cropped_1024/00836.jpg,0
/media/CrispyMcMarkInc/fake-images-img2img/train/00836_sd15_fp16_seed253_s30_g3.5_str0.3.png,1
/media/CrispyMcMarkInc/fake-images-img2img/train/00836_sd15_fp16_seed254_s30_g3.5_str0.3.png,1
/media/CrispyMcMarkInc/fake-images-img2img/train/00836_sd35_fp16_seed254_s30_g3.5_str0.3.png,1
/media/CrispyMcMarkInc/fake-images-img2img/train/00836_sd3_fp16_seed254_s30_g3.5_str0.3.png,1
/media/CrispyMcMarkInc/Real_cropped_1024/00877.jpg,0
/media/CrispyMcMarkInc/fake-images-img2img/train/00877_sd15_fp16_seed254_s30_g3.5_str0.3.png,1
/media/CrispyMcMarkInc/fake-images-img2img/train/00877_sd15_fp16_seed255_s30_g3.5_str0.3.png,1
/media/CrispyMcMarkInc/fake-images-img2img/train/00877_sd35_fp16_seed255_s30_g3.5_str0.3.png,1
/media/CrispyMcMarkInc/fake-images-img2img/train/00877_sd3_fp16_seed255_s30_g3.5_str0.3.png,1
/media/CrispyMcMarkInc/Real_cropped_1024/00359.jpg,0
/media/CrispyMcMarkInc/fake-images-img2img/train/00359_sd15_fp16_seed255_s30_g3.5_str0.3.png,1
/media/CrispyMcMarkInc/fake-images-img2img/train/00359_sd15_fp16_seed256_s30_g3.5_str0.3.png,1
/media/CrispyMcMarkInc/fake-images-img2img/train/00359_sd35_fp16_seed256_s30_g3.5_str0.3.png,1
/media/CrispyMcMarkInc/fake-images-img2img/train/00359_sd3_fp16_seed256_s30_g3.5_str0.3.png,1
/media/CrispyMcMarkInc/Real_cropped_1024/00594.jpg,0
/media/CrispyMcMarkInc/fake-images-img2img/train/00594_sd15_fp16_seed256_s30_g3.5_str0.3.png,1
/media/CrispyMcMarkInc/fake-images-img2img/train/00594_sd15_fp16_seed257_s30_g3.5_str0.3.png,1
/media/CrispyMcMarkInc/fake-images-img2img/train/00594_sd35_fp16_seed257_s30_g3.5_str0.3.png,1
/media/CrispyMcMarkInc/fake-images-img2img/train/00594_sd3_fp16_seed257_s30_g3.5_str0.3.png,1
/media/CrispyMcMarkInc/Real_cropped_1024/00788.jpg,0
/media/CrispyMcMarkInc/fake-images-img2img/train/00788_sd15_fp16_seed257_s30_g3.5_str0.3.png,1
/media/CrispyMcMarkInc/fake-images-img2img/train/00788_sd15_fp16_seed258_s30_g3.5_str0.3.png,1
/media/CrispyMcMarkInc/fake-images-img2img/train/00788_sd35_fp16_seed258_s30_g3.5_str0.3.png,1
/media/CrispyMcMarkInc/fake-images-img2img/train/00788_sd3_fp16_seed258_s30_g3.5_str0.3.png,1
/media/CrispyMcMarkInc/Real_cropped_1024/00188.jpg,0
/media/CrispyMcMarkInc/fake-images-img2img/train/00188_sd15_fp16_seed258_s30_g3.5_str0.3.png,1
/media/CrispyMcMarkInc/fake-images-img2img/train/00188_sd15_fp16_seed259_s30_g3.5_str0.3.png,1
/media/CrispyMcMarkInc/fake-images-img2img/train/00188_sd35_fp16_seed259_s30_g3.5_str0.3.png,1
/media/CrispyMcMarkInc/fake-images-img2img/train/00188_sd3_fp16_seed259_s30_g3.5_str0.3.png,1
/media/CrispyMcMarkInc/Real_cropped_1024/00066.jpg,0
/media/CrispyMcMarkInc/fake-images-img2img/train/00066_sd15_fp16_seed259_s30_g3.5_str0.3.png,1
/media/CrispyMcMarkInc/fake-images-img2img/train/00066_sd15_fp16_seed260_s30_g3.5_str0.3.png,1
/media/CrispyMcMarkInc/fake-images-img2img/train/00066_sd35_fp16_seed260_s30_g3.5_str0.3.png,1
/media/CrispyMcMarkInc/fake-images-img2img/train/00066_sd3_fp16_seed260_s30_g3.5_str0.3.png,1
/media/CrispyMcMarkInc/Real_cropped_1024/00355.jpg,0
/media/CrispyMcMarkInc/fake-images-img2img/train/00355_sd15_fp16_seed260_s30_g3.5_str0.3.png,1
/media/CrispyMcMarkInc/fake-images-img2img/train/00355_sd15_fp16_seed261_s30_g3.5_str0.3.png,1
/media/CrispyMcMarkInc/fake-images-img2img/train/00355_sd35_fp16_seed261_s30_g3.5_str0.3.png,1
/media/CrispyMcMarkInc/fake-images-img2img/train/00355_sd3_fp16_seed261_s30_g3.5_str0.3.png,1
/media/CrispyMcMarkInc/Real_cropped_1024/00799.jpg,0
/media/CrispyMcMarkInc/fake-images-img2img/train/00799_sd15_fp16_seed261_s30_g3.5_str0.3.png,1
/media/CrispyMcMarkInc/fake-images-img2img/train/00799_sd15_fp16_seed262_s30_g3.5_str0.3.png,1
/media/CrispyMcMarkInc/fake-images-img2img/train/00799_sd35_fp16_seed262_s30_g3.5_str0.3.png,1
/media/CrispyMcMarkInc/fake-images-img2img/train/00799_sd3_fp16_seed262_s30_g3.5_str0.3.png,1
/media/CrispyMcMarkInc/Real_cropped_1024/00902.jpg,0
/media/CrispyMcMarkInc/fake-images-img2img/train/00902_sd15_fp16_seed262_s30_g3.5_str0.3.png,1
/media/CrispyMcMarkInc/fake-images-img2img/train/00902_sd15_fp16_seed263_s30_g3.5_str0.3.png,1
/media/CrispyMcMarkInc/fake-images-img2img/train/00902_sd35_fp16_seed263_s30_g3.5_str0.3.png,1
/media/CrispyMcMarkInc/fake-images-img2img/train/00902_sd3_fp16_seed263_s30_g3.5_str0.3.png,1
/media/CrispyMcMarkInc/Real_cropped_1024/00920.jpg,0
/media/CrispyMcMarkInc/fake-images-img2img/train/00920_sd15_fp16_seed263_s30_g3.5_str0.3.png,1
/media/CrispyMcMarkInc/fake-images-img2img/train/00920_sd15_fp16_seed264_s30_g3.5_str0.3.png,1
/media/CrispyMcMarkInc/fake-images-img2img/train/00920_sd35_fp16_seed264_s30_g3.5_str0.3.png,1
/media/CrispyMcMarkInc/fake-images-img2img/train/00920_sd3_fp16_seed264_s30_g3.5_str0.3.png,1
/media/CrispyMcMarkInc/Real_cropped_1024/00942.jpg,0
/media/CrispyMcMarkInc/fake-images-img2img/train/00942_sd15_fp16_seed264_s30_g3.5_str0.3.png,1
/media/CrispyMcMarkInc/fake-images-img2img/train/00942_sd15_fp16_seed265_s30_g3.5_str0.3.png,1
/media/CrispyMcMarkInc/fake-images-img2img/train/00942_sd35_fp16_seed265_s30_g3.5_str0.3.png,1
/media/CrispyMcMarkInc/fake-images-img2img/train/00942_sd3_fp16_seed265_s30_g3.5_str0.3.png,1
/media/CrispyMcMarkInc/Real_cropped_1024/00330.jpg,0
/media/CrispyMcMarkInc/fake-images-img2img/train/00330_sd15_fp16_seed265_s30_g3.5_str0.3.png,1
/media/CrispyMcMarkInc/fake-images-img2img/train/00330_sd15_fp16_seed266_s30_g3.5_str0.3.png,1
/media/CrispyMcMarkInc/fake-images-img2img/train/00330_sd35_fp16_seed266_s30_g3.5_str0.3.png,1
/media/CrispyMcMarkInc/fake-images-img2img/train/00330_sd3_fp16_seed266_s30_g3.5_str0.3.png,1
/media/CrispyMcMarkInc/Real_cropped_1024/00727.jpg,0
/media/CrispyMcMarkInc/fake-images-img2img/train/00727_sd15_fp16_seed266_s30_g3.5_str0.3.png,1
/media/CrispyMcMarkInc/fake-images-img2img/train/00727_sd15_fp16_seed267_s30_g3.5_str0.3.png,1
/media/CrispyMcMarkInc/fake-images-img2img/train/00727_sd35_fp16_seed267_s30_g3.5_str0.3.png,1
/media/CrispyMcMarkInc/fake-images-img2img/train/00727_sd3_fp16_seed267_s30_g3.5_str0.3.png,1
/media/CrispyMcMarkInc/Real_cropped_1024/00396.jpg,0
/media/CrispyMcMarkInc/fake-images-img2img/train/00396_sd15_fp16_seed267_s30_g3.5_str0.3.png,1
/media/CrispyMcMarkInc/fake-images-img2img/train/00396_sd15_fp16_seed268_s30_g3.5_str0.3.png,1
/media/CrispyMcMarkInc/fake-images-img2img/train/00396_sd35_fp16_seed268_s30_g3.5_str0.3.png,1
/media/CrispyMcMarkInc/fake-images-img2img/train/00396_sd3_fp16_seed268_s30_g3.5_str0.3.png,1
/media/CrispyMcMarkInc/Real_cropped_1024/00463.jpg,0
/media/CrispyMcMarkInc/fake-images-img2img/train/00463_sd15_fp16_seed268_s30_g3.5_str0.3.png,1
/media/CrispyMcMarkInc/fake-images-img2img/train/00463_sd15_fp16_seed269_s30_g3.5_str0.3.png,1
/media/CrispyMcMarkInc/fake-images-img2img/train/00463_sd35_fp16_seed269_s30_g3.5_str0.3.png,1
/media/CrispyMcMarkInc/fake-images-img2img/train/00463_sd3_fp16_seed269_s30_g3.5_str0.3.png,1
/media/CrispyMcMarkInc/Real_cropped_1024/00393.jpg,0
/media/CrispyMcMarkInc/fake-images-img2img/train/00393_sd15_fp16_seed269_s30_g3.5_str0.3.png,1
/media/CrispyMcMarkInc/fake-images-img2img/train/00393_sd15_fp16_seed270_s30_g3.5_str0.3.png,1
/media/CrispyMcMarkInc/fake-images-img2img/train/00393_sd35_fp16_seed270_s30_g3.5_str0.3.png,1
/media/CrispyMcMarkInc/fake-images-img2img/train/00393_sd3_fp16_seed270_s30_g3.5_str0.3.png,1
/media/CrispyMcMarkInc/Real_cropped_1024/00311.jpg,0
/media/CrispyMcMarkInc/fake-images-img2img/train/00311_sd15_fp16_seed270_s30_g3.5_str0.3.png,1
/media/CrispyMcMarkInc/fake-images-img2img/train/00311_sd15_fp16_seed271_s30_g3.5_str0.3.png,1
/media/CrispyMcMarkInc/fake-images-img2img/train/00311_sd35_fp16_seed271_s30_g3.5_str0.3.png,1
/media/CrispyMcMarkInc/fake-images-img2img/train/00311_sd3_fp16_seed271_s30_g3.5_str0.3.png,1
/media/CrispyMcMarkInc/Real_cropped_1024/00680.jpg,0
/media/CrispyMcMarkInc/fake-images-img2img/train/00680_sd15_fp16_seed271_s30_g3.5_str0.3.png,1
/media/CrispyMcMarkInc/fake-images-img2img/train/00680_sd15_fp16_seed272_s30_g3.5_str0.3.png,1
/media/CrispyMcMarkInc/fake-images-img2img/train/00680_sd35_fp16_seed272_s30_g3.5_str0.3.png,1
/media/CrispyMcMarkInc/fake-images-img2img/train/00680_sd3_fp16_seed272_s30_g3.5_str0.3.png,1
/media/CrispyMcMarkInc/Real_cropped_1024/00744.jpg,0
/media/CrispyMcMarkInc/fake-images-img2img/train/00744_sd15_fp16_seed272_s30_g3.5_str0.3.png,1
/media/CrispyMcMarkInc/fake-images-img2img/train/00744_sd15_fp16_seed273_s30_g3.5_str0.3.png,1
/media/CrispyMcMarkInc/fake-images-img2img/train/00744_sd35_fp16_seed273_s30_g3.5_str0.3.png,1
/media/CrispyMcMarkInc/fake-images-img2img/train/00744_sd3_fp16_seed273_s30_g3.5_str0.3.png,1
/media/CrispyMcMarkInc/Real_cropped_1024/00921.jpg,0
/media/CrispyMcMarkInc/fake-images-img2img/train/00921_sd15_fp16_seed273_s30_g3.5_str0.3.png,1
/media/CrispyMcMarkInc/fake-images-img2img/train/00921_sd15_fp16_seed274_s30_g3.5_str0.3.png,1
/media/CrispyMcMarkInc/fake-images-img2img/train/00921_sd35_fp16_seed274_s30_g3.5_str0.3.png,1
/media/CrispyMcMarkInc/fake-images-img2img/train/00921_sd3_fp16_seed274_s30_g3.5_str0.3.png,1
/media/CrispyMcMarkInc/Real_cropped_1024/00461.jpg,0
/media/CrispyMcMarkInc/fake-images-img2img/train/00461_sd15_fp16_seed274_s30_g3.5_str0.3.png,1
/media/CrispyMcMarkInc/fake-images-img2img/train/00461_sd15_fp16_seed275_s30_g3.5_str0.3.png,1
/media/CrispyMcMarkInc/fake-images-img2img/train/00461_sd35_fp16_seed275_s30_g3.5_str0.3.png,1
/media/CrispyMcMarkInc/fake-images-img2img/train/00461_sd3_fp16_seed275_s30_g3.5_str0.3.png,1
/media/CrispyMcMarkInc/Real_cropped_1024/00522.jpg,0
/media/CrispyMcMarkInc/fake-images-img2img/train/00522_sd15_fp16_seed275_s30_g3.5_str0.3.png,1
/media/CrispyMcMarkInc/fake-images-img2img/train/00522_sd15_fp16_seed276_s30_g3.5_str0.3.png,1
/media/CrispyMcMarkInc/fake-images-img2img/train/00522_sd35_fp16_seed276_s30_g3.5_str0.3.png,1
/media/CrispyMcMarkInc/fake-images-img2img/train/00522_sd3_fp16_seed276_s30_g3.5_str0.3.png,1
/media/CrispyMcMarkInc/Real_cropped_1024/00631.jpg,0
/media/CrispyMcMarkInc/fake-images-img2img/train/00631_sd15_fp16_seed276_s30_g3.5_str0.3.png,1
/media/CrispyMcMarkInc/fake-images-img2img/train/00631_sd15_fp16_seed277_s30_g3.5_str0.3.png,1
/media/CrispyMcMarkInc/fake-images-img2img/train/00631_sd35_fp16_seed277_s30_g3.5_str0.3.png,1
/media/CrispyMcMarkInc/fake-images-img2img/train/00631_sd3_fp16_seed277_s30_g3.5_str0.3.png,1
/media/CrispyMcMarkInc/Real_cropped_1024/00490.jpg,0
/media/CrispyMcMarkInc/fake-images-img2img/train/00490_sd15_fp16_seed277_s30_g3.5_str0.3.png,1
/media/CrispyMcMarkInc/fake-images-img2img/train/00490_sd15_fp16_seed278_s30_g3.5_str0.3.png,1
/media/CrispyMcMarkInc/fake-images-img2img/train/00490_sd35_fp16_seed278_s30_g3.5_str0.3.png,1
/media/CrispyMcMarkInc/fake-images-img2img/train/00490_sd3_fp16_seed278_s30_g3.5_str0.3.png,1
/media/CrispyMcMarkInc/Real_cropped_1024/00195.jpg,0
/media/CrispyMcMarkInc/fake-images-img2img/train/00195_sd15_fp16_seed278_s30_g3.5_str0.3.png,1
/media/CrispyMcMarkInc/fake-images-img2img/train/00195_sd15_fp16_seed279_s30_g3.5_str0.3.png,1
/media/CrispyMcMarkInc/fake-images-img2img/train/00195_sd35_fp16_seed279_s30_g3.5_str0.3.png,1
/media/CrispyMcMarkInc/fake-images-img2img/train/00195_sd3_fp16_seed279_s30_g3.5_str0.3.png,1
/media/CrispyMcMarkInc/Real_cropped_1024/00256.jpg,0
/media/CrispyMcMarkInc/fake-images-img2img/train/00256_sd15_fp16_seed279_s30_g3.5_str0.3.png,1
/media/CrispyMcMarkInc/fake-images-img2img/train/00256_sd15_fp16_seed280_s30_g3.5_str0.3.png,1
/media/CrispyMcMarkInc/fake-images-img2img/train/00256_sd35_fp16_seed280_s30_g3.5_str0.3.png,1
/media/CrispyMcMarkInc/fake-images-img2img/train/00256_sd3_fp16_seed280_s30_g3.5_str0.3.png,1
/media/CrispyMcMarkInc/Real_cropped_1024/00693.jpg,0
/media/CrispyMcMarkInc/fake-images-img2img/train/00693_sd15_fp16_seed280_s30_g3.5_str0.3.png,1
/media/CrispyMcMarkInc/fake-images-img2img/train/00693_sd15_fp16_seed281_s30_g3.5_str0.3.png,1
/media/CrispyMcMarkInc/fake-images-img2img/train/00693_sd35_fp16_seed281_s30_g3.5_str0.3.png,1
/media/CrispyMcMarkInc/fake-images-img2img/train/00693_sd3_fp16_seed281_s30_g3.5_str0.3.png,1
/media/CrispyMcMarkInc/Real_cropped_1024/00740.jpg,0
/media/CrispyMcMarkInc/fake-images-img2img/train/00740_sd15_fp16_seed281_s30_g3.5_str0.3.png,1
/media/CrispyMcMarkInc/fake-images-img2img/train/00740_sd15_fp16_seed282_s30_g3.5_str0.3.png,1
/media/CrispyMcMarkInc/fake-images-img2img/train/00740_sd35_fp16_seed282_s30_g3.5_str0.3.png,1
/media/CrispyMcMarkInc/fake-images-img2img/train/00740_sd3_fp16_seed282_s30_g3.5_str0.3.png,1
/media/CrispyMcMarkInc/Real_cropped_1024/00577.jpg,0
/media/CrispyMcMarkInc/fake-images-img2img/train/00577_sd15_fp16_seed282_s30_g3.5_str0.3.png,1
/media/CrispyMcMarkInc/fake-images-img2img/train/00577_sd15_fp16_seed283_s30_g3.5_str0.3.png,1
/media/CrispyMcMarkInc/fake-images-img2img/train/00577_sd35_fp16_seed283_s30_g3.5_str0.3.png,1
/media/CrispyMcMarkInc/fake-images-img2img/train/00577_sd3_fp16_seed283_s30_g3.5_str0.3.png,1
/media/CrispyMcMarkInc/Real_cropped_1024/00157.jpg,0
/media/CrispyMcMarkInc/fake-images-img2img/train/00157_sd15_fp16_seed283_s30_g3.5_str0.3.png,1
/media/CrispyMcMarkInc/fake-images-img2img/train/00157_sd15_fp16_seed284_s30_g3.5_str0.3.png,1
/media/CrispyMcMarkInc/fake-images-img2img/train/00157_sd35_fp16_seed284_s30_g3.5_str0.3.png,1
/media/CrispyMcMarkInc/fake-images-img2img/train/00157_sd3_fp16_seed284_s30_g3.5_str0.3.png,1
/media/CrispyMcMarkInc/Real_cropped_1024/00612.jpg,0
/media/CrispyMcMarkInc/fake-images-img2img/train/00612_sd15_fp16_seed284_s30_g3.5_str0.3.png,1
/media/CrispyMcMarkInc/fake-images-img2img/train/00612_sd15_fp16_seed285_s30_g3.5_str0.3.png,1
/media/CrispyMcMarkInc/fake-images-img2img/train/00612_sd35_fp16_seed285_s30_g3.5_str0.3.png,1
/media/CrispyMcMarkInc/fake-images-img2img/train/00612_sd3_fp16_seed285_s30_g3.5_str0.3.png,1
/media/CrispyMcMarkInc/Real_cropped_1024/00392.jpg,0
/media/CrispyMcMarkInc/fake-images-img2img/train/00392_sd15_fp16_seed285_s30_g3.5_str0.3.png,1
/media/CrispyMcMarkInc/fake-images-img2img/train/00392_sd15_fp16_seed286_s30_g3.5_str0.3.png,1
/media/CrispyMcMarkInc/fake-images-img2img/train/00392_sd35_fp16_seed286_s30_g3.5_str0.3.png,1
/media/CrispyMcMarkInc/fake-images-img2img/train/00392_sd3_fp16_seed286_s30_g3.5_str0.3.png,1
/media/CrispyMcMarkInc/Real_cropped_1024/00969.jpg,0
/media/CrispyMcMarkInc/fake-images-img2img/train/00969_sd15_fp16_seed286_s30_g3.5_str0.3.png,1
/media/CrispyMcMarkInc/fake-images-img2img/train/00969_sd15_fp16_seed287_s30_g3.5_str0.3.png,1
/media/CrispyMcMarkInc/fake-images-img2img/train/00969_sd35_fp16_seed287_s30_g3.5_str0.3.png,1
/media/CrispyMcMarkInc/fake-images-img2img/train/00969_sd3_fp16_seed287_s30_g3.5_str0.3.png,1
/media/CrispyMcMarkInc/Real_cropped_1024/00688.jpg,0
/media/CrispyMcMarkInc/fake-images-img2img/train/00688_sd15_fp16_seed287_s30_g3.5_str0.3.png,1
/media/CrispyMcMarkInc/fake-images-img2img/train/00688_sd15_fp16_seed288_s30_g3.5_str0.3.png,1
/media/CrispyMcMarkInc/fake-images-img2img/train/00688_sd35_fp16_seed288_s30_g3.5_str0.3.png,1
/media/CrispyMcMarkInc/fake-images-img2img/train/00688_sd3_fp16_seed288_s30_g3.5_str0.3.png,1
/media/CrispyMcMarkInc/Real_cropped_1024/00361.jpg,0
/media/CrispyMcMarkInc/fake-images-img2img/train/00361_sd15_fp16_seed288_s30_g3.5_str0.3.png,1
/media/CrispyMcMarkInc/fake-images-img2img/train/00361_sd15_fp16_seed289_s30_g3.5_str0.3.png,1
/media/CrispyMcMarkInc/fake-images-img2img/train/00361_sd35_fp16_seed289_s30_g3.5_str0.3.png,1
/media/CrispyMcMarkInc/fake-images-img2img/train/00361_sd3_fp16_seed289_s30_g3.5_str0.3.png,1
/media/CrispyMcMarkInc/Real_cropped_1024/00816.jpg,0
/media/CrispyMcMarkInc/fake-images-img2img/train/00816_sd15_fp16_seed289_s30_g3.5_str0.3.png,1
/media/CrispyMcMarkInc/fake-images-img2img/train/00816_sd15_fp16_seed290_s30_g3.5_str0.3.png,1
/media/CrispyMcMarkInc/fake-images-img2img/train/00816_sd35_fp16_seed290_s30_g3.5_str0.3.png,1
/media/CrispyMcMarkInc/fake-images-img2img/train/00816_sd3_fp16_seed290_s30_g3.5_str0.3.png,1
/media/CrispyMcMarkInc/Real_cropped_1024/00401.jpg,0
/media/CrispyMcMarkInc/fake-images-img2img/train/00401_sd15_fp16_seed290_s30_g3.5_str0.3.png,1
/media/CrispyMcMarkInc/fake-images-img2img/train/00401_sd35_fp16_seed291_s30_g3.5_str0.3.png,1
/media/CrispyMcMarkInc/fake-images-img2img/train/00401_sd3_fp16_seed291_s30_g3.5_str0.3.png,1
/media/CrispyMcMarkInc/Real_cropped_1024/00092.jpg,0
/media/CrispyMcMarkInc/fake-images-img2img/train/00092_sd15_fp16_seed291_s30_g3.5_str0.3.png,1
/media/CrispyMcMarkInc/fake-images-img2img/train/00092_sd35_fp16_seed292_s30_g3.5_str0.3.png,1
/media/CrispyMcMarkInc/fake-images-img2img/train/00092_sd3_fp16_seed292_s30_g3.5_str0.3.png,1
/media/CrispyMcMarkInc/Real_cropped_1024/00917.jpg,0
/media/CrispyMcMarkInc/fake-images-img2img/train/00917_sd15_fp16_seed292_s30_g3.5_str0.3.png,1
/media/CrispyMcMarkInc/fake-images-img2img/train/00917_sd35_fp16_seed293_s30_g3.5_str0.3.png,1
/media/CrispyMcMarkInc/fake-images-img2img/train/00917_sd3_fp16_seed293_s30_g3.5_str0.3.png,1
/media/CrispyMcMarkInc/Real_cropped_1024/00489.jpg,0
/media/CrispyMcMarkInc/fake-images-img2img/train/00489_sd15_fp16_seed293_s30_g3.5_str0.3.png,1
/media/CrispyMcMarkInc/fake-images-img2img/train/00489_sd35_fp16_seed294_s30_g3.5_str0.3.png,1
/media/CrispyMcMarkInc/fake-images-img2img/train/00489_sd3_fp16_seed294_s30_g3.5_str0.3.png,1
/media/CrispyMcMarkInc/Real_cropped_1024/00451.jpg,0
/media/CrispyMcMarkInc/fake-images-img2img/train/00451_sd15_fp16_seed294_s30_g3.5_str0.3.png,1
/media/CrispyMcMarkInc/fake-images-img2img/train/00451_sd35_fp16_seed295_s30_g3.5_str0.3.png,1
/media/CrispyMcMarkInc/fake-images-img2img/train/00451_sd3_fp16_seed295_s30_g3.5_str0.3.png,1
/media/CrispyMcMarkInc/Real_cropped_1024/00251.jpg,0
/media/CrispyMcMarkInc/fake-images-img2img/train/00251_sd15_fp16_seed295_s30_g3.5_str0.3.png,1
/media/CrispyMcMarkInc/fake-images-img2img/train/00251_sd35_fp16_seed296_s30_g3.5_str0.3.png,1
/media/CrispyMcMarkInc/fake-images-img2img/train/00251_sd3_fp16_seed296_s30_g3.5_str0.3.png,1
/media/CrispyMcMarkInc/Real_cropped_1024/00653.jpg,0
/media/CrispyMcMarkInc/fake-images-img2img/train/00653_sd15_fp16_seed296_s30_g3.5_str0.3.png,1
/media/CrispyMcMarkInc/fake-images-img2img/train/00653_sd35_fp16_seed297_s30_g3.5_str0.3.png,1
/media/CrispyMcMarkInc/fake-images-img2img/train/00653_sd3_fp16_seed297_s30_g3.5_str0.3.png,1
/media/CrispyMcMarkInc/Real_cropped_1024/00769.jpg,0
/media/CrispyMcMarkInc/fake-images-img2img/train/00769_sd15_fp16_seed297_s30_g3.5_str0.3.png,1
/media/CrispyMcMarkInc/fake-images-img2img/train/00769_sd35_fp16_seed298_s30_g3.5_str0.3.png,1
/media/CrispyMcMarkInc/fake-images-img2img/train/00769_sd3_fp16_seed298_s30_g3.5_str0.3.png,1
/media/CrispyMcMarkInc/Real_cropped_1024/00670.jpg,0
/media/CrispyMcMarkInc/fake-images-img2img/train/00670_sd15_fp16_seed298_s30_g3.5_str0.3.png,1
/media/CrispyMcMarkInc/fake-images-img2img/train/00670_sd35_fp16_seed299_s30_g3.5_str0.3.png,1
/media/CrispyMcMarkInc/fake-images-img2img/train/00670_sd3_fp16_seed299_s30_g3.5_str0.3.png,1
/media/CrispyMcMarkInc/Real_cropped_1024/00129.jpg,0
/media/CrispyMcMarkInc/fake-images-img2img/train/00129_sd15_fp16_seed299_s30_g3.5_str0.3.png,1
/media/CrispyMcMarkInc/fake-images-img2img/train/00129_sd35_fp16_seed300_s30_g3.5_str0.3.png,1
/media/CrispyMcMarkInc/fake-images-img2img/train/00129_sd3_fp16_seed300_s30_g3.5_str0.3.png,1
/media/CrispyMcMarkInc/Real_cropped_1024/00637.jpg,0
/media/CrispyMcMarkInc/fake-images-img2img/train/00637_sd15_fp16_seed300_s30_g3.5_str0.3.png,1
/media/CrispyMcMarkInc/fake-images-img2img/train/00637_sd35_fp16_seed301_s30_g3.5_str0.3.png,1
/media/CrispyMcMarkInc/fake-images-img2img/train/00637_sd3_fp16_seed301_s30_g3.5_str0.3.png,1
/media/CrispyMcMarkInc/Real_cropped_1024/00991.jpg,0
/media/CrispyMcMarkInc/fake-images-img2img/train/00991_sd15_fp16_seed301_s30_g3.5_str0.3.png,1
/media/CrispyMcMarkInc/fake-images-img2img/train/00991_sd35_fp16_seed302_s30_g3.5_str0.3.png,1
/media/CrispyMcMarkInc/fake-images-img2img/train/00991_sd3_fp16_seed302_s30_g3.5_str0.3.png,1
/media/CrispyMcMarkInc/Real_cropped_1024/00342.jpg,0
/media/CrispyMcMarkInc/fake-images-img2img/train/00342_sd15_fp16_seed302_s30_g3.5_str0.3.png,1
/media/CrispyMcMarkInc/fake-images-img2img/train/00342_sd35_fp16_seed303_s30_g3.5_str0.3.png,1
/media/CrispyMcMarkInc/fake-images-img2img/train/00342_sd3_fp16_seed303_s30_g3.5_str0.3.png,1
/media/CrispyMcMarkInc/Real_cropped_1024/00308.jpg,0
/media/CrispyMcMarkInc/fake-images-img2img/train/00308_sd15_fp16_seed303_s30_g3.5_str0.3.png,1
/media/CrispyMcMarkInc/fake-images-img2img/train/00308_sd35_fp16_seed304_s30_g3.5_str0.3.png,1
/media/CrispyMcMarkInc/fake-images-img2img/train/00308_sd3_fp16_seed304_s30_g3.5_str0.3.png,1
/media/CrispyMcMarkInc/Real_cropped_1024/00136.jpg,0
/media/CrispyMcMarkInc/fake-images-img2img/train/00136_sd15_fp16_seed304_s30_g3.5_str0.3.png,1
/media/CrispyMcMarkInc/fake-images-img2img/train/00136_sd35_fp16_seed305_s30_g3.5_str0.3.png,1
/media/CrispyMcMarkInc/fake-images-img2img/train/00136_sd3_fp16_seed305_s30_g3.5_str0.3.png,1
/media/CrispyMcMarkInc/Real_cropped_1024/00088.jpg,0
/media/CrispyMcMarkInc/fake-images-img2img/train/00088_sd15_fp16_seed305_s30_g3.5_str0.3.png,1
/media/CrispyMcMarkInc/fake-images-img2img/train/00088_sd35_fp16_seed306_s30_g3.5_str0.3.png,1
/media/CrispyMcMarkInc/fake-images-img2img/train/00088_sd3_fp16_seed306_s30_g3.5_str0.3.png,1
/media/CrispyMcMarkInc/Real_cropped_1024/00327.jpg,0
/media/CrispyMcMarkInc/fake-images-img2img/train/00327_sd15_fp16_seed306_s30_g3.5_str0.3.png,1
/media/CrispyMcMarkInc/fake-images-img2img/train/00327_sd35_fp16_seed307_s30_g3.5_str0.3.png,1
/media/CrispyMcMarkInc/fake-images-img2img/train/00327_sd3_fp16_seed307_s30_g3.5_str0.3.png,1
/media/CrispyMcMarkInc/Real_cropped_1024/00475.jpg,0
/media/CrispyMcMarkInc/fake-images-img2img/train/00475_sd15_fp16_seed307_s30_g3.5_str0.3.png,1
/media/CrispyMcMarkInc/fake-images-img2img/train/00475_sd35_fp16_seed308_s30_g3.5_str0.3.png,1
/media/CrispyMcMarkInc/fake-images-img2img/train/00475_sd3_fp16_seed308_s30_g3.5_str0.3.png,1
/media/CrispyMcMarkInc/Real_cropped_1024/00981.jpg,0
/media/CrispyMcMarkInc/fake-images-img2img/train/00981_sd15_fp16_seed308_s30_g3.5_str0.3.png,1
/media/CrispyMcMarkInc/fake-images-img2img/train/00981_sd35_fp16_seed309_s30_g3.5_str0.3.png,1
/media/CrispyMcMarkInc/fake-images-img2img/train/00981_sd3_fp16_seed309_s30_g3.5_str0.3.png,1
/media/CrispyMcMarkInc/Real_cropped_1024/00850.jpg,0
/media/CrispyMcMarkInc/fake-images-img2img/train/00850_sd15_fp16_seed309_s30_g3.5_str0.3.png,1
/media/CrispyMcMarkInc/fake-images-img2img/train/00850_sd35_fp16_seed310_s30_g3.5_str0.3.png,1
/media/CrispyMcMarkInc/fake-images-img2img/train/00850_sd3_fp16_seed310_s30_g3.5_str0.3.png,1
/media/CrispyMcMarkInc/Real_cropped_1024/00892.jpg,0
/media/CrispyMcMarkInc/fake-images-img2img/train/00892_sd15_fp16_seed310_s30_g3.5_str0.3.png,1
/media/CrispyMcMarkInc/fake-images-img2img/train/00892_sd35_fp16_seed311_s30_g3.5_str0.3.png,1
/media/CrispyMcMarkInc/fake-images-img2img/train/00892_sd3_fp16_seed311_s30_g3.5_str0.3.png,1
/media/CrispyMcMarkInc/Real_cropped_1024/00375.jpg,0
/media/CrispyMcMarkInc/fake-images-img2img/train/00375_sd15_fp16_seed311_s30_g3.5_str0.3.png,1
/media/CrispyMcMarkInc/fake-images-img2img/train/00375_sd35_fp16_seed312_s30_g3.5_str0.3.png,1
/media/CrispyMcMarkInc/fake-images-img2img/train/00375_sd3_fp16_seed312_s30_g3.5_str0.3.png,1
/media/CrispyMcMarkInc/Real_cropped_1024/00178.jpg,0
/media/CrispyMcMarkInc/fake-images-img2img/train/00178_sd15_fp16_seed312_s30_g3.5_str0.3.png,1
/media/CrispyMcMarkInc/fake-images-img2img/train/00178_sd35_fp16_seed313_s30_g3.5_str0.3.png,1
/media/CrispyMcMarkInc/fake-images-img2img/train/00178_sd3_fp16_seed313_s30_g3.5_str0.3.png,1
/media/CrispyMcMarkInc/Real_cropped_1024/00026.jpg,0
/media/CrispyMcMarkInc/fake-images-img2img/train/00026_sd15_fp16_seed313_s30_g3.5_str0.3.png,1
/media/CrispyMcMarkInc/fake-images-img2img/train/00026_sd35_fp16_seed314_s30_g3.5_str0.3.png,1
/media/CrispyMcMarkInc/fake-images-img2img/train/00026_sd3_fp16_seed314_s30_g3.5_str0.3.png,1
/media/CrispyMcMarkInc/Real_cropped_1024/00349.jpg,0
/media/CrispyMcMarkInc/fake-images-img2img/train/00349_sd15_fp16_seed314_s30_g3.5_str0.3.png,1
/media/CrispyMcMarkInc/fake-images-img2img/train/00349_sd35_fp16_seed315_s30_g3.5_str0.3.png,1
/media/CrispyMcMarkInc/fake-images-img2img/train/00349_sd3_fp16_seed315_s30_g3.5_str0.3.png,1
/media/CrispyMcMarkInc/Real_cropped_1024/00499.jpg,0
/media/CrispyMcMarkInc/fake-images-img2img/train/00499_sd15_fp16_seed315_s30_g3.5_str0.3.png,1
/media/CrispyMcMarkInc/fake-images-img2img/train/00499_sd35_fp16_seed316_s30_g3.5_str0.3.png,1
/media/CrispyMcMarkInc/fake-images-img2img/train/00499_sd3_fp16_seed316_s30_g3.5_str0.3.png,1
/media/CrispyMcMarkInc/Real_cropped_1024/00474.jpg,0
/media/CrispyMcMarkInc/fake-images-img2img/train/00474_sd15_fp16_seed316_s30_g3.5_str0.3.png,1
/media/CrispyMcMarkInc/fake-images-img2img/train/00474_sd35_fp16_seed317_s30_g3.5_str0.3.png,1
/media/CrispyMcMarkInc/fake-images-img2img/train/00474_sd3_fp16_seed317_s30_g3.5_str0.3.png,1
/media/CrispyMcMarkInc/Real_cropped_1024/00617.jpg,0
/media/CrispyMcMarkInc/fake-images-img2img/train/00617_sd15_fp16_seed317_s30_g3.5_str0.3.png,1
/media/CrispyMcMarkInc/fake-images-img2img/train/00617_sd35_fp16_seed318_s30_g3.5_str0.3.png,1
/media/CrispyMcMarkInc/fake-images-img2img/train/00617_sd3_fp16_seed318_s30_g3.5_str0.3.png,1
/media/CrispyMcMarkInc/Real_cropped_1024/00697.jpg,0
/media/CrispyMcMarkInc/fake-images-img2img/train/00697_sd15_fp16_seed318_s30_g3.5_str0.3.png,1
/media/CrispyMcMarkInc/fake-images-img2img/train/00697_sd35_fp16_seed319_s30_g3.5_str0.3.png,1
/media/CrispyMcMarkInc/fake-images-img2img/train/00697_sd3_fp16_seed319_s30_g3.5_str0.3.png,1
/media/CrispyMcMarkInc/Real_cropped_1024/00050.jpg,0
/media/CrispyMcMarkInc/fake-images-img2img/train/00050_sd15_fp16_seed319_s30_g3.5_str0.3.png,1
/media/CrispyMcMarkInc/fake-images-img2img/train/00050_sd35_fp16_seed320_s30_g3.5_str0.3.png,1
/media/CrispyMcMarkInc/fake-images-img2img/train/00050_sd3_fp16_seed320_s30_g3.5_str0.3.png,1
/media/CrispyMcMarkInc/Real_cropped_1024/00211.jpg,0
/media/CrispyMcMarkInc/fake-images-img2img/train/00211_sd15_fp16_seed320_s30_g3.5_str0.3.png,1
/media/CrispyMcMarkInc/fake-images-img2img/train/00211_sd35_fp16_seed321_s30_g3.5_str0.3.png,1
/media/CrispyMcMarkInc/fake-images-img2img/train/00211_sd3_fp16_seed321_s30_g3.5_str0.3.png,1
/media/CrispyMcMarkInc/Real_cropped_1024/00381.jpg,0
/media/CrispyMcMarkInc/fake-images-img2img/train/00381_sd15_fp16_seed321_s30_g3.5_str0.3.png,1
/media/CrispyMcMarkInc/fake-images-img2img/train/00381_sd35_fp16_seed322_s30_g3.5_str0.3.png,1
/media/CrispyMcMarkInc/fake-images-img2img/train/00381_sd3_fp16_seed322_s30_g3.5_str0.3.png,1
/media/CrispyMcMarkInc/Real_cropped_1024/00883.jpg,0
/media/CrispyMcMarkInc/fake-images-img2img/train/00883_sd15_fp16_seed322_s30_g3.5_str0.3.png,1
/media/CrispyMcMarkInc/fake-images-img2img/train/00883_sd35_fp16_seed323_s30_g3.5_str0.3.png,1
/media/CrispyMcMarkInc/fake-images-img2img/train/00883_sd3_fp16_seed323_s30_g3.5_str0.3.png,1
/media/CrispyMcMarkInc/Real_cropped_1024/00173.jpg,0
/media/CrispyMcMarkInc/fake-images-img2img/train/00173_sd15_fp16_seed323_s30_g3.5_str0.3.png,1
/media/CrispyMcMarkInc/fake-images-img2img/train/00173_sd35_fp16_seed324_s30_g3.5_str0.3.png,1
/media/CrispyMcMarkInc/fake-images-img2img/train/00173_sd3_fp16_seed324_s30_g3.5_str0.3.png,1
/media/CrispyMcMarkInc/Real_cropped_1024/00147.jpg,0
/media/CrispyMcMarkInc/fake-images-img2img/train/00147_sd15_fp16_seed324_s30_g3.5_str0.3.png,1
/media/CrispyMcMarkInc/fake-images-img2img/train/00147_sd35_fp16_seed325_s30_g3.5_str0.3.png,1
/media/CrispyMcMarkInc/fake-images-img2img/train/00147_sd3_fp16_seed325_s30_g3.5_str0.3.png,1
/media/CrispyMcMarkInc/Real_cropped_1024/00419.jpg,0
/media/CrispyMcMarkInc/fake-images-img2img/train/00419_sd15_fp16_seed325_s30_g3.5_str0.3.png,1
/media/CrispyMcMarkInc/fake-images-img2img/train/00419_sd35_fp16_seed326_s30_g3.5_str0.3.png,1
/media/CrispyMcMarkInc/fake-images-img2img/train/00419_sd3_fp16_seed326_s30_g3.5_str0.3.png,1
/media/CrispyMcMarkInc/Real_cropped_1024/00961.jpg,0
/media/CrispyMcMarkInc/fake-images-img2img/train/00961_sd15_fp16_seed326_s30_g3.5_str0.3.png,1
/media/CrispyMcMarkInc/fake-images-img2img/train/00961_sd35_fp16_seed327_s30_g3.5_str0.3.png,1
/media/CrispyMcMarkInc/fake-images-img2img/train/00961_sd3_fp16_seed327_s30_g3.5_str0.3.png,1
/media/CrispyMcMarkInc/Real_cropped_1024/00148.jpg,0
/media/CrispyMcMarkInc/fake-images-img2img/train/00148_sd15_fp16_seed327_s30_g3.5_str0.3.png,1
/media/CrispyMcMarkInc/fake-images-img2img/train/00148_sd35_fp16_seed328_s30_g3.5_str0.3.png,1
/media/CrispyMcMarkInc/fake-images-img2img/train/00148_sd3_fp16_seed328_s30_g3.5_str0.3.png,1
/media/CrispyMcMarkInc/Real_cropped_1024/00975.jpg,0
/media/CrispyMcMarkInc/fake-images-img2img/train/00975_sd15_fp16_seed328_s30_g3.5_str0.3.png,1
/media/CrispyMcMarkInc/fake-images-img2img/train/00975_sd35_fp16_seed329_s30_g3.5_str0.3.png,1
/media/CrispyMcMarkInc/fake-images-img2img/train/00975_sd3_fp16_seed329_s30_g3.5_str0.3.png,1
/media/CrispyMcMarkInc/Real_cropped_1024/00079.jpg,0
/media/CrispyMcMarkInc/fake-images-img2img/train/00079_sd15_fp16_seed329_s30_g3.5_str0.3.png,1
/media/CrispyMcMarkInc/fake-images-img2img/train/00079_sd35_fp16_seed330_s30_g3.5_str0.3.png,1
/media/CrispyMcMarkInc/fake-images-img2img/train/00079_sd3_fp16_seed330_s30_g3.5_str0.3.png,1
/media/CrispyMcMarkInc/Real_cropped_1024/00775.jpg,0
/media/CrispyMcMarkInc/fake-images-img2img/train/00775_sd15_fp16_seed330_s30_g3.5_str0.3.png,1
/media/CrispyMcMarkInc/fake-images-img2img/train/00775_sd35_fp16_seed331_s30_g3.5_str0.3.png,1
/media/CrispyMcMarkInc/fake-images-img2img/train/00775_sd3_fp16_seed331_s30_g3.5_str0.3.png,1
/media/CrispyMcMarkInc/Real_cropped_1024/00302.jpg,0
/media/CrispyMcMarkInc/fake-images-img2img/train/00302_sd15_fp16_seed331_s30_g3.5_str0.3.png,1
/media/CrispyMcMarkInc/fake-images-img2img/train/00302_sd35_fp16_seed332_s30_g3.5_str0.3.png,1
/media/CrispyMcMarkInc/fake-images-img2img/train/00302_sd3_fp16_seed332_s30_g3.5_str0.3.png,1
/media/CrispyMcMarkInc/Real_cropped_1024/00995.jpg,0
/media/CrispyMcMarkInc/fake-images-img2img/train/00995_sd15_fp16_seed332_s30_g3.5_str0.3.png,1
/media/CrispyMcMarkInc/fake-images-img2img/train/00995_sd35_fp16_seed333_s30_g3.5_str0.3.png,1
/media/CrispyMcMarkInc/fake-images-img2img/train/00995_sd3_fp16_seed333_s30_g3.5_str0.3.png,1
/media/CrispyMcMarkInc/Real_cropped_1024/00525.jpg,0
/media/CrispyMcMarkInc/fake-images-img2img/train/00525_sd15_fp16_seed333_s30_g3.5_str0.3.png,1
/media/CrispyMcMarkInc/fake-images-img2img/train/00525_sd35_fp16_seed334_s30_g3.5_str0.3.png,1
/media/CrispyMcMarkInc/fake-images-img2img/train/00525_sd3_fp16_seed334_s30_g3.5_str0.3.png,1
/media/CrispyMcMarkInc/Real_cropped_1024/00774.jpg,0
/media/CrispyMcMarkInc/fake-images-img2img/train/00774_sd15_fp16_seed334_s30_g3.5_str0.3.png,1
/media/CrispyMcMarkInc/fake-images-img2img/train/00774_sd35_fp16_seed335_s30_g3.5_str0.3.png,1
/media/CrispyMcMarkInc/fake-images-img2img/train/00774_sd3_fp16_seed335_s30_g3.5_str0.3.png,1
/media/CrispyMcMarkInc/Real_cropped_1024/00231.jpg,0
/media/CrispyMcMarkInc/fake-images-img2img/train/00231_sd15_fp16_seed335_s30_g3.5_str0.3.png,1
/media/CrispyMcMarkInc/fake-images-img2img/train/00231_sd35_fp16_seed336_s30_g3.5_str0.3.png,1
/media/CrispyMcMarkInc/fake-images-img2img/train/00231_sd3_fp16_seed336_s30_g3.5_str0.3.png,1
/media/CrispyMcMarkInc/Real_cropped_1024/00625.jpg,0
/media/CrispyMcMarkInc/fake-images-img2img/train/00625_sd15_fp16_seed336_s30_g3.5_str0.3.png,1
/media/CrispyMcMarkInc/fake-images-img2img/train/00625_sd35_fp16_seed337_s30_g3.5_str0.3.png,1
/media/CrispyMcMarkInc/fake-images-img2img/train/00625_sd3_fp16_seed337_s30_g3.5_str0.3.png,1
/media/CrispyMcMarkInc/Real_cropped_1024/00800.jpg,0
/media/CrispyMcMarkInc/fake-images-img2img/train/00800_sd15_fp16_seed337_s30_g3.5_str0.3.png,1
/media/CrispyMcMarkInc/fake-images-img2img/train/00800_sd35_fp16_seed338_s30_g3.5_str0.3.png,1
/media/CrispyMcMarkInc/fake-images-img2img/train/00800_sd3_fp16_seed338_s30_g3.5_str0.3.png,1
/media/CrispyMcMarkInc/Real_cropped_1024/00561.jpg,0
/media/CrispyMcMarkInc/fake-images-img2img/train/00561_sd15_fp16_seed338_s30_g3.5_str0.3.png,1
/media/CrispyMcMarkInc/fake-images-img2img/train/00561_sd35_fp16_seed339_s30_g3.5_str0.3.png,1
/media/CrispyMcMarkInc/fake-images-img2img/train/00561_sd3_fp16_seed339_s30_g3.5_str0.3.png,1
/media/CrispyMcMarkInc/Real_cropped_1024/00509.jpg,0
/media/CrispyMcMarkInc/fake-images-img2img/train/00509_sd15_fp16_seed339_s30_g3.5_str0.3.png,1
/media/CrispyMcMarkInc/fake-images-img2img/train/00509_sd35_fp16_seed340_s30_g3.5_str0.3.png,1
/media/CrispyMcMarkInc/fake-images-img2img/train/00509_sd3_fp16_seed340_s30_g3.5_str0.3.png,1
/media/CrispyMcMarkInc/Real_cropped_1024/00840.jpg,0
/media/CrispyMcMarkInc/fake-images-img2img/train/00840_sd15_fp16_seed340_s30_g3.5_str0.3.png,1
/media/CrispyMcMarkInc/fake-images-img2img/train/00840_sd35_fp16_seed341_s30_g3.5_str0.3.png,1
/media/CrispyMcMarkInc/fake-images-img2img/train/00840_sd3_fp16_seed341_s30_g3.5_str0.3.png,1
/media/CrispyMcMarkInc/Real_cropped_1024/00494.jpg,0
/media/CrispyMcMarkInc/fake-images-img2img/train/00494_sd15_fp16_seed341_s30_g3.5_str0.3.png,1
/media/CrispyMcMarkInc/fake-images-img2img/train/00494_sd35_fp16_seed342_s30_g3.5_str0.3.png,1
/media/CrispyMcMarkInc/fake-images-img2img/train/00494_sd3_fp16_seed342_s30_g3.5_str0.3.png,1
/media/CrispyMcMarkInc/Real_cropped_1024/00119.jpg,0
/media/CrispyMcMarkInc/fake-images-img2img/train/00119_sd15_fp16_seed342_s30_g3.5_str0.3.png,1
/media/CrispyMcMarkInc/fake-images-img2img/train/00119_sd35_fp16_seed343_s30_g3.5_str0.3.png,1
/media/CrispyMcMarkInc/fake-images-img2img/train/00119_sd3_fp16_seed343_s30_g3.5_str0.3.png,1
/media/CrispyMcMarkInc/Real_cropped_1024/00477.jpg,0
/media/CrispyMcMarkInc/fake-images-img2img/train/00477_sd15_fp16_seed343_s30_g3.5_str0.3.png,1
/media/CrispyMcMarkInc/fake-images-img2img/train/00477_sd35_fp16_seed344_s30_g3.5_str0.3.png,1
/media/CrispyMcMarkInc/fake-images-img2img/train/00477_sd3_fp16_seed344_s30_g3.5_str0.3.png,1
/media/CrispyMcMarkInc/Real_cropped_1024/00144.jpg,0
/media/CrispyMcMarkInc/fake-images-img2img/train/00144_sd15_fp16_seed344_s30_g3.5_str0.3.png,1
/media/CrispyMcMarkInc/fake-images-img2img/train/00144_sd35_fp16_seed345_s30_g3.5_str0.3.png,1
/media/CrispyMcMarkInc/fake-images-img2img/train/00144_sd3_fp16_seed345_s30_g3.5_str0.3.png,1
/media/CrispyMcMarkInc/Real_cropped_1024/00029.jpg,0
/media/CrispyMcMarkInc/fake-images-img2img/train/00029_sd15_fp16_seed345_s30_g3.5_str0.3.png,1
/media/CrispyMcMarkInc/fake-images-img2img/train/00029_sd35_fp16_seed346_s30_g3.5_str0.3.png,1
/media/CrispyMcMarkInc/fake-images-img2img/train/00029_sd3_fp16_seed346_s30_g3.5_str0.3.png,1
/media/CrispyMcMarkInc/Real_cropped_1024/00910.jpg,0
/media/CrispyMcMarkInc/fake-images-img2img/train/00910_sd15_fp16_seed346_s30_g3.5_str0.3.png,1
/media/CrispyMcMarkInc/fake-images-img2img/train/00910_sd35_fp16_seed347_s30_g3.5_str0.3.png,1
/media/CrispyMcMarkInc/fake-images-img2img/train/00910_sd3_fp16_seed347_s30_g3.5_str0.3.png,1
/media/CrispyMcMarkInc/Real_cropped_1024/00121.jpg,0
/media/CrispyMcMarkInc/fake-images-img2img/train/00121_sd15_fp16_seed347_s30_g3.5_str0.3.png,1
/media/CrispyMcMarkInc/fake-images-img2img/train/00121_sd35_fp16_seed348_s30_g3.5_str0.3.png,1
/media/CrispyMcMarkInc/fake-images-img2img/train/00121_sd3_fp16_seed348_s30_g3.5_str0.3.png,1
/media/CrispyMcMarkInc/Real_cropped_1024/00605.jpg,0
/media/CrispyMcMarkInc/fake-images-img2img/train/00605_sd15_fp16_seed348_s30_g3.5_str0.3.png,1
/media/CrispyMcMarkInc/fake-images-img2img/train/00605_sd35_fp16_seed349_s30_g3.5_str0.3.png,1
/media/CrispyMcMarkInc/fake-images-img2img/train/00605_sd3_fp16_seed349_s30_g3.5_str0.3.png,1
/media/CrispyMcMarkInc/Real_cropped_1024/00061.jpg,0
/media/CrispyMcMarkInc/fake-images-img2img/train/00061_sd15_fp16_seed349_s30_g3.5_str0.3.png,1
/media/CrispyMcMarkInc/fake-images-img2img/train/00061_sd35_fp16_seed350_s30_g3.5_str0.3.png,1
/media/CrispyMcMarkInc/fake-images-img2img/train/00061_sd3_fp16_seed350_s30_g3.5_str0.3.png,1
/media/CrispyMcMarkInc/Real_cropped_1024/00871.jpg,0
/media/CrispyMcMarkInc/fake-images-img2img/train/00871_sd15_fp16_seed350_s30_g3.5_str0.3.png,1
/media/CrispyMcMarkInc/fake-images-img2img/train/00871_sd35_fp16_seed351_s30_g3.5_str0.3.png,1
/media/CrispyMcMarkInc/fake-images-img2img/train/00871_sd3_fp16_seed351_s30_g3.5_str0.3.png,1
/media/CrispyMcMarkInc/Real_cropped_1024/00572.jpg,0
/media/CrispyMcMarkInc/fake-images-img2img/train/00572_sd15_fp16_seed351_s30_g3.5_str0.3.png,1
/media/CrispyMcMarkInc/fake-images-img2img/train/00572_sd35_fp16_seed352_s30_g3.5_str0.3.png,1
/media/CrispyMcMarkInc/fake-images-img2img/train/00572_sd3_fp16_seed352_s30_g3.5_str0.3.png,1
/media/CrispyMcMarkInc/Real_cropped_1024/00005.jpg,0
/media/CrispyMcMarkInc/fake-images-img2img/train/00005_sd15_fp16_seed352_s30_g3.5_str0.3.png,1
/media/CrispyMcMarkInc/fake-images-img2img/train/00005_sd35_fp16_seed353_s30_g3.5_str0.3.png,1
/media/CrispyMcMarkInc/fake-images-img2img/train/00005_sd3_fp16_seed353_s30_g3.5_str0.3.png,1
/media/CrispyMcMarkInc/Real_cropped_1024/00926.jpg,0
/media/CrispyMcMarkInc/fake-images-img2img/train/00926_sd15_fp16_seed353_s30_g3.5_str0.3.png,1
/media/CrispyMcMarkInc/fake-images-img2img/train/00926_sd35_fp16_seed354_s30_g3.5_str0.3.png,1
/media/CrispyMcMarkInc/fake-images-img2img/train/00926_sd3_fp16_seed354_s30_g3.5_str0.3.png,1
/media/CrispyMcMarkInc/Real_cropped_1024/00639.jpg,0
/media/CrispyMcMarkInc/fake-images-img2img/train/00639_sd15_fp16_seed354_s30_g3.5_str0.3.png,1
/media/CrispyMcMarkInc/fake-images-img2img/train/00639_sd35_fp16_seed355_s30_g3.5_str0.3.png,1
/media/CrispyMcMarkInc/fake-images-img2img/train/00639_sd3_fp16_seed355_s30_g3.5_str0.3.png,1
/media/CrispyMcMarkInc/Real_cropped_1024/00439.jpg,0
/media/CrispyMcMarkInc/fake-images-img2img/train/00439_sd15_fp16_seed355_s30_g3.5_str0.3.png,1
/media/CrispyMcMarkInc/fake-images-img2img/train/00439_sd35_fp16_seed356_s30_g3.5_str0.3.png,1
/media/CrispyMcMarkInc/fake-images-img2img/train/00439_sd3_fp16_seed356_s30_g3.5_str0.3.png,1
/media/CrispyMcMarkInc/Real_cropped_1024/00729.jpg,0
/media/CrispyMcMarkInc/fake-images-img2img/train/00729_sd15_fp16_seed356_s30_g3.5_str0.3.png,1
/media/CrispyMcMarkInc/fake-images-img2img/train/00729_sd35_fp16_seed357_s30_g3.5_str0.3.png,1
/media/CrispyMcMarkInc/fake-images-img2img/train/00729_sd3_fp16_seed357_s30_g3.5_str0.3.png,1
/media/CrispyMcMarkInc/Real_cropped_1024/00193.jpg,0
/media/CrispyMcMarkInc/fake-images-img2img/train/00193_sd15_fp16_seed357_s30_g3.5_str0.3.png,1
/media/CrispyMcMarkInc/fake-images-img2img/train/00193_sd35_fp16_seed358_s30_g3.5_str0.3.png,1
/media/CrispyMcMarkInc/fake-images-img2img/train/00193_sd3_fp16_seed358_s30_g3.5_str0.3.png,1
/media/CrispyMcMarkInc/Real_cropped_1024/00752.jpg,0
/media/CrispyMcMarkInc/fake-images-img2img/train/00752_sd15_fp16_seed358_s30_g3.5_str0.3.png,1
/media/CrispyMcMarkInc/fake-images-img2img/train/00752_sd35_fp16_seed359_s30_g3.5_str0.3.png,1
/media/CrispyMcMarkInc/fake-images-img2img/train/00752_sd3_fp16_seed359_s30_g3.5_str0.3.png,1
/media/CrispyMcMarkInc/Real_cropped_1024/00626.jpg,0
/media/CrispyMcMarkInc/fake-images-img2img/train/00626_sd15_fp16_seed359_s30_g3.5_str0.3.png,1
/media/CrispyMcMarkInc/fake-images-img2img/train/00626_sd35_fp16_seed360_s30_g3.5_str0.3.png,1
/media/CrispyMcMarkInc/fake-images-img2img/train/00626_sd3_fp16_seed360_s30_g3.5_str0.3.png,1
/media/CrispyMcMarkInc/Real_cropped_1024/00571.jpg,0
/media/CrispyMcMarkInc/fake-images-img2img/train/00571_sd15_fp16_seed360_s30_g3.5_str0.3.png,1
/media/CrispyMcMarkInc/fake-images-img2img/train/00571_sd35_fp16_seed361_s30_g3.5_str0.3.png,1
/media/CrispyMcMarkInc/fake-images-img2img/train/00571_sd3_fp16_seed361_s30_g3.5_str0.3.png,1
/media/CrispyMcMarkInc/Real_cropped_1024/00017.jpg,0
/media/CrispyMcMarkInc/fake-images-img2img/train/00017_sd15_fp16_seed361_s30_g3.5_str0.3.png,1
/media/CrispyMcMarkInc/fake-images-img2img/train/00017_sd35_fp16_seed362_s30_g3.5_str0.3.png,1
/media/CrispyMcMarkInc/fake-images-img2img/train/00017_sd3_fp16_seed362_s30_g3.5_str0.3.png,1
/media/CrispyMcMarkInc/Real_cropped_1024/00742.jpg,0
/media/CrispyMcMarkInc/fake-images-img2img/train/00742_sd15_fp16_seed362_s30_g3.5_str0.3.png,1
/media/CrispyMcMarkInc/fake-images-img2img/train/00742_sd35_fp16_seed363_s30_g3.5_str0.3.png,1
/media/CrispyMcMarkInc/fake-images-img2img/train/00742_sd3_fp16_seed363_s30_g3.5_str0.3.png,1
/media/CrispyMcMarkInc/Real_cropped_1024/00914.jpg,0
/media/CrispyMcMarkInc/fake-images-img2img/train/00914_sd15_fp16_seed363_s30_g3.5_str0.3.png,1
/media/CrispyMcMarkInc/fake-images-img2img/train/00914_sd35_fp16_seed364_s30_g3.5_str0.3.png,1
/media/CrispyMcMarkInc/fake-images-img2img/train/00914_sd3_fp16_seed364_s30_g3.5_str0.3.png,1
/media/CrispyMcMarkInc/Real_cropped_1024/00510.jpg,0
/media/CrispyMcMarkInc/fake-images-img2img/train/00510_sd15_fp16_seed364_s30_g3.5_str0.3.png,1
/media/CrispyMcMarkInc/fake-images-img2img/train/00510_sd35_fp16_seed365_s30_g3.5_str0.3.png,1
/media/CrispyMcMarkInc/fake-images-img2img/train/00510_sd3_fp16_seed365_s30_g3.5_str0.3.png,1
/media/CrispyMcMarkInc/Real_cropped_1024/00573.jpg,0
/media/CrispyMcMarkInc/fake-images-img2img/train/00573_sd15_fp16_seed365_s30_g3.5_str0.3.png,1
/media/CrispyMcMarkInc/fake-images-img2img/train/00573_sd35_fp16_seed366_s30_g3.5_str0.3.png,1
/media/CrispyMcMarkInc/fake-images-img2img/train/00573_sd3_fp16_seed366_s30_g3.5_str0.3.png,1
/media/CrispyMcMarkInc/Real_cropped_1024/00138.jpg,0
/media/CrispyMcMarkInc/fake-images-img2img/train/00138_sd15_fp16_seed366_s30_g3.5_str0.3.png,1
/media/CrispyMcMarkInc/fake-images-img2img/train/00138_sd35_fp16_seed367_s30_g3.5_str0.3.png,1
/media/CrispyMcMarkInc/fake-images-img2img/train/00138_sd3_fp16_seed367_s30_g3.5_str0.3.png,1
/media/CrispyMcMarkInc/Real_cropped_1024/00191.jpg,0
/media/CrispyMcMarkInc/fake-images-img2img/train/00191_sd15_fp16_seed367_s30_g3.5_str0.3.png,1
/media/CrispyMcMarkInc/fake-images-img2img/train/00191_sd35_fp16_seed368_s30_g3.5_str0.3.png,1
/media/CrispyMcMarkInc/fake-images-img2img/train/00191_sd3_fp16_seed368_s30_g3.5_str0.3.png,1
/media/CrispyMcMarkInc/Real_cropped_1024/00004.jpg,0
/media/CrispyMcMarkInc/fake-images-img2img/train/00004_sd15_fp16_seed368_s30_g3.5_str0.3.png,1
/media/CrispyMcMarkInc/fake-images-img2img/train/00004_sd35_fp16_seed369_s30_g3.5_str0.3.png,1
/media/CrispyMcMarkInc/fake-images-img2img/train/00004_sd3_fp16_seed369_s30_g3.5_str0.3.png,1
/media/CrispyMcMarkInc/Real_cropped_1024/00443.jpg,0
/media/CrispyMcMarkInc/fake-images-img2img/train/00443_sd15_fp16_seed369_s30_g3.5_str0.3.png,1
/media/CrispyMcMarkInc/fake-images-img2img/train/00443_sd35_fp16_seed370_s30_g3.5_str0.3.png,1
/media/CrispyMcMarkInc/fake-images-img2img/train/00443_sd3_fp16_seed370_s30_g3.5_str0.3.png,1
/media/CrispyMcMarkInc/Real_cropped_1024/00020.jpg,0
/media/CrispyMcMarkInc/fake-images-img2img/train/00020_sd15_fp16_seed370_s30_g3.5_str0.3.png,1
/media/CrispyMcMarkInc/fake-images-img2img/train/00020_sd35_fp16_seed371_s30_g3.5_str0.3.png,1
/media/CrispyMcMarkInc/fake-images-img2img/train/00020_sd3_fp16_seed371_s30_g3.5_str0.3.png,1
/media/CrispyMcMarkInc/Real_cropped_1024/00213.jpg,0
/media/CrispyMcMarkInc/fake-images-img2img/train/00213_sd15_fp16_seed371_s30_g3.5_str0.3.png,1
/media/CrispyMcMarkInc/fake-images-img2img/train/00213_sd35_fp16_seed372_s30_g3.5_str0.3.png,1
/media/CrispyMcMarkInc/fake-images-img2img/train/00213_sd3_fp16_seed372_s30_g3.5_str0.3.png,1
/media/CrispyMcMarkInc/Real_cropped_1024/00064.jpg,0
/media/CrispyMcMarkInc/fake-images-img2img/train/00064_sd15_fp16_seed372_s30_g3.5_str0.3.png,1
/media/CrispyMcMarkInc/fake-images-img2img/train/00064_sd35_fp16_seed373_s30_g3.5_str0.3.png,1
/media/CrispyMcMarkInc/fake-images-img2img/train/00064_sd3_fp16_seed373_s30_g3.5_str0.3.png,1
/media/CrispyMcMarkInc/Real_cropped_1024/00411.jpg,0
/media/CrispyMcMarkInc/fake-images-img2img/train/00411_sd15_fp16_seed373_s30_g3.5_str0.3.png,1
/media/CrispyMcMarkInc/fake-images-img2img/train/00411_sd35_fp16_seed374_s30_g3.5_str0.3.png,1
/media/CrispyMcMarkInc/fake-images-img2img/train/00411_sd3_fp16_seed374_s30_g3.5_str0.3.png,1
/media/CrispyMcMarkInc/Real_cropped_1024/00301.jpg,0
/media/CrispyMcMarkInc/fake-images-img2img/train/00301_sd15_fp16_seed374_s30_g3.5_str0.3.png,1
/media/CrispyMcMarkInc/fake-images-img2img/train/00301_sd35_fp16_seed375_s30_g3.5_str0.3.png,1
/media/CrispyMcMarkInc/fake-images-img2img/train/00301_sd3_fp16_seed375_s30_g3.5_str0.3.png,1
/media/CrispyMcMarkInc/Real_cropped_1024/00333.jpg,0
/media/CrispyMcMarkInc/fake-images-img2img/train/00333_sd15_fp16_seed375_s30_g3.5_str0.3.png,1
/media/CrispyMcMarkInc/fake-images-img2img/train/00333_sd35_fp16_seed376_s30_g3.5_str0.3.png,1
/media/CrispyMcMarkInc/fake-images-img2img/train/00333_sd3_fp16_seed376_s30_g3.5_str0.3.png,1
/media/CrispyMcMarkInc/Real_cropped_1024/00192.jpg,0
/media/CrispyMcMarkInc/fake-images-img2img/train/00192_sd15_fp16_seed376_s30_g3.5_str0.3.png,1
/media/CrispyMcMarkInc/fake-images-img2img/train/00192_sd35_fp16_seed377_s30_g3.5_str0.3.png,1
/media/CrispyMcMarkInc/fake-images-img2img/train/00192_sd3_fp16_seed377_s30_g3.5_str0.3.png,1
/media/CrispyMcMarkInc/Real_cropped_1024/00664.jpg,0
/media/CrispyMcMarkInc/fake-images-img2img/train/00664_sd15_fp16_seed377_s30_g3.5_str0.3.png,1
/media/CrispyMcMarkInc/fake-images-img2img/train/00664_sd35_fp16_seed378_s30_g3.5_str0.3.png,1
/media/CrispyMcMarkInc/fake-images-img2img/train/00664_sd3_fp16_seed378_s30_g3.5_str0.3.png,1
/media/CrispyMcMarkInc/Real_cropped_1024/00262.jpg,0
/media/CrispyMcMarkInc/fake-images-img2img/train/00262_sd15_fp16_seed378_s30_g3.5_str0.3.png,1
/media/CrispyMcMarkInc/fake-images-img2img/train/00262_sd35_fp16_seed379_s30_g3.5_str0.3.png,1
/media/CrispyMcMarkInc/fake-images-img2img/train/00262_sd3_fp16_seed379_s30_g3.5_str0.3.png,1
/media/CrispyMcMarkInc/Real_cropped_1024/00647.jpg,0
/media/CrispyMcMarkInc/fake-images-img2img/train/00647_sd15_fp16_seed379_s30_g3.5_str0.3.png,1
/media/CrispyMcMarkInc/fake-images-img2img/train/00647_sd35_fp16_seed380_s30_g3.5_str0.3.png,1
/media/CrispyMcMarkInc/fake-images-img2img/train/00647_sd3_fp16_seed380_s30_g3.5_str0.3.png,1
/media/CrispyMcMarkInc/Real_cropped_1024/00810.jpg,0
/media/CrispyMcMarkInc/fake-images-img2img/train/00810_sd15_fp16_seed380_s30_g3.5_str0.3.png,1
/media/CrispyMcMarkInc/fake-images-img2img/train/00810_sd35_fp16_seed381_s30_g3.5_str0.3.png,1
/media/CrispyMcMarkInc/fake-images-img2img/train/00810_sd3_fp16_seed381_s30_g3.5_str0.3.png,1
/media/CrispyMcMarkInc/Real_cropped_1024/00232.jpg,0
/media/CrispyMcMarkInc/fake-images-img2img/train/00232_sd15_fp16_seed381_s30_g3.5_str0.3.png,1
/media/CrispyMcMarkInc/fake-images-img2img/train/00232_sd35_fp16_seed382_s30_g3.5_str0.3.png,1
/media/CrispyMcMarkInc/fake-images-img2img/train/00232_sd3_fp16_seed382_s30_g3.5_str0.3.png,1
/media/CrispyMcMarkInc/Real_cropped_1024/00795.jpg,0
/media/CrispyMcMarkInc/fake-images-img2img/train/00795_sd15_fp16_seed382_s30_g3.5_str0.3.png,1
/media/CrispyMcMarkInc/fake-images-img2img/train/00795_sd35_fp16_seed383_s30_g3.5_str0.3.png,1
/media/CrispyMcMarkInc/fake-images-img2img/train/00795_sd3_fp16_seed383_s30_g3.5_str0.3.png,1
/media/CrispyMcMarkInc/Real_cropped_1024/00681.jpg,0
/media/CrispyMcMarkInc/fake-images-img2img/train/00681_sd15_fp16_seed383_s30_g3.5_str0.3.png,1
/media/CrispyMcMarkInc/fake-images-img2img/train/00681_sd35_fp16_seed384_s30_g3.5_str0.3.png,1
/media/CrispyMcMarkInc/fake-images-img2img/train/00681_sd3_fp16_seed384_s30_g3.5_str0.3.png,1
/media/CrispyMcMarkInc/Real_cropped_1024/00804.jpg,0
/media/CrispyMcMarkInc/fake-images-img2img/train/00804_sd15_fp16_seed384_s30_g3.5_str0.3.png,1
/media/CrispyMcMarkInc/fake-images-img2img/train/00804_sd35_fp16_seed385_s30_g3.5_str0.3.png,1
/media/CrispyMcMarkInc/fake-images-img2img/train/00804_sd3_fp16_seed385_s30_g3.5_str0.3.png,1
/media/CrispyMcMarkInc/Real_cropped_1024/00482.jpg,0
/media/CrispyMcMarkInc/fake-images-img2img/train/00482_sd15_fp16_seed385_s30_g3.5_str0.3.png,1
/media/CrispyMcMarkInc/fake-images-img2img/train/00482_sd35_fp16_seed386_s30_g3.5_str0.3.png,1
/media/CrispyMcMarkInc/fake-images-img2img/train/00482_sd3_fp16_seed386_s30_g3.5_str0.3.png,1
/media/CrispyMcMarkInc/Real_cropped_1024/00360.jpg,0
/media/CrispyMcMarkInc/fake-images-img2img/train/00360_sd15_fp16_seed386_s30_g3.5_str0.3.png,1
/media/CrispyMcMarkInc/fake-images-img2img/train/00360_sd35_fp16_seed387_s30_g3.5_str0.3.png,1
/media/CrispyMcMarkInc/fake-images-img2img/train/00360_sd3_fp16_seed387_s30_g3.5_str0.3.png,1
/media/CrispyMcMarkInc/Real_cropped_1024/00838.jpg,0
/media/CrispyMcMarkInc/fake-images-img2img/train/00838_sd15_fp16_seed387_s30_g3.5_str0.3.png,1
/media/CrispyMcMarkInc/fake-images-img2img/train/00838_sd35_fp16_seed388_s30_g3.5_str0.3.png,1
/media/CrispyMcMarkInc/fake-images-img2img/train/00838_sd3_fp16_seed388_s30_g3.5_str0.3.png,1
/media/CrispyMcMarkInc/Real_cropped_1024/00236.jpg,0
/media/CrispyMcMarkInc/fake-images-img2img/train/00236_sd15_fp16_seed388_s30_g3.5_str0.3.png,1
/media/CrispyMcMarkInc/fake-images-img2img/train/00236_sd35_fp16_seed389_s30_g3.5_str0.3.png,1
/media/CrispyMcMarkInc/fake-images-img2img/train/00236_sd3_fp16_seed389_s30_g3.5_str0.3.png,1
/media/CrispyMcMarkInc/Real_cropped_1024/00627.jpg,0
/media/CrispyMcMarkInc/fake-images-img2img/train/00627_sd15_fp16_seed389_s30_g3.5_str0.3.png,1
/media/CrispyMcMarkInc/fake-images-img2img/train/00627_sd35_fp16_seed390_s30_g3.5_str0.3.png,1
/media/CrispyMcMarkInc/fake-images-img2img/train/00627_sd3_fp16_seed390_s30_g3.5_str0.3.png,1
/media/CrispyMcMarkInc/Real_cropped_1024/00957.jpg,0
/media/CrispyMcMarkInc/fake-images-img2img/train/00957_sd15_fp16_seed390_s30_g3.5_str0.3.png,1
/media/CrispyMcMarkInc/fake-images-img2img/train/00957_sd35_fp16_seed391_s30_g3.5_str0.3.png,1
/media/CrispyMcMarkInc/fake-images-img2img/train/00957_sd3_fp16_seed391_s30_g3.5_str0.3.png,1
/media/CrispyMcMarkInc/Real_cropped_1024/00582.jpg,0
/media/CrispyMcMarkInc/fake-images-img2img/train/00582_sd15_fp16_seed391_s30_g3.5_str0.3.png,1
/media/CrispyMcMarkInc/fake-images-img2img/train/00582_sd35_fp16_seed392_s30_g3.5_str0.3.png,1
/media/CrispyMcMarkInc/fake-images-img2img/train/00582_sd3_fp16_seed392_s30_g3.5_str0.3.png,1
/media/CrispyMcMarkInc/Real_cropped_1024/00272.jpg,0
/media/CrispyMcMarkInc/fake-images-img2img/train/00272_sd15_fp16_seed392_s30_g3.5_str0.3.png,1
/media/CrispyMcMarkInc/fake-images-img2img/train/00272_sd35_fp16_seed393_s30_g3.5_str0.3.png,1
/media/CrispyMcMarkInc/fake-images-img2img/train/00272_sd3_fp16_seed393_s30_g3.5_str0.3.png,1
/media/CrispyMcMarkInc/Real_cropped_1024/00201.jpg,0
/media/CrispyMcMarkInc/fake-images-img2img/train/00201_sd15_fp16_seed393_s30_g3.5_str0.3.png,1
/media/CrispyMcMarkInc/fake-images-img2img/train/00201_sd35_fp16_seed394_s30_g3.5_str0.3.png,1
/media/CrispyMcMarkInc/fake-images-img2img/train/00201_sd3_fp16_seed394_s30_g3.5_str0.3.png,1
/media/CrispyMcMarkInc/Real_cropped_1024/00013.jpg,0
/media/CrispyMcMarkInc/fake-images-img2img/train/00013_sd15_fp16_seed394_s30_g3.5_str0.3.png,1
/media/CrispyMcMarkInc/fake-images-img2img/train/00013_sd35_fp16_seed395_s30_g3.5_str0.3.png,1
/media/CrispyMcMarkInc/fake-images-img2img/train/00013_sd3_fp16_seed395_s30_g3.5_str0.3.png,1
/media/CrispyMcMarkInc/Real_cropped_1024/00427.jpg,0
/media/CrispyMcMarkInc/fake-images-img2img/train/00427_sd15_fp16_seed395_s30_g3.5_str0.3.png,1
/media/CrispyMcMarkInc/fake-images-img2img/train/00427_sd35_fp16_seed396_s30_g3.5_str0.3.png,1
/media/CrispyMcMarkInc/fake-images-img2img/train/00427_sd3_fp16_seed396_s30_g3.5_str0.3.png,1
/media/CrispyMcMarkInc/Real_cropped_1024/00239.jpg,0
/media/CrispyMcMarkInc/fake-images-img2img/train/00239_sd15_fp16_seed396_s30_g3.5_str0.3.png,1
/media/CrispyMcMarkInc/fake-images-img2img/train/00239_sd35_fp16_seed397_s30_g3.5_str0.3.png,1
/media/CrispyMcMarkInc/fake-images-img2img/train/00239_sd3_fp16_seed397_s30_g3.5_str0.3.png,1
/media/CrispyMcMarkInc/Real_cropped_1024/00084.jpg,0
/media/CrispyMcMarkInc/fake-images-img2img/train/00084_sd15_fp16_seed397_s30_g3.5_str0.3.png,1
/media/CrispyMcMarkInc/fake-images-img2img/train/00084_sd35_fp16_seed398_s30_g3.5_str0.3.png,1
/media/CrispyMcMarkInc/fake-images-img2img/train/00084_sd3_fp16_seed398_s30_g3.5_str0.3.png,1
/media/CrispyMcMarkInc/Real_cropped_1024/00532.jpg,0
/media/CrispyMcMarkInc/fake-images-img2img/train/00532_sd15_fp16_seed398_s30_g3.5_str0.3.png,1
/media/CrispyMcMarkInc/fake-images-img2img/train/00532_sd35_fp16_seed399_s30_g3.5_str0.3.png,1
/media/CrispyMcMarkInc/fake-images-img2img/train/00532_sd3_fp16_seed399_s30_g3.5_str0.3.png,1
/media/CrispyMcMarkInc/Real_cropped_1024/00172.jpg,0
/media/CrispyMcMarkInc/fake-images-img2img/train/00172_sd15_fp16_seed399_s30_g3.5_str0.3.png,1
/media/CrispyMcMarkInc/fake-images-img2img/train/00172_sd35_fp16_seed400_s30_g3.5_str0.3.png,1
/media/CrispyMcMarkInc/fake-images-img2img/train/00172_sd3_fp16_seed400_s30_g3.5_str0.3.png,1
/media/CrispyMcMarkInc/Real_cropped_1024/00289.jpg,0
/media/CrispyMcMarkInc/fake-images-img2img/train/00289_sd15_fp16_seed400_s30_g3.5_str0.3.png,1
/media/CrispyMcMarkInc/fake-images-img2img/train/00289_sd35_fp16_seed401_s30_g3.5_str0.3.png,1
/media/CrispyMcMarkInc/fake-images-img2img/train/00289_sd3_fp16_seed401_s30_g3.5_str0.3.png,1
/media/CrispyMcMarkInc/Real_cropped_1024/00485.jpg,0
/media/CrispyMcMarkInc/fake-images-img2img/train/00485_sd15_fp16_seed401_s30_g3.5_str0.3.png,1
/media/CrispyMcMarkInc/fake-images-img2img/train/00485_sd35_fp16_seed402_s30_g3.5_str0.3.png,1
/media/CrispyMcMarkInc/fake-images-img2img/train/00485_sd3_fp16_seed402_s30_g3.5_str0.3.png,1
/media/CrispyMcMarkInc/Real_cropped_1024/00329.jpg,0
/media/CrispyMcMarkInc/fake-images-img2img/train/00329_sd15_fp16_seed402_s30_g3.5_str0.3.png,1
/media/CrispyMcMarkInc/fake-images-img2img/train/00329_sd35_fp16_seed403_s30_g3.5_str0.3.png,1
/media/CrispyMcMarkInc/fake-images-img2img/train/00329_sd3_fp16_seed403_s30_g3.5_str0.3.png,1
/media/CrispyMcMarkInc/Real_cropped_1024/00683.jpg,0
/media/CrispyMcMarkInc/fake-images-img2img/train/00683_sd15_fp16_seed403_s30_g3.5_str0.3.png,1
/media/CrispyMcMarkInc/fake-images-img2img/train/00683_sd35_fp16_seed404_s30_g3.5_str0.3.png,1
/media/CrispyMcMarkInc/fake-images-img2img/train/00683_sd3_fp16_seed404_s30_g3.5_str0.3.png,1
/media/CrispyMcMarkInc/Real_cropped_1024/00318.jpg,0
/media/CrispyMcMarkInc/fake-images-img2img/train/00318_sd15_fp16_seed404_s30_g3.5_str0.3.png,1
/media/CrispyMcMarkInc/fake-images-img2img/train/00318_sd35_fp16_seed405_s30_g3.5_str0.3.png,1
/media/CrispyMcMarkInc/fake-images-img2img/train/00318_sd3_fp16_seed405_s30_g3.5_str0.3.png,1
/media/CrispyMcMarkInc/Real_cropped_1024/00454.jpg,0
/media/CrispyMcMarkInc/fake-images-img2img/train/00454_sd15_fp16_seed405_s30_g3.5_str0.3.png,1
/media/CrispyMcMarkInc/fake-images-img2img/train/00454_sd35_fp16_seed406_s30_g3.5_str0.3.png,1
/media/CrispyMcMarkInc/fake-images-img2img/train/00454_sd3_fp16_seed406_s30_g3.5_str0.3.png,1
/media/CrispyMcMarkInc/Real_cropped_1024/00249.jpg,0
/media/CrispyMcMarkInc/fake-images-img2img/train/00249_sd15_fp16_seed406_s30_g3.5_str0.3.png,1
/media/CrispyMcMarkInc/fake-images-img2img/train/00249_sd35_fp16_seed407_s30_g3.5_str0.3.png,1
/media/CrispyMcMarkInc/fake-images-img2img/train/00249_sd3_fp16_seed407_s30_g3.5_str0.3.png,1
/media/CrispyMcMarkInc/Real_cropped_1024/00846.jpg,0
/media/CrispyMcMarkInc/fake-images-img2img/train/00846_sd15_fp16_seed407_s30_g3.5_str0.3.png,1
/media/CrispyMcMarkInc/fake-images-img2img/train/00846_sd35_fp16_seed408_s30_g3.5_str0.3.png,1
/media/CrispyMcMarkInc/fake-images-img2img/train/00846_sd3_fp16_seed408_s30_g3.5_str0.3.png,1
/media/CrispyMcMarkInc/Real_cropped_1024/00279.jpg,0
/media/CrispyMcMarkInc/fake-images-img2img/train/00279_sd15_fp16_seed408_s30_g3.5_str0.3.png,1
/media/CrispyMcMarkInc/fake-images-img2img/train/00279_sd35_fp16_seed409_s30_g3.5_str0.3.png,1
/media/CrispyMcMarkInc/fake-images-img2img/train/00279_sd3_fp16_seed409_s30_g3.5_str0.3.png,1
/media/CrispyMcMarkInc/Real_cropped_1024/00455.jpg,0
/media/CrispyMcMarkInc/fake-images-img2img/train/00455_sd15_fp16_seed409_s30_g3.5_str0.3.png,1
/media/CrispyMcMarkInc/fake-images-img2img/train/00455_sd35_fp16_seed410_s30_g3.5_str0.3.png,1
/media/CrispyMcMarkInc/fake-images-img2img/train/00455_sd3_fp16_seed410_s30_g3.5_str0.3.png,1
/media/CrispyMcMarkInc/Real_cropped_1024/00901.jpg,0
/media/CrispyMcMarkInc/fake-images-img2img/train/00901_sd15_fp16_seed410_s30_g3.5_str0.3.png,1
/media/CrispyMcMarkInc/fake-images-img2img/train/00901_sd35_fp16_seed411_s30_g3.5_str0.3.png,1
/media/CrispyMcMarkInc/fake-images-img2img/train/00901_sd3_fp16_seed411_s30_g3.5_str0.3.png,1
/media/CrispyMcMarkInc/Real_cropped_1024/00761.jpg,0
/media/CrispyMcMarkInc/fake-images-img2img/train/00761_sd15_fp16_seed411_s30_g3.5_str0.3.png,1
/media/CrispyMcMarkInc/fake-images-img2img/train/00761_sd35_fp16_seed412_s30_g3.5_str0.3.png,1
/media/CrispyMcMarkInc/fake-images-img2img/train/00761_sd3_fp16_seed412_s30_g3.5_str0.3.png,1
/media/CrispyMcMarkInc/Real_cropped_1024/00547.jpg,0
/media/CrispyMcMarkInc/fake-images-img2img/train/00547_sd15_fp16_seed412_s30_g3.5_str0.3.png,1
/media/CrispyMcMarkInc/fake-images-img2img/train/00547_sd35_fp16_seed413_s30_g3.5_str0.3.png,1
/media/CrispyMcMarkInc/fake-images-img2img/train/00547_sd3_fp16_seed413_s30_g3.5_str0.3.png,1
/media/CrispyMcMarkInc/Real_cropped_1024/00180.jpg,0
/media/CrispyMcMarkInc/fake-images-img2img/train/00180_sd15_fp16_seed413_s30_g3.5_str0.3.png,1
/media/CrispyMcMarkInc/fake-images-img2img/train/00180_sd35_fp16_seed414_s30_g3.5_str0.3.png,1
/media/CrispyMcMarkInc/fake-images-img2img/train/00180_sd3_fp16_seed414_s30_g3.5_str0.3.png,1
/media/CrispyMcMarkInc/Real_cropped_1024/00557.jpg,0
/media/CrispyMcMarkInc/fake-images-img2img/train/00557_sd15_fp16_seed414_s30_g3.5_str0.3.png,1
/media/CrispyMcMarkInc/fake-images-img2img/train/00557_sd35_fp16_seed415_s30_g3.5_str0.3.png,1
/media/CrispyMcMarkInc/fake-images-img2img/train/00557_sd3_fp16_seed415_s30_g3.5_str0.3.png,1
/media/CrispyMcMarkInc/Real_cropped_1024/00628.jpg,0
/media/CrispyMcMarkInc/fake-images-img2img/train/00628_sd15_fp16_seed415_s30_g3.5_str0.3.png,1
/media/CrispyMcMarkInc/fake-images-img2img/train/00628_sd35_fp16_seed416_s30_g3.5_str0.3.png,1
/media/CrispyMcMarkInc/fake-images-img2img/train/00628_sd3_fp16_seed416_s30_g3.5_str0.3.png,1
/media/CrispyMcMarkInc/Real_cropped_1024/00423.jpg,0
/media/CrispyMcMarkInc/fake-images-img2img/train/00423_sd15_fp16_seed416_s30_g3.5_str0.3.png,1
/media/CrispyMcMarkInc/fake-images-img2img/train/00423_sd35_fp16_seed417_s30_g3.5_str0.3.png,1
/media/CrispyMcMarkInc/fake-images-img2img/train/00423_sd3_fp16_seed417_s30_g3.5_str0.3.png,1
/media/CrispyMcMarkInc/Real_cropped_1024/00843.jpg,0
/media/CrispyMcMarkInc/fake-images-img2img/train/00843_sd15_fp16_seed417_s30_g3.5_str0.3.png,1
/media/CrispyMcMarkInc/fake-images-img2img/train/00843_sd35_fp16_seed418_s30_g3.5_str0.3.png,1
/media/CrispyMcMarkInc/fake-images-img2img/train/00843_sd3_fp16_seed418_s30_g3.5_str0.3.png,1
/media/CrispyMcMarkInc/Real_cropped_1024/00010.jpg,0
/media/CrispyMcMarkInc/fake-images-img2img/train/00010_sd15_fp16_seed418_s30_g3.5_str0.3.png,1
/media/CrispyMcMarkInc/fake-images-img2img/train/00010_sd35_fp16_seed419_s30_g3.5_str0.3.png,1
/media/CrispyMcMarkInc/fake-images-img2img/train/00010_sd3_fp16_seed419_s30_g3.5_str0.3.png,1
/media/CrispyMcMarkInc/Real_cropped_1024/00199.jpg,0
/media/CrispyMcMarkInc/fake-images-img2img/train/00199_sd15_fp16_seed419_s30_g3.5_str0.3.png,1
/media/CrispyMcMarkInc/fake-images-img2img/train/00199_sd35_fp16_seed420_s30_g3.5_str0.3.png,1
/media/CrispyMcMarkInc/fake-images-img2img/train/00199_sd3_fp16_seed420_s30_g3.5_str0.3.png,1
/media/CrispyMcMarkInc/Real_cropped_1024/00425.jpg,0
/media/CrispyMcMarkInc/fake-images-img2img/train/00425_sd15_fp16_seed420_s30_g3.5_str0.3.png,1
/media/CrispyMcMarkInc/fake-images-img2img/train/00425_sd35_fp16_seed421_s30_g3.5_str0.3.png,1
/media/CrispyMcMarkInc/fake-images-img2img/train/00425_sd3_fp16_seed421_s30_g3.5_str0.3.png,1
/media/CrispyMcMarkInc/Real_cropped_1024/00534.jpg,0
/media/CrispyMcMarkInc/fake-images-img2img/train/00534_sd15_fp16_seed421_s30_g3.5_str0.3.png,1
/media/CrispyMcMarkInc/fake-images-img2img/train/00534_sd35_fp16_seed422_s30_g3.5_str0.3.png,1
/media/CrispyMcMarkInc/fake-images-img2img/train/00534_sd3_fp16_seed422_s30_g3.5_str0.3.png,1
/media/CrispyMcMarkInc/Real_cropped_1024/00031.jpg,0
/media/CrispyMcMarkInc/fake-images-img2img/train/00031_sd15_fp16_seed422_s30_g3.5_str0.3.png,1
/media/CrispyMcMarkInc/fake-images-img2img/train/00031_sd35_fp16_seed423_s30_g3.5_str0.3.png,1
/media/CrispyMcMarkInc/fake-images-img2img/train/00031_sd3_fp16_seed423_s30_g3.5_str0.3.png,1
/media/CrispyMcMarkInc/Real_cropped_1024/00579.jpg,0
/media/CrispyMcMarkInc/fake-images-img2img/train/00579_sd15_fp16_seed423_s30_g3.5_str0.3.png,1
/media/CrispyMcMarkInc/fake-images-img2img/train/00579_sd35_fp16_seed424_s30_g3.5_str0.3.png,1
/media/CrispyMcMarkInc/fake-images-img2img/train/00579_sd3_fp16_seed424_s30_g3.5_str0.3.png,1
/media/CrispyMcMarkInc/Real_cropped_1024/00404.jpg,0
/media/CrispyMcMarkInc/fake-images-img2img/train/00404_sd15_fp16_seed424_s30_g3.5_str0.3.png,1
/media/CrispyMcMarkInc/fake-images-img2img/train/00404_sd35_fp16_seed425_s30_g3.5_str0.3.png,1
/media/CrispyMcMarkInc/fake-images-img2img/train/00404_sd3_fp16_seed425_s30_g3.5_str0.3.png,1
/media/CrispyMcMarkInc/Real_cropped_1024/00277.jpg,0
/media/CrispyMcMarkInc/fake-images-img2img/train/00277_sd15_fp16_seed425_s30_g3.5_str0.3.png,1
/media/CrispyMcMarkInc/fake-images-img2img/train/00277_sd35_fp16_seed426_s30_g3.5_str0.3.png,1
/media/CrispyMcMarkInc/fake-images-img2img/train/00277_sd3_fp16_seed426_s30_g3.5_str0.3.png,1
/media/CrispyMcMarkInc/Real_cropped_1024/00444.jpg,0
/media/CrispyMcMarkInc/fake-images-img2img/train/00444_sd15_fp16_seed426_s30_g3.5_str0.3.png,1
/media/CrispyMcMarkInc/fake-images-img2img/train/00444_sd35_fp16_seed427_s30_g3.5_str0.3.png,1
/media/CrispyMcMarkInc/fake-images-img2img/train/00444_sd3_fp16_seed427_s30_g3.5_str0.3.png,1
/media/CrispyMcMarkInc/Real_cropped_1024/00771.jpg,0
/media/CrispyMcMarkInc/fake-images-img2img/train/00771_sd15_fp16_seed427_s30_g3.5_str0.3.png,1
/media/CrispyMcMarkInc/fake-images-img2img/train/00771_sd35_fp16_seed428_s30_g3.5_str0.3.png,1
/media/CrispyMcMarkInc/fake-images-img2img/train/00771_sd3_fp16_seed428_s30_g3.5_str0.3.png,1
/media/CrispyMcMarkInc/Real_cropped_1024/00372.jpg,0
/media/CrispyMcMarkInc/fake-images-img2img/train/00372_sd15_fp16_seed428_s30_g3.5_str0.3.png,1
/media/CrispyMcMarkInc/fake-images-img2img/train/00372_sd35_fp16_seed429_s30_g3.5_str0.3.png,1
/media/CrispyMcMarkInc/fake-images-img2img/train/00372_sd3_fp16_seed429_s30_g3.5_str0.3.png,1
/media/CrispyMcMarkInc/Real_cropped_1024/00722.jpg,0
/media/CrispyMcMarkInc/fake-images-img2img/train/00722_sd15_fp16_seed429_s30_g3.5_str0.3.png,1
/media/CrispyMcMarkInc/fake-images-img2img/train/00722_sd35_fp16_seed430_s30_g3.5_str0.3.png,1
/media/CrispyMcMarkInc/fake-images-img2img/train/00722_sd3_fp16_seed430_s30_g3.5_str0.3.png,1
/media/CrispyMcMarkInc/Real_cropped_1024/00400.jpg,0
/media/CrispyMcMarkInc/fake-images-img2img/train/00400_sd15_fp16_seed430_s30_g3.5_str0.3.png,1
/media/CrispyMcMarkInc/fake-images-img2img/train/00400_sd35_fp16_seed431_s30_g3.5_str0.3.png,1
/media/CrispyMcMarkInc/fake-images-img2img/train/00400_sd3_fp16_seed431_s30_g3.5_str0.3.png,1
/media/CrispyMcMarkInc/Real_cropped_1024/00078.jpg,0
/media/CrispyMcMarkInc/fake-images-img2img/train/00078_sd15_fp16_seed431_s30_g3.5_str0.3.png,1
/media/CrispyMcMarkInc/fake-images-img2img/train/00078_sd35_fp16_seed432_s30_g3.5_str0.3.png,1
/media/CrispyMcMarkInc/fake-images-img2img/train/00078_sd3_fp16_seed432_s30_g3.5_str0.3.png,1
/media/CrispyMcMarkInc/Real_cropped_1024/00537.jpg,0
/media/CrispyMcMarkInc/fake-images-img2img/train/00537_sd15_fp16_seed432_s30_g3.5_str0.3.png,1
/media/CrispyMcMarkInc/fake-images-img2img/train/00537_sd35_fp16_seed433_s30_g3.5_str0.3.png,1
/media/CrispyMcMarkInc/fake-images-img2img/train/00537_sd3_fp16_seed433_s30_g3.5_str0.3.png,1
/media/CrispyMcMarkInc/Real_cropped_1024/00575.jpg,0
/media/CrispyMcMarkInc/fake-images-img2img/train/00575_sd15_fp16_seed433_s30_g3.5_str0.3.png,1
/media/CrispyMcMarkInc/fake-images-img2img/train/00575_sd35_fp16_seed434_s30_g3.5_str0.3.png,1
/media/CrispyMcMarkInc/fake-images-img2img/train/00575_sd3_fp16_seed434_s30_g3.5_str0.3.png,1
/media/CrispyMcMarkInc/Real_cropped_1024/00548.jpg,0
/media/CrispyMcMarkInc/fake-images-img2img/train/00548_sd15_fp16_seed434_s30_g3.5_str0.3.png,1
/media/CrispyMcMarkInc/fake-images-img2img/train/00548_sd35_fp16_seed435_s30_g3.5_str0.3.png,1
/media/CrispyMcMarkInc/fake-images-img2img/train/00548_sd3_fp16_seed435_s30_g3.5_str0.3.png,1
/media/CrispyMcMarkInc/Real_cropped_1024/00710.jpg,0
/media/CrispyMcMarkInc/fake-images-img2img/train/00710_sd15_fp16_seed435_s30_g3.5_str0.3.png,1
/media/CrispyMcMarkInc/fake-images-img2img/train/00710_sd35_fp16_seed436_s30_g3.5_str0.3.png,1
/media/CrispyMcMarkInc/fake-images-img2img/train/00710_sd3_fp16_seed436_s30_g3.5_str0.3.png,1
/media/CrispyMcMarkInc/Real_cropped_1024/00041.jpg,0
/media/CrispyMcMarkInc/fake-images-img2img/train/00041_sd15_fp16_seed436_s30_g3.5_str0.3.png,1
/media/CrispyMcMarkInc/fake-images-img2img/train/00041_sd35_fp16_seed437_s30_g3.5_str0.3.png,1
/media/CrispyMcMarkInc/fake-images-img2img/train/00041_sd3_fp16_seed437_s30_g3.5_str0.3.png,1
/media/CrispyMcMarkInc/Real_cropped_1024/00885.jpg,0
/media/CrispyMcMarkInc/fake-images-img2img/train/00885_sd15_fp16_seed437_s30_g3.5_str0.3.png,1
/media/CrispyMcMarkInc/fake-images-img2img/train/00885_sd35_fp16_seed438_s30_g3.5_str0.3.png,1
/media/CrispyMcMarkInc/fake-images-img2img/train/00885_sd3_fp16_seed438_s30_g3.5_str0.3.png,1
/media/CrispyMcMarkInc/Real_cropped_1024/00632.jpg,0
/media/CrispyMcMarkInc/fake-images-img2img/train/00632_sd15_fp16_seed438_s30_g3.5_str0.3.png,1
/media/CrispyMcMarkInc/fake-images-img2img/train/00632_sd35_fp16_seed439_s30_g3.5_str0.3.png,1
/media/CrispyMcMarkInc/fake-images-img2img/train/00632_sd3_fp16_seed439_s30_g3.5_str0.3.png,1
/media/CrispyMcMarkInc/Real_cropped_1024/00858.jpg,0
/media/CrispyMcMarkInc/fake-images-img2img/train/00858_sd15_fp16_seed439_s30_g3.5_str0.3.png,1
/media/CrispyMcMarkInc/fake-images-img2img/train/00858_sd35_fp16_seed440_s30_g3.5_str0.3.png,1
/media/CrispyMcMarkInc/fake-images-img2img/train/00858_sd3_fp16_seed440_s30_g3.5_str0.3.png,1
/media/CrispyMcMarkInc/Real_cropped_1024/00139.jpg,0
/media/CrispyMcMarkInc/fake-images-img2img/train/00139_sd15_fp16_seed440_s30_g3.5_str0.3.png,1
/media/CrispyMcMarkInc/fake-images-img2img/train/00139_sd35_fp16_seed441_s30_g3.5_str0.3.png,1
/media/CrispyMcMarkInc/fake-images-img2img/train/00139_sd3_fp16_seed441_s30_g3.5_str0.3.png,1
/media/CrispyMcMarkInc/Real_cropped_1024/00385.jpg,0
/media/CrispyMcMarkInc/fake-images-img2img/train/00385_sd15_fp16_seed441_s30_g3.5_str0.3.png,1
/media/CrispyMcMarkInc/fake-images-img2img/train/00385_sd35_fp16_seed442_s30_g3.5_str0.3.png,1
/media/CrispyMcMarkInc/fake-images-img2img/train/00385_sd3_fp16_seed442_s30_g3.5_str0.3.png,1
/media/CrispyMcMarkInc/Real_cropped_1024/00456.jpg,0
/media/CrispyMcMarkInc/fake-images-img2img/train/00456_sd15_fp16_seed442_s30_g3.5_str0.3.png,1
/media/CrispyMcMarkInc/fake-images-img2img/train/00456_sd35_fp16_seed443_s30_g3.5_str0.3.png,1
/media/CrispyMcMarkInc/fake-images-img2img/train/00456_sd3_fp16_seed443_s30_g3.5_str0.3.png,1
/media/CrispyMcMarkInc/Real_cropped_1024/00932.jpg,0
/media/CrispyMcMarkInc/fake-images-img2img/train/00932_sd15_fp16_seed443_s30_g3.5_str0.3.png,1
/media/CrispyMcMarkInc/fake-images-img2img/train/00932_sd35_fp16_seed444_s30_g3.5_str0.3.png,1
/media/CrispyMcMarkInc/fake-images-img2img/train/00932_sd3_fp16_seed444_s30_g3.5_str0.3.png,1
/media/CrispyMcMarkInc/Real_cropped_1024/00813.jpg,0
/media/CrispyMcMarkInc/fake-images-img2img/train/00813_sd15_fp16_seed444_s30_g3.5_str0.3.png,1
/media/CrispyMcMarkInc/fake-images-img2img/train/00813_sd35_fp16_seed445_s30_g3.5_str0.3.png,1
/media/CrispyMcMarkInc/fake-images-img2img/train/00813_sd3_fp16_seed445_s30_g3.5_str0.3.png,1
/media/CrispyMcMarkInc/Real_cropped_1024/00140.jpg,0
/media/CrispyMcMarkInc/fake-images-img2img/train/00140_sd15_fp16_seed445_s30_g3.5_str0.3.png,1
/media/CrispyMcMarkInc/fake-images-img2img/train/00140_sd35_fp16_seed446_s30_g3.5_str0.3.png,1
/media/CrispyMcMarkInc/fake-images-img2img/train/00140_sd3_fp16_seed446_s30_g3.5_str0.3.png,1
/media/CrispyMcMarkInc/Real_cropped_1024/00624.jpg,0
/media/CrispyMcMarkInc/fake-images-img2img/train/00624_sd15_fp16_seed446_s30_g3.5_str0.3.png,1
/media/CrispyMcMarkInc/fake-images-img2img/train/00624_sd35_fp16_seed447_s30_g3.5_str0.3.png,1
/media/CrispyMcMarkInc/fake-images-img2img/train/00624_sd3_fp16_seed447_s30_g3.5_str0.3.png,1
/media/CrispyMcMarkInc/Real_cropped_1024/00320.jpg,0
/media/CrispyMcMarkInc/fake-images-img2img/train/00320_sd15_fp16_seed447_s30_g3.5_str0.3.png,1
/media/CrispyMcMarkInc/fake-images-img2img/train/00320_sd35_fp16_seed448_s30_g3.5_str0.3.png,1
/media/CrispyMcMarkInc/fake-images-img2img/train/00320_sd3_fp16_seed448_s30_g3.5_str0.3.png,1
/media/CrispyMcMarkInc/Real_cropped_1024/00708.jpg,0
/media/CrispyMcMarkInc/fake-images-img2img/train/00708_sd15_fp16_seed448_s30_g3.5_str0.3.png,1
/media/CrispyMcMarkInc/fake-images-img2img/train/00708_sd35_fp16_seed449_s30_g3.5_str0.3.png,1
/media/CrispyMcMarkInc/fake-images-img2img/train/00708_sd3_fp16_seed449_s30_g3.5_str0.3.png,1
/media/CrispyMcMarkInc/Real_cropped_1024/00457.jpg,0
/media/CrispyMcMarkInc/fake-images-img2img/train/00457_sd15_fp16_seed449_s30_g3.5_str0.3.png,1
/media/CrispyMcMarkInc/fake-images-img2img/train/00457_sd35_fp16_seed450_s30_g3.5_str0.3.png,1
/media/CrispyMcMarkInc/fake-images-img2img/train/00457_sd3_fp16_seed450_s30_g3.5_str0.3.png,1
/media/CrispyMcMarkInc/Real_cropped_1024/00873.jpg,0
/media/CrispyMcMarkInc/fake-images-img2img/train/00873_sd15_fp16_seed450_s30_g3.5_str0.3.png,1
/media/CrispyMcMarkInc/fake-images-img2img/train/00873_sd35_fp16_seed451_s30_g3.5_str0.3.png,1
/media/CrispyMcMarkInc/fake-images-img2img/train/00873_sd3_fp16_seed451_s30_g3.5_str0.3.png,1
/media/CrispyMcMarkInc/Real_cropped_1024/00326.jpg,0
/media/CrispyMcMarkInc/fake-images-img2img/train/00326_sd15_fp16_seed451_s30_g3.5_str0.3.png,1
/media/CrispyMcMarkInc/fake-images-img2img/train/00326_sd35_fp16_seed452_s30_g3.5_str0.3.png,1
/media/CrispyMcMarkInc/fake-images-img2img/train/00326_sd3_fp16_seed452_s30_g3.5_str0.3.png,1
/media/CrispyMcMarkInc/Real_cropped_1024/00126.jpg,0
/media/CrispyMcMarkInc/fake-images-img2img/train/00126_sd15_fp16_seed452_s30_g3.5_str0.3.png,1
/media/CrispyMcMarkInc/fake-images-img2img/train/00126_sd35_fp16_seed453_s30_g3.5_str0.3.png,1
/media/CrispyMcMarkInc/fake-images-img2img/train/00126_sd3_fp16_seed453_s30_g3.5_str0.3.png,1
/media/CrispyMcMarkInc/Real_cropped_1024/00132.jpg,0
/media/CrispyMcMarkInc/fake-images-img2img/train/00132_sd15_fp16_seed453_s30_g3.5_str0.3.png,1
/media/CrispyMcMarkInc/fake-images-img2img/train/00132_sd35_fp16_seed454_s30_g3.5_str0.3.png,1
/media/CrispyMcMarkInc/fake-images-img2img/train/00132_sd3_fp16_seed454_s30_g3.5_str0.3.png,1
/media/CrispyMcMarkInc/Real_cropped_1024/00817.jpg,0
/media/CrispyMcMarkInc/fake-images-img2img/train/00817_sd15_fp16_seed454_s30_g3.5_str0.3.png,1
/media/CrispyMcMarkInc/fake-images-img2img/train/00817_sd35_fp16_seed455_s30_g3.5_str0.3.png,1
/media/CrispyMcMarkInc/fake-images-img2img/train/00817_sd3_fp16_seed455_s30_g3.5_str0.3.png,1
/media/CrispyMcMarkInc/Real_cropped_1024/00397.jpg,0
/media/CrispyMcMarkInc/fake-images-img2img/train/00397_sd15_fp16_seed455_s30_g3.5_str0.3.png,1
/media/CrispyMcMarkInc/fake-images-img2img/train/00397_sd35_fp16_seed456_s30_g3.5_str0.3.png,1
/media/CrispyMcMarkInc/fake-images-img2img/train/00397_sd3_fp16_seed456_s30_g3.5_str0.3.png,1
/media/CrispyMcMarkInc/Real_cropped_1024/00915.jpg,0
/media/CrispyMcMarkInc/fake-images-img2img/train/00915_sd15_fp16_seed456_s30_g3.5_str0.3.png,1
/media/CrispyMcMarkInc/fake-images-img2img/train/00915_sd35_fp16_seed457_s30_g3.5_str0.3.png,1
/media/CrispyMcMarkInc/fake-images-img2img/train/00915_sd3_fp16_seed457_s30_g3.5_str0.3.png,1
/media/CrispyMcMarkInc/Real_cropped_1024/00993.jpg,0
/media/CrispyMcMarkInc/fake-images-img2img/train/00993_sd15_fp16_seed457_s30_g3.5_str0.3.png,1
/media/CrispyMcMarkInc/fake-images-img2img/train/00993_sd35_fp16_seed458_s30_g3.5_str0.3.png,1
/media/CrispyMcMarkInc/fake-images-img2img/train/00993_sd3_fp16_seed458_s30_g3.5_str0.3.png,1
/media/CrispyMcMarkInc/Real_cropped_1024/00415.jpg,0
/media/CrispyMcMarkInc/fake-images-img2img/train/00415_sd15_fp16_seed458_s30_g3.5_str0.3.png,1
/media/CrispyMcMarkInc/fake-images-img2img/train/00415_sd35_fp16_seed459_s30_g3.5_str0.3.png,1
/media/CrispyMcMarkInc/fake-images-img2img/train/00415_sd3_fp16_seed459_s30_g3.5_str0.3.png,1
/media/CrispyMcMarkInc/Real_cropped_1024/00595.jpg,0
/media/CrispyMcMarkInc/fake-images-img2img/train/00595_sd15_fp16_seed459_s30_g3.5_str0.3.png,1
/media/CrispyMcMarkInc/fake-images-img2img/train/00595_sd35_fp16_seed460_s30_g3.5_str0.3.png,1
/media/CrispyMcMarkInc/fake-images-img2img/train/00595_sd3_fp16_seed460_s30_g3.5_str0.3.png,1
/media/CrispyMcMarkInc/Real_cropped_1024/00258.jpg,0
/media/CrispyMcMarkInc/fake-images-img2img/train/00258_sd15_fp16_seed460_s30_g3.5_str0.3.png,1
/media/CrispyMcMarkInc/fake-images-img2img/train/00258_sd35_fp16_seed461_s30_g3.5_str0.3.png,1
/media/CrispyMcMarkInc/fake-images-img2img/train/00258_sd3_fp16_seed461_s30_g3.5_str0.3.png,1
/media/CrispyMcMarkInc/Real_cropped_1024/00313.jpg,0
/media/CrispyMcMarkInc/fake-images-img2img/train/00313_sd15_fp16_seed461_s30_g3.5_str0.3.png,1
/media/CrispyMcMarkInc/fake-images-img2img/train/00313_sd35_fp16_seed462_s30_g3.5_str0.3.png,1
/media/CrispyMcMarkInc/fake-images-img2img/train/00313_sd3_fp16_seed462_s30_g3.5_str0.3.png,1
/media/CrispyMcMarkInc/Real_cropped_1024/00409.jpg,0
/media/CrispyMcMarkInc/fake-images-img2img/train/00409_sd15_fp16_seed462_s30_g3.5_str0.3.png,1
/media/CrispyMcMarkInc/fake-images-img2img/train/00409_sd35_fp16_seed463_s30_g3.5_str0.3.png,1
/media/CrispyMcMarkInc/fake-images-img2img/train/00409_sd3_fp16_seed463_s30_g3.5_str0.3.png,1
/media/CrispyMcMarkInc/Real_cropped_1024/00162.jpg,0
/media/CrispyMcMarkInc/fake-images-img2img/train/00162_sd15_fp16_seed463_s30_g3.5_str0.3.png,1
/media/CrispyMcMarkInc/fake-images-img2img/train/00162_sd35_fp16_seed464_s30_g3.5_str0.3.png,1
/media/CrispyMcMarkInc/fake-images-img2img/train/00162_sd3_fp16_seed464_s30_g3.5_str0.3.png,1
/media/CrispyMcMarkInc/Real_cropped_1024/00304.jpg,0
/media/CrispyMcMarkInc/fake-images-img2img/train/00304_sd15_fp16_seed464_s30_g3.5_str0.3.png,1
/media/CrispyMcMarkInc/fake-images-img2img/train/00304_sd35_fp16_seed465_s30_g3.5_str0.3.png,1
/media/CrispyMcMarkInc/fake-images-img2img/train/00304_sd3_fp16_seed465_s30_g3.5_str0.3.png,1
/media/CrispyMcMarkInc/Real_cropped_1024/00286.jpg,0
/media/CrispyMcMarkInc/fake-images-img2img/train/00286_sd15_fp16_seed465_s30_g3.5_str0.3.png,1
/media/CrispyMcMarkInc/fake-images-img2img/train/00286_sd35_fp16_seed466_s30_g3.5_str0.3.png,1
/media/CrispyMcMarkInc/fake-images-img2img/train/00286_sd3_fp16_seed466_s30_g3.5_str0.3.png,1
/media/CrispyMcMarkInc/Real_cropped_1024/00644.jpg,0
/media/CrispyMcMarkInc/fake-images-img2img/train/00644_sd15_fp16_seed466_s30_g3.5_str0.3.png,1
/media/CrispyMcMarkInc/fake-images-img2img/train/00644_sd35_fp16_seed467_s30_g3.5_str0.3.png,1
/media/CrispyMcMarkInc/fake-images-img2img/train/00644_sd3_fp16_seed467_s30_g3.5_str0.3.png,1
/media/CrispyMcMarkInc/Real_cropped_1024/00635.jpg,0
/media/CrispyMcMarkInc/fake-images-img2img/train/00635_sd15_fp16_seed467_s30_g3.5_str0.3.png,1
/media/CrispyMcMarkInc/fake-images-img2img/train/00635_sd35_fp16_seed468_s30_g3.5_str0.3.png,1
/media/CrispyMcMarkInc/fake-images-img2img/train/00635_sd3_fp16_seed468_s30_g3.5_str0.3.png,1
/media/CrispyMcMarkInc/Real_cropped_1024/00353.jpg,0
/media/CrispyMcMarkInc/fake-images-img2img/train/00353_sd15_fp16_seed468_s30_g3.5_str0.3.png,1
/media/CrispyMcMarkInc/fake-images-img2img/train/00353_sd35_fp16_seed469_s30_g3.5_str0.3.png,1
/media/CrispyMcMarkInc/fake-images-img2img/train/00353_sd3_fp16_seed469_s30_g3.5_str0.3.png,1
/media/CrispyMcMarkInc/Real_cropped_1024/00068.jpg,0
/media/CrispyMcMarkInc/fake-images-img2img/train/00068_sd15_fp16_seed469_s30_g3.5_str0.3.png,1
/media/CrispyMcMarkInc/fake-images-img2img/train/00068_sd35_fp16_seed470_s30_g3.5_str0.3.png,1
/media/CrispyMcMarkInc/fake-images-img2img/train/00068_sd3_fp16_seed470_s30_g3.5_str0.3.png,1
/media/CrispyMcMarkInc/Real_cropped_1024/00678.jpg,0
/media/CrispyMcMarkInc/fake-images-img2img/train/00678_sd15_fp16_seed470_s30_g3.5_str0.3.png,1
/media/CrispyMcMarkInc/fake-images-img2img/train/00678_sd35_fp16_seed471_s30_g3.5_str0.3.png,1
/media/CrispyMcMarkInc/fake-images-img2img/train/00678_sd3_fp16_seed471_s30_g3.5_str0.3.png,1
/media/CrispyMcMarkInc/Real_cropped_1024/00833.jpg,0
/media/CrispyMcMarkInc/fake-images-img2img/train/00833_sd15_fp16_seed471_s30_g3.5_str0.3.png,1
/media/CrispyMcMarkInc/fake-images-img2img/train/00833_sd35_fp16_seed472_s30_g3.5_str0.3.png,1
/media/CrispyMcMarkInc/fake-images-img2img/train/00833_sd3_fp16_seed472_s30_g3.5_str0.3.png,1
