batch_label,detector,detector_mode,image_path,prediction,confidence,elapsed_time,label,source,method
sd35_fp16,CLIP-D,default,/media/CrispyMcMarkInc/fake-images-img2img/00005_sd35_fp16_seed128_s30_g3.5_str0.3.png,fake,0.9993234872817992,0.0972161293029785,1,fake,ft_default
sd35_fp8,CLIP-D,default,/media/CrispyMcMarkInc/fake-images-img2img/00014_sd35_fp8_seed137_s30_g3.5_str0.3.png,fake,0.999024510383606,0.0952062606811523,1,fake,ft_default
sd35_fp4,CLIP-D,default,/media/CrispyMcMarkInc/fake-images-img2img/00002_sd35_fp4_seed125_s30_g3.5_str0.3.png,fake,0.9997286200523376,0.0964491367340087,1,fake,ft_default
sd35_fp8,CLIP-D,default,/media/CrispyMcMarkInc/fake-images-img2img/00086_sd35_fp8_seed209_s30_g3.5_str0.3.png,fake,0.9999592304229736,0.0975706577301025,1,fake,ft_default
sd35_fp4,CLIP-D,default,/media/CrispyMcMarkInc/fake-images-img2img/00068_sd35_fp4_seed191_s30_g3.5_str0.3.png,fake,0.9998631477355956,0.0946547985076904,1,fake,ft_default
sd35_fp16,CLIP-D,default,/media/CrispyMcMarkInc/fake-images-img2img/00018_sd35_fp16_seed141_s30_g3.5_str0.3.png,fake,0.9997205138206482,0.0925309658050537,1,fake,ft_default
sd35_fp4,CLIP-D,default,/media/CrispyMcMarkInc/fake-images-img2img/00024_sd35_fp4_seed147_s30_g3.5_str0.3.png,fake,0.9997856020927428,0.097581148147583,1,fake,ft_default
sd35_fp8,CLIP-D,default,/media/CrispyMcMarkInc/fake-images-img2img/00021_sd35_fp8_seed144_s30_g3.5_str0.3.png,fake,0.9997853636741638,0.0917239189147949,1,fake,ft_default
sd3_fp4,CLIP-D,default,/media/CrispyMcMarkInc/fake-images-img2img/00055_sd3_fp4_seed178_s30_g3.5_str0.3.png,fake,0.9999749660491944,0.091355562210083,1,fake,ft_default
sd3_fp4,CLIP-D,default,/media/CrispyMcMarkInc/fake-images-img2img/00085_sd3_fp4_seed208_s30_g3.5_str0.3.png,fake,0.9998613595962524,0.0927603244781494,1,fake,ft_default
sd15_fp4,CLIP-D,default,/media/CrispyMcMarkInc/fake-images-img2img/00092_sd15_fp4_seed215_s30_g3.5_str0.3.png,fake,0.999821960926056,0.0917215347290039,1,fake,ft_default
sd35_fp16,CLIP-D,default,/media/CrispyMcMarkInc/fake-images-img2img/00036_sd35_fp16_seed159_s30_g3.5_str0.3.png,fake,0.9989859461784364,0.0894882678985595,1,fake,ft_default
sd35_fp4,CLIP-D,default,/media/CrispyMcMarkInc/fake-images-img2img/00058_sd35_fp4_seed181_s30_g3.5_str0.3.png,fake,0.9997138381004332,0.0910327434539794,1,fake,ft_default
sd3_fp4,CLIP-D,default,/media/CrispyMcMarkInc/fake-images-img2img/00087_sd3_fp4_seed210_s30_g3.5_str0.3.png,fake,0.9993187189102172,0.0914337635040283,1,fake,ft_default
sd3_fp8,CLIP-D,default,/media/CrispyMcMarkInc/fake-images-img2img/00051_sd3_fp8_seed174_s30_g3.5_str0.3.png,fake,0.9896348118782043,0.089503526687622,1,fake,ft_default
sd15_fp8,CLIP-D,default,/media/CrispyMcMarkInc/fake-images-img2img/00088_sd15_fp8_seed211_s30_g3.5_str0.3.png,fake,0.99905925989151,0.0946476459503173,1,fake,ft_default
sd3_fp16,CLIP-D,default,/media/CrispyMcMarkInc/fake-images-img2img/00089_sd3_fp16_seed212_s30_g3.5_str0.3.png,fake,0.9978420734405518,0.0909838676452636,1,fake,ft_default
sd3_fp4,CLIP-D,default,/media/CrispyMcMarkInc/fake-images-img2img/00008_sd3_fp4_seed131_s30_g3.5_str0.3.png,fake,0.9997088313102722,0.091742992401123,1,fake,ft_default
sd3_fp16,CLIP-D,default,/media/CrispyMcMarkInc/fake-images-img2img/00094_sd3_fp16_seed217_s30_g3.5_str0.3.png,fake,0.9892151951789856,0.0894548892974853,1,fake,ft_default
sd3_fp8,CLIP-D,default,/media/CrispyMcMarkInc/fake-images-img2img/00050_sd3_fp8_seed173_s30_g3.5_str0.3.png,fake,0.9975101947784424,0.0873579978942871,1,fake,ft_default
sd15_fp4,CLIP-D,default,/media/CrispyMcMarkInc/fake-images-img2img/00069_sd15_fp4_seed192_s30_g3.5_str0.3.png,fake,0.9996092915534972,0.0890355110168457,1,fake,ft_default
sd15_fp8,CLIP-D,default,/media/CrispyMcMarkInc/fake-images-img2img/00094_sd15_fp8_seed217_s30_g3.5_str0.3.png,fake,0.99934059381485,0.0915484428405761,1,fake,ft_default
sd15_fp4,CLIP-D,default,/media/CrispyMcMarkInc/fake-images-img2img/00067_sd15_fp4_seed190_s30_g3.5_str0.3.png,fake,0.9997418522834778,0.0933027267456054,1,fake,ft_default
sd15_fp16,CLIP-D,default,/media/CrispyMcMarkInc/fake-images-img2img/00004_sd15_fp16_seed127_s30_g3.5_str0.3.png,fake,0.9993528723716736,0.0898246765136718,1,fake,ft_default
sd3_fp8,CLIP-D,default,/media/CrispyMcMarkInc/fake-images-img2img/00072_sd3_fp8_seed195_s30_g3.5_str0.3.png,fake,0.9998279809951782,0.0908234119415283,1,fake,ft_default
sd35_fp4,CLIP-D,default,/media/CrispyMcMarkInc/fake-images-img2img/00092_sd35_fp4_seed215_s30_g3.5_str0.3.png,fake,0.9987724423408508,0.0891621112823486,1,fake,ft_default
sd3_fp4,CLIP-D,default,/media/CrispyMcMarkInc/fake-images-img2img/00064_sd3_fp4_seed187_s30_g3.5_str0.3.png,fake,0.99978107213974,0.0882422924041748,1,fake,ft_default
sd3_fp4,CLIP-D,default,/media/CrispyMcMarkInc/fake-images-img2img/00032_sd3_fp4_seed155_s30_g3.5_str0.3.png,fake,0.9999376535415648,0.0891108512878418,1,fake,ft_default
sd35_fp8,CLIP-D,default,/media/CrispyMcMarkInc/fake-images-img2img/00040_sd35_fp8_seed163_s30_g3.5_str0.3.png,fake,0.9998717308044434,0.0862321853637695,1,fake,ft_default
sd3_fp4,CLIP-D,default,/media/CrispyMcMarkInc/fake-images-img2img/00081_sd3_fp4_seed204_s30_g3.5_str0.3.png,fake,0.9997864365577698,0.0912842750549316,1,fake,ft_default
sd3_fp4,CLIP-D,default,/media/CrispyMcMarkInc/fake-images-img2img/00018_sd3_fp4_seed141_s30_g3.5_str0.3.png,fake,0.9999468326568604,0.0915923118591308,1,fake,ft_default
sd15_fp16,CLIP-D,default,/media/CrispyMcMarkInc/fake-images-img2img/00083_sd15_fp16_seed206_s30_g3.5_str0.3.png,fake,0.999837040901184,0.091602087020874,1,fake,ft_default
sd3_fp16,CLIP-D,default,/media/CrispyMcMarkInc/fake-images-img2img/00030_sd3_fp16_seed153_s30_g3.5_str0.3.png,fake,0.9667294025421144,0.0881671905517578,1,fake,ft_default
sd3_fp8,CLIP-D,default,/media/CrispyMcMarkInc/fake-images-img2img/00090_sd3_fp8_seed213_s30_g3.5_str0.3.png,fake,0.9903938174247742,0.0899536609649658,1,fake,ft_default
sd35_fp8,CLIP-D,default,/media/CrispyMcMarkInc/fake-images-img2img/00017_sd35_fp8_seed140_s30_g3.5_str0.3.png,fake,0.9995173215866088,0.0924365520477294,1,fake,ft_default
sd15_fp16,CLIP-D,default,/media/CrispyMcMarkInc/fake-images-img2img/00092_sd15_fp16_seed215_s30_g3.5_str0.3.png,fake,0.9997809529304504,0.0920977592468261,1,fake,ft_default
sd15_fp16,CLIP-D,default,/media/CrispyMcMarkInc/fake-images-img2img/00078_sd15_fp16_seed201_s30_g3.5_str0.3.png,fake,0.9894691705703736,0.0921525955200195,1,fake,ft_default
sd15_fp4,CLIP-D,default,/media/CrispyMcMarkInc/fake-images-img2img/00042_sd15_fp4_seed165_s30_g3.5_str0.3.png,fake,0.993960738182068,0.090604543685913,1,fake,ft_default
sd3_fp4,CLIP-D,default,/media/CrispyMcMarkInc/fake-images-img2img/00037_sd3_fp4_seed160_s30_g3.5_str0.3.png,fake,0.9941483736038208,0.0899231433868408,1,fake,ft_default
sd15_fp8,CLIP-D,default,/media/CrispyMcMarkInc/fake-images-img2img/00091_sd15_fp8_seed214_s30_g3.5_str0.3.png,fake,0.9968908429145812,0.0922982692718505,1,fake,ft_default
sd3_fp8,CLIP-D,default,/media/CrispyMcMarkInc/fake-images-img2img/00024_sd3_fp8_seed147_s30_g3.5_str0.3.png,fake,0.9998100399971008,0.0894420146942138,1,fake,ft_default
sd35_fp8,CLIP-D,default,/media/CrispyMcMarkInc/fake-images-img2img/00081_sd35_fp8_seed204_s30_g3.5_str0.3.png,fake,0.99928480386734,0.0900671482086181,1,fake,ft_default
sd3_fp4,CLIP-D,default,/media/CrispyMcMarkInc/fake-images-img2img/00077_sd3_fp4_seed200_s30_g3.5_str0.3.png,fake,0.9992890357971193,0.0905861854553222,1,fake,ft_default
sd15_fp4,CLIP-D,default,/media/CrispyMcMarkInc/fake-images-img2img/00041_sd15_fp4_seed164_s30_g3.5_str0.3.png,fake,0.994638741016388,0.0890820026397705,1,fake,ft_default
sd3_fp16,CLIP-D,default,/media/CrispyMcMarkInc/fake-images-img2img/00091_sd3_fp16_seed214_s30_g3.5_str0.3.png,fake,0.999305009841919,0.0927522182464599,1,fake,ft_default
sd3_fp8,CLIP-D,default,/media/CrispyMcMarkInc/fake-images-img2img/00036_sd3_fp8_seed159_s30_g3.5_str0.3.png,fake,0.9990930557250975,0.0869770050048828,1,fake,ft_default
sd15_fp4,CLIP-D,default,/media/CrispyMcMarkInc/fake-images-img2img/00066_sd15_fp4_seed189_s30_g3.5_str0.3.png,fake,0.9985483288764954,0.0935230255126953,1,fake,ft_default
sd3_fp4,CLIP-D,default,/media/CrispyMcMarkInc/fake-images-img2img/00060_sd3_fp4_seed183_s30_g3.5_str0.3.png,fake,0.9997544884681702,0.0894529819488525,1,fake,ft_default
sd15_fp16,CLIP-D,default,/media/CrispyMcMarkInc/fake-images-img2img/00070_sd15_fp16_seed193_s30_g3.5_str0.3.png,fake,0.9976415634155272,0.0914347171783447,1,fake,ft_default
sd15_fp8,CLIP-D,default,/media/CrispyMcMarkInc/fake-images-img2img/00012_sd15_fp8_seed135_s30_g3.5_str0.3.png,fake,0.9997420907020568,0.0904858112335205,1,fake,ft_default
sd35_fp8,CLIP-D,default,/media/CrispyMcMarkInc/fake-images-img2img/00062_sd35_fp8_seed185_s30_g3.5_str0.3.png,fake,0.9997513890266418,0.0909900665283203,1,fake,ft_default
sd15_fp4,CLIP-D,default,/media/CrispyMcMarkInc/fake-images-img2img/00050_sd15_fp4_seed173_s30_g3.5_str0.3.png,fake,0.9970412850379944,0.0863006114959716,1,fake,ft_default
sd3_fp4,CLIP-D,default,/media/CrispyMcMarkInc/fake-images-img2img/00045_sd3_fp4_seed168_s30_g3.5_str0.3.png,fake,0.999974012374878,0.0907459259033203,1,fake,ft_default
sd3_fp8,CLIP-D,default,/media/CrispyMcMarkInc/fake-images-img2img/00007_sd3_fp8_seed130_s30_g3.5_str0.3.png,fake,0.9993108510971068,0.0887436866760253,1,fake,ft_default
sd3_fp16,CLIP-D,default,/media/CrispyMcMarkInc/fake-images-img2img/00022_sd3_fp16_seed145_s30_g3.5_str0.3.png,fake,0.99869042634964,0.0900654792785644,1,fake,ft_default
sd15_fp4,CLIP-D,default,/media/CrispyMcMarkInc/fake-images-img2img/00029_sd15_fp4_seed152_s30_g3.5_str0.3.png,fake,0.9998082518577576,0.0908625125885009,1,fake,ft_default
sd35_fp16,CLIP-D,default,/media/CrispyMcMarkInc/fake-images-img2img/00039_sd35_fp16_seed162_s30_g3.5_str0.3.png,fake,0.9974478483200072,0.0887889862060546,1,fake,ft_default
sd35_fp8,CLIP-D,default,/media/CrispyMcMarkInc/fake-images-img2img/00041_sd35_fp8_seed164_s30_g3.5_str0.3.png,fake,0.9998273253440856,0.0929048061370849,1,fake,ft_default
sd35_fp4,CLIP-D,default,/media/CrispyMcMarkInc/fake-images-img2img/00061_sd35_fp4_seed184_s30_g3.5_str0.3.png,fake,0.9998251795768738,0.090726613998413,1,fake,ft_default
sd35_fp8,CLIP-D,default,/media/CrispyMcMarkInc/fake-images-img2img/00079_sd35_fp8_seed202_s30_g3.5_str0.3.png,fake,0.99977308511734,0.0923008918762207,1,fake,ft_default
sd15_fp4,CLIP-D,default,/media/CrispyMcMarkInc/fake-images-img2img/00022_sd15_fp4_seed145_s30_g3.5_str0.3.png,fake,0.9984293580055236,0.093257188796997,1,fake,ft_default
sd15_fp4,CLIP-D,default,/media/CrispyMcMarkInc/fake-images-img2img/00044_sd15_fp4_seed167_s30_g3.5_str0.3.png,fake,0.9990938901901244,0.0902981758117675,1,fake,ft_default
sd3_fp16,CLIP-D,default,/media/CrispyMcMarkInc/fake-images-img2img/00045_sd3_fp16_seed168_s30_g3.5_str0.3.png,fake,0.9999560117721558,0.0898094177246093,1,fake,ft_default
sd15_fp8,CLIP-D,default,/media/CrispyMcMarkInc/fake-images-img2img/00036_sd15_fp8_seed159_s30_g3.5_str0.3.png,fake,0.9986509680747986,0.0904667377471923,1,fake,ft_default
sd3_fp16,CLIP-D,default,/media/CrispyMcMarkInc/fake-images-img2img/00047_sd3_fp16_seed170_s30_g3.5_str0.3.png,fake,0.9985224604606628,0.0887739658355712,1,fake,ft_default
sd15_fp16,CLIP-D,default,/media/CrispyMcMarkInc/fake-images-img2img/00027_sd15_fp16_seed150_s30_g3.5_str0.3.png,fake,0.9974122643470764,0.0919837951660156,1,fake,ft_default
sd3_fp4,CLIP-D,default,/media/CrispyMcMarkInc/fake-images-img2img/00061_sd3_fp4_seed184_s30_g3.5_str0.3.png,fake,0.9998120665550232,0.0910296440124511,1,fake,ft_default
sd15_fp16,CLIP-D,default,/media/CrispyMcMarkInc/fake-images-img2img/00036_sd15_fp16_seed159_s30_g3.5_str0.3.png,fake,0.9989137649536132,0.0891070365905761,1,fake,ft_default
sd3_fp4,CLIP-D,default,/media/CrispyMcMarkInc/fake-images-img2img/00057_sd3_fp4_seed180_s30_g3.5_str0.3.png,fake,0.9994719624519348,0.0921046733856201,1,fake,ft_default
sd35_fp8,CLIP-D,default,/media/CrispyMcMarkInc/fake-images-img2img/00006_sd35_fp8_seed129_s30_g3.5_str0.3.png,fake,0.9954524636268616,0.0915033817291259,1,fake,ft_default
sd35_fp16,CLIP-D,default,/media/CrispyMcMarkInc/fake-images-img2img/00079_sd35_fp16_seed202_s30_g3.5_str0.3.png,fake,0.999707281589508,0.0917325019836425,1,fake,ft_default
sd15_fp4,CLIP-D,default,/media/CrispyMcMarkInc/fake-images-img2img/00000_sd15_fp4_seed123_s30_g3.5_str0.3.png,fake,0.9973918199539183,0.0924494266510009,1,fake,ft_default
sd35_fp16,CLIP-D,default,/media/CrispyMcMarkInc/fake-images-img2img/00016_sd35_fp16_seed139_s30_g3.5_str0.3.png,fake,0.9851306080818176,0.0907328128814697,1,fake,ft_default
sd15_fp4,CLIP-D,default,/media/CrispyMcMarkInc/fake-images-img2img/00045_sd15_fp4_seed168_s30_g3.5_str0.3.png,fake,0.9999545812606812,0.0919878482818603,1,fake,ft_default
sd35_fp8,CLIP-D,default,/media/CrispyMcMarkInc/fake-images-img2img/00033_sd35_fp8_seed156_s30_g3.5_str0.3.png,fake,0.9997859597206116,0.0868332386016845,1,fake,ft_default
sd35_fp16,CLIP-D,default,/media/CrispyMcMarkInc/fake-images-img2img/00043_sd35_fp16_seed166_s30_g3.5_str0.3.png,fake,0.999963402748108,0.0897765159606933,1,fake,ft_default
sd35_fp16,CLIP-D,default,/media/CrispyMcMarkInc/fake-images-img2img/00092_sd35_fp16_seed215_s30_g3.5_str0.3.png,fake,0.995818555355072,0.0884075164794921,1,fake,ft_default
sd3_fp16,CLIP-D,default,/media/CrispyMcMarkInc/fake-images-img2img/00076_sd3_fp16_seed199_s30_g3.5_str0.3.png,fake,0.9924457669258118,0.0912821292877197,1,fake,ft_default
sd15_fp8,CLIP-D,default,/media/CrispyMcMarkInc/fake-images-img2img/00006_sd15_fp8_seed129_s30_g3.5_str0.3.png,fake,0.99864262342453,0.0910098552703857,1,fake,ft_default
sd35_fp16,CLIP-D,default,/media/CrispyMcMarkInc/fake-images-img2img/00074_sd35_fp16_seed197_s30_g3.5_str0.3.png,fake,0.9998605251312256,0.0888392925262451,1,fake,ft_default
sd15_fp4,CLIP-D,default,/media/CrispyMcMarkInc/fake-images-img2img/00018_sd15_fp4_seed141_s30_g3.5_str0.3.png,fake,0.9999405145645142,0.0917675495147705,1,fake,ft_default
sd15_fp8,CLIP-D,default,/media/CrispyMcMarkInc/fake-images-img2img/00056_sd15_fp8_seed179_s30_g3.5_str0.3.png,fake,0.9998358488082886,0.0909993648529052,1,fake,ft_default
sd15_fp16,CLIP-D,default,/media/CrispyMcMarkInc/fake-images-img2img/00017_sd15_fp16_seed140_s30_g3.5_str0.3.png,fake,0.999567687511444,0.0906205177307128,1,fake,ft_default
sd35_fp4,CLIP-D,default,/media/CrispyMcMarkInc/fake-images-img2img/00091_sd35_fp4_seed214_s30_g3.5_str0.3.png,fake,0.9996402263641356,0.0893924236297607,1,fake,ft_default
sd3_fp16,CLIP-D,default,/media/CrispyMcMarkInc/fake-images-img2img/00067_sd3_fp16_seed190_s30_g3.5_str0.3.png,fake,0.9998202919960022,0.0895478725433349,1,fake,ft_default
sd3_fp16,CLIP-D,default,/media/CrispyMcMarkInc/fake-images-img2img/00058_sd3_fp16_seed181_s30_g3.5_str0.3.png,fake,0.9996896982192992,0.0918600559234619,1,fake,ft_default
sd35_fp8,CLIP-D,default,/media/CrispyMcMarkInc/fake-images-img2img/00092_sd35_fp8_seed215_s30_g3.5_str0.3.png,fake,0.996660590171814,0.089632511138916,1,fake,ft_default
sd3_fp8,CLIP-D,default,/media/CrispyMcMarkInc/fake-images-img2img/00065_sd3_fp8_seed188_s30_g3.5_str0.3.png,fake,0.9994847774505616,0.0922186374664306,1,fake,ft_default
sd35_fp16,CLIP-D,default,/media/CrispyMcMarkInc/fake-images-img2img/00088_sd35_fp16_seed211_s30_g3.5_str0.3.png,fake,0.9976822137832642,0.0912740230560302,1,fake,ft_default
sd15_fp16,CLIP-D,default,/media/CrispyMcMarkInc/fake-images-img2img/00011_sd15_fp16_seed134_s30_g3.5_str0.3.png,fake,0.9568331837654114,0.0924551486968994,1,fake,ft_default
sd35_fp4,CLIP-D,default,/media/CrispyMcMarkInc/fake-images-img2img/00046_sd35_fp4_seed169_s30_g3.5_str0.3.png,fake,0.9998766183853148,0.0951700210571289,1,fake,ft_default
sd35_fp8,CLIP-D,default,/media/CrispyMcMarkInc/fake-images-img2img/00031_sd35_fp8_seed154_s30_g3.5_str0.3.png,fake,0.990983247756958,0.0892934799194336,1,fake,ft_default
sd35_fp4,CLIP-D,default,/media/CrispyMcMarkInc/fake-images-img2img/00007_sd35_fp4_seed130_s30_g3.5_str0.3.png,fake,0.9988954067230223,0.0907278060913086,1,fake,ft_default
sd3_fp8,CLIP-D,default,/media/CrispyMcMarkInc/fake-images-img2img/00030_sd3_fp8_seed153_s30_g3.5_str0.3.png,fake,0.9943950176239014,0.0902409553527832,1,fake,ft_default
sd15_fp16,CLIP-D,default,/media/CrispyMcMarkInc/fake-images-img2img/00014_sd15_fp16_seed137_s30_g3.5_str0.3.png,fake,0.9994786381721495,0.0879042148590087,1,fake,ft_default
sd15_fp16,CLIP-D,default,/media/CrispyMcMarkInc/fake-images-img2img/00042_sd15_fp16_seed165_s30_g3.5_str0.3.png,fake,0.9945775270462036,0.0918366909027099,1,fake,ft_default
sd15_fp8,CLIP-D,default,/media/CrispyMcMarkInc/fake-images-img2img/00024_sd15_fp8_seed147_s30_g3.5_str0.3.png,fake,0.9998552799224854,0.0931074619293212,1,fake,ft_default
sd3_fp4,CLIP-D,default,/media/CrispyMcMarkInc/fake-images-img2img/00068_sd3_fp4_seed191_s30_g3.5_str0.3.png,fake,0.9999313354492188,0.0886788368225097,1,fake,ft_default
sd35_fp16,CLIP-D,default,/media/CrispyMcMarkInc/fake-images-img2img/00090_sd35_fp16_seed213_s30_g3.5_str0.3.png,fake,0.9902695417404176,0.0905606746673584,1,fake,ft_default
sd3_fp16,CLIP-D,default,/media/CrispyMcMarkInc/fake-images-img2img/00017_sd3_fp16_seed140_s30_g3.5_str0.3.png,fake,0.9998767375946044,0.0891227722167968,1,fake,ft_default
sd3_fp4,CLIP-D,default,/media/CrispyMcMarkInc/fake-images-img2img/00078_sd3_fp4_seed201_s30_g3.5_str0.3.png,fake,0.9997897744178772,0.0904009342193603,1,fake,ft_default
sd3_fp4,CLIP-D,default,/media/CrispyMcMarkInc/fake-images-img2img/00089_sd3_fp4_seed212_s30_g3.5_str0.3.png,fake,0.9995627999305724,0.0920023918151855,1,fake,ft_default
sd15_fp8,CLIP-D,default,/media/CrispyMcMarkInc/fake-images-img2img/00042_sd15_fp8_seed165_s30_g3.5_str0.3.png,fake,0.9961232542991638,0.093534231185913,1,fake,ft_default
sd3_fp8,CLIP-D,default,/media/CrispyMcMarkInc/fake-images-img2img/00001_sd3_fp8_seed124_s30_g3.5_str0.3.png,fake,0.9989197254180908,0.0850369930267334,1,fake,ft_default
sd35_fp16,CLIP-D,default,/media/CrispyMcMarkInc/fake-images-img2img/00037_sd35_fp16_seed160_s30_g3.5_str0.3.png,fake,0.9937730431556702,0.0919740200042724,1,fake,ft_default
sd3_fp4,CLIP-D,default,/media/CrispyMcMarkInc/fake-images-img2img/00039_sd3_fp4_seed162_s30_g3.5_str0.3.png,fake,0.9996094107627868,0.0900251865386962,1,fake,ft_default
sd15_fp8,CLIP-D,default,/media/CrispyMcMarkInc/fake-images-img2img/00077_sd15_fp8_seed200_s30_g3.5_str0.3.png,fake,0.999782383441925,0.0922334194183349,1,fake,ft_default
sd15_fp4,CLIP-D,default,/media/CrispyMcMarkInc/fake-images-img2img/00032_sd15_fp4_seed155_s30_g3.5_str0.3.png,fake,0.9999488592147828,0.0921008586883544,1,fake,ft_default
sd3_fp4,CLIP-D,default,/media/CrispyMcMarkInc/fake-images-img2img/00069_sd3_fp4_seed192_s30_g3.5_str0.3.png,fake,0.9994908571243286,0.0880725383758544,1,fake,ft_default
sd3_fp16,CLIP-D,default,/media/CrispyMcMarkInc/fake-images-img2img/00024_sd3_fp16_seed147_s30_g3.5_str0.3.png,fake,0.999849796295166,0.0921969413757324,1,fake,ft_default
sd3_fp4,CLIP-D,default,/media/CrispyMcMarkInc/fake-images-img2img/00012_sd3_fp4_seed135_s30_g3.5_str0.3.png,fake,0.999808132648468,0.0906555652618408,1,fake,ft_default
sd35_fp16,CLIP-D,default,/media/CrispyMcMarkInc/fake-images-img2img/00066_sd35_fp16_seed189_s30_g3.5_str0.3.png,fake,0.9922845363616944,0.088733434677124,1,fake,ft_default
sd15_fp16,CLIP-D,default,/media/CrispyMcMarkInc/fake-images-img2img/00023_sd15_fp16_seed146_s30_g3.5_str0.3.png,fake,0.901127815246582,0.0925874710083007,1,fake,ft_default
sd35_fp8,CLIP-D,default,/media/CrispyMcMarkInc/fake-images-img2img/00098_sd35_fp8_seed221_s30_g3.5_str0.3.png,fake,0.9979999661445618,0.092531681060791,1,fake,ft_default
sd3_fp16,CLIP-D,default,/media/CrispyMcMarkInc/fake-images-img2img/00086_sd3_fp16_seed209_s30_g3.5_str0.3.png,fake,0.999930500984192,0.0882074832916259,1,fake,ft_default
sd35_fp8,CLIP-D,default,/media/CrispyMcMarkInc/fake-images-img2img/00067_sd35_fp8_seed190_s30_g3.5_str0.3.png,fake,0.9999160766601562,0.0927245616912841,1,fake,ft_default
sd35_fp8,CLIP-D,default,/media/CrispyMcMarkInc/fake-images-img2img/00055_sd35_fp8_seed178_s30_g3.5_str0.3.png,fake,0.999943733215332,0.089670181274414,1,fake,ft_default
sd15_fp8,CLIP-D,default,/media/CrispyMcMarkInc/fake-images-img2img/00001_sd15_fp8_seed124_s30_g3.5_str0.3.png,fake,0.9997676014900208,0.089972972869873,1,fake,ft_default
sd35_fp4,CLIP-D,default,/media/CrispyMcMarkInc/fake-images-img2img/00071_sd35_fp4_seed194_s30_g3.5_str0.3.png,fake,0.9986140727996826,0.0904295444488525,1,fake,ft_default
sd3_fp8,CLIP-D,default,/media/CrispyMcMarkInc/fake-images-img2img/00070_sd3_fp8_seed193_s30_g3.5_str0.3.png,fake,0.9994574189186096,0.092193603515625,1,fake,ft_default
sd3_fp4,CLIP-D,default,/media/CrispyMcMarkInc/fake-images-img2img/00034_sd3_fp4_seed157_s30_g3.5_str0.3.png,fake,0.9970284104347228,0.0933525562286377,1,fake,ft_default
sd15_fp8,CLIP-D,default,/media/CrispyMcMarkInc/fake-images-img2img/00051_sd15_fp8_seed174_s30_g3.5_str0.3.png,fake,0.9998985528945924,0.0896041393280029,1,fake,ft_default
sd15_fp8,CLIP-D,default,/media/CrispyMcMarkInc/fake-images-img2img/00019_sd15_fp8_seed142_s30_g3.5_str0.3.png,fake,0.9995823502540588,0.0924038887023925,1,fake,ft_default
sd15_fp8,CLIP-D,default,/media/CrispyMcMarkInc/fake-images-img2img/00059_sd15_fp8_seed182_s30_g3.5_str0.3.png,fake,0.9139972925186156,0.0905053615570068,1,fake,ft_default
sd3_fp16,CLIP-D,default,/media/CrispyMcMarkInc/fake-images-img2img/00055_sd3_fp16_seed178_s30_g3.5_str0.3.png,fake,0.9999520778656006,0.090578556060791,1,fake,ft_default
sd3_fp16,CLIP-D,default,/media/CrispyMcMarkInc/fake-images-img2img/00093_sd3_fp16_seed216_s30_g3.5_str0.3.png,fake,0.9996727705001832,0.0916616916656494,1,fake,ft_default
sd35_fp16,CLIP-D,default,/media/CrispyMcMarkInc/fake-images-img2img/00026_sd35_fp16_seed149_s30_g3.5_str0.3.png,fake,0.997738480567932,0.0899739265441894,1,fake,ft_default
sd15_fp4,CLIP-D,default,/media/CrispyMcMarkInc/fake-images-img2img/00095_sd15_fp4_seed218_s30_g3.5_str0.3.png,fake,0.9999444484710692,0.0914015769958496,1,fake,ft_default
sd3_fp4,CLIP-D,default,/media/CrispyMcMarkInc/fake-images-img2img/00075_sd3_fp4_seed198_s30_g3.5_str0.3.png,fake,0.9995623230934144,0.0879135131835937,1,fake,ft_default
sd3_fp16,CLIP-D,default,/media/CrispyMcMarkInc/fake-images-img2img/00009_sd3_fp16_seed132_s30_g3.5_str0.3.png,fake,0.9995633959770204,0.0918004512786865,1,fake,ft_default
sd15_fp8,CLIP-D,default,/media/CrispyMcMarkInc/fake-images-img2img/00082_sd15_fp8_seed205_s30_g3.5_str0.3.png,fake,0.999816596508026,0.0904884338378906,1,fake,ft_default
sd3_fp16,CLIP-D,default,/media/CrispyMcMarkInc/fake-images-img2img/00029_sd3_fp16_seed152_s30_g3.5_str0.3.png,fake,0.9993482232093812,0.0902802944183349,1,fake,ft_default
sd15_fp16,CLIP-D,default,/media/CrispyMcMarkInc/fake-images-img2img/00075_sd15_fp16_seed198_s30_g3.5_str0.3.png,fake,0.9994434714317322,0.0893366336822509,1,fake,ft_default
sd15_fp8,CLIP-D,default,/media/CrispyMcMarkInc/fake-images-img2img/00071_sd15_fp8_seed194_s30_g3.5_str0.3.png,fake,0.9996238946914672,0.0994720458984375,1,fake,ft_default
sd3_fp16,CLIP-D,default,/media/CrispyMcMarkInc/fake-images-img2img/00060_sd3_fp16_seed183_s30_g3.5_str0.3.png,fake,0.9986246824264526,0.0866103172302246,1,fake,ft_default
sd35_fp16,CLIP-D,default,/media/CrispyMcMarkInc/fake-images-img2img/00008_sd35_fp16_seed131_s30_g3.5_str0.3.png,fake,0.9988431930541992,0.0880191326141357,1,fake,ft_default
sd15_fp16,CLIP-D,default,/media/CrispyMcMarkInc/fake-images-img2img/00089_sd15_fp16_seed212_s30_g3.5_str0.3.png,fake,0.9996346235275269,0.0896575450897216,1,fake,ft_default
sd35_fp8,CLIP-D,default,/media/CrispyMcMarkInc/fake-images-img2img/00061_sd35_fp8_seed184_s30_g3.5_str0.3.png,fake,0.99971741437912,0.086050271987915,1,fake,ft_default
sd15_fp4,CLIP-D,default,/media/CrispyMcMarkInc/fake-images-img2img/00008_sd15_fp4_seed131_s30_g3.5_str0.3.png,fake,0.9993867874145508,0.0884425640106201,1,fake,ft_default
sd35_fp4,CLIP-D,default,/media/CrispyMcMarkInc/fake-images-img2img/00055_sd35_fp4_seed178_s30_g3.5_str0.3.png,fake,0.9999799728393556,0.0877244472503662,1,fake,ft_default
sd3_fp8,CLIP-D,default,/media/CrispyMcMarkInc/fake-images-img2img/00060_sd3_fp8_seed183_s30_g3.5_str0.3.png,fake,0.9975690245628356,0.0896861553192138,1,fake,ft_default
sd35_fp4,CLIP-D,default,/media/CrispyMcMarkInc/fake-images-img2img/00097_sd35_fp4_seed220_s30_g3.5_str0.3.png,fake,0.9998944997787476,0.089754581451416,1,fake,ft_default
sd3_fp4,CLIP-D,default,/media/CrispyMcMarkInc/fake-images-img2img/00058_sd3_fp4_seed181_s30_g3.5_str0.3.png,fake,0.999968647956848,0.0879719257354736,1,fake,ft_default
sd3_fp16,CLIP-D,default,/media/CrispyMcMarkInc/fake-images-img2img/00016_sd3_fp16_seed139_s30_g3.5_str0.3.png,fake,0.9109628796577454,0.0878136157989502,1,fake,ft_default
sd15_fp8,CLIP-D,default,/media/CrispyMcMarkInc/fake-images-img2img/00050_sd15_fp8_seed173_s30_g3.5_str0.3.png,fake,0.9877927899360656,0.0704882144927978,1,fake,ft_default
sd15_fp8,CLIP-D,default,/media/CrispyMcMarkInc/fake-images-img2img/00076_sd15_fp8_seed199_s30_g3.5_str0.3.png,fake,0.9777167439460754,0.0903820991516113,1,fake,ft_default
sd3_fp4,CLIP-D,default,/media/CrispyMcMarkInc/fake-images-img2img/00014_sd3_fp4_seed137_s30_g3.5_str0.3.png,fake,0.999577820301056,0.0861878395080566,1,fake,ft_default
sd35_fp4,CLIP-D,default,/media/CrispyMcMarkInc/fake-images-img2img/00042_sd35_fp4_seed165_s30_g3.5_str0.3.png,fake,0.9976230263710022,0.0882587432861328,1,fake,ft_default
sd35_fp4,CLIP-D,default,/media/CrispyMcMarkInc/fake-images-img2img/00074_sd35_fp4_seed197_s30_g3.5_str0.3.png,fake,0.9999102354049684,0.0883500576019287,1,fake,ft_default
sd15_fp8,CLIP-D,default,/media/CrispyMcMarkInc/fake-images-img2img/00013_sd15_fp8_seed136_s30_g3.5_str0.3.png,fake,0.9998531341552734,0.08892822265625,1,fake,ft_default
sd35_fp8,CLIP-D,default,/media/CrispyMcMarkInc/fake-images-img2img/00026_sd35_fp8_seed149_s30_g3.5_str0.3.png,fake,0.9984188079833984,0.0880370140075683,1,fake,ft_default
sd35_fp16,CLIP-D,default,/media/CrispyMcMarkInc/fake-images-img2img/00002_sd35_fp16_seed125_s30_g3.5_str0.3.png,fake,0.998796820640564,0.0888822078704834,1,fake,ft_default
sd35_fp8,CLIP-D,default,/media/CrispyMcMarkInc/fake-images-img2img/00024_sd35_fp8_seed147_s30_g3.5_str0.3.png,fake,0.999707281589508,0.0854725837707519,1,fake,ft_default
sd35_fp4,CLIP-D,default,/media/CrispyMcMarkInc/fake-images-img2img/00038_sd35_fp4_seed161_s30_g3.5_str0.3.png,fake,0.9996417760849,0.0882091522216796,1,fake,ft_default
sd15_fp16,CLIP-D,default,/media/CrispyMcMarkInc/fake-images-img2img/00095_sd15_fp16_seed218_s30_g3.5_str0.3.png,fake,0.9999574422836304,0.0867271423339843,1,fake,ft_default
sd3_fp16,CLIP-D,default,/media/CrispyMcMarkInc/fake-images-img2img/00080_sd3_fp16_seed203_s30_g3.5_str0.3.png,fake,0.8900296092033386,0.0882403850555419,1,fake,ft_default
sd15_fp4,CLIP-D,default,/media/CrispyMcMarkInc/fake-images-img2img/00088_sd15_fp4_seed211_s30_g3.5_str0.3.png,fake,0.9985692501068116,0.0896005630493164,1,fake,ft_default
sd35_fp8,CLIP-D,default,/media/CrispyMcMarkInc/fake-images-img2img/00022_sd35_fp8_seed145_s30_g3.5_str0.3.png,fake,0.9971683621406556,0.0844709873199462,1,fake,ft_default
sd15_fp16,CLIP-D,default,/media/CrispyMcMarkInc/fake-images-img2img/00021_sd15_fp16_seed144_s30_g3.5_str0.3.png,fake,0.9997319579124452,0.0856270790100097,1,fake,ft_default
sd35_fp4,CLIP-D,default,/media/CrispyMcMarkInc/fake-images-img2img/00009_sd35_fp4_seed132_s30_g3.5_str0.3.png,fake,0.9997349381446838,0.0839560031890869,1,fake,ft_default
sd3_fp16,CLIP-D,default,/media/CrispyMcMarkInc/fake-images-img2img/00063_sd3_fp16_seed186_s30_g3.5_str0.3.png,fake,0.9994552731513976,0.0862011909484863,1,fake,ft_default
sd15_fp4,CLIP-D,default,/media/CrispyMcMarkInc/fake-images-img2img/00043_sd15_fp4_seed166_s30_g3.5_str0.3.png,fake,0.999815046787262,0.0862696170806884,1,fake,ft_default
sd35_fp16,CLIP-D,default,/media/CrispyMcMarkInc/fake-images-img2img/00038_sd35_fp16_seed161_s30_g3.5_str0.3.png,fake,0.9996625185012816,0.0868651866912841,1,fake,ft_default
sd15_fp8,CLIP-D,default,/media/CrispyMcMarkInc/fake-images-img2img/00010_sd15_fp8_seed133_s30_g3.5_str0.3.png,fake,0.999829649925232,0.0848488807678222,1,fake,ft_default
sd3_fp8,CLIP-D,default,/media/CrispyMcMarkInc/fake-images-img2img/00083_sd3_fp8_seed206_s30_g3.5_str0.3.png,fake,0.9997881054878236,0.0849111080169677,1,fake,ft_default
sd35_fp4,CLIP-D,default,/media/CrispyMcMarkInc/fake-images-img2img/00011_sd35_fp4_seed134_s30_g3.5_str0.3.png,fake,0.9994685053825378,0.0849542617797851,1,fake,ft_default
sd3_fp8,CLIP-D,default,/media/CrispyMcMarkInc/fake-images-img2img/00099_sd3_fp8_seed222_s30_g3.5_str0.3.png,fake,0.997214376926422,0.0859546661376953,1,fake,ft_default
sd3_fp8,CLIP-D,default,/media/CrispyMcMarkInc/fake-images-img2img/00088_sd3_fp8_seed211_s30_g3.5_str0.3.png,fake,0.9995396137237548,0.0854706764221191,1,fake,ft_default
sd35_fp8,CLIP-D,default,/media/CrispyMcMarkInc/fake-images-img2img/00096_sd35_fp8_seed219_s30_g3.5_str0.3.png,fake,0.9990277290344238,0.0827994346618652,1,fake,ft_default
sd15_fp8,CLIP-D,default,/media/CrispyMcMarkInc/fake-images-img2img/00037_sd15_fp8_seed160_s30_g3.5_str0.3.png,fake,0.9990242719650269,0.0863263607025146,1,fake,ft_default
sd3_fp16,CLIP-D,default,/media/CrispyMcMarkInc/fake-images-img2img/00023_sd3_fp16_seed146_s30_g3.5_str0.3.png,fake,0.9596676230430604,0.0852060317993164,1,fake,ft_default
sd35_fp8,CLIP-D,default,/media/CrispyMcMarkInc/fake-images-img2img/00023_sd35_fp8_seed146_s30_g3.5_str0.3.png,fake,0.9887624382972716,0.0865094661712646,1,fake,ft_default
sd35_fp16,CLIP-D,default,/media/CrispyMcMarkInc/fake-images-img2img/00035_sd35_fp16_seed158_s30_g3.5_str0.3.png,fake,0.9999507665634156,0.0848743915557861,1,fake,ft_default
sd3_fp8,CLIP-D,default,/media/CrispyMcMarkInc/fake-images-img2img/00056_sd3_fp8_seed179_s30_g3.5_str0.3.png,fake,0.999842643737793,0.0829029083251953,1,fake,ft_default
sd35_fp8,CLIP-D,default,/media/CrispyMcMarkInc/fake-images-img2img/00001_sd35_fp8_seed124_s30_g3.5_str0.3.png,fake,0.998281717300415,0.079946756362915,1,fake,ft_default
sd15_fp16,CLIP-D,default,/media/CrispyMcMarkInc/fake-images-img2img/00077_sd15_fp16_seed200_s30_g3.5_str0.3.png,fake,0.9997739195823668,0.0848081111907959,1,fake,ft_default
sd3_fp16,CLIP-D,default,/media/CrispyMcMarkInc/fake-images-img2img/00040_sd3_fp16_seed163_s30_g3.5_str0.3.png,fake,0.9999648332595824,0.0821268558502197,1,fake,ft_default
sd35_fp16,CLIP-D,default,/media/CrispyMcMarkInc/fake-images-img2img/00042_sd35_fp16_seed165_s30_g3.5_str0.3.png,fake,0.9977229237556458,0.0853538513183593,1,fake,ft_default
sd15_fp16,CLIP-D,default,/media/CrispyMcMarkInc/fake-images-img2img/00071_sd15_fp16_seed194_s30_g3.5_str0.3.png,fake,0.9995704293251038,0.0868353843688964,1,fake,ft_default
sd3_fp4,CLIP-D,default,/media/CrispyMcMarkInc/fake-images-img2img/00013_sd3_fp4_seed136_s30_g3.5_str0.3.png,fake,0.9998763799667358,0.0842030048370361,1,fake,ft_default
sd35_fp4,CLIP-D,default,/media/CrispyMcMarkInc/fake-images-img2img/00017_sd35_fp4_seed140_s30_g3.5_str0.3.png,fake,0.999675989151001,0.0842707157135009,1,fake,ft_default
sd15_fp4,CLIP-D,default,/media/CrispyMcMarkInc/fake-images-img2img/00079_sd15_fp4_seed202_s30_g3.5_str0.3.png,fake,0.9997089505195618,0.0854015350341796,1,fake,ft_default
sd35_fp4,CLIP-D,default,/media/CrispyMcMarkInc/fake-images-img2img/00062_sd35_fp4_seed185_s30_g3.5_str0.3.png,fake,0.9998390674591064,0.0852332115173339,1,fake,ft_default
sd15_fp16,CLIP-D,default,/media/CrispyMcMarkInc/fake-images-img2img/00003_sd15_fp16_seed126_s30_g3.5_str0.3.png,fake,0.9995132684707642,0.0894544124603271,1,fake,ft_default
sd15_fp4,CLIP-D,default,/media/CrispyMcMarkInc/fake-images-img2img/00070_sd15_fp4_seed193_s30_g3.5_str0.3.png,fake,0.9981743097305298,0.0889759063720703,1,fake,ft_default
sd35_fp16,CLIP-D,default,/media/CrispyMcMarkInc/fake-images-img2img/00057_sd35_fp16_seed180_s30_g3.5_str0.3.png,fake,0.9756115674972534,0.0851387977600097,1,fake,ft_default
sd3_fp16,CLIP-D,default,/media/CrispyMcMarkInc/fake-images-img2img/00013_sd3_fp16_seed136_s30_g3.5_str0.3.png,fake,0.999964714050293,0.0862431526184082,1,fake,ft_default
sd15_fp8,CLIP-D,default,/media/CrispyMcMarkInc/fake-images-img2img/00099_sd15_fp8_seed222_s30_g3.5_str0.3.png,fake,0.982946515083313,0.0874536037445068,1,fake,ft_default
sd35_fp16,CLIP-D,default,/media/CrispyMcMarkInc/fake-images-img2img/00045_sd35_fp16_seed168_s30_g3.5_str0.3.png,fake,0.999924659729004,0.0837101936340332,1,fake,ft_default
sd15_fp16,CLIP-D,default,/media/CrispyMcMarkInc/fake-images-img2img/00069_sd15_fp16_seed192_s30_g3.5_str0.3.png,fake,0.9995423555374146,0.0838508605957031,1,fake,ft_default
sd35_fp4,CLIP-D,default,/media/CrispyMcMarkInc/fake-images-img2img/00026_sd35_fp4_seed149_s30_g3.5_str0.3.png,fake,0.9995162487030028,0.0843002796173095,1,fake,ft_default
sd15_fp16,CLIP-D,default,/media/CrispyMcMarkInc/fake-images-img2img/00025_sd15_fp16_seed148_s30_g3.5_str0.3.png,fake,0.999908208847046,0.0853166580200195,1,fake,ft_default
sd3_fp8,CLIP-D,default,/media/CrispyMcMarkInc/fake-images-img2img/00063_sd3_fp8_seed186_s30_g3.5_str0.3.png,fake,0.999605119228363,0.0825984477996826,1,fake,ft_default
sd35_fp16,CLIP-D,default,/media/CrispyMcMarkInc/fake-images-img2img/00098_sd35_fp16_seed221_s30_g3.5_str0.3.png,fake,0.998822033405304,0.0826563835144043,1,fake,ft_default
sd3_fp16,CLIP-D,default,/media/CrispyMcMarkInc/fake-images-img2img/00014_sd3_fp16_seed137_s30_g3.5_str0.3.png,fake,0.9983423948287964,0.0811560153961181,1,fake,ft_default
sd15_fp4,CLIP-D,default,/media/CrispyMcMarkInc/fake-images-img2img/00085_sd15_fp4_seed208_s30_g3.5_str0.3.png,fake,0.99965500831604,0.0840013027191162,1,fake,ft_default
sd3_fp16,CLIP-D,default,/media/CrispyMcMarkInc/fake-images-img2img/00051_sd3_fp16_seed174_s30_g3.5_str0.3.png,fake,0.9964736104011536,0.0837681293487548,1,fake,ft_default
sd35_fp16,CLIP-D,default,/media/CrispyMcMarkInc/fake-images-img2img/00051_sd35_fp16_seed174_s30_g3.5_str0.3.png,fake,0.9998726844787598,0.0846226215362548,1,fake,ft_default
sd35_fp8,CLIP-D,default,/media/CrispyMcMarkInc/fake-images-img2img/00010_sd35_fp8_seed133_s30_g3.5_str0.3.png,fake,0.9996786117553712,0.0865273475646972,1,fake,ft_default
sd35_fp8,CLIP-D,default,/media/CrispyMcMarkInc/fake-images-img2img/00075_sd35_fp8_seed198_s30_g3.5_str0.3.png,fake,0.9997630715370178,0.0839059352874755,1,fake,ft_default
sd15_fp4,CLIP-D,default,/media/CrispyMcMarkInc/fake-images-img2img/00026_sd15_fp4_seed149_s30_g3.5_str0.3.png,fake,0.999624729156494,0.0887227058410644,1,fake,ft_default
sd15_fp8,CLIP-D,default,/media/CrispyMcMarkInc/fake-images-img2img/00075_sd15_fp8_seed198_s30_g3.5_str0.3.png,fake,0.9994851350784302,0.0852632522583007,1,fake,ft_default
sd3_fp4,CLIP-D,default,/media/CrispyMcMarkInc/fake-images-img2img/00063_sd3_fp4_seed186_s30_g3.5_str0.3.png,fake,0.999862790107727,0.0838425159454345,1,fake,ft_default
sd15_fp16,CLIP-D,default,/media/CrispyMcMarkInc/fake-images-img2img/00033_sd15_fp16_seed156_s30_g3.5_str0.3.png,fake,0.9998325109481812,0.0838847160339355,1,fake,ft_default
sd15_fp16,CLIP-D,default,/media/CrispyMcMarkInc/fake-images-img2img/00098_sd15_fp16_seed221_s30_g3.5_str0.3.png,fake,0.997707724571228,0.087435245513916,1,fake,ft_default
sd15_fp16,CLIP-D,default,/media/CrispyMcMarkInc/fake-images-img2img/00052_sd15_fp16_seed175_s30_g3.5_str0.3.png,fake,0.9995680451393129,0.0856850147247314,1,fake,ft_default
sd3_fp8,CLIP-D,default,/media/CrispyMcMarkInc/fake-images-img2img/00086_sd3_fp8_seed209_s30_g3.5_str0.3.png,fake,0.9999325275421144,0.0870800018310546,1,fake,ft_default
sd35_fp8,CLIP-D,default,/media/CrispyMcMarkInc/fake-images-img2img/00008_sd35_fp8_seed131_s30_g3.5_str0.3.png,fake,0.999129593372345,0.0858564376831054,1,fake,ft_default
sd15_fp4,CLIP-D,default,/media/CrispyMcMarkInc/fake-images-img2img/00058_sd15_fp4_seed181_s30_g3.5_str0.3.png,fake,0.9791997075080872,0.0874855518341064,1,fake,ft_default
sd35_fp8,CLIP-D,default,/media/CrispyMcMarkInc/fake-images-img2img/00035_sd35_fp8_seed158_s30_g3.5_str0.3.png,fake,0.999907374382019,0.0859944820404052,1,fake,ft_default
sd15_fp8,CLIP-D,default,/media/CrispyMcMarkInc/fake-images-img2img/00017_sd15_fp8_seed140_s30_g3.5_str0.3.png,fake,0.999486207962036,0.0866034030914306,1,fake,ft_default
sd15_fp8,CLIP-D,default,/media/CrispyMcMarkInc/fake-images-img2img/00041_sd15_fp8_seed164_s30_g3.5_str0.3.png,fake,0.9964374303817748,0.0870101451873779,1,fake,ft_default
sd35_fp4,CLIP-D,default,/media/CrispyMcMarkInc/fake-images-img2img/00032_sd35_fp4_seed155_s30_g3.5_str0.3.png,fake,0.9999730587005616,0.0872268676757812,1,fake,ft_default
sd35_fp16,CLIP-D,default,/media/CrispyMcMarkInc/fake-images-img2img/00061_sd35_fp16_seed184_s30_g3.5_str0.3.png,fake,0.9995157718658448,0.0886569023132324,1,fake,ft_default
sd3_fp16,CLIP-D,default,/media/CrispyMcMarkInc/fake-images-img2img/00070_sd3_fp16_seed193_s30_g3.5_str0.3.png,fake,0.9995273351669312,0.0867300033569336,1,fake,ft_default
sd15_fp16,CLIP-D,default,/media/CrispyMcMarkInc/fake-images-img2img/00013_sd15_fp16_seed136_s30_g3.5_str0.3.png,fake,0.9998158812522888,0.0878059864044189,1,fake,ft_default
sd35_fp4,CLIP-D,default,/media/CrispyMcMarkInc/fake-images-img2img/00014_sd35_fp4_seed137_s30_g3.5_str0.3.png,fake,0.9975795149803162,0.0817971229553222,1,fake,ft_default
sd3_fp4,CLIP-D,default,/media/CrispyMcMarkInc/fake-images-img2img/00067_sd3_fp4_seed190_s30_g3.5_str0.3.png,fake,0.9999027252197266,0.0849428176879882,1,fake,ft_default
sd35_fp16,CLIP-D,default,/media/CrispyMcMarkInc/fake-images-img2img/00073_sd35_fp16_seed196_s30_g3.5_str0.3.png,fake,0.9999078512191772,0.082324743270874,1,fake,ft_default
sd35_fp8,CLIP-D,default,/media/CrispyMcMarkInc/fake-images-img2img/00007_sd35_fp8_seed130_s30_g3.5_str0.3.png,fake,0.9987027645111084,0.0833673477172851,1,fake,ft_default
sd15_fp8,CLIP-D,default,/media/CrispyMcMarkInc/fake-images-img2img/00038_sd15_fp8_seed161_s30_g3.5_str0.3.png,fake,0.999800980091095,0.0877060890197753,1,fake,ft_default
sd15_fp4,CLIP-D,default,/media/CrispyMcMarkInc/fake-images-img2img/00090_sd15_fp4_seed213_s30_g3.5_str0.3.png,fake,0.9983502626419068,0.0837304592132568,1,fake,ft_default
sd35_fp8,CLIP-D,default,/media/CrispyMcMarkInc/fake-images-img2img/00069_sd35_fp8_seed192_s30_g3.5_str0.3.png,fake,0.9997010231018066,0.0822405815124511,1,fake,ft_default
sd3_fp8,CLIP-D,default,/media/CrispyMcMarkInc/fake-images-img2img/00009_sd3_fp8_seed132_s30_g3.5_str0.3.png,fake,0.9995753169059752,0.0820412635803222,1,fake,ft_default
sd15_fp16,CLIP-D,default,/media/CrispyMcMarkInc/fake-images-img2img/00082_sd15_fp16_seed205_s30_g3.5_str0.3.png,fake,0.9998327493667604,0.0842905044555664,1,fake,ft_default
sd35_fp8,CLIP-D,default,/media/CrispyMcMarkInc/fake-images-img2img/00063_sd35_fp8_seed186_s30_g3.5_str0.3.png,fake,0.9998652935028076,0.0836262702941894,1,fake,ft_default
sd35_fp4,CLIP-D,default,/media/CrispyMcMarkInc/fake-images-img2img/00049_sd35_fp4_seed172_s30_g3.5_str0.3.png,fake,0.9998486042022704,0.0857164859771728,1,fake,ft_default
sd15_fp4,CLIP-D,default,/media/CrispyMcMarkInc/fake-images-img2img/00048_sd15_fp4_seed171_s30_g3.5_str0.3.png,fake,0.9988898634910583,0.0862367153167724,1,fake,ft_default
sd3_fp16,CLIP-D,default,/media/CrispyMcMarkInc/fake-images-img2img/00071_sd3_fp16_seed194_s30_g3.5_str0.3.png,fake,0.9976577758789062,0.0851125717163086,1,fake,ft_default
sd35_fp8,CLIP-D,default,/media/CrispyMcMarkInc/fake-images-img2img/00032_sd35_fp8_seed155_s30_g3.5_str0.3.png,fake,0.999962568283081,0.0839180946350097,1,fake,ft_default
sd35_fp4,CLIP-D,default,/media/CrispyMcMarkInc/fake-images-img2img/00022_sd35_fp4_seed145_s30_g3.5_str0.3.png,fake,0.9991838335990906,0.0836632251739502,1,fake,ft_default
sd35_fp16,CLIP-D,default,/media/CrispyMcMarkInc/fake-images-img2img/00001_sd35_fp16_seed124_s30_g3.5_str0.3.png,fake,0.9985802173614502,0.0805165767669677,1,fake,ft_default
sd15_fp4,CLIP-D,default,/media/CrispyMcMarkInc/fake-images-img2img/00086_sd15_fp4_seed209_s30_g3.5_str0.3.png,fake,0.9999654293060304,0.0848515033721923,1,fake,ft_default
sd15_fp8,CLIP-D,default,/media/CrispyMcMarkInc/fake-images-img2img/00062_sd15_fp8_seed185_s30_g3.5_str0.3.png,fake,0.9993832111358644,0.0854277610778808,1,fake,ft_default
sd3_fp4,CLIP-D,default,/media/CrispyMcMarkInc/fake-images-img2img/00004_sd3_fp4_seed127_s30_g3.5_str0.3.png,fake,0.9998297691345216,0.0868477821350097,1,fake,ft_default
sd15_fp4,CLIP-D,default,/media/CrispyMcMarkInc/fake-images-img2img/00077_sd15_fp4_seed200_s30_g3.5_str0.3.png,fake,0.9995900988578796,0.0868568420410156,1,fake,ft_default
sd15_fp16,CLIP-D,default,/media/CrispyMcMarkInc/fake-images-img2img/00019_sd15_fp16_seed142_s30_g3.5_str0.3.png,fake,0.999541163444519,0.0837893486022949,1,fake,ft_default
sd35_fp16,CLIP-D,default,/media/CrispyMcMarkInc/fake-images-img2img/00023_sd35_fp16_seed146_s30_g3.5_str0.3.png,fake,0.9920828342437744,0.084977388381958,1,fake,ft_default
sd3_fp4,CLIP-D,default,/media/CrispyMcMarkInc/fake-images-img2img/00071_sd3_fp4_seed194_s30_g3.5_str0.3.png,fake,0.998635470867157,0.0863344669342041,1,fake,ft_default
sd35_fp16,CLIP-D,default,/media/CrispyMcMarkInc/fake-images-img2img/00007_sd35_fp16_seed130_s30_g3.5_str0.3.png,fake,0.9988038539886476,0.0855495929718017,1,fake,ft_default
sd35_fp16,CLIP-D,default,/media/CrispyMcMarkInc/fake-images-img2img/00047_sd35_fp16_seed170_s30_g3.5_str0.3.png,fake,0.9997420907020568,0.0815930366516113,1,fake,ft_default
sd3_fp4,CLIP-D,default,/media/CrispyMcMarkInc/fake-images-img2img/00094_sd3_fp4_seed217_s30_g3.5_str0.3.png,fake,0.999300479888916,0.0851631164550781,1,fake,ft_default
sd35_fp4,CLIP-D,default,/media/CrispyMcMarkInc/fake-images-img2img/00027_sd35_fp4_seed150_s30_g3.5_str0.3.png,fake,0.9992076754570008,0.0839588642120361,1,fake,ft_default
sd3_fp8,CLIP-D,default,/media/CrispyMcMarkInc/fake-images-img2img/00089_sd3_fp8_seed212_s30_g3.5_str0.3.png,fake,0.9984203577041626,0.0869631767272949,1,fake,ft_default
sd3_fp8,CLIP-D,default,/media/CrispyMcMarkInc/fake-images-img2img/00097_sd3_fp8_seed220_s30_g3.5_str0.3.png,fake,0.99968421459198,0.0870599746704101,1,fake,ft_default
sd35_fp16,CLIP-D,default,/media/CrispyMcMarkInc/fake-images-img2img/00069_sd35_fp16_seed192_s30_g3.5_str0.3.png,fake,0.9997316002845764,0.0858075618743896,1,fake,ft_default
sd3_fp16,CLIP-D,default,/media/CrispyMcMarkInc/fake-images-img2img/00097_sd3_fp16_seed220_s30_g3.5_str0.3.png,fake,0.9998182654380798,0.084580659866333,1,fake,ft_default
sd15_fp8,CLIP-D,default,/media/CrispyMcMarkInc/fake-images-img2img/00095_sd15_fp8_seed218_s30_g3.5_str0.3.png,fake,0.9999496936798096,0.085172414779663,1,fake,ft_default
sd3_fp8,CLIP-D,default,/media/CrispyMcMarkInc/fake-images-img2img/00015_sd3_fp8_seed138_s30_g3.5_str0.3.png,fake,0.9992094039916992,0.0858352184295654,1,fake,ft_default
sd3_fp16,CLIP-D,default,/media/CrispyMcMarkInc/fake-images-img2img/00064_sd3_fp16_seed187_s30_g3.5_str0.3.png,fake,0.9997603297233582,0.0832293033599853,1,fake,ft_default
sd35_fp16,CLIP-D,default,/media/CrispyMcMarkInc/fake-images-img2img/00097_sd35_fp16_seed220_s30_g3.5_str0.3.png,fake,0.999760925769806,0.084705114364624,1,fake,ft_default
sd15_fp16,CLIP-D,default,/media/CrispyMcMarkInc/fake-images-img2img/00031_sd15_fp16_seed154_s30_g3.5_str0.3.png,fake,0.9998679161071776,0.0833251476287841,1,fake,ft_default
sd15_fp16,CLIP-D,default,/media/CrispyMcMarkInc/fake-images-img2img/00049_sd15_fp16_seed172_s30_g3.5_str0.3.png,fake,0.9996157884597778,0.083740234375,1,fake,ft_default
sd3_fp8,CLIP-D,default,/media/CrispyMcMarkInc/fake-images-img2img/00026_sd3_fp8_seed149_s30_g3.5_str0.3.png,fake,0.998759627342224,0.0829184055328369,1,fake,ft_default
sd35_fp16,CLIP-D,default,/media/CrispyMcMarkInc/fake-images-img2img/00021_sd35_fp16_seed144_s30_g3.5_str0.3.png,fake,0.9997300505638124,0.0860412120819091,1,fake,ft_default
sd3_fp16,CLIP-D,default,/media/CrispyMcMarkInc/fake-images-img2img/00002_sd3_fp16_seed125_s30_g3.5_str0.3.png,fake,0.9997889399528505,0.0886273384094238,1,fake,ft_default
sd15_fp8,CLIP-D,default,/media/CrispyMcMarkInc/fake-images-img2img/00083_sd15_fp8_seed206_s30_g3.5_str0.3.png,fake,0.999893307685852,0.0869491100311279,1,fake,ft_default
sd3_fp8,CLIP-D,default,/media/CrispyMcMarkInc/fake-images-img2img/00038_sd3_fp8_seed161_s30_g3.5_str0.3.png,fake,0.9988937973976136,0.0872275829315185,1,fake,ft_default
sd15_fp4,CLIP-D,default,/media/CrispyMcMarkInc/fake-images-img2img/00098_sd15_fp4_seed221_s30_g3.5_str0.3.png,fake,0.9981204867362976,0.0888044834136962,1,fake,ft_default
sd3_fp4,CLIP-D,default,/media/CrispyMcMarkInc/fake-images-img2img/00051_sd3_fp4_seed174_s30_g3.5_str0.3.png,fake,0.9999676942825316,0.0862603187561035,1,fake,ft_default
sd35_fp8,CLIP-D,default,/media/CrispyMcMarkInc/fake-images-img2img/00016_sd35_fp8_seed139_s30_g3.5_str0.3.png,fake,0.9902286529541016,0.0855906009674072,1,fake,ft_default
sd3_fp16,CLIP-D,default,/media/CrispyMcMarkInc/fake-images-img2img/00038_sd3_fp16_seed161_s30_g3.5_str0.3.png,fake,0.9992986917495728,0.086808443069458,1,fake,ft_default
sd35_fp4,CLIP-D,default,/media/CrispyMcMarkInc/fake-images-img2img/00004_sd35_fp4_seed127_s30_g3.5_str0.3.png,fake,0.9995038509368896,0.0880053043365478,1,fake,ft_default
sd3_fp4,CLIP-D,default,/media/CrispyMcMarkInc/fake-images-img2img/00091_sd3_fp4_seed214_s30_g3.5_str0.3.png,fake,0.9996377229690552,0.0862736701965332,1,fake,ft_default
sd3_fp16,CLIP-D,default,/media/CrispyMcMarkInc/fake-images-img2img/00033_sd3_fp16_seed156_s30_g3.5_str0.3.png,fake,0.9996401071548462,0.0825433731079101,1,fake,ft_default
sd3_fp4,CLIP-D,default,/media/CrispyMcMarkInc/fake-images-img2img/00056_sd3_fp4_seed179_s30_g3.5_str0.3.png,fake,0.9998890161514282,0.0842227935791015,1,fake,ft_default
sd35_fp16,CLIP-D,default,/media/CrispyMcMarkInc/fake-images-img2img/00064_sd35_fp16_seed187_s30_g3.5_str0.3.png,fake,0.9995922446250916,0.0827269554138183,1,fake,ft_default
sd35_fp16,CLIP-D,default,/media/CrispyMcMarkInc/fake-images-img2img/00049_sd35_fp16_seed172_s30_g3.5_str0.3.png,fake,0.9995055198669434,0.0849857330322265,1,fake,ft_default
sd15_fp8,CLIP-D,default,/media/CrispyMcMarkInc/fake-images-img2img/00025_sd15_fp8_seed148_s30_g3.5_str0.3.png,fake,0.9999109506607056,0.0854191780090332,1,fake,ft_default
sd15_fp16,CLIP-D,default,/media/CrispyMcMarkInc/fake-images-img2img/00008_sd15_fp16_seed131_s30_g3.5_str0.3.png,fake,0.999270498752594,0.0851392745971679,1,fake,ft_default
sd15_fp4,CLIP-D,default,/media/CrispyMcMarkInc/fake-images-img2img/00091_sd15_fp4_seed214_s30_g3.5_str0.3.png,fake,0.995995044708252,0.0858876705169677,1,fake,ft_default
sd35_fp8,CLIP-D,default,/media/CrispyMcMarkInc/fake-images-img2img/00080_sd35_fp8_seed203_s30_g3.5_str0.3.png,fake,0.985739767551422,0.0826714038848877,1,fake,ft_default
sd15_fp16,CLIP-D,default,/media/CrispyMcMarkInc/fake-images-img2img/00059_sd15_fp16_seed182_s30_g3.5_str0.3.png,fake,0.9713121056556702,0.0848088264465332,1,fake,ft_default
sd35_fp4,CLIP-D,default,/media/CrispyMcMarkInc/fake-images-img2img/00076_sd35_fp4_seed199_s30_g3.5_str0.3.png,fake,0.9974068999290466,0.0846533775329589,1,fake,ft_default
sd3_fp4,CLIP-D,default,/media/CrispyMcMarkInc/fake-images-img2img/00028_sd3_fp4_seed151_s30_g3.5_str0.3.png,fake,0.9992377758026124,0.0871195793151855,1,fake,ft_default
sd3_fp16,CLIP-D,default,/media/CrispyMcMarkInc/fake-images-img2img/00081_sd3_fp16_seed204_s30_g3.5_str0.3.png,fake,0.99908709526062,0.0865542888641357,1,fake,ft_default
sd35_fp4,CLIP-D,default,/media/CrispyMcMarkInc/fake-images-img2img/00033_sd35_fp4_seed156_s30_g3.5_str0.3.png,fake,0.9998456239700316,0.0841734409332275,1,fake,ft_default
sd35_fp8,CLIP-D,default,/media/CrispyMcMarkInc/fake-images-img2img/00038_sd35_fp8_seed161_s30_g3.5_str0.3.png,fake,0.9996638298034668,0.0842499732971191,1,fake,ft_default
sd15_fp16,CLIP-D,default,/media/CrispyMcMarkInc/fake-images-img2img/00063_sd15_fp16_seed186_s30_g3.5_str0.3.png,fake,0.9993188381195068,0.0853893756866455,1,fake,ft_default
sd35_fp4,CLIP-D,default,/media/CrispyMcMarkInc/fake-images-img2img/00036_sd35_fp4_seed159_s30_g3.5_str0.3.png,fake,0.9986675977706908,0.0856282711029052,1,fake,ft_default
sd35_fp16,CLIP-D,default,/media/CrispyMcMarkInc/fake-images-img2img/00063_sd35_fp16_seed186_s30_g3.5_str0.3.png,fake,0.9998732805252076,0.0872564315795898,1,fake,ft_default
sd35_fp16,CLIP-D,default,/media/CrispyMcMarkInc/fake-images-img2img/00093_sd35_fp16_seed216_s30_g3.5_str0.3.png,fake,0.999914050102234,0.0893139839172363,1,fake,ft_default
sd3_fp4,CLIP-D,default,/media/CrispyMcMarkInc/fake-images-img2img/00000_sd3_fp4_seed123_s30_g3.5_str0.3.png,fake,0.9997957348823548,0.0884871482849121,1,fake,ft_default
sd35_fp8,CLIP-D,default,/media/CrispyMcMarkInc/fake-images-img2img/00094_sd35_fp8_seed217_s30_g3.5_str0.3.png,fake,0.9944148063659668,0.0861890316009521,1,fake,ft_default
sd35_fp16,CLIP-D,default,/media/CrispyMcMarkInc/fake-images-img2img/00094_sd35_fp16_seed217_s30_g3.5_str0.3.png,fake,0.9917058944702148,0.0858228206634521,1,fake,ft_default
sd3_fp8,CLIP-D,default,/media/CrispyMcMarkInc/fake-images-img2img/00095_sd3_fp8_seed218_s30_g3.5_str0.3.png,fake,0.9999151229858398,0.0841457843780517,1,fake,ft_default
sd35_fp4,CLIP-D,default,/media/CrispyMcMarkInc/fake-images-img2img/00051_sd35_fp4_seed174_s30_g3.5_str0.3.png,fake,0.9999597072601318,0.0845482349395752,1,fake,ft_default
sd15_fp4,CLIP-D,default,/media/CrispyMcMarkInc/fake-images-img2img/00047_sd15_fp4_seed170_s30_g3.5_str0.3.png,fake,0.999958634376526,0.0873603820800781,1,fake,ft_default
sd15_fp16,CLIP-D,default,/media/CrispyMcMarkInc/fake-images-img2img/00080_sd15_fp16_seed203_s30_g3.5_str0.3.png,fake,0.9452486038208008,0.0847306251525878,1,fake,ft_default
sd3_fp16,CLIP-D,default,/media/CrispyMcMarkInc/fake-images-img2img/00046_sd3_fp16_seed169_s30_g3.5_str0.3.png,fake,0.9999442100524902,0.0837988853454589,1,fake,ft_default
sd15_fp8,CLIP-D,default,/media/CrispyMcMarkInc/fake-images-img2img/00035_sd15_fp8_seed158_s30_g3.5_str0.3.png,fake,0.9990742206573486,0.0850560665130615,1,fake,ft_default
sd15_fp8,CLIP-D,default,/media/CrispyMcMarkInc/fake-images-img2img/00043_sd15_fp8_seed166_s30_g3.5_str0.3.png,fake,0.9998430013656616,0.0891528129577636,1,fake,ft_default
sd3_fp4,CLIP-D,default,/media/CrispyMcMarkInc/fake-images-img2img/00027_sd3_fp4_seed150_s30_g3.5_str0.3.png,fake,0.9991331696510316,0.0847609043121337,1,fake,ft_default
sd15_fp4,CLIP-D,default,/media/CrispyMcMarkInc/fake-images-img2img/00072_sd15_fp4_seed195_s30_g3.5_str0.3.png,fake,0.9977413415908812,0.0854558944702148,1,fake,ft_default
sd3_fp16,CLIP-D,default,/media/CrispyMcMarkInc/fake-images-img2img/00032_sd3_fp16_seed155_s30_g3.5_str0.3.png,fake,0.9998725652694702,0.0857143402099609,1,fake,ft_default
sd3_fp4,CLIP-D,default,/media/CrispyMcMarkInc/fake-images-img2img/00048_sd3_fp4_seed171_s30_g3.5_str0.3.png,fake,0.9993368983268738,0.0812478065490722,1,fake,ft_default
sd3_fp8,CLIP-D,default,/media/CrispyMcMarkInc/fake-images-img2img/00011_sd3_fp8_seed134_s30_g3.5_str0.3.png,fake,0.9989603757858276,0.0845203399658203,1,fake,ft_default
sd35_fp4,CLIP-D,default,/media/CrispyMcMarkInc/fake-images-img2img/00085_sd35_fp4_seed208_s30_g3.5_str0.3.png,fake,0.9998083710670472,0.0850658416748046,1,fake,ft_default
sd15_fp16,CLIP-D,default,/media/CrispyMcMarkInc/fake-images-img2img/00046_sd15_fp16_seed169_s30_g3.5_str0.3.png,fake,0.9999210834503174,0.0839800834655761,1,fake,ft_default
sd3_fp4,CLIP-D,default,/media/CrispyMcMarkInc/fake-images-img2img/00076_sd3_fp4_seed199_s30_g3.5_str0.3.png,fake,0.9993066787719728,0.0847420692443847,1,fake,ft_default
sd35_fp16,CLIP-D,default,/media/CrispyMcMarkInc/fake-images-img2img/00053_sd35_fp16_seed176_s30_g3.5_str0.3.png,fake,0.9911569356918336,0.0833032131195068,1,fake,ft_default
sd15_fp8,CLIP-D,default,/media/CrispyMcMarkInc/fake-images-img2img/00087_sd15_fp8_seed210_s30_g3.5_str0.3.png,fake,0.9989743232727052,0.086428165435791,1,fake,ft_default
sd3_fp4,CLIP-D,default,/media/CrispyMcMarkInc/fake-images-img2img/00074_sd3_fp4_seed197_s30_g3.5_str0.3.png,fake,0.999918818473816,0.0858016014099121,1,fake,ft_default
sd3_fp4,CLIP-D,default,/media/CrispyMcMarkInc/fake-images-img2img/00083_sd3_fp4_seed206_s30_g3.5_str0.3.png,fake,0.9998263716697692,0.0878608226776123,1,fake,ft_default
sd3_fp8,CLIP-D,default,/media/CrispyMcMarkInc/fake-images-img2img/00081_sd3_fp8_seed204_s30_g3.5_str0.3.png,fake,0.9987930059432985,0.0890824794769287,1,fake,ft_default
sd15_fp16,CLIP-D,default,/media/CrispyMcMarkInc/fake-images-img2img/00073_sd15_fp16_seed196_s30_g3.5_str0.3.png,fake,0.9999113082885742,0.0876321792602539,1,fake,ft_default
sd3_fp4,CLIP-D,default,/media/CrispyMcMarkInc/fake-images-img2img/00065_sd3_fp4_seed188_s30_g3.5_str0.3.png,fake,0.9989159107208252,0.087101936340332,1,fake,ft_default
sd15_fp16,CLIP-D,default,/media/CrispyMcMarkInc/fake-images-img2img/00055_sd15_fp16_seed178_s30_g3.5_str0.3.png,fake,0.9999605417251588,0.0878050327301025,1,fake,ft_default
sd35_fp4,CLIP-D,default,/media/CrispyMcMarkInc/fake-images-img2img/00039_sd35_fp4_seed162_s30_g3.5_str0.3.png,fake,0.9995332956314088,0.0880587100982666,1,fake,ft_default
sd35_fp8,CLIP-D,default,/media/CrispyMcMarkInc/fake-images-img2img/00072_sd35_fp8_seed195_s30_g3.5_str0.3.png,fake,0.9997438788414,0.088975191116333,1,fake,ft_default
sd3_fp4,CLIP-D,default,/media/CrispyMcMarkInc/fake-images-img2img/00044_sd3_fp4_seed167_s30_g3.5_str0.3.png,fake,0.9996839761734008,0.0868539810180664,1,fake,ft_default
sd3_fp8,CLIP-D,default,/media/CrispyMcMarkInc/fake-images-img2img/00019_sd3_fp8_seed142_s30_g3.5_str0.3.png,fake,0.9996951818466188,0.0949580669403076,1,fake,ft_default
sd35_fp4,CLIP-D,default,/media/CrispyMcMarkInc/fake-images-img2img/00093_sd35_fp4_seed216_s30_g3.5_str0.3.png,fake,0.999907374382019,0.0860781669616699,1,fake,ft_default
sd15_fp4,CLIP-D,default,/media/CrispyMcMarkInc/fake-images-img2img/00053_sd15_fp4_seed176_s30_g3.5_str0.3.png,fake,0.9969943761825562,0.0865051746368408,1,fake,ft_default
sd35_fp4,CLIP-D,default,/media/CrispyMcMarkInc/fake-images-img2img/00005_sd35_fp4_seed128_s30_g3.5_str0.3.png,fake,0.999536395072937,0.0867886543273925,1,fake,ft_default
sd15_fp16,CLIP-D,default,/media/CrispyMcMarkInc/fake-images-img2img/00054_sd15_fp16_seed177_s30_g3.5_str0.3.png,fake,0.999544084072113,0.0865590572357177,1,fake,ft_default
sd15_fp8,CLIP-D,default,/media/CrispyMcMarkInc/fake-images-img2img/00098_sd15_fp8_seed221_s30_g3.5_str0.3.png,fake,0.9981776475906372,0.0848267078399658,1,fake,ft_default
sd15_fp4,CLIP-D,default,/media/CrispyMcMarkInc/fake-images-img2img/00036_sd15_fp4_seed159_s30_g3.5_str0.3.png,fake,0.9987581968307496,0.083634614944458,1,fake,ft_default
sd15_fp4,CLIP-D,default,/media/CrispyMcMarkInc/fake-images-img2img/00060_sd15_fp4_seed183_s30_g3.5_str0.3.png,fake,0.977466642856598,0.0855236053466796,1,fake,ft_default
sd35_fp8,CLIP-D,default,/media/CrispyMcMarkInc/fake-images-img2img/00049_sd35_fp8_seed172_s30_g3.5_str0.3.png,fake,0.9997796416282654,0.0854673385620117,1,fake,ft_default
sd3_fp8,CLIP-D,default,/media/CrispyMcMarkInc/fake-images-img2img/00084_sd3_fp8_seed207_s30_g3.5_str0.3.png,fake,0.992785096168518,0.0835447311401367,1,fake,ft_default
sd15_fp4,CLIP-D,default,/media/CrispyMcMarkInc/fake-images-img2img/00068_sd15_fp4_seed191_s30_g3.5_str0.3.png,fake,0.9998992681503296,0.0855793952941894,1,fake,ft_default
sd35_fp4,CLIP-D,default,/media/CrispyMcMarkInc/fake-images-img2img/00037_sd35_fp4_seed160_s30_g3.5_str0.3.png,fake,0.996649444103241,0.0839126110076904,1,fake,ft_default
sd15_fp16,CLIP-D,default,/media/CrispyMcMarkInc/fake-images-img2img/00064_sd15_fp16_seed187_s30_g3.5_str0.3.png,fake,0.9993376135826112,0.0852837562561035,1,fake,ft_default
sd3_fp4,CLIP-D,default,/media/CrispyMcMarkInc/fake-images-img2img/00038_sd3_fp4_seed161_s30_g3.5_str0.3.png,fake,0.999879002571106,0.0842700004577636,1,fake,ft_default
sd15_fp8,CLIP-D,default,/media/CrispyMcMarkInc/fake-images-img2img/00022_sd15_fp8_seed145_s30_g3.5_str0.3.png,fake,0.9982872605323792,0.085515022277832,1,fake,ft_default
sd35_fp16,CLIP-D,default,/media/CrispyMcMarkInc/fake-images-img2img/00034_sd35_fp16_seed157_s30_g3.5_str0.3.png,fake,0.9892395734786988,0.0852835178375244,1,fake,ft_default
sd35_fp16,CLIP-D,default,/media/CrispyMcMarkInc/fake-images-img2img/00075_sd35_fp16_seed198_s30_g3.5_str0.3.png,fake,0.999699592590332,0.0818183422088623,1,fake,ft_default
sd3_fp16,CLIP-D,default,/media/CrispyMcMarkInc/fake-images-img2img/00026_sd3_fp16_seed149_s30_g3.5_str0.3.png,fake,0.9971907734870912,0.0841410160064697,1,fake,ft_default
sd15_fp4,CLIP-D,default,/media/CrispyMcMarkInc/fake-images-img2img/00016_sd15_fp4_seed139_s30_g3.5_str0.3.png,fake,0.9985613226890564,0.0827980041503906,1,fake,ft_default
sd3_fp4,CLIP-D,default,/media/CrispyMcMarkInc/fake-images-img2img/00040_sd3_fp4_seed163_s30_g3.5_str0.3.png,fake,0.999948501586914,0.0824532508850097,1,fake,ft_default
sd35_fp16,CLIP-D,default,/media/CrispyMcMarkInc/fake-images-img2img/00058_sd35_fp16_seed181_s30_g3.5_str0.3.png,fake,0.9998266100883484,0.0890707969665527,1,fake,ft_default
sd3_fp16,CLIP-D,default,/media/CrispyMcMarkInc/fake-images-img2img/00082_sd3_fp16_seed205_s30_g3.5_str0.3.png,fake,0.9998306035995485,0.0859532356262207,1,fake,ft_default
sd35_fp8,CLIP-D,default,/media/CrispyMcMarkInc/fake-images-img2img/00029_sd35_fp8_seed152_s30_g3.5_str0.3.png,fake,0.9998173117637634,0.0855104923248291,1,fake,ft_default
sd15_fp4,CLIP-D,default,/media/CrispyMcMarkInc/fake-images-img2img/00054_sd15_fp4_seed177_s30_g3.5_str0.3.png,fake,0.9993177652359008,0.0862929821014404,1,fake,ft_default
sd35_fp4,CLIP-D,default,/media/CrispyMcMarkInc/fake-images-img2img/00021_sd35_fp4_seed144_s30_g3.5_str0.3.png,fake,0.9997437596321106,0.0836298465728759,1,fake,ft_default
sd35_fp16,CLIP-D,default,/media/CrispyMcMarkInc/fake-images-img2img/00095_sd35_fp16_seed218_s30_g3.5_str0.3.png,fake,0.9999511241912842,0.0827648639678955,1,fake,ft_default
sd3_fp16,CLIP-D,default,/media/CrispyMcMarkInc/fake-images-img2img/00052_sd3_fp16_seed175_s30_g3.5_str0.3.png,fake,0.9978578686714172,0.0856218338012695,1,fake,ft_default
sd35_fp4,CLIP-D,default,/media/CrispyMcMarkInc/fake-images-img2img/00028_sd35_fp4_seed151_s30_g3.5_str0.3.png,fake,0.9986888766288756,0.0843009948730468,1,fake,ft_default
sd15_fp8,CLIP-D,default,/media/CrispyMcMarkInc/fake-images-img2img/00058_sd15_fp8_seed181_s30_g3.5_str0.3.png,fake,0.9962104558944702,0.0868358612060546,1,fake,ft_default
sd15_fp4,CLIP-D,default,/media/CrispyMcMarkInc/fake-images-img2img/00013_sd15_fp4_seed136_s30_g3.5_str0.3.png,fake,0.9998421669006348,0.086097240447998,1,fake,ft_default
sd35_fp4,CLIP-D,default,/media/CrispyMcMarkInc/fake-images-img2img/00031_sd35_fp4_seed154_s30_g3.5_str0.3.png,fake,0.9994544386863708,0.0827181339263916,1,fake,ft_default
sd15_fp16,CLIP-D,default,/media/CrispyMcMarkInc/fake-images-img2img/00048_sd15_fp16_seed171_s30_g3.5_str0.3.png,fake,0.9978253841400146,0.0852560997009277,1,fake,ft_default
sd3_fp16,CLIP-D,default,/media/CrispyMcMarkInc/fake-images-img2img/00021_sd3_fp16_seed144_s30_g3.5_str0.3.png,fake,0.9999219179153442,0.0861835479736328,1,fake,ft_default
sd3_fp8,CLIP-D,default,/media/CrispyMcMarkInc/fake-images-img2img/00012_sd3_fp8_seed135_s30_g3.5_str0.3.png,fake,0.9984865188598632,0.0852522850036621,1,fake,ft_default
sd15_fp16,CLIP-D,default,/media/CrispyMcMarkInc/fake-images-img2img/00062_sd15_fp16_seed185_s30_g3.5_str0.3.png,fake,0.9991911053657532,0.0873341560363769,1,fake,ft_default
sd3_fp4,CLIP-D,default,/media/CrispyMcMarkInc/fake-images-img2img/00005_sd3_fp4_seed128_s30_g3.5_str0.3.png,fake,0.9995275735855104,0.0851578712463378,1,fake,ft_default
sd35_fp16,CLIP-D,default,/media/CrispyMcMarkInc/fake-images-img2img/00062_sd35_fp16_seed185_s30_g3.5_str0.3.png,fake,0.9996200799942015,0.0861048698425293,1,fake,ft_default
sd35_fp4,CLIP-D,default,/media/CrispyMcMarkInc/fake-images-img2img/00066_sd35_fp4_seed189_s30_g3.5_str0.3.png,fake,0.9921332597732544,0.0846166610717773,1,fake,ft_default
sd15_fp8,CLIP-D,default,/media/CrispyMcMarkInc/fake-images-img2img/00085_sd15_fp8_seed208_s30_g3.5_str0.3.png,fake,0.9996191263198853,0.085731029510498,1,fake,ft_default
sd15_fp4,CLIP-D,default,/media/CrispyMcMarkInc/fake-images-img2img/00074_sd15_fp4_seed197_s30_g3.5_str0.3.png,fake,0.9998036026954652,0.0847518444061279,1,fake,ft_default
sd15_fp4,CLIP-D,default,/media/CrispyMcMarkInc/fake-images-img2img/00023_sd15_fp4_seed146_s30_g3.5_str0.3.png,fake,0.8828791975975037,0.0871675014495849,1,fake,ft_default
sd35_fp4,CLIP-D,default,/media/CrispyMcMarkInc/fake-images-img2img/00077_sd35_fp4_seed200_s30_g3.5_str0.3.png,fake,0.9999003410339355,0.086371898651123,1,fake,ft_default
sd35_fp4,CLIP-D,default,/media/CrispyMcMarkInc/fake-images-img2img/00096_sd35_fp4_seed219_s30_g3.5_str0.3.png,fake,0.999396562576294,0.0849003791809082,1,fake,ft_default
sd15_fp4,CLIP-D,default,/media/CrispyMcMarkInc/fake-images-img2img/00096_sd15_fp4_seed219_s30_g3.5_str0.3.png,fake,0.9993934631347656,0.084916353225708,1,fake,ft_default
sd35_fp4,CLIP-D,default,/media/CrispyMcMarkInc/fake-images-img2img/00025_sd35_fp4_seed148_s30_g3.5_str0.3.png,fake,0.9999642372131348,0.0853691101074218,1,fake,ft_default
sd15_fp8,CLIP-D,default,/media/CrispyMcMarkInc/fake-images-img2img/00069_sd15_fp8_seed192_s30_g3.5_str0.3.png,fake,0.9996317625045776,0.0846765041351318,1,fake,ft_default
sd35_fp8,CLIP-D,default,/media/CrispyMcMarkInc/fake-images-img2img/00025_sd35_fp8_seed148_s30_g3.5_str0.3.png,fake,0.999981164932251,0.0858879089355468,1,fake,ft_default
sd3_fp8,CLIP-D,default,/media/CrispyMcMarkInc/fake-images-img2img/00098_sd3_fp8_seed221_s30_g3.5_str0.3.png,fake,0.9987698197364808,0.0880894660949707,1,fake,ft_default
sd3_fp8,CLIP-D,default,/media/CrispyMcMarkInc/fake-images-img2img/00064_sd3_fp8_seed187_s30_g3.5_str0.3.png,fake,0.9997195601463318,0.0879106521606445,1,fake,ft_default
sd3_fp4,CLIP-D,default,/media/CrispyMcMarkInc/fake-images-img2img/00036_sd3_fp4_seed159_s30_g3.5_str0.3.png,fake,0.999062955379486,0.0871424674987793,1,fake,ft_default
sd15_fp16,CLIP-D,default,/media/CrispyMcMarkInc/fake-images-img2img/00060_sd15_fp16_seed183_s30_g3.5_str0.3.png,fake,0.9684896469116212,0.0870048999786377,1,fake,ft_default
sd3_fp8,CLIP-D,default,/media/CrispyMcMarkInc/fake-images-img2img/00003_sd3_fp8_seed126_s30_g3.5_str0.3.png,fake,0.9980286955833436,0.0842735767364502,1,fake,ft_default
sd3_fp16,CLIP-D,default,/media/CrispyMcMarkInc/fake-images-img2img/00043_sd3_fp16_seed166_s30_g3.5_str0.3.png,fake,0.999911904335022,0.0846822261810302,1,fake,ft_default
sd35_fp8,CLIP-D,default,/media/CrispyMcMarkInc/fake-images-img2img/00030_sd35_fp8_seed153_s30_g3.5_str0.3.png,fake,0.9990602135658264,0.0855252742767334,1,fake,ft_default
sd15_fp8,CLIP-D,default,/media/CrispyMcMarkInc/fake-images-img2img/00045_sd15_fp8_seed168_s30_g3.5_str0.3.png,fake,0.9999576807022096,0.0852606296539306,1,fake,ft_default
sd15_fp4,CLIP-D,default,/media/CrispyMcMarkInc/fake-images-img2img/00046_sd15_fp4_seed169_s30_g3.5_str0.3.png,fake,0.9999182224273682,0.0843589305877685,1,fake,ft_default
sd35_fp4,CLIP-D,default,/media/CrispyMcMarkInc/fake-images-img2img/00056_sd35_fp4_seed179_s30_g3.5_str0.3.png,fake,0.9998069405555724,0.0830459594726562,1,fake,ft_default
sd35_fp16,CLIP-D,default,/media/CrispyMcMarkInc/fake-images-img2img/00091_sd35_fp16_seed214_s30_g3.5_str0.3.png,fake,0.9994248151779176,0.0841994285583496,1,fake,ft_default
sd15_fp16,CLIP-D,default,/media/CrispyMcMarkInc/fake-images-img2img/00040_sd15_fp16_seed163_s30_g3.5_str0.3.png,fake,0.9998893737792968,0.0884168148040771,1,fake,ft_default
sd35_fp16,CLIP-D,default,/media/CrispyMcMarkInc/fake-images-img2img/00071_sd35_fp16_seed194_s30_g3.5_str0.3.png,fake,0.998262345790863,0.0854296684265136,1,fake,ft_default
sd3_fp16,CLIP-D,default,/media/CrispyMcMarkInc/fake-images-img2img/00048_sd3_fp16_seed171_s30_g3.5_str0.3.png,fake,0.9961523413658142,0.0833930969238281,1,fake,ft_default
sd35_fp8,CLIP-D,default,/media/CrispyMcMarkInc/fake-images-img2img/00044_sd35_fp8_seed167_s30_g3.5_str0.3.png,fake,0.9978848099708556,0.0879290103912353,1,fake,ft_default
sd3_fp4,CLIP-D,default,/media/CrispyMcMarkInc/fake-images-img2img/00016_sd3_fp4_seed139_s30_g3.5_str0.3.png,fake,0.9986639022827148,0.0913045406341552,1,fake,ft_default
sd35_fp4,CLIP-D,default,/media/CrispyMcMarkInc/fake-images-img2img/00048_sd35_fp4_seed171_s30_g3.5_str0.3.png,fake,0.9972475171089172,0.0824108123779296,1,fake,ft_default
sd35_fp16,CLIP-D,default,/media/CrispyMcMarkInc/fake-images-img2img/00096_sd35_fp16_seed219_s30_g3.5_str0.3.png,fake,0.998713493347168,0.0843377113342285,1,fake,ft_default
sd35_fp16,CLIP-D,default,/media/CrispyMcMarkInc/fake-images-img2img/00060_sd35_fp16_seed183_s30_g3.5_str0.3.png,fake,0.9935909509658812,0.0857484340667724,1,fake,ft_default
sd35_fp8,CLIP-D,default,/media/CrispyMcMarkInc/fake-images-img2img/00045_sd35_fp8_seed168_s30_g3.5_str0.3.png,fake,0.9999723434448242,0.0845406055450439,1,fake,ft_default
sd35_fp4,CLIP-D,default,/media/CrispyMcMarkInc/fake-images-img2img/00023_sd35_fp4_seed146_s30_g3.5_str0.3.png,fake,0.9893922805786132,0.0863704681396484,1,fake,ft_default
sd35_fp16,CLIP-D,default,/media/CrispyMcMarkInc/fake-images-img2img/00077_sd35_fp16_seed200_s30_g3.5_str0.3.png,fake,0.999923586845398,0.0859708786010742,1,fake,ft_default
sd3_fp16,CLIP-D,default,/media/CrispyMcMarkInc/fake-images-img2img/00034_sd3_fp16_seed157_s30_g3.5_str0.3.png,fake,0.9984768033027648,0.0846786499023437,1,fake,ft_default
sd35_fp16,CLIP-D,default,/media/CrispyMcMarkInc/fake-images-img2img/00084_sd35_fp16_seed207_s30_g3.5_str0.3.png,fake,0.9977253079414368,0.0833833217620849,1,fake,ft_default
sd35_fp16,CLIP-D,default,/media/CrispyMcMarkInc/fake-images-img2img/00003_sd35_fp16_seed126_s30_g3.5_str0.3.png,fake,0.9998898506164552,0.0826056003570556,1,fake,ft_default
sd3_fp16,CLIP-D,default,/media/CrispyMcMarkInc/fake-images-img2img/00056_sd3_fp16_seed179_s30_g3.5_str0.3.png,fake,0.9997922778129578,0.083911657333374,1,fake,ft_default
sd3_fp8,CLIP-D,default,/media/CrispyMcMarkInc/fake-images-img2img/00082_sd3_fp8_seed205_s30_g3.5_str0.3.png,fake,0.999732792377472,0.0837850570678711,1,fake,ft_default
sd3_fp16,CLIP-D,default,/media/CrispyMcMarkInc/fake-images-img2img/00085_sd3_fp16_seed208_s30_g3.5_str0.3.png,fake,0.9999020099639891,0.0820677280426025,1,fake,ft_default
sd3_fp16,CLIP-D,default,/media/CrispyMcMarkInc/fake-images-img2img/00019_sd3_fp16_seed142_s30_g3.5_str0.3.png,fake,0.99956613779068,0.0820555686950683,1,fake,ft_default
sd15_fp8,CLIP-D,default,/media/CrispyMcMarkInc/fake-images-img2img/00000_sd15_fp8_seed123_s30_g3.5_str0.3.png,fake,0.9972244501113892,0.0861744880676269,1,fake,ft_default
sd3_fp8,CLIP-D,default,/media/CrispyMcMarkInc/fake-images-img2img/00047_sd3_fp8_seed170_s30_g3.5_str0.3.png,fake,0.9994065761566162,0.0815999507904052,1,fake,ft_default
sd15_fp4,CLIP-D,default,/media/CrispyMcMarkInc/fake-images-img2img/00080_sd15_fp4_seed203_s30_g3.5_str0.3.png,fake,0.991523027420044,0.0840487480163574,1,fake,ft_default
sd3_fp8,CLIP-D,default,/media/CrispyMcMarkInc/fake-images-img2img/00039_sd3_fp8_seed162_s30_g3.5_str0.3.png,fake,0.999129354953766,0.0833170413970947,1,fake,ft_default
sd15_fp16,CLIP-D,default,/media/CrispyMcMarkInc/fake-images-img2img/00028_sd15_fp16_seed151_s30_g3.5_str0.3.png,fake,0.9991833567619324,0.0877199172973632,1,fake,ft_default
sd3_fp16,CLIP-D,default,/media/CrispyMcMarkInc/fake-images-img2img/00036_sd3_fp16_seed159_s30_g3.5_str0.3.png,fake,0.999415159225464,0.0833959579467773,1,fake,ft_default
sd15_fp8,CLIP-D,default,/media/CrispyMcMarkInc/fake-images-img2img/00014_sd15_fp8_seed137_s30_g3.5_str0.3.png,fake,0.9994422793388368,0.0813298225402832,1,fake,ft_default
sd35_fp16,CLIP-D,default,/media/CrispyMcMarkInc/fake-images-img2img/00031_sd35_fp16_seed154_s30_g3.5_str0.3.png,fake,0.9783331751823424,0.0915429592132568,1,fake,ft_default
sd35_fp16,CLIP-D,default,/media/CrispyMcMarkInc/fake-images-img2img/00048_sd35_fp16_seed171_s30_g3.5_str0.3.png,fake,0.9916650652885436,0.0888173580169677,1,fake,ft_default
sd15_fp8,CLIP-D,default,/media/CrispyMcMarkInc/fake-images-img2img/00007_sd15_fp8_seed130_s30_g3.5_str0.3.png,fake,0.9995355606079102,0.0938379764556884,1,fake,ft_default
sd35_fp16,CLIP-D,default,/media/CrispyMcMarkInc/fake-images-img2img/00065_sd35_fp16_seed188_s30_g3.5_str0.3.png,fake,0.9991938471794128,0.0934338569641113,1,fake,ft_default
sd3_fp8,CLIP-D,default,/media/CrispyMcMarkInc/fake-images-img2img/00054_sd3_fp8_seed177_s30_g3.5_str0.3.png,fake,0.9998679161071776,0.094334602355957,1,fake,ft_default
sd3_fp16,CLIP-D,default,/media/CrispyMcMarkInc/fake-images-img2img/00077_sd3_fp16_seed200_s30_g3.5_str0.3.png,fake,0.9997904896736144,0.0970830917358398,1,fake,ft_default
sd3_fp8,CLIP-D,default,/media/CrispyMcMarkInc/fake-images-img2img/00076_sd3_fp8_seed199_s30_g3.5_str0.3.png,fake,0.9963213205337524,0.0972213745117187,1,fake,ft_default
sd35_fp16,CLIP-D,default,/media/CrispyMcMarkInc/fake-images-img2img/00004_sd35_fp16_seed127_s30_g3.5_str0.3.png,fake,0.9971023201942444,0.0946795940399169,1,fake,ft_default
sd35_fp8,CLIP-D,default,/media/CrispyMcMarkInc/fake-images-img2img/00018_sd35_fp8_seed141_s30_g3.5_str0.3.png,fake,0.9998506307601928,0.0951457023620605,1,fake,ft_default
sd3_fp8,CLIP-D,default,/media/CrispyMcMarkInc/fake-images-img2img/00020_sd3_fp8_seed143_s30_g3.5_str0.3.png,fake,0.9982935786247252,0.0950632095336914,1,fake,ft_default
sd3_fp4,CLIP-D,default,/media/CrispyMcMarkInc/fake-images-img2img/00007_sd3_fp4_seed130_s30_g3.5_str0.3.png,fake,0.9994065761566162,0.096125841140747,1,fake,ft_default
sd35_fp16,CLIP-D,default,/media/CrispyMcMarkInc/fake-images-img2img/00080_sd35_fp16_seed203_s30_g3.5_str0.3.png,fake,0.8535550832748413,0.0930457115173339,1,fake,ft_default
sd3_fp4,CLIP-D,default,/media/CrispyMcMarkInc/fake-images-img2img/00011_sd3_fp4_seed134_s30_g3.5_str0.3.png,fake,0.9995126724243164,0.0947444438934326,1,fake,ft_default
sd35_fp4,CLIP-D,default,/media/CrispyMcMarkInc/fake-images-img2img/00080_sd35_fp4_seed203_s30_g3.5_str0.3.png,fake,0.9931540489196776,0.095362901687622,1,fake,ft_default
sd15_fp8,CLIP-D,default,/media/CrispyMcMarkInc/fake-images-img2img/00093_sd15_fp8_seed216_s30_g3.5_str0.3.png,fake,0.999910831451416,0.0952904224395752,1,fake,ft_default
sd35_fp16,CLIP-D,default,/media/CrispyMcMarkInc/fake-images-img2img/00022_sd35_fp16_seed145_s30_g3.5_str0.3.png,fake,0.9947018027305604,0.095674991607666,1,fake,ft_default
sd15_fp4,CLIP-D,default,/media/CrispyMcMarkInc/fake-images-img2img/00081_sd15_fp4_seed204_s30_g3.5_str0.3.png,fake,0.9996933937072754,0.0948412418365478,1,fake,ft_default
sd15_fp16,CLIP-D,default,/media/CrispyMcMarkInc/fake-images-img2img/00029_sd15_fp16_seed152_s30_g3.5_str0.3.png,fake,0.9997592568397522,0.0926349163055419,1,fake,ft_default
sd15_fp16,CLIP-D,default,/media/CrispyMcMarkInc/fake-images-img2img/00094_sd15_fp16_seed217_s30_g3.5_str0.3.png,fake,0.999165177345276,0.0944242477416992,1,fake,ft_default
sd15_fp8,CLIP-D,default,/media/CrispyMcMarkInc/fake-images-img2img/00016_sd15_fp8_seed139_s30_g3.5_str0.3.png,fake,0.9990180730819702,0.0940291881561279,1,fake,ft_default
sd35_fp8,CLIP-D,default,/media/CrispyMcMarkInc/fake-images-img2img/00058_sd35_fp8_seed181_s30_g3.5_str0.3.png,fake,0.9997642636299132,0.0903830528259277,1,fake,ft_default
sd3_fp4,CLIP-D,default,/media/CrispyMcMarkInc/fake-images-img2img/00079_sd3_fp4_seed202_s30_g3.5_str0.3.png,fake,0.99988055229187,0.0899937152862548,1,fake,ft_default
sd35_fp8,CLIP-D,default,/media/CrispyMcMarkInc/fake-images-img2img/00078_sd35_fp8_seed201_s30_g3.5_str0.3.png,fake,0.9961498975753784,0.095712661743164,1,fake,ft_default
sd35_fp16,CLIP-D,default,/media/CrispyMcMarkInc/fake-images-img2img/00033_sd35_fp16_seed156_s30_g3.5_str0.3.png,fake,0.9998154044151306,0.0914735794067382,1,fake,ft_default
sd3_fp4,CLIP-D,default,/media/CrispyMcMarkInc/fake-images-img2img/00042_sd3_fp4_seed165_s30_g3.5_str0.3.png,fake,0.9960302710533142,0.0929551124572753,1,fake,ft_default
sd3_fp4,CLIP-D,default,/media/CrispyMcMarkInc/fake-images-img2img/00006_sd3_fp4_seed129_s30_g3.5_str0.3.png,fake,0.9989870190620422,0.0940613746643066,1,fake,ft_default
sd35_fp4,CLIP-D,default,/media/CrispyMcMarkInc/fake-images-img2img/00078_sd35_fp4_seed201_s30_g3.5_str0.3.png,fake,0.990132212638855,0.0947346687316894,1,fake,ft_default
sd15_fp16,CLIP-D,default,/media/CrispyMcMarkInc/fake-images-img2img/00001_sd15_fp16_seed124_s30_g3.5_str0.3.png,fake,0.9996933937072754,0.0946028232574462,1,fake,ft_default
sd3_fp8,CLIP-D,default,/media/CrispyMcMarkInc/fake-images-img2img/00071_sd3_fp8_seed194_s30_g3.5_str0.3.png,fake,0.9968252182006836,0.0955009460449218,1,fake,ft_default
sd3_fp8,CLIP-D,default,/media/CrispyMcMarkInc/fake-images-img2img/00023_sd3_fp8_seed146_s30_g3.5_str0.3.png,fake,0.9886763095855712,0.092414379119873,1,fake,ft_default
sd15_fp4,CLIP-D,default,/media/CrispyMcMarkInc/fake-images-img2img/00078_sd15_fp4_seed201_s30_g3.5_str0.3.png,fake,0.9927456974983216,0.0888473987579345,1,fake,ft_default
sd3_fp4,CLIP-D,default,/media/CrispyMcMarkInc/fake-images-img2img/00041_sd3_fp4_seed164_s30_g3.5_str0.3.png,fake,0.9995619654655457,0.0934154987335205,1,fake,ft_default
sd35_fp4,CLIP-D,default,/media/CrispyMcMarkInc/fake-images-img2img/00094_sd35_fp4_seed217_s30_g3.5_str0.3.png,fake,0.9992089867591858,0.0945312976837158,1,fake,ft_default
sd3_fp8,CLIP-D,default,/media/CrispyMcMarkInc/fake-images-img2img/00087_sd3_fp8_seed210_s30_g3.5_str0.3.png,fake,0.9962168335914612,0.0928528308868408,1,fake,ft_default
sd3_fp4,CLIP-D,default,/media/CrispyMcMarkInc/fake-images-img2img/00097_sd3_fp4_seed220_s30_g3.5_str0.3.png,fake,0.9999392032623292,0.0943996906280517,1,fake,ft_default
sd3_fp8,CLIP-D,default,/media/CrispyMcMarkInc/fake-images-img2img/00049_sd3_fp8_seed172_s30_g3.5_str0.3.png,fake,0.999283492565155,0.0955214500427246,1,fake,ft_default
sd15_fp16,CLIP-D,default,/media/CrispyMcMarkInc/fake-images-img2img/00061_sd15_fp16_seed184_s30_g3.5_str0.3.png,fake,0.9992133378982544,0.0963263511657714,1,fake,ft_default
sd3_fp4,CLIP-D,default,/media/CrispyMcMarkInc/fake-images-img2img/00052_sd3_fp4_seed175_s30_g3.5_str0.3.png,fake,0.9992246627807616,0.0947606563568115,1,fake,ft_default
sd15_fp4,CLIP-D,default,/media/CrispyMcMarkInc/fake-images-img2img/00019_sd15_fp4_seed142_s30_g3.5_str0.3.png,fake,0.9995312690734864,0.0935449600219726,1,fake,ft_default
sd3_fp4,CLIP-D,default,/media/CrispyMcMarkInc/fake-images-img2img/00047_sd3_fp4_seed170_s30_g3.5_str0.3.png,fake,0.9998725652694702,0.0913736820220947,1,fake,ft_default
sd35_fp8,CLIP-D,default,/media/CrispyMcMarkInc/fake-images-img2img/00064_sd35_fp8_seed187_s30_g3.5_str0.3.png,fake,0.9997639060020448,0.0938086509704589,1,fake,ft_default
sd3_fp8,CLIP-D,default,/media/CrispyMcMarkInc/fake-images-img2img/00000_sd3_fp8_seed123_s30_g3.5_str0.3.png,fake,0.999319553375244,0.0973424911499023,1,fake,ft_default
sd15_fp4,CLIP-D,default,/media/CrispyMcMarkInc/fake-images-img2img/00049_sd15_fp4_seed172_s30_g3.5_str0.3.png,fake,0.9994992017745972,0.0945062637329101,1,fake,ft_default
sd15_fp4,CLIP-D,default,/media/CrispyMcMarkInc/fake-images-img2img/00009_sd15_fp4_seed132_s30_g3.5_str0.3.png,fake,0.999666690826416,0.0946128368377685,1,fake,ft_default
sd15_fp16,CLIP-D,default,/media/CrispyMcMarkInc/fake-images-img2img/00050_sd15_fp16_seed173_s30_g3.5_str0.3.png,fake,0.9877927899360656,0.0698707103729248,1,fake,ft_default
sd35_fp16,CLIP-D,default,/media/CrispyMcMarkInc/fake-images-img2img/00059_sd35_fp16_seed182_s30_g3.5_str0.3.png,fake,0.9950856566429138,0.0939593315124511,1,fake,ft_default
sd3_fp4,CLIP-D,default,/media/CrispyMcMarkInc/fake-images-img2img/00017_sd3_fp4_seed140_s30_g3.5_str0.3.png,fake,0.999884843826294,0.0946729183197021,1,fake,ft_default
sd15_fp16,CLIP-D,default,/media/CrispyMcMarkInc/fake-images-img2img/00037_sd15_fp16_seed160_s30_g3.5_str0.3.png,fake,0.998898148536682,0.0952351093292236,1,fake,ft_default
sd35_fp8,CLIP-D,default,/media/CrispyMcMarkInc/fake-images-img2img/00037_sd35_fp8_seed160_s30_g3.5_str0.3.png,fake,0.9961127638816832,0.0956645011901855,1,fake,ft_default
sd15_fp4,CLIP-D,default,/media/CrispyMcMarkInc/fake-images-img2img/00089_sd15_fp4_seed212_s30_g3.5_str0.3.png,fake,0.9996583461761476,0.0890431404113769,1,fake,ft_default
sd35_fp16,CLIP-D,default,/media/CrispyMcMarkInc/fake-images-img2img/00056_sd35_fp16_seed179_s30_g3.5_str0.3.png,fake,0.9998114705085754,0.0923976898193359,1,fake,ft_default
sd3_fp8,CLIP-D,default,/media/CrispyMcMarkInc/fake-images-img2img/00091_sd3_fp8_seed214_s30_g3.5_str0.3.png,fake,0.9992840886116028,0.0942113399505615,1,fake,ft_default
sd35_fp8,CLIP-D,default,/media/CrispyMcMarkInc/fake-images-img2img/00020_sd35_fp8_seed143_s30_g3.5_str0.3.png,fake,0.9990203380584716,0.0954267978668212,1,fake,ft_default
sd35_fp8,CLIP-D,default,/media/CrispyMcMarkInc/fake-images-img2img/00070_sd35_fp8_seed193_s30_g3.5_str0.3.png,fake,0.999670147895813,0.0880849361419677,1,fake,ft_default
sd3_fp8,CLIP-D,default,/media/CrispyMcMarkInc/fake-images-img2img/00068_sd3_fp8_seed191_s30_g3.5_str0.3.png,fake,0.9999550580978394,0.0941419601440429,1,fake,ft_default
sd35_fp8,CLIP-D,default,/media/CrispyMcMarkInc/fake-images-img2img/00002_sd35_fp8_seed125_s30_g3.5_str0.3.png,fake,0.9995033740997314,0.0957834720611572,1,fake,ft_default
sd15_fp16,CLIP-D,default,/media/CrispyMcMarkInc/fake-images-img2img/00067_sd15_fp16_seed190_s30_g3.5_str0.3.png,fake,0.9997573494911194,0.0964894294738769,1,fake,ft_default
sd3_fp16,CLIP-D,default,/media/CrispyMcMarkInc/fake-images-img2img/00074_sd3_fp16_seed197_s30_g3.5_str0.3.png,fake,0.9999122619628906,0.0946033000946044,1,fake,ft_default
sd35_fp8,CLIP-D,default,/media/CrispyMcMarkInc/fake-images-img2img/00057_sd35_fp8_seed180_s30_g3.5_str0.3.png,fake,0.9936099648475648,0.0954155921936035,1,fake,ft_default
sd3_fp8,CLIP-D,default,/media/CrispyMcMarkInc/fake-images-img2img/00032_sd3_fp8_seed155_s30_g3.5_str0.3.png,fake,0.9998615980148317,0.0950300693511962,1,fake,ft_default
sd15_fp4,CLIP-D,default,/media/CrispyMcMarkInc/fake-images-img2img/00087_sd15_fp4_seed210_s30_g3.5_str0.3.png,fake,0.9990648627281188,0.0963013172149658,1,fake,ft_default
sd3_fp8,CLIP-D,default,/media/CrispyMcMarkInc/fake-images-img2img/00078_sd3_fp8_seed201_s30_g3.5_str0.3.png,fake,0.9966734647750854,0.0958428382873535,1,fake,ft_default
sd3_fp16,CLIP-D,default,/media/CrispyMcMarkInc/fake-images-img2img/00007_sd3_fp16_seed130_s30_g3.5_str0.3.png,fake,0.9993333220481871,0.0955121517181396,1,fake,ft_default
sd35_fp16,CLIP-D,default,/media/CrispyMcMarkInc/fake-images-img2img/00055_sd35_fp16_seed178_s30_g3.5_str0.3.png,fake,0.9999712705612184,0.0933506488800048,1,fake,ft_default
sd15_fp16,CLIP-D,default,/media/CrispyMcMarkInc/fake-images-img2img/00085_sd15_fp16_seed208_s30_g3.5_str0.3.png,fake,0.999607264995575,0.089259386062622,1,fake,ft_default
sd15_fp4,CLIP-D,default,/media/CrispyMcMarkInc/fake-images-img2img/00012_sd15_fp4_seed135_s30_g3.5_str0.3.png,fake,0.9998795986175536,0.0982310771942138,1,fake,ft_default
sd35_fp8,CLIP-D,default,/media/CrispyMcMarkInc/fake-images-img2img/00071_sd35_fp8_seed194_s30_g3.5_str0.3.png,fake,0.998140811920166,0.0967569351196289,1,fake,ft_default
sd3_fp16,CLIP-D,default,/media/CrispyMcMarkInc/fake-images-img2img/00054_sd3_fp16_seed177_s30_g3.5_str0.3.png,fake,0.999862551689148,0.0945703983306884,1,fake,ft_default
sd3_fp8,CLIP-D,default,/media/CrispyMcMarkInc/fake-images-img2img/00002_sd3_fp8_seed125_s30_g3.5_str0.3.png,fake,0.9996893405914308,0.097466230392456,1,fake,ft_default
sd15_fp16,CLIP-D,default,/media/CrispyMcMarkInc/fake-images-img2img/00009_sd15_fp16_seed132_s30_g3.5_str0.3.png,fake,0.9996223449707032,0.0940191745758056,1,fake,ft_default
sd15_fp16,CLIP-D,default,/media/CrispyMcMarkInc/fake-images-img2img/00016_sd15_fp16_seed139_s30_g3.5_str0.3.png,fake,0.9985798597335817,0.0934100151062011,1,fake,ft_default
sd3_fp16,CLIP-D,default,/media/CrispyMcMarkInc/fake-images-img2img/00087_sd3_fp16_seed210_s30_g3.5_str0.3.png,fake,0.9992635846138,0.0935397148132324,1,fake,ft_default
sd15_fp4,CLIP-D,default,/media/CrispyMcMarkInc/fake-images-img2img/00002_sd15_fp4_seed125_s30_g3.5_str0.3.png,fake,0.9996849298477172,0.0960705280303955,1,fake,ft_default
sd3_fp16,CLIP-D,default,/media/CrispyMcMarkInc/fake-images-img2img/00025_sd3_fp16_seed148_s30_g3.5_str0.3.png,fake,0.9999220371246338,0.093606948852539,1,fake,ft_default
sd35_fp16,CLIP-D,default,/media/CrispyMcMarkInc/fake-images-img2img/00099_sd35_fp16_seed222_s30_g3.5_str0.3.png,fake,0.9981287121772766,0.0953748226165771,1,fake,ft_default
sd35_fp4,CLIP-D,default,/media/CrispyMcMarkInc/fake-images-img2img/00000_sd35_fp4_seed123_s30_g3.5_str0.3.png,fake,0.999298930168152,0.0979719161987304,1,fake,ft_default
sd15_fp16,CLIP-D,default,/media/CrispyMcMarkInc/fake-images-img2img/00066_sd15_fp16_seed189_s30_g3.5_str0.3.png,fake,0.9981879591941832,0.0970191955566406,1,fake,ft_default
sd35_fp8,CLIP-D,default,/media/CrispyMcMarkInc/fake-images-img2img/00099_sd35_fp8_seed222_s30_g3.5_str0.3.png,fake,0.99883371591568,0.0943419933319091,1,fake,ft_default
sd15_fp16,CLIP-D,default,/media/CrispyMcMarkInc/fake-images-img2img/00002_sd15_fp16_seed125_s30_g3.5_str0.3.png,fake,0.9997765421867372,0.095632791519165,1,fake,ft_default
sd15_fp8,CLIP-D,default,/media/CrispyMcMarkInc/fake-images-img2img/00060_sd15_fp8_seed183_s30_g3.5_str0.3.png,fake,0.9626919627189636,0.0970230102539062,1,fake,ft_default
sd35_fp4,CLIP-D,default,/media/CrispyMcMarkInc/fake-images-img2img/00044_sd35_fp4_seed167_s30_g3.5_str0.3.png,fake,0.9971076846122742,0.0980956554412841,1,fake,ft_default
sd15_fp16,CLIP-D,default,/media/CrispyMcMarkInc/fake-images-img2img/00057_sd15_fp16_seed180_s30_g3.5_str0.3.png,fake,0.9737136363983154,0.0971417427062988,1,fake,ft_default
sd3_fp8,CLIP-D,default,/media/CrispyMcMarkInc/fake-images-img2img/00040_sd3_fp8_seed163_s30_g3.5_str0.3.png,fake,0.9999254941940308,0.0879838466644287,1,fake,ft_default
sd15_fp4,CLIP-D,default,/media/CrispyMcMarkInc/fake-images-img2img/00063_sd15_fp4_seed186_s30_g3.5_str0.3.png,fake,0.9993650317192078,0.0969529151916503,1,fake,ft_default
sd35_fp4,CLIP-D,default,/media/CrispyMcMarkInc/fake-images-img2img/00065_sd35_fp4_seed188_s30_g3.5_str0.3.png,fake,0.9993233680725098,0.0964906215667724,1,fake,ft_default
sd35_fp16,CLIP-D,default,/media/CrispyMcMarkInc/fake-images-img2img/00044_sd35_fp16_seed167_s30_g3.5_str0.3.png,fake,0.9972078204154968,0.0966856479644775,1,fake,ft_default
sd35_fp8,CLIP-D,default,/media/CrispyMcMarkInc/fake-images-img2img/00074_sd35_fp8_seed197_s30_g3.5_str0.3.png,fake,0.9998873472213744,0.0951581001281738,1,fake,ft_default
sd15_fp4,CLIP-D,default,/media/CrispyMcMarkInc/fake-images-img2img/00052_sd15_fp4_seed175_s30_g3.5_str0.3.png,fake,0.999484658241272,0.0953118801116943,1,fake,ft_default
sd3_fp16,CLIP-D,default,/media/CrispyMcMarkInc/fake-images-img2img/00084_sd3_fp16_seed207_s30_g3.5_str0.3.png,fake,0.9952620267868042,0.0937366485595703,1,fake,ft_default
sd15_fp4,CLIP-D,default,/media/CrispyMcMarkInc/fake-images-img2img/00004_sd15_fp4_seed127_s30_g3.5_str0.3.png,fake,0.9993091821670532,0.0982224941253662,1,fake,ft_default
sd3_fp4,CLIP-D,default,/media/CrispyMcMarkInc/fake-images-img2img/00046_sd3_fp4_seed169_s30_g3.5_str0.3.png,fake,0.999969482421875,0.0967626571655273,1,fake,ft_default
sd15_fp4,CLIP-D,default,/media/CrispyMcMarkInc/fake-images-img2img/00084_sd15_fp4_seed207_s30_g3.5_str0.3.png,fake,0.995230495929718,0.095919132232666,1,fake,ft_default
sd35_fp16,CLIP-D,default,/media/CrispyMcMarkInc/fake-images-img2img/00070_sd35_fp16_seed193_s30_g3.5_str0.3.png,fake,0.9998164772987366,0.0955231189727783,1,fake,ft_default
sd3_fp8,CLIP-D,default,/media/CrispyMcMarkInc/fake-images-img2img/00010_sd3_fp8_seed133_s30_g3.5_str0.3.png,fake,0.9996941089630128,0.095454454421997,1,fake,ft_default
sd35_fp8,CLIP-D,default,/media/CrispyMcMarkInc/fake-images-img2img/00082_sd35_fp8_seed205_s30_g3.5_str0.3.png,fake,0.9998571872711182,0.0884451866149902,1,fake,ft_default
sd3_fp8,CLIP-D,default,/media/CrispyMcMarkInc/fake-images-img2img/00059_sd3_fp8_seed182_s30_g3.5_str0.3.png,fake,0.977208137512207,0.0951011180877685,1,fake,ft_default
sd3_fp8,CLIP-D,default,/media/CrispyMcMarkInc/fake-images-img2img/00067_sd3_fp8_seed190_s30_g3.5_str0.3.png,fake,0.9997896552085876,0.1017706394195556,1,fake,ft_default
sd3_fp8,CLIP-D,default,/media/CrispyMcMarkInc/fake-images-img2img/00045_sd3_fp8_seed168_s30_g3.5_str0.3.png,fake,0.9999557733535768,0.105806827545166,1,fake,ft_default
sd15_fp4,CLIP-D,default,/media/CrispyMcMarkInc/fake-images-img2img/00001_sd15_fp4_seed124_s30_g3.5_str0.3.png,fake,0.999669909477234,0.1030819416046142,1,fake,ft_default
sd3_fp8,CLIP-D,default,/media/CrispyMcMarkInc/fake-images-img2img/00074_sd3_fp8_seed197_s30_g3.5_str0.3.png,fake,0.9999109506607056,0.1038422584533691,1,fake,ft_default
sd35_fp4,CLIP-D,default,/media/CrispyMcMarkInc/fake-images-img2img/00089_sd35_fp4_seed212_s30_g3.5_str0.3.png,fake,0.9990932941436768,0.0979564189910888,1,fake,ft_default
sd15_fp4,CLIP-D,default,/media/CrispyMcMarkInc/fake-images-img2img/00033_sd15_fp4_seed156_s30_g3.5_str0.3.png,fake,0.9998142123222352,0.0959112644195556,1,fake,ft_default
sd35_fp16,CLIP-D,default,/media/CrispyMcMarkInc/fake-images-img2img/00013_sd35_fp16_seed136_s30_g3.5_str0.3.png,fake,0.99994695186615,0.0932404994964599,1,fake,ft_default
sd3_fp8,CLIP-D,default,/media/CrispyMcMarkInc/fake-images-img2img/00043_sd3_fp8_seed166_s30_g3.5_str0.3.png,fake,0.9999494552612304,0.0950889587402343,1,fake,ft_default
sd3_fp8,CLIP-D,default,/media/CrispyMcMarkInc/fake-images-img2img/00080_sd3_fp8_seed203_s30_g3.5_str0.3.png,fake,0.9903658628463744,0.0884983539581298,1,fake,ft_default
sd3_fp4,CLIP-D,default,/media/CrispyMcMarkInc/fake-images-img2img/00026_sd3_fp4_seed149_s30_g3.5_str0.3.png,fake,0.999588429927826,0.0950376987457275,1,fake,ft_default
sd35_fp8,CLIP-D,default,/media/CrispyMcMarkInc/fake-images-img2img/00027_sd35_fp8_seed150_s30_g3.5_str0.3.png,fake,0.998571753501892,0.0950555801391601,1,fake,ft_default
sd35_fp4,CLIP-D,default,/media/CrispyMcMarkInc/fake-images-img2img/00081_sd35_fp4_seed204_s30_g3.5_str0.3.png,fake,0.9992884397506714,0.0958070755004882,1,fake,ft_default
sd15_fp16,CLIP-D,default,/media/CrispyMcMarkInc/fake-images-img2img/00087_sd15_fp16_seed210_s30_g3.5_str0.3.png,fake,0.9990594983100892,0.0951414108276367,1,fake,ft_default
sd15_fp16,CLIP-D,default,/media/CrispyMcMarkInc/fake-images-img2img/00020_sd15_fp16_seed143_s30_g3.5_str0.3.png,fake,0.998406708240509,0.0937962532043457,1,fake,ft_default
sd35_fp4,CLIP-D,default,/media/CrispyMcMarkInc/fake-images-img2img/00095_sd35_fp4_seed218_s30_g3.5_str0.3.png,fake,0.9999263286590576,0.0958878993988037,1,fake,ft_default
sd15_fp8,CLIP-D,default,/media/CrispyMcMarkInc/fake-images-img2img/00065_sd15_fp8_seed188_s30_g3.5_str0.3.png,fake,0.9979154467582704,0.0970079898834228,1,fake,ft_default
sd35_fp16,CLIP-D,default,/media/CrispyMcMarkInc/fake-images-img2img/00068_sd35_fp16_seed191_s30_g3.5_str0.3.png,fake,0.999918818473816,0.0878131389617919,1,fake,ft_default
sd35_fp16,CLIP-D,default,/media/CrispyMcMarkInc/fake-images-img2img/00028_sd35_fp16_seed151_s30_g3.5_str0.3.png,fake,0.99733966588974,0.0957415103912353,1,fake,ft_default
sd15_fp16,CLIP-D,default,/media/CrispyMcMarkInc/fake-images-img2img/00081_sd15_fp16_seed204_s30_g3.5_str0.3.png,fake,0.9995020627975464,0.0943207740783691,1,fake,ft_default
sd35_fp4,CLIP-D,default,/media/CrispyMcMarkInc/fake-images-img2img/00035_sd35_fp4_seed158_s30_g3.5_str0.3.png,fake,0.999936819076538,0.0951478481292724,1,fake,ft_default
sd3_fp4,CLIP-D,default,/media/CrispyMcMarkInc/fake-images-img2img/00003_sd3_fp4_seed126_s30_g3.5_str0.3.png,fake,0.9996317625045776,0.0929017066955566,1,fake,ft_default
sd35_fp8,CLIP-D,default,/media/CrispyMcMarkInc/fake-images-img2img/00085_sd35_fp8_seed208_s30_g3.5_str0.3.png,fake,0.999721348285675,0.0900018215179443,1,fake,ft_default
sd35_fp16,CLIP-D,default,/media/CrispyMcMarkInc/fake-images-img2img/00006_sd35_fp16_seed129_s30_g3.5_str0.3.png,fake,0.9953742623329164,0.0978701114654541,1,fake,ft_default
sd3_fp8,CLIP-D,default,/media/CrispyMcMarkInc/fake-images-img2img/00004_sd3_fp8_seed127_s30_g3.5_str0.3.png,fake,0.9988070726394652,0.098031997680664,1,fake,ft_default
sd15_fp8,CLIP-D,default,/media/CrispyMcMarkInc/fake-images-img2img/00027_sd15_fp8_seed150_s30_g3.5_str0.3.png,fake,0.9972071051597596,0.096909761428833,1,fake,ft_default
sd3_fp4,CLIP-D,default,/media/CrispyMcMarkInc/fake-images-img2img/00029_sd3_fp4_seed152_s30_g3.5_str0.3.png,fake,0.9997459053993224,0.095360517501831,1,fake,ft_default
sd3_fp4,CLIP-D,default,/media/CrispyMcMarkInc/fake-images-img2img/00092_sd3_fp4_seed215_s30_g3.5_str0.3.png,fake,0.9987441301345824,0.0961475372314453,1,fake,ft_default
sd3_fp16,CLIP-D,default,/media/CrispyMcMarkInc/fake-images-img2img/00075_sd3_fp16_seed198_s30_g3.5_str0.3.png,fake,0.999810516834259,0.0926785469055175,1,fake,ft_default
sd15_fp8,CLIP-D,default,/media/CrispyMcMarkInc/fake-images-img2img/00032_sd15_fp8_seed155_s30_g3.5_str0.3.png,fake,0.999957799911499,0.0973513126373291,1,fake,ft_default
sd15_fp8,CLIP-D,default,/media/CrispyMcMarkInc/fake-images-img2img/00066_sd15_fp8_seed189_s30_g3.5_str0.3.png,fake,0.99763286113739,0.0974626541137695,1,fake,ft_default
sd15_fp8,CLIP-D,default,/media/CrispyMcMarkInc/fake-images-img2img/00030_sd15_fp8_seed153_s30_g3.5_str0.3.png,fake,0.9963635802268982,0.0966157913208007,1,fake,ft_default
sd15_fp16,CLIP-D,default,/media/CrispyMcMarkInc/fake-images-img2img/00007_sd15_fp16_seed130_s30_g3.5_str0.3.png,fake,0.9995352029800416,0.0894942283630371,1,fake,ft_default
sd35_fp16,CLIP-D,default,/media/CrispyMcMarkInc/fake-images-img2img/00029_sd35_fp16_seed152_s30_g3.5_str0.3.png,fake,0.9997984766960144,0.0951700210571289,1,fake,ft_default
sd15_fp16,CLIP-D,default,/media/CrispyMcMarkInc/fake-images-img2img/00039_sd15_fp16_seed162_s30_g3.5_str0.3.png,fake,0.9984105825424194,0.0966169834136962,1,fake,ft_default
sd3_fp16,CLIP-D,default,/media/CrispyMcMarkInc/fake-images-img2img/00066_sd3_fp16_seed189_s30_g3.5_str0.3.png,fake,0.9954861998558044,0.097355842590332,1,fake,ft_default
sd3_fp16,CLIP-D,default,/media/CrispyMcMarkInc/fake-images-img2img/00065_sd3_fp16_seed188_s30_g3.5_str0.3.png,fake,0.9987082481384276,0.0962336063385009,1,fake,ft_default
sd15_fp4,CLIP-D,default,/media/CrispyMcMarkInc/fake-images-img2img/00006_sd15_fp4_seed129_s30_g3.5_str0.3.png,fake,0.9985010623931884,0.0888190269470214,1,fake,ft_default
sd3_fp8,CLIP-D,default,/media/CrispyMcMarkInc/fake-images-img2img/00027_sd3_fp8_seed150_s30_g3.5_str0.3.png,fake,0.9975892305374146,0.0967786312103271,1,fake,ft_default
sd3_fp16,CLIP-D,default,/media/CrispyMcMarkInc/fake-images-img2img/00020_sd3_fp16_seed143_s30_g3.5_str0.3.png,fake,0.9983920454978944,0.0954225063323974,1,fake,ft_default
sd35_fp16,CLIP-D,default,/media/CrispyMcMarkInc/fake-images-img2img/00082_sd35_fp16_seed205_s30_g3.5_str0.3.png,fake,0.9998615980148317,0.0949299335479736,1,fake,ft_default
sd35_fp8,CLIP-D,default,/media/CrispyMcMarkInc/fake-images-img2img/00019_sd35_fp8_seed142_s30_g3.5_str0.3.png,fake,0.9995620846748352,0.0931978225708007,1,fake,ft_default
sd35_fp4,CLIP-D,default,/media/CrispyMcMarkInc/fake-images-img2img/00088_sd35_fp4_seed211_s30_g3.5_str0.3.png,fake,0.999106228351593,0.0972518920898437,1,fake,ft_default
sd3_fp4,CLIP-D,default,/media/CrispyMcMarkInc/fake-images-img2img/00095_sd3_fp4_seed218_s30_g3.5_str0.3.png,fake,0.999903917312622,0.0947287082672119,1,fake,ft_default
sd15_fp16,CLIP-D,default,/media/CrispyMcMarkInc/fake-images-img2img/00074_sd15_fp16_seed197_s30_g3.5_str0.3.png,fake,0.9997445940971376,0.0962526798248291,1,fake,ft_default
sd15_fp8,CLIP-D,default,/media/CrispyMcMarkInc/fake-images-img2img/00079_sd15_fp8_seed202_s30_g3.5_str0.3.png,fake,0.9996267557144164,0.0934326648712158,1,fake,ft_default
sd15_fp16,CLIP-D,default,/media/CrispyMcMarkInc/fake-images-img2img/00035_sd15_fp16_seed158_s30_g3.5_str0.3.png,fake,0.9990981817245485,0.0947072505950927,1,fake,ft_default
sd3_fp4,CLIP-D,default,/media/CrispyMcMarkInc/fake-images-img2img/00035_sd3_fp4_seed158_s30_g3.5_str0.3.png,fake,0.9999271631240844,0.0914657115936279,1,fake,ft_default
sd15_fp4,CLIP-D,default,/media/CrispyMcMarkInc/fake-images-img2img/00010_sd15_fp4_seed133_s30_g3.5_str0.3.png,fake,0.9997807145118712,0.0934245586395263,1,fake,ft_default
sd3_fp4,CLIP-D,default,/media/CrispyMcMarkInc/fake-images-img2img/00099_sd3_fp4_seed222_s30_g3.5_str0.3.png,fake,0.9993320107460022,0.0940380096435546,1,fake,ft_default
sd3_fp8,CLIP-D,default,/media/CrispyMcMarkInc/fake-images-img2img/00058_sd3_fp8_seed181_s30_g3.5_str0.3.png,fake,0.9996609687805176,0.0917792320251464,1,fake,ft_default
sd35_fp16,CLIP-D,default,/media/CrispyMcMarkInc/fake-images-img2img/00041_sd35_fp16_seed164_s30_g3.5_str0.3.png,fake,0.99970680475235,0.092059850692749,1,fake,ft_default
sd3_fp16,CLIP-D,default,/media/CrispyMcMarkInc/fake-images-img2img/00042_sd3_fp16_seed165_s30_g3.5_str0.3.png,fake,0.9975988268852234,0.0931975841522216,1,fake,ft_default
sd15_fp8,CLIP-D,default,/media/CrispyMcMarkInc/fake-images-img2img/00080_sd15_fp8_seed203_s30_g3.5_str0.3.png,fake,0.9463127255439758,0.0977416038513183,1,fake,ft_default
sd35_fp16,CLIP-D,default,/media/CrispyMcMarkInc/fake-images-img2img/00046_sd35_fp16_seed169_s30_g3.5_str0.3.png,fake,0.9999210834503174,0.0909712314605712,1,fake,ft_default
sd35_fp4,CLIP-D,default,/media/CrispyMcMarkInc/fake-images-img2img/00019_sd35_fp4_seed142_s30_g3.5_str0.3.png,fake,0.9997785687446594,0.0926239490509033,1,fake,ft_default
sd3_fp4,CLIP-D,default,/media/CrispyMcMarkInc/fake-images-img2img/00073_sd3_fp4_seed196_s30_g3.5_str0.3.png,fake,0.9999547004699708,0.0937576293945312,1,fake,ft_default
sd3_fp16,CLIP-D,default,/media/CrispyMcMarkInc/fake-images-img2img/00015_sd3_fp16_seed138_s30_g3.5_str0.3.png,fake,0.999409317970276,0.0962498188018798,1,fake,ft_default
sd3_fp4,CLIP-D,default,/media/CrispyMcMarkInc/fake-images-img2img/00025_sd3_fp4_seed148_s30_g3.5_str0.3.png,fake,0.9999725818634032,0.0959985256195068,1,fake,ft_default
sd3_fp8,CLIP-D,default,/media/CrispyMcMarkInc/fake-images-img2img/00057_sd3_fp8_seed180_s30_g3.5_str0.3.png,fake,0.9979378581047058,0.0937662124633789,1,fake,ft_default
sd15_fp8,CLIP-D,default,/media/CrispyMcMarkInc/fake-images-img2img/00092_sd15_fp8_seed215_s30_g3.5_str0.3.png,fake,0.9998239874839784,0.0949859619140625,1,fake,ft_default
sd3_fp16,CLIP-D,default,/media/CrispyMcMarkInc/fake-images-img2img/00000_sd3_fp16_seed123_s30_g3.5_str0.3.png,fake,0.9995597004890442,0.0963754653930664,1,fake,ft_default
sd35_fp4,CLIP-D,default,/media/CrispyMcMarkInc/fake-images-img2img/00029_sd35_fp4_seed152_s30_g3.5_str0.3.png,fake,0.9998294115066528,0.0923824310302734,1,fake,ft_default
sd3_fp8,CLIP-D,default,/media/CrispyMcMarkInc/fake-images-img2img/00016_sd3_fp8_seed139_s30_g3.5_str0.3.png,fake,0.9540194272994996,0.0918362140655517,1,fake,ft_default
sd3_fp8,CLIP-D,default,/media/CrispyMcMarkInc/fake-images-img2img/00006_sd3_fp8_seed129_s30_g3.5_str0.3.png,fake,0.99669349193573,0.1053154468536377,1,fake,ft_default
sd35_fp8,CLIP-D,default,/media/CrispyMcMarkInc/fake-images-img2img/00090_sd35_fp8_seed213_s30_g3.5_str0.3.png,fake,0.9874563813209534,0.0922377109527587,1,fake,ft_default
sd35_fp8,CLIP-D,default,/media/CrispyMcMarkInc/fake-images-img2img/00059_sd35_fp8_seed182_s30_g3.5_str0.3.png,fake,0.9981228709220886,0.0951290130615234,1,fake,ft_default
sd3_fp16,CLIP-D,default,/media/CrispyMcMarkInc/fake-images-img2img/00092_sd3_fp16_seed215_s30_g3.5_str0.3.png,fake,0.9875203371047974,0.0929510593414306,1,fake,ft_default
sd15_fp16,CLIP-D,default,/media/CrispyMcMarkInc/fake-images-img2img/00072_sd15_fp16_seed195_s30_g3.5_str0.3.png,fake,0.9969919919967652,0.0952298641204834,1,fake,ft_default
sd35_fp4,CLIP-D,default,/media/CrispyMcMarkInc/fake-images-img2img/00072_sd35_fp4_seed195_s30_g3.5_str0.3.png,fake,0.999800741672516,0.0865557193756103,1,fake,ft_default
sd15_fp16,CLIP-D,default,/media/CrispyMcMarkInc/fake-images-img2img/00005_sd15_fp16_seed128_s30_g3.5_str0.3.png,fake,0.9990776777267456,0.0874629020690918,1,fake,ft_default
sd35_fp4,CLIP-D,default,/media/CrispyMcMarkInc/fake-images-img2img/00070_sd35_fp4_seed193_s30_g3.5_str0.3.png,fake,0.9997658133506776,0.0930433273315429,1,fake,ft_default
sd3_fp16,CLIP-D,default,/media/CrispyMcMarkInc/fake-images-img2img/00003_sd3_fp16_seed126_s30_g3.5_str0.3.png,fake,0.9971820116043092,0.0923364162445068,1,fake,ft_default
sd35_fp16,CLIP-D,default,/media/CrispyMcMarkInc/fake-images-img2img/00067_sd35_fp16_seed190_s30_g3.5_str0.3.png,fake,0.9998323917388916,0.0917892456054687,1,fake,ft_default
sd35_fp8,CLIP-D,default,/media/CrispyMcMarkInc/fake-images-img2img/00053_sd35_fp8_seed176_s30_g3.5_str0.3.png,fake,0.986160397529602,0.091181993484497,1,fake,ft_default
sd15_fp16,CLIP-D,default,/media/CrispyMcMarkInc/fake-images-img2img/00076_sd15_fp16_seed199_s30_g3.5_str0.3.png,fake,0.977244794368744,0.0921287536621093,1,fake,ft_default
sd3_fp4,CLIP-D,default,/media/CrispyMcMarkInc/fake-images-img2img/00001_sd3_fp4_seed124_s30_g3.5_str0.3.png,fake,0.9994727969169616,0.0915601253509521,1,fake,ft_default
sd15_fp16,CLIP-D,default,/media/CrispyMcMarkInc/fake-images-img2img/00090_sd15_fp16_seed213_s30_g3.5_str0.3.png,fake,0.9982194304466248,0.0952742099761962,1,fake,ft_default
sd35_fp4,CLIP-D,default,/media/CrispyMcMarkInc/fake-images-img2img/00084_sd35_fp4_seed207_s30_g3.5_str0.3.png,fake,0.9982465505599976,0.0842576026916503,1,fake,ft_default
sd35_fp4,CLIP-D,default,/media/CrispyMcMarkInc/fake-images-img2img/00052_sd35_fp4_seed175_s30_g3.5_str0.3.png,fake,0.9979304075241088,0.0950684547424316,1,fake,ft_default
sd35_fp8,CLIP-D,default,/media/CrispyMcMarkInc/fake-images-img2img/00042_sd35_fp8_seed165_s30_g3.5_str0.3.png,fake,0.9976626634597778,0.093841552734375,1,fake,ft_default
sd15_fp16,CLIP-D,default,/media/CrispyMcMarkInc/fake-images-img2img/00047_sd15_fp16_seed170_s30_g3.5_str0.3.png,fake,0.9999566078186036,0.0966012477874755,1,fake,ft_default
sd35_fp8,CLIP-D,default,/media/CrispyMcMarkInc/fake-images-img2img/00068_sd35_fp8_seed191_s30_g3.5_str0.3.png,fake,0.9998961687088012,0.0931425094604492,1,fake,ft_default
sd3_fp16,CLIP-D,default,/media/CrispyMcMarkInc/fake-images-img2img/00090_sd3_fp16_seed213_s30_g3.5_str0.3.png,fake,0.9891589283943176,0.0956423282623291,1,fake,ft_default
sd15_fp16,CLIP-D,default,/media/CrispyMcMarkInc/fake-images-img2img/00012_sd15_fp16_seed135_s30_g3.5_str0.3.png,fake,0.9996352195739746,0.0975704193115234,1,fake,ft_default
sd35_fp4,CLIP-D,default,/media/CrispyMcMarkInc/fake-images-img2img/00045_sd35_fp4_seed168_s30_g3.5_str0.3.png,fake,0.9999678134918212,0.0937936305999755,1,fake,ft_default
sd15_fp4,CLIP-D,default,/media/CrispyMcMarkInc/fake-images-img2img/00021_sd15_fp4_seed144_s30_g3.5_str0.3.png,fake,0.999782383441925,0.0954387187957763,1,fake,ft_default
sd3_fp16,CLIP-D,default,/media/CrispyMcMarkInc/fake-images-img2img/00005_sd3_fp16_seed128_s30_g3.5_str0.3.png,fake,0.999442994594574,0.0953147411346435,1,fake,ft_default
sd35_fp4,CLIP-D,default,/media/CrispyMcMarkInc/fake-images-img2img/00082_sd35_fp4_seed205_s30_g3.5_str0.3.png,fake,0.9998900890350342,0.0939497947692871,1,fake,ft_default
sd15_fp8,CLIP-D,default,/media/CrispyMcMarkInc/fake-images-img2img/00002_sd15_fp8_seed125_s30_g3.5_str0.3.png,fake,0.9997716546058656,0.0963444709777832,1,fake,ft_default
sd3_fp8,CLIP-D,default,/media/CrispyMcMarkInc/fake-images-img2img/00044_sd3_fp8_seed167_s30_g3.5_str0.3.png,fake,0.9983047246932985,0.0924222469329834,1,fake,ft_default
sd35_fp4,CLIP-D,default,/media/CrispyMcMarkInc/fake-images-img2img/00099_sd35_fp4_seed222_s30_g3.5_str0.3.png,fake,0.9989784955978394,0.0952699184417724,1,fake,ft_default
sd15_fp16,CLIP-D,default,/media/CrispyMcMarkInc/fake-images-img2img/00065_sd15_fp16_seed188_s30_g3.5_str0.3.png,fake,0.9977614879608154,0.0960762500762939,1,fake,ft_default
sd35_fp16,CLIP-D,default,/media/CrispyMcMarkInc/fake-images-img2img/00000_sd35_fp16_seed123_s30_g3.5_str0.3.png,fake,0.9994298815727234,0.0929377079010009,1,fake,ft_default
sd35_fp4,CLIP-D,default,/media/CrispyMcMarkInc/fake-images-img2img/00015_sd35_fp4_seed138_s30_g3.5_str0.3.png,fake,0.9990336894989014,0.0954670906066894,1,fake,ft_default
sd15_fp4,CLIP-D,default,/media/CrispyMcMarkInc/fake-images-img2img/00017_sd15_fp4_seed140_s30_g3.5_str0.3.png,fake,0.9995157718658448,0.0903291702270507,1,fake,ft_default
sd35_fp8,CLIP-D,default,/media/CrispyMcMarkInc/fake-images-img2img/00054_sd35_fp8_seed177_s30_g3.5_str0.3.png,fake,0.9996334314346312,0.0848071575164794,1,fake,ft_default
sd15_fp8,CLIP-D,default,/media/CrispyMcMarkInc/fake-images-img2img/00052_sd15_fp8_seed175_s30_g3.5_str0.3.png,fake,0.999467670917511,0.0869734287261962,1,fake,ft_default
sd35_fp8,CLIP-D,default,/media/CrispyMcMarkInc/fake-images-img2img/00095_sd35_fp8_seed218_s30_g3.5_str0.3.png,fake,0.9999454021453856,0.0927741527557373,1,fake,ft_default
sd15_fp8,CLIP-D,default,/media/CrispyMcMarkInc/fake-images-img2img/00057_sd15_fp8_seed180_s30_g3.5_str0.3.png,fake,0.9651937484741212,0.0921022891998291,1,fake,ft_default
sd3_fp8,CLIP-D,default,/media/CrispyMcMarkInc/fake-images-img2img/00073_sd3_fp8_seed196_s30_g3.5_str0.3.png,fake,0.9999213218688964,0.0904920101165771,1,fake,ft_default
sd35_fp8,CLIP-D,default,/media/CrispyMcMarkInc/fake-images-img2img/00050_sd35_fp8_seed173_s30_g3.5_str0.3.png,fake,0.9994020462036132,0.0898215770721435,1,fake,ft_default
sd3_fp4,CLIP-D,default,/media/CrispyMcMarkInc/fake-images-img2img/00049_sd3_fp4_seed172_s30_g3.5_str0.3.png,fake,0.9995442032814026,0.086782693862915,1,fake,ft_default
sd15_fp8,CLIP-D,default,/media/CrispyMcMarkInc/fake-images-img2img/00026_sd15_fp8_seed149_s30_g3.5_str0.3.png,fake,0.9997197985649108,0.0864608287811279,1,fake,ft_default
sd35_fp8,CLIP-D,default,/media/CrispyMcMarkInc/fake-images-img2img/00097_sd35_fp8_seed220_s30_g3.5_str0.3.png,fake,0.9998083710670472,0.0864603519439697,1,fake,ft_default
sd15_fp16,CLIP-D,default,/media/CrispyMcMarkInc/fake-images-img2img/00051_sd15_fp16_seed174_s30_g3.5_str0.3.png,fake,0.999915361404419,0.0959920883178711,1,fake,ft_default
sd15_fp8,CLIP-D,default,/media/CrispyMcMarkInc/fake-images-img2img/00054_sd15_fp8_seed177_s30_g3.5_str0.3.png,fake,0.9995601773262024,0.0914351940155029,1,fake,ft_default
sd3_fp4,CLIP-D,default,/media/CrispyMcMarkInc/fake-images-img2img/00093_sd3_fp4_seed216_s30_g3.5_str0.3.png,fake,0.9998806715011596,0.09458589553833,1,fake,ft_default
sd3_fp16,CLIP-D,default,/media/CrispyMcMarkInc/fake-images-img2img/00096_sd3_fp16_seed219_s30_g3.5_str0.3.png,fake,0.9986629486083984,0.0950298309326171,1,fake,ft_default
sd35_fp4,CLIP-D,default,/media/CrispyMcMarkInc/fake-images-img2img/00064_sd35_fp4_seed187_s30_g3.5_str0.3.png,fake,0.999750792980194,0.0929217338562011,1,fake,ft_default
sd35_fp4,CLIP-D,default,/media/CrispyMcMarkInc/fake-images-img2img/00060_sd35_fp4_seed183_s30_g3.5_str0.3.png,fake,0.9967535138130188,0.0948069095611572,1,fake,ft_default
sd35_fp16,CLIP-D,default,/media/CrispyMcMarkInc/fake-images-img2img/00089_sd35_fp16_seed212_s30_g3.5_str0.3.png,fake,0.9980261921882628,0.0918776988983154,1,fake,ft_default
sd35_fp16,CLIP-D,default,/media/CrispyMcMarkInc/fake-images-img2img/00086_sd35_fp16_seed209_s30_g3.5_str0.3.png,fake,0.999964952468872,0.0943410396575927,1,fake,ft_default
sd3_fp4,CLIP-D,default,/media/CrispyMcMarkInc/fake-images-img2img/00062_sd3_fp4_seed185_s30_g3.5_str0.3.png,fake,0.9998379945755004,0.0946559906005859,1,fake,ft_default
sd15_fp16,CLIP-D,default,/media/CrispyMcMarkInc/fake-images-img2img/00026_sd15_fp16_seed149_s30_g3.5_str0.3.png,fake,0.9996840953826904,0.0928313732147216,1,fake,ft_default
sd3_fp4,CLIP-D,default,/media/CrispyMcMarkInc/fake-images-img2img/00059_sd3_fp4_seed182_s30_g3.5_str0.3.png,fake,0.9972130656242372,0.0973432064056396,1,fake,ft_default
sd15_fp8,CLIP-D,default,/media/CrispyMcMarkInc/fake-images-img2img/00070_sd15_fp8_seed193_s30_g3.5_str0.3.png,fake,0.9982465505599976,0.0942962169647216,1,fake,ft_default
sd35_fp4,CLIP-D,default,/media/CrispyMcMarkInc/fake-images-img2img/00006_sd35_fp4_seed129_s30_g3.5_str0.3.png,fake,0.9962921142578124,0.0937402248382568,1,fake,ft_default
sd35_fp16,CLIP-D,default,/media/CrispyMcMarkInc/fake-images-img2img/00015_sd35_fp16_seed138_s30_g3.5_str0.3.png,fake,0.999238133430481,0.0941665172576904,1,fake,ft_default
sd3_fp8,CLIP-D,default,/media/CrispyMcMarkInc/fake-images-img2img/00075_sd3_fp8_seed198_s30_g3.5_str0.3.png,fake,0.9997934699058532,0.0890424251556396,1,fake,ft_default
sd3_fp8,CLIP-D,default,/media/CrispyMcMarkInc/fake-images-img2img/00025_sd3_fp8_seed148_s30_g3.5_str0.3.png,fake,0.9999746084213256,0.0901787281036377,1,fake,ft_default
sd15_fp8,CLIP-D,default,/media/CrispyMcMarkInc/fake-images-img2img/00089_sd15_fp8_seed212_s30_g3.5_str0.3.png,fake,0.9996505975723268,0.0940265655517578,1,fake,ft_default
sd15_fp16,CLIP-D,default,/media/CrispyMcMarkInc/fake-images-img2img/00045_sd15_fp16_seed168_s30_g3.5_str0.3.png,fake,0.9999617338180542,0.0932433605194091,1,fake,ft_default
sd15_fp16,CLIP-D,default,/media/CrispyMcMarkInc/fake-images-img2img/00099_sd15_fp16_seed222_s30_g3.5_str0.3.png,fake,0.9766353368759156,0.0910303592681884,1,fake,ft_default
sd35_fp4,CLIP-D,default,/media/CrispyMcMarkInc/fake-images-img2img/00020_sd35_fp4_seed143_s30_g3.5_str0.3.png,fake,0.9992632269859314,0.0945935249328613,1,fake,ft_default
sd15_fp8,CLIP-D,default,/media/CrispyMcMarkInc/fake-images-img2img/00009_sd15_fp8_seed132_s30_g3.5_str0.3.png,fake,0.999514937400818,0.0918488502502441,1,fake,ft_default
sd35_fp16,CLIP-D,default,/media/CrispyMcMarkInc/fake-images-img2img/00087_sd35_fp16_seed210_s30_g3.5_str0.3.png,fake,0.9995700716972352,0.0922968387603759,1,fake,ft_default
sd3_fp4,CLIP-D,default,/media/CrispyMcMarkInc/fake-images-img2img/00009_sd3_fp4_seed132_s30_g3.5_str0.3.png,fake,0.9994718432426452,0.0916113853454589,1,fake,ft_default
sd35_fp16,CLIP-D,default,/media/CrispyMcMarkInc/fake-images-img2img/00030_sd35_fp16_seed153_s30_g3.5_str0.3.png,fake,0.9992409944534302,0.0874300003051757,1,fake,ft_default
sd35_fp8,CLIP-D,default,/media/CrispyMcMarkInc/fake-images-img2img/00047_sd35_fp8_seed170_s30_g3.5_str0.3.png,fake,0.999897003173828,0.0928475856781005,1,fake,ft_default
sd3_fp4,CLIP-D,default,/media/CrispyMcMarkInc/fake-images-img2img/00054_sd3_fp4_seed177_s30_g3.5_str0.3.png,fake,0.999935269355774,0.0953280925750732,1,fake,ft_default
sd35_fp8,CLIP-D,default,/media/CrispyMcMarkInc/fake-images-img2img/00028_sd35_fp8_seed151_s30_g3.5_str0.3.png,fake,0.99595707654953,0.0933127403259277,1,fake,ft_default
sd35_fp16,CLIP-D,default,/media/CrispyMcMarkInc/fake-images-img2img/00010_sd35_fp16_seed133_s30_g3.5_str0.3.png,fake,0.9997345805168152,0.0951998233795166,1,fake,ft_default
sd15_fp8,CLIP-D,default,/media/CrispyMcMarkInc/fake-images-img2img/00047_sd15_fp8_seed170_s30_g3.5_str0.3.png,fake,0.9999561309814452,0.096254825592041,1,fake,ft_default
sd15_fp4,CLIP-D,default,/media/CrispyMcMarkInc/fake-images-img2img/00082_sd15_fp4_seed205_s30_g3.5_str0.3.png,fake,0.9997736811637878,0.0971701145172119,1,fake,ft_default
sd3_fp8,CLIP-D,default,/media/CrispyMcMarkInc/fake-images-img2img/00008_sd3_fp8_seed131_s30_g3.5_str0.3.png,fake,0.9991746544837952,0.0950779914855957,1,fake,ft_default
sd15_fp4,CLIP-D,default,/media/CrispyMcMarkInc/fake-images-img2img/00051_sd15_fp4_seed174_s30_g3.5_str0.3.png,fake,0.9998735189437866,0.0949652194976806,1,fake,ft_default
sd15_fp16,CLIP-D,default,/media/CrispyMcMarkInc/fake-images-img2img/00018_sd15_fp16_seed141_s30_g3.5_str0.3.png,fake,0.999925971031189,0.0916097164154052,1,fake,ft_default
sd3_fp4,CLIP-D,default,/media/CrispyMcMarkInc/fake-images-img2img/00002_sd3_fp4_seed125_s30_g3.5_str0.3.png,fake,0.9999423027038574,0.0911293029785156,1,fake,ft_default
sd15_fp4,CLIP-D,default,/media/CrispyMcMarkInc/fake-images-img2img/00005_sd15_fp4_seed128_s30_g3.5_str0.3.png,fake,0.999402642250061,0.0913324356079101,1,fake,ft_default
sd35_fp4,CLIP-D,default,/media/CrispyMcMarkInc/fake-images-img2img/00040_sd35_fp4_seed163_s30_g3.5_str0.3.png,fake,0.9999585151672364,0.0883488655090332,1,fake,ft_default
sd3_fp8,CLIP-D,default,/media/CrispyMcMarkInc/fake-images-img2img/00034_sd3_fp8_seed157_s30_g3.5_str0.3.png,fake,0.9977854490280152,0.092792272567749,1,fake,ft_default
sd3_fp8,CLIP-D,default,/media/CrispyMcMarkInc/fake-images-img2img/00077_sd3_fp8_seed200_s30_g3.5_str0.3.png,fake,0.999834418296814,0.0937273502349853,1,fake,ft_default
sd3_fp4,CLIP-D,default,/media/CrispyMcMarkInc/fake-images-img2img/00084_sd3_fp4_seed207_s30_g3.5_str0.3.png,fake,0.9989093542099,0.0927379131317138,1,fake,ft_default
sd15_fp8,CLIP-D,default,/media/CrispyMcMarkInc/fake-images-img2img/00011_sd15_fp8_seed134_s30_g3.5_str0.3.png,fake,0.937016487121582,0.0856144428253173,1,fake,ft_default
sd15_fp4,CLIP-D,default,/media/CrispyMcMarkInc/fake-images-img2img/00028_sd15_fp4_seed151_s30_g3.5_str0.3.png,fake,0.9995205402374268,0.0944929122924804,1,fake,ft_default
sd35_fp4,CLIP-D,default,/media/CrispyMcMarkInc/fake-images-img2img/00047_sd35_fp4_seed170_s30_g3.5_str0.3.png,fake,0.9998328685760498,0.0928897857666015,1,fake,ft_default
sd3_fp8,CLIP-D,default,/media/CrispyMcMarkInc/fake-images-img2img/00092_sd3_fp8_seed215_s30_g3.5_str0.3.png,fake,0.977042019367218,0.0932106971740722,1,fake,ft_default
sd35_fp8,CLIP-D,default,/media/CrispyMcMarkInc/fake-images-img2img/00076_sd35_fp8_seed199_s30_g3.5_str0.3.png,fake,0.9929621815681458,0.094942569732666,1,fake,ft_default
sd3_fp8,CLIP-D,default,/media/CrispyMcMarkInc/fake-images-img2img/00066_sd3_fp8_seed189_s30_g3.5_str0.3.png,fake,0.99498850107193,0.0940921306610107,1,fake,ft_default
sd35_fp8,CLIP-D,default,/media/CrispyMcMarkInc/fake-images-img2img/00011_sd35_fp8_seed134_s30_g3.5_str0.3.png,fake,0.999703586101532,0.0946865081787109,1,fake,ft_default
sd15_fp8,CLIP-D,default,/media/CrispyMcMarkInc/fake-images-img2img/00020_sd15_fp8_seed143_s30_g3.5_str0.3.png,fake,0.9986396431922911,0.096891164779663,1,fake,ft_default
sd15_fp4,CLIP-D,default,/media/CrispyMcMarkInc/fake-images-img2img/00075_sd15_fp4_seed198_s30_g3.5_str0.3.png,fake,0.999723494052887,0.0945961475372314,1,fake,ft_default
sd35_fp4,CLIP-D,default,/media/CrispyMcMarkInc/fake-images-img2img/00079_sd35_fp4_seed202_s30_g3.5_str0.3.png,fake,0.9992662072181702,0.0928871631622314,1,fake,ft_default
sd3_fp16,CLIP-D,default,/media/CrispyMcMarkInc/fake-images-img2img/00095_sd3_fp16_seed218_s30_g3.5_str0.3.png,fake,0.999958634376526,0.0956661701202392,1,fake,ft_default
sd15_fp8,CLIP-D,default,/media/CrispyMcMarkInc/fake-images-img2img/00029_sd15_fp8_seed152_s30_g3.5_str0.3.png,fake,0.9997604489326476,0.0867936611175537,1,fake,ft_default
sd3_fp4,CLIP-D,default,/media/CrispyMcMarkInc/fake-images-img2img/00043_sd3_fp4_seed166_s30_g3.5_str0.3.png,fake,0.9999589920043944,0.0868282318115234,1,fake,ft_default
sd15_fp16,CLIP-D,default,/media/CrispyMcMarkInc/fake-images-img2img/00053_sd15_fp16_seed176_s30_g3.5_str0.3.png,fake,0.9981297850608826,0.0950827598571777,1,fake,ft_default
sd15_fp8,CLIP-D,default,/media/CrispyMcMarkInc/fake-images-img2img/00003_sd15_fp8_seed126_s30_g3.5_str0.3.png,fake,0.999543845653534,0.0891497135162353,1,fake,ft_default
sd15_fp8,CLIP-D,default,/media/CrispyMcMarkInc/fake-images-img2img/00021_sd15_fp8_seed144_s30_g3.5_str0.3.png,fake,0.999769389629364,0.0891730785369873,1,fake,ft_default
sd15_fp16,CLIP-D,default,/media/CrispyMcMarkInc/fake-images-img2img/00058_sd15_fp16_seed181_s30_g3.5_str0.3.png,fake,0.9932143688201904,0.0975465774536132,1,fake,ft_default
sd35_fp4,CLIP-D,default,/media/CrispyMcMarkInc/fake-images-img2img/00043_sd35_fp4_seed166_s30_g3.5_str0.3.png,fake,0.9997918009757996,0.0966315269470214,1,fake,ft_default
sd3_fp4,CLIP-D,default,/media/CrispyMcMarkInc/fake-images-img2img/00088_sd3_fp4_seed211_s30_g3.5_str0.3.png,fake,0.9998067021369934,0.0964517593383789,1,fake,ft_default
sd3_fp4,CLIP-D,default,/media/CrispyMcMarkInc/fake-images-img2img/00030_sd3_fp4_seed153_s30_g3.5_str0.3.png,fake,0.999808132648468,0.0870978832244873,1,fake,ft_default
sd35_fp8,CLIP-D,default,/media/CrispyMcMarkInc/fake-images-img2img/00039_sd35_fp8_seed162_s30_g3.5_str0.3.png,fake,0.9987653493881226,0.0872800350189209,1,fake,ft_default
sd15_fp8,CLIP-D,default,/media/CrispyMcMarkInc/fake-images-img2img/00072_sd15_fp8_seed195_s30_g3.5_str0.3.png,fake,0.9970635771751404,0.0984656810760498,1,fake,ft_default
sd3_fp8,CLIP-D,default,/media/CrispyMcMarkInc/fake-images-img2img/00042_sd3_fp8_seed165_s30_g3.5_str0.3.png,fake,0.9978601336479188,0.0949132442474365,1,fake,ft_default
sd35_fp4,CLIP-D,default,/media/CrispyMcMarkInc/fake-images-img2img/00087_sd35_fp4_seed210_s30_g3.5_str0.3.png,fake,0.9996455907821656,0.0940217971801757,1,fake,ft_default
sd3_fp16,CLIP-D,default,/media/CrispyMcMarkInc/fake-images-img2img/00079_sd3_fp16_seed202_s30_g3.5_str0.3.png,fake,0.9995352029800416,0.094367504119873,1,fake,ft_default
sd35_fp16,CLIP-D,default,/media/CrispyMcMarkInc/fake-images-img2img/00081_sd35_fp16_seed204_s30_g3.5_str0.3.png,fake,0.9994884729385376,0.0922348499298095,1,fake,ft_default
sd35_fp8,CLIP-D,default,/media/CrispyMcMarkInc/fake-images-img2img/00052_sd35_fp8_seed175_s30_g3.5_str0.3.png,fake,0.9979923963546752,0.0932412147521972,1,fake,ft_default
sd35_fp16,CLIP-D,default,/media/CrispyMcMarkInc/fake-images-img2img/00020_sd35_fp16_seed143_s30_g3.5_str0.3.png,fake,0.998808741569519,0.0874364376068115,1,fake,ft_default
sd15_fp4,CLIP-D,default,/media/CrispyMcMarkInc/fake-images-img2img/00064_sd15_fp4_seed187_s30_g3.5_str0.3.png,fake,0.999549686908722,0.0952658653259277,1,fake,ft_default
sd15_fp4,CLIP-D,default,/media/CrispyMcMarkInc/fake-images-img2img/00025_sd15_fp4_seed148_s30_g3.5_str0.3.png,fake,0.9999148845672609,0.096013069152832,1,fake,ft_default
sd3_fp16,CLIP-D,default,/media/CrispyMcMarkInc/fake-images-img2img/00037_sd3_fp16_seed160_s30_g3.5_str0.3.png,fake,0.990006685256958,0.097111701965332,1,fake,ft_default
sd3_fp16,CLIP-D,default,/media/CrispyMcMarkInc/fake-images-img2img/00050_sd3_fp16_seed173_s30_g3.5_str0.3.png,fake,0.9988362193107604,0.0908410549163818,1,fake,ft_default
sd15_fp16,CLIP-D,default,/media/CrispyMcMarkInc/fake-images-img2img/00093_sd15_fp16_seed216_s30_g3.5_str0.3.png,fake,0.9999181032180786,0.0966684818267822,1,fake,ft_default
sd3_fp16,CLIP-D,default,/media/CrispyMcMarkInc/fake-images-img2img/00061_sd3_fp16_seed184_s30_g3.5_str0.3.png,fake,0.9998393058776855,0.0953412055969238,1,fake,ft_default
sd15_fp16,CLIP-D,default,/media/CrispyMcMarkInc/fake-images-img2img/00006_sd15_fp16_seed129_s30_g3.5_str0.3.png,fake,0.9983386993408204,0.0975780487060546,1,fake,ft_default
sd35_fp8,CLIP-D,default,/media/CrispyMcMarkInc/fake-images-img2img/00036_sd35_fp8_seed159_s30_g3.5_str0.3.png,fake,0.9970269799232484,0.0929601192474365,1,fake,ft_default
sd15_fp8,CLIP-D,default,/media/CrispyMcMarkInc/fake-images-img2img/00078_sd15_fp8_seed201_s30_g3.5_str0.3.png,fake,0.9889954328536988,0.0923805236816406,1,fake,ft_default
sd15_fp16,CLIP-D,default,/media/CrispyMcMarkInc/fake-images-img2img/00041_sd15_fp16_seed164_s30_g3.5_str0.3.png,fake,0.9942867159843444,0.0920422077178955,1,fake,ft_default
sd15_fp4,CLIP-D,default,/media/CrispyMcMarkInc/fake-images-img2img/00055_sd15_fp4_seed178_s30_g3.5_str0.3.png,fake,0.9999490976333618,0.0952467918395996,1,fake,ft_default
sd35_fp16,CLIP-D,default,/media/CrispyMcMarkInc/fake-images-img2img/00083_sd35_fp16_seed206_s30_g3.5_str0.3.png,fake,0.999832034111023,0.0939669609069824,1,fake,ft_default
sd35_fp8,CLIP-D,default,/media/CrispyMcMarkInc/fake-images-img2img/00048_sd35_fp8_seed171_s30_g3.5_str0.3.png,fake,0.9950637221336364,0.0909399986267089,1,fake,ft_default
sd35_fp4,CLIP-D,default,/media/CrispyMcMarkInc/fake-images-img2img/00030_sd35_fp4_seed153_s30_g3.5_str0.3.png,fake,0.9999271631240844,0.0854358673095703,1,fake,ft_default
sd3_fp8,CLIP-D,default,/media/CrispyMcMarkInc/fake-images-img2img/00046_sd3_fp8_seed169_s30_g3.5_str0.3.png,fake,0.9999748468399048,0.0913043022155761,1,fake,ft_default
sd15_fp4,CLIP-D,default,/media/CrispyMcMarkInc/fake-images-img2img/00071_sd15_fp4_seed194_s30_g3.5_str0.3.png,fake,0.999594271183014,0.095977783203125,1,fake,ft_default
sd3_fp8,CLIP-D,default,/media/CrispyMcMarkInc/fake-images-img2img/00061_sd3_fp8_seed184_s30_g3.5_str0.3.png,fake,0.9998206496238708,0.0927250385284423,1,fake,ft_default
sd35_fp16,CLIP-D,default,/media/CrispyMcMarkInc/fake-images-img2img/00027_sd35_fp16_seed150_s30_g3.5_str0.3.png,fake,0.9986857771873474,0.0836970806121826,1,fake,ft_default
sd35_fp8,CLIP-D,default,/media/CrispyMcMarkInc/fake-images-img2img/00065_sd35_fp8_seed188_s30_g3.5_str0.3.png,fake,0.99908709526062,0.0965104103088378,1,fake,ft_default
sd35_fp16,CLIP-D,default,/media/CrispyMcMarkInc/fake-images-img2img/00009_sd35_fp16_seed132_s30_g3.5_str0.3.png,fake,0.9990500807762146,0.0915501117706298,1,fake,ft_default
sd3_fp16,CLIP-D,default,/media/CrispyMcMarkInc/fake-images-img2img/00004_sd3_fp16_seed127_s30_g3.5_str0.3.png,fake,0.9986851811408995,0.0923082828521728,1,fake,ft_default
sd3_fp16,CLIP-D,default,/media/CrispyMcMarkInc/fake-images-img2img/00049_sd3_fp16_seed172_s30_g3.5_str0.3.png,fake,0.999417781829834,0.0924732685089111,1,fake,ft_default
sd35_fp16,CLIP-D,default,/media/CrispyMcMarkInc/fake-images-img2img/00052_sd35_fp16_seed175_s30_g3.5_str0.3.png,fake,0.9975295662879944,0.0882918834686279,1,fake,ft_default
sd15_fp16,CLIP-D,default,/media/CrispyMcMarkInc/fake-images-img2img/00034_sd15_fp16_seed157_s30_g3.5_str0.3.png,fake,0.9877927899360656,0.075139045715332,1,fake,ft_default
sd15_fp8,CLIP-D,default,/media/CrispyMcMarkInc/fake-images-img2img/00086_sd15_fp8_seed209_s30_g3.5_str0.3.png,fake,0.9999691247940063,0.0962147712707519,1,fake,ft_default
sd3_fp16,CLIP-D,default,/media/CrispyMcMarkInc/fake-images-img2img/00028_sd3_fp16_seed151_s30_g3.5_str0.3.png,fake,0.9983229041099548,0.0984864234924316,1,fake,ft_default
sd3_fp8,CLIP-D,default,/media/CrispyMcMarkInc/fake-images-img2img/00022_sd3_fp8_seed145_s30_g3.5_str0.3.png,fake,0.9991806149482728,0.0846946239471435,1,fake,ft_default
sd35_fp16,CLIP-D,default,/media/CrispyMcMarkInc/fake-images-img2img/00024_sd35_fp16_seed147_s30_g3.5_str0.3.png,fake,0.9998427629470824,0.0934164524078369,1,fake,ft_default
sd15_fp8,CLIP-D,default,/media/CrispyMcMarkInc/fake-images-img2img/00084_sd15_fp8_seed207_s30_g3.5_str0.3.png,fake,0.9951642751693726,0.0904505252838134,1,fake,ft_default
sd15_fp4,CLIP-D,default,/media/CrispyMcMarkInc/fake-images-img2img/00057_sd15_fp4_seed180_s30_g3.5_str0.3.png,fake,0.9824496507644652,0.0920608043670654,1,fake,ft_default
sd3_fp16,CLIP-D,default,/media/CrispyMcMarkInc/fake-images-img2img/00006_sd3_fp16_seed129_s30_g3.5_str0.3.png,fake,0.9968019723892212,0.095592975616455,1,fake,ft_default
sd3_fp8,CLIP-D,default,/media/CrispyMcMarkInc/fake-images-img2img/00029_sd3_fp8_seed152_s30_g3.5_str0.3.png,fake,0.9989983439445496,0.0916888713836669,1,fake,ft_default
sd35_fp16,CLIP-D,default,/media/CrispyMcMarkInc/fake-images-img2img/00032_sd35_fp16_seed155_s30_g3.5_str0.3.png,fake,0.9999523162841796,0.0956494808197021,1,fake,ft_default
sd3_fp16,CLIP-D,default,/media/CrispyMcMarkInc/fake-images-img2img/00069_sd3_fp16_seed192_s30_g3.5_str0.3.png,fake,0.999842882156372,0.0933187007904052,1,fake,ft_default
sd3_fp16,CLIP-D,default,/media/CrispyMcMarkInc/fake-images-img2img/00083_sd3_fp16_seed206_s30_g3.5_str0.3.png,fake,0.999848484992981,0.0938622951507568,1,fake,ft_default
sd15_fp8,CLIP-D,default,/media/CrispyMcMarkInc/fake-images-img2img/00008_sd15_fp8_seed131_s30_g3.5_str0.3.png,fake,0.9993851184844972,0.0892441272735595,1,fake,ft_default
sd15_fp8,CLIP-D,default,/media/CrispyMcMarkInc/fake-images-img2img/00064_sd15_fp8_seed187_s30_g3.5_str0.3.png,fake,0.999450147151947,0.0919671058654785,1,fake,ft_default
sd3_fp4,CLIP-D,default,/media/CrispyMcMarkInc/fake-images-img2img/00031_sd3_fp4_seed154_s30_g3.5_str0.3.png,fake,0.9998148083686828,0.0930237770080566,1,fake,ft_default
sd35_fp4,CLIP-D,default,/media/CrispyMcMarkInc/fake-images-img2img/00041_sd35_fp4_seed164_s30_g3.5_str0.3.png,fake,0.9996887445449828,0.0870361328125,1,fake,ft_default
sd15_fp16,CLIP-D,default,/media/CrispyMcMarkInc/fake-images-img2img/00068_sd15_fp16_seed191_s30_g3.5_str0.3.png,fake,0.9998886585235596,0.0950050354003906,1,fake,ft_default
sd15_fp8,CLIP-D,default,/media/CrispyMcMarkInc/fake-images-img2img/00055_sd15_fp8_seed178_s30_g3.5_str0.3.png,fake,0.9999614953994752,0.095109224319458,1,fake,ft_default
sd15_fp16,CLIP-D,default,/media/CrispyMcMarkInc/fake-images-img2img/00044_sd15_fp16_seed167_s30_g3.5_str0.3.png,fake,0.99883633852005,0.0948164463043212,1,fake,ft_default
sd15_fp8,CLIP-D,default,/media/CrispyMcMarkInc/fake-images-img2img/00004_sd15_fp8_seed127_s30_g3.5_str0.3.png,fake,0.999303936958313,0.0930213928222656,1,fake,ft_default
sd15_fp8,CLIP-D,default,/media/CrispyMcMarkInc/fake-images-img2img/00053_sd15_fp8_seed176_s30_g3.5_str0.3.png,fake,0.998034417629242,0.096705675125122,1,fake,ft_default
sd3_fp4,CLIP-D,default,/media/CrispyMcMarkInc/fake-images-img2img/00024_sd3_fp4_seed147_s30_g3.5_str0.3.png,fake,0.9998824596405028,0.0939071178436279,1,fake,ft_default
sd35_fp16,CLIP-D,default,/media/CrispyMcMarkInc/fake-images-img2img/00050_sd35_fp16_seed173_s30_g3.5_str0.3.png,fake,0.9994762539863586,0.0887494087219238,1,fake,ft_default
sd3_fp16,CLIP-D,default,/media/CrispyMcMarkInc/fake-images-img2img/00088_sd3_fp16_seed211_s30_g3.5_str0.3.png,fake,0.999270498752594,0.0958127975463867,1,fake,ft_default
sd35_fp8,CLIP-D,default,/media/CrispyMcMarkInc/fake-images-img2img/00056_sd35_fp8_seed179_s30_g3.5_str0.3.png,fake,0.999745547771454,0.0928194522857666,1,fake,ft_default
sd15_fp4,CLIP-D,default,/media/CrispyMcMarkInc/fake-images-img2img/00003_sd15_fp4_seed126_s30_g3.5_str0.3.png,fake,0.9994182586669922,0.0940406322479248,1,fake,ft_default
sd3_fp16,CLIP-D,default,/media/CrispyMcMarkInc/fake-images-img2img/00011_sd3_fp16_seed134_s30_g3.5_str0.3.png,fake,0.9992751479148864,0.0892372131347656,1,fake,ft_default
sd3_fp4,CLIP-D,default,/media/CrispyMcMarkInc/fake-images-img2img/00090_sd3_fp4_seed213_s30_g3.5_str0.3.png,fake,0.998224914073944,0.0953404903411865,1,fake,ft_default
sd15_fp8,CLIP-D,default,/media/CrispyMcMarkInc/fake-images-img2img/00061_sd15_fp8_seed184_s30_g3.5_str0.3.png,fake,0.9989827275276184,0.0929229259490966,1,fake,ft_default
sd3_fp8,CLIP-D,default,/media/CrispyMcMarkInc/fake-images-img2img/00028_sd3_fp8_seed151_s30_g3.5_str0.3.png,fake,0.9986445307731628,0.0930595397949218,1,fake,ft_default
sd15_fp4,CLIP-D,default,/media/CrispyMcMarkInc/fake-images-img2img/00014_sd15_fp4_seed137_s30_g3.5_str0.3.png,fake,0.9992499947547911,0.095024824142456,1,fake,ft_default
sd15_fp4,CLIP-D,default,/media/CrispyMcMarkInc/fake-images-img2img/00040_sd15_fp4_seed163_s30_g3.5_str0.3.png,fake,0.999902606010437,0.0938646793365478,1,fake,ft_default
sd35_fp4,CLIP-D,default,/media/CrispyMcMarkInc/fake-images-img2img/00034_sd35_fp4_seed157_s30_g3.5_str0.3.png,fake,0.9883720278739928,0.0958707332611084,1,fake,ft_default
sd15_fp4,CLIP-D,default,/media/CrispyMcMarkInc/fake-images-img2img/00020_sd15_fp4_seed143_s30_g3.5_str0.3.png,fake,0.998362362384796,0.0941605567932128,1,fake,ft_default
sd35_fp8,CLIP-D,default,/media/CrispyMcMarkInc/fake-images-img2img/00093_sd35_fp8_seed216_s30_g3.5_str0.3.png,fake,0.9998695850372314,0.0948481559753418,1,fake,ft_default
sd15_fp8,CLIP-D,default,/media/CrispyMcMarkInc/fake-images-img2img/00090_sd15_fp8_seed213_s30_g3.5_str0.3.png,fake,0.9986977577209472,0.0907182693481445,1,fake,ft_default
sd35_fp8,CLIP-D,default,/media/CrispyMcMarkInc/fake-images-img2img/00088_sd35_fp8_seed211_s30_g3.5_str0.3.png,fake,0.9983988404273988,0.0972754955291748,1,fake,ft_default
sd3_fp4,CLIP-D,default,/media/CrispyMcMarkInc/fake-images-img2img/00015_sd3_fp4_seed138_s30_g3.5_str0.3.png,fake,0.9995797276496888,0.0851583480834961,1,fake,ft_default
sd15_fp16,CLIP-D,default,/media/CrispyMcMarkInc/fake-images-img2img/00024_sd15_fp16_seed147_s30_g3.5_str0.3.png,fake,0.9998558759689332,0.0952460765838623,1,fake,ft_default
sd35_fp16,CLIP-D,default,/media/CrispyMcMarkInc/fake-images-img2img/00019_sd35_fp16_seed142_s30_g3.5_str0.3.png,fake,0.999087691307068,0.0932669639587402,1,fake,ft_default
sd35_fp4,CLIP-D,default,/media/CrispyMcMarkInc/fake-images-img2img/00067_sd35_fp4_seed190_s30_g3.5_str0.3.png,fake,0.9999462366104126,0.0961551666259765,1,fake,ft_default
sd3_fp8,CLIP-D,default,/media/CrispyMcMarkInc/fake-images-img2img/00017_sd3_fp8_seed140_s30_g3.5_str0.3.png,fake,0.9997921586036682,0.0959517955780029,1,fake,ft_default
sd15_fp16,CLIP-D,default,/media/CrispyMcMarkInc/fake-images-img2img/00010_sd15_fp16_seed133_s30_g3.5_str0.3.png,fake,0.9998416900634766,0.0928347110748291,1,fake,ft_default
sd15_fp4,CLIP-D,default,/media/CrispyMcMarkInc/fake-images-img2img/00015_sd15_fp4_seed138_s30_g3.5_str0.3.png,fake,0.9980804920196532,0.0930609703063964,1,fake,ft_default
sd35_fp4,CLIP-D,default,/media/CrispyMcMarkInc/fake-images-img2img/00075_sd35_fp4_seed198_s30_g3.5_str0.3.png,fake,0.99968159198761,0.0853321552276611,1,fake,ft_default
sd3_fp16,CLIP-D,default,/media/CrispyMcMarkInc/fake-images-img2img/00008_sd3_fp16_seed131_s30_g3.5_str0.3.png,fake,0.99891197681427,0.0931830406188964,1,fake,ft_default
sd3_fp4,CLIP-D,default,/media/CrispyMcMarkInc/fake-images-img2img/00086_sd3_fp4_seed209_s30_g3.5_str0.3.png,fake,0.9999765157699584,0.0928871631622314,1,fake,ft_default
sd3_fp8,CLIP-D,default,/media/CrispyMcMarkInc/fake-images-img2img/00079_sd3_fp8_seed202_s30_g3.5_str0.3.png,fake,0.999567210674286,0.093233585357666,1,fake,ft_default
sd35_fp8,CLIP-D,default,/media/CrispyMcMarkInc/fake-images-img2img/00003_sd35_fp8_seed126_s30_g3.5_str0.3.png,fake,0.9997885823249816,0.0926151275634765,1,fake,ft_default
sd35_fp4,CLIP-D,default,/media/CrispyMcMarkInc/fake-images-img2img/00050_sd35_fp4_seed173_s30_g3.5_str0.3.png,fake,0.9993075132369996,0.0842435359954834,1,fake,ft_default
sd35_fp8,CLIP-D,default,/media/CrispyMcMarkInc/fake-images-img2img/00051_sd35_fp8_seed174_s30_g3.5_str0.3.png,fake,0.9998832941055298,0.0955266952514648,1,fake,ft_default
sd15_fp4,CLIP-D,default,/media/CrispyMcMarkInc/fake-images-img2img/00038_sd15_fp4_seed161_s30_g3.5_str0.3.png,fake,0.9998249411582948,0.0929503440856933,1,fake,ft_default
sd3_fp8,CLIP-D,default,/media/CrispyMcMarkInc/fake-images-img2img/00094_sd3_fp8_seed217_s30_g3.5_str0.3.png,fake,0.9573267102241516,0.0959055423736572,1,fake,ft_default
sd15_fp4,CLIP-D,default,/media/CrispyMcMarkInc/fake-images-img2img/00097_sd15_fp4_seed220_s30_g3.5_str0.3.png,fake,0.9992697834968568,0.0959725379943847,1,fake,ft_default
sd3_fp4,CLIP-D,default,/media/CrispyMcMarkInc/fake-images-img2img/00020_sd3_fp4_seed143_s30_g3.5_str0.3.png,fake,0.9995691180229188,0.0967047214508056,1,fake,ft_default
sd35_fp8,CLIP-D,default,/media/CrispyMcMarkInc/fake-images-img2img/00089_sd35_fp8_seed212_s30_g3.5_str0.3.png,fake,0.999245285987854,0.0936954021453857,1,fake,ft_default
sd35_fp8,CLIP-D,default,/media/CrispyMcMarkInc/fake-images-img2img/00091_sd35_fp8_seed214_s30_g3.5_str0.3.png,fake,0.9994070529937744,0.0954351425170898,1,fake,ft_default
sd35_fp4,CLIP-D,default,/media/CrispyMcMarkInc/fake-images-img2img/00003_sd35_fp4_seed126_s30_g3.5_str0.3.png,fake,0.9986080527305604,0.0896289348602294,1,fake,ft_default
sd3_fp16,CLIP-D,default,/media/CrispyMcMarkInc/fake-images-img2img/00012_sd3_fp16_seed135_s30_g3.5_str0.3.png,fake,0.9978678226470948,0.0973260402679443,1,fake,ft_default
sd35_fp8,CLIP-D,default,/media/CrispyMcMarkInc/fake-images-img2img/00034_sd35_fp8_seed157_s30_g3.5_str0.3.png,fake,0.9902827739715576,0.0933232307434082,1,fake,ft_default
sd35_fp8,CLIP-D,default,/media/CrispyMcMarkInc/fake-images-img2img/00009_sd35_fp8_seed132_s30_g3.5_str0.3.png,fake,0.9989588260650636,0.0941874980926513,1,fake,ft_default
sd15_fp8,CLIP-D,default,/media/CrispyMcMarkInc/fake-images-img2img/00005_sd15_fp8_seed128_s30_g3.5_str0.3.png,fake,0.999038577079773,0.092433214187622,1,fake,ft_default
sd15_fp4,CLIP-D,default,/media/CrispyMcMarkInc/fake-images-img2img/00056_sd15_fp4_seed179_s30_g3.5_str0.3.png,fake,0.9998167157173156,0.094027042388916,1,fake,ft_default
sd3_fp16,CLIP-D,default,/media/CrispyMcMarkInc/fake-images-img2img/00098_sd3_fp16_seed221_s30_g3.5_str0.3.png,fake,0.9986677169799804,0.0937986373901367,1,fake,ft_default
sd3_fp4,CLIP-D,default,/media/CrispyMcMarkInc/fake-images-img2img/00033_sd3_fp4_seed156_s30_g3.5_str0.3.png,fake,0.9998407363891602,0.0930702686309814,1,fake,ft_default
sd35_fp16,CLIP-D,default,/media/CrispyMcMarkInc/fake-images-img2img/00025_sd35_fp16_seed148_s30_g3.5_str0.3.png,fake,0.9999808073043824,0.0947439670562744,1,fake,ft_default
sd35_fp4,CLIP-D,default,/media/CrispyMcMarkInc/fake-images-img2img/00090_sd35_fp4_seed213_s30_g3.5_str0.3.png,fake,0.9952664375305176,0.0925440788269043,1,fake,ft_default
sd15_fp16,CLIP-D,default,/media/CrispyMcMarkInc/fake-images-img2img/00043_sd15_fp16_seed166_s30_g3.5_str0.3.png,fake,0.9998514652252196,0.0938940048217773,1,fake,ft_default
sd35_fp4,CLIP-D,default,/media/CrispyMcMarkInc/fake-images-img2img/00086_sd35_fp4_seed209_s30_g3.5_str0.3.png,fake,0.999959111213684,0.0963087081909179,1,fake,ft_default
sd35_fp8,CLIP-D,default,/media/CrispyMcMarkInc/fake-images-img2img/00073_sd35_fp8_seed196_s30_g3.5_str0.3.png,fake,0.9999287128448486,0.0938012599945068,1,fake,ft_default
sd35_fp4,CLIP-D,default,/media/CrispyMcMarkInc/fake-images-img2img/00018_sd35_fp4_seed141_s30_g3.5_str0.3.png,fake,0.9998499155044556,0.0936689376831054,1,fake,ft_default
sd15_fp4,CLIP-D,default,/media/CrispyMcMarkInc/fake-images-img2img/00030_sd15_fp4_seed153_s30_g3.5_str0.3.png,fake,0.9992039799690248,0.0950968265533447,1,fake,ft_default
sd3_fp4,CLIP-D,default,/media/CrispyMcMarkInc/fake-images-img2img/00082_sd3_fp4_seed205_s30_g3.5_str0.3.png,fake,0.9996737241744996,0.0959279537200927,1,fake,ft_default
sd15_fp4,CLIP-D,default,/media/CrispyMcMarkInc/fake-images-img2img/00093_sd15_fp4_seed216_s30_g3.5_str0.3.png,fake,0.9999074935913086,0.0967071056365966,1,fake,ft_default
sd3_fp16,CLIP-D,default,/media/CrispyMcMarkInc/fake-images-img2img/00072_sd3_fp16_seed195_s30_g3.5_str0.3.png,fake,0.9996862411499025,0.0956487655639648,1,fake,ft_default
sd3_fp16,CLIP-D,default,/media/CrispyMcMarkInc/fake-images-img2img/00062_sd3_fp16_seed185_s30_g3.5_str0.3.png,fake,0.9988555908203124,0.0923526287078857,1,fake,ft_default
sd15_fp4,CLIP-D,default,/media/CrispyMcMarkInc/fake-images-img2img/00007_sd15_fp4_seed130_s30_g3.5_str0.3.png,fake,0.999658703804016,0.0935556888580322,1,fake,ft_default
sd3_fp16,CLIP-D,default,/media/CrispyMcMarkInc/fake-images-img2img/00053_sd3_fp16_seed176_s30_g3.5_str0.3.png,fake,0.9870348572731018,0.0932862758636474,1,fake,ft_default
sd15_fp4,CLIP-D,default,/media/CrispyMcMarkInc/fake-images-img2img/00039_sd15_fp4_seed162_s30_g3.5_str0.3.png,fake,0.9978038668632508,0.0947160720825195,1,fake,ft_default
sd3_fp8,CLIP-D,default,/media/CrispyMcMarkInc/fake-images-img2img/00052_sd3_fp8_seed175_s30_g3.5_str0.3.png,fake,0.9972412586212158,0.0942983627319336,1,fake,ft_default
sd3_fp8,CLIP-D,default,/media/CrispyMcMarkInc/fake-images-img2img/00021_sd3_fp8_seed144_s30_g3.5_str0.3.png,fake,0.999863624572754,0.092606782913208,1,fake,ft_default
sd35_fp16,CLIP-D,default,/media/CrispyMcMarkInc/fake-images-img2img/00054_sd35_fp16_seed177_s30_g3.5_str0.3.png,fake,0.9980177879333496,0.0909919738769531,1,fake,ft_default
sd15_fp16,CLIP-D,default,/media/CrispyMcMarkInc/fake-images-img2img/00096_sd15_fp16_seed219_s30_g3.5_str0.3.png,fake,0.9992115497589112,0.0934658050537109,1,fake,ft_default
sd15_fp16,CLIP-D,default,/media/CrispyMcMarkInc/fake-images-img2img/00079_sd15_fp16_seed202_s30_g3.5_str0.3.png,fake,0.9997238516807556,0.0957307815551757,1,fake,ft_default
sd3_fp16,CLIP-D,default,/media/CrispyMcMarkInc/fake-images-img2img/00010_sd3_fp16_seed133_s30_g3.5_str0.3.png,fake,0.9997373223304749,0.0954663753509521,1,fake,ft_default
sd15_fp8,CLIP-D,default,/media/CrispyMcMarkInc/fake-images-img2img/00096_sd15_fp8_seed219_s30_g3.5_str0.3.png,fake,0.999207317829132,0.0887341499328613,1,fake,ft_default
sd3_fp4,CLIP-D,default,/media/CrispyMcMarkInc/fake-images-img2img/00022_sd3_fp4_seed145_s30_g3.5_str0.3.png,fake,0.9994763731956482,0.0974693298339843,1,fake,ft_default
sd15_fp8,CLIP-D,default,/media/CrispyMcMarkInc/fake-images-img2img/00039_sd15_fp8_seed162_s30_g3.5_str0.3.png,fake,0.99770987033844,0.0961153507232666,1,fake,ft_default
sd15_fp16,CLIP-D,default,/media/CrispyMcMarkInc/fake-images-img2img/00091_sd15_fp16_seed214_s30_g3.5_str0.3.png,fake,0.9966756105422974,0.0917668342590332,1,fake,ft_default
sd3_fp8,CLIP-D,default,/media/CrispyMcMarkInc/fake-images-img2img/00031_sd3_fp8_seed154_s30_g3.5_str0.3.png,fake,0.9926429390907288,0.0906958580017089,1,fake,ft_default
sd3_fp8,CLIP-D,default,/media/CrispyMcMarkInc/fake-images-img2img/00037_sd3_fp8_seed160_s30_g3.5_str0.3.png,fake,0.9896962642669678,0.0921912193298339,1,fake,ft_default
sd15_fp16,CLIP-D,default,/media/CrispyMcMarkInc/fake-images-img2img/00030_sd15_fp16_seed153_s30_g3.5_str0.3.png,fake,0.9981934428215028,0.0902597904205322,1,fake,ft_default
sd35_fp4,CLIP-D,default,/media/CrispyMcMarkInc/fake-images-img2img/00001_sd35_fp4_seed124_s30_g3.5_str0.3.png,fake,0.9990625977516174,0.088235855102539,1,fake,ft_default
sd15_fp8,CLIP-D,default,/media/CrispyMcMarkInc/fake-images-img2img/00073_sd15_fp8_seed196_s30_g3.5_str0.3.png,fake,0.9999079704284668,0.0898194313049316,1,fake,ft_default
sd3_fp4,CLIP-D,default,/media/CrispyMcMarkInc/fake-images-img2img/00053_sd3_fp4_seed176_s30_g3.5_str0.3.png,fake,0.995776891708374,0.0936405658721923,1,fake,ft_default
sd15_fp4,CLIP-D,default,/media/CrispyMcMarkInc/fake-images-img2img/00083_sd15_fp4_seed206_s30_g3.5_str0.3.png,fake,0.9998700618743896,0.0944316387176513,1,fake,ft_default
sd15_fp8,CLIP-D,default,/media/CrispyMcMarkInc/fake-images-img2img/00063_sd15_fp8_seed186_s30_g3.5_str0.3.png,fake,0.9993973970413208,0.0934524536132812,1,fake,ft_default
sd3_fp4,CLIP-D,default,/media/CrispyMcMarkInc/fake-images-img2img/00070_sd3_fp4_seed193_s30_g3.5_str0.3.png,fake,0.9994205236434937,0.0927131175994873,1,fake,ft_default
sd15_fp16,CLIP-D,default,/media/CrispyMcMarkInc/fake-images-img2img/00032_sd15_fp16_seed155_s30_g3.5_str0.3.png,fake,0.9999555349349976,0.095585823059082,1,fake,ft_default
sd3_fp4,CLIP-D,default,/media/CrispyMcMarkInc/fake-images-img2img/00021_sd3_fp4_seed144_s30_g3.5_str0.3.png,fake,0.9999306201934814,0.0935699939727783,1,fake,ft_default
sd15_fp4,CLIP-D,default,/media/CrispyMcMarkInc/fake-images-img2img/00065_sd15_fp4_seed188_s30_g3.5_str0.3.png,fake,0.9982638955116272,0.0955276489257812,1,fake,ft_default
sd3_fp4,CLIP-D,default,/media/CrispyMcMarkInc/fake-images-img2img/00019_sd3_fp4_seed142_s30_g3.5_str0.3.png,fake,0.9999247789382936,0.0920126438140869,1,fake,ft_default
sd3_fp8,CLIP-D,default,/media/CrispyMcMarkInc/fake-images-img2img/00018_sd3_fp8_seed141_s30_g3.5_str0.3.png,fake,0.9999682903289796,0.0938408374786377,1,fake,ft_default
sd3_fp8,CLIP-D,default,/media/CrispyMcMarkInc/fake-images-img2img/00041_sd3_fp8_seed164_s30_g3.5_str0.3.png,fake,0.9994876384735109,0.0929033756256103,1,fake,ft_default
sd15_fp16,CLIP-D,default,/media/CrispyMcMarkInc/fake-images-img2img/00088_sd15_fp16_seed211_s30_g3.5_str0.3.png,fake,0.9994412064552308,0.0953443050384521,1,fake,ft_default
sd15_fp4,CLIP-D,default,/media/CrispyMcMarkInc/fake-images-img2img/00099_sd15_fp4_seed222_s30_g3.5_str0.3.png,fake,0.992159366607666,0.0952355861663818,1,fake,ft_default
sd35_fp16,CLIP-D,default,/media/CrispyMcMarkInc/fake-images-img2img/00072_sd35_fp16_seed195_s30_g3.5_str0.3.png,fake,0.9996017813682556,0.0962798595428466,1,fake,ft_default
sd15_fp16,CLIP-D,default,/media/CrispyMcMarkInc/fake-images-img2img/00086_sd15_fp16_seed209_s30_g3.5_str0.3.png,fake,0.9999717473983764,0.0967862606048584,1,fake,ft_default
sd15_fp4,CLIP-D,default,/media/CrispyMcMarkInc/fake-images-img2img/00094_sd15_fp4_seed217_s30_g3.5_str0.3.png,fake,0.9996888637542723,0.0946564674377441,1,fake,ft_default
sd35_fp8,CLIP-D,default,/media/CrispyMcMarkInc/fake-images-img2img/00004_sd35_fp8_seed127_s30_g3.5_str0.3.png,fake,0.9988430738449096,0.0946106910705566,1,fake,ft_default
sd3_fp4,CLIP-D,default,/media/CrispyMcMarkInc/fake-images-img2img/00072_sd3_fp4_seed195_s30_g3.5_str0.3.png,fake,0.9996166229248048,0.0923011302947998,1,fake,ft_default
sd15_fp4,CLIP-D,default,/media/CrispyMcMarkInc/fake-images-img2img/00024_sd15_fp4_seed147_s30_g3.5_str0.3.png,fake,0.9998037219047546,0.0934960842132568,1,fake,ft_default
sd35_fp8,CLIP-D,default,/media/CrispyMcMarkInc/fake-images-img2img/00005_sd35_fp8_seed128_s30_g3.5_str0.3.png,fake,0.9991812109947203,0.090696096420288,1,fake,ft_default
sd15_fp4,CLIP-D,default,/media/CrispyMcMarkInc/fake-images-img2img/00062_sd15_fp4_seed185_s30_g3.5_str0.3.png,fake,0.9992662072181702,0.0940961837768554,1,fake,ft_default
sd35_fp4,CLIP-D,default,/media/CrispyMcMarkInc/fake-images-img2img/00069_sd35_fp4_seed192_s30_g3.5_str0.3.png,fake,0.999836802482605,0.0926802158355712,1,fake,ft_default
sd15_fp4,CLIP-D,default,/media/CrispyMcMarkInc/fake-images-img2img/00061_sd15_fp4_seed184_s30_g3.5_str0.3.png,fake,0.9990289211273192,0.0977544784545898,1,fake,ft_default
sd3_fp4,CLIP-D,default,/media/CrispyMcMarkInc/fake-images-img2img/00098_sd3_fp4_seed221_s30_g3.5_str0.3.png,fake,0.999444544315338,0.0864605903625488,1,fake,ft_default
sd15_fp8,CLIP-D,default,/media/CrispyMcMarkInc/fake-images-img2img/00081_sd15_fp8_seed204_s30_g3.5_str0.3.png,fake,0.9996281862258912,0.0903902053833007,1,fake,ft_default
sd35_fp8,CLIP-D,default,/media/CrispyMcMarkInc/fake-images-img2img/00066_sd35_fp8_seed189_s30_g3.5_str0.3.png,fake,0.9914969801902772,0.0930061340332031,1,fake,ft_default
sd3_fp4,CLIP-D,default,/media/CrispyMcMarkInc/fake-images-img2img/00080_sd3_fp4_seed203_s30_g3.5_str0.3.png,fake,0.989600956439972,0.0983855724334716,1,fake,ft_default
sd15_fp8,CLIP-D,default,/media/CrispyMcMarkInc/fake-images-img2img/00097_sd15_fp8_seed220_s30_g3.5_str0.3.png,fake,0.9996670484542848,0.0965547561645507,1,fake,ft_default
sd15_fp8,CLIP-D,default,/media/CrispyMcMarkInc/fake-images-img2img/00028_sd15_fp8_seed151_s30_g3.5_str0.3.png,fake,0.9992707371711732,0.0953493118286132,1,fake,ft_default
sd15_fp4,CLIP-D,default,/media/CrispyMcMarkInc/fake-images-img2img/00011_sd15_fp4_seed134_s30_g3.5_str0.3.png,fake,0.9828080534934998,0.0970489978790283,1,fake,ft_default
sd15_fp8,CLIP-D,default,/media/CrispyMcMarkInc/fake-images-img2img/00023_sd15_fp8_seed146_s30_g3.5_str0.3.png,fake,0.9263495206832886,0.0971269607543945,1,fake,ft_default
sd15_fp4,CLIP-D,default,/media/CrispyMcMarkInc/fake-images-img2img/00031_sd15_fp4_seed154_s30_g3.5_str0.3.png,fake,0.9998661279678344,0.095820665359497,1,fake,ft_default
sd35_fp16,CLIP-D,default,/media/CrispyMcMarkInc/fake-images-img2img/00078_sd35_fp16_seed201_s30_g3.5_str0.3.png,fake,0.9975989460945128,0.0967013835906982,1,fake,ft_default
sd3_fp8,CLIP-D,default,/media/CrispyMcMarkInc/fake-images-img2img/00069_sd3_fp8_seed192_s30_g3.5_str0.3.png,fake,0.9997506737709044,0.0944061279296875,1,fake,ft_default
sd35_fp16,CLIP-D,default,/media/CrispyMcMarkInc/fake-images-img2img/00012_sd35_fp16_seed135_s30_g3.5_str0.3.png,fake,0.9999619722366332,0.0939311981201171,1,fake,ft_default
sd35_fp8,CLIP-D,default,/media/CrispyMcMarkInc/fake-images-img2img/00000_sd35_fp8_seed123_s30_g3.5_str0.3.png,fake,0.9994891881942748,0.0924513339996337,1,fake,ft_default
sd35_fp4,CLIP-D,default,/media/CrispyMcMarkInc/fake-images-img2img/00012_sd35_fp4_seed135_s30_g3.5_str0.3.png,fake,0.9997100234031676,0.09515380859375,1,fake,ft_default
sd3_fp16,CLIP-D,default,/media/CrispyMcMarkInc/fake-images-img2img/00044_sd3_fp16_seed167_s30_g3.5_str0.3.png,fake,0.998433530330658,0.0876867771148681,1,fake,ft_default
sd3_fp16,CLIP-D,default,/media/CrispyMcMarkInc/fake-images-img2img/00073_sd3_fp16_seed196_s30_g3.5_str0.3.png,fake,0.9998860359191896,0.0923030376434326,1,fake,ft_default
sd35_fp8,CLIP-D,default,/media/CrispyMcMarkInc/fake-images-img2img/00043_sd35_fp8_seed166_s30_g3.5_str0.3.png,fake,0.999915361404419,0.0932600498199462,1,fake,ft_default
sd35_fp16,CLIP-D,default,/media/CrispyMcMarkInc/fake-images-img2img/00076_sd35_fp16_seed199_s30_g3.5_str0.3.png,fake,0.9948939085006714,0.0969533920288086,1,fake,ft_default
sd15_fp4,CLIP-D,default,/media/CrispyMcMarkInc/fake-images-img2img/00076_sd15_fp4_seed199_s30_g3.5_str0.3.png,fake,0.984898030757904,0.0970134735107421,1,fake,ft_default
sd3_fp4,CLIP-D,default,/media/CrispyMcMarkInc/fake-images-img2img/00096_sd3_fp4_seed219_s30_g3.5_str0.3.png,fake,0.9996090531349182,0.0951681137084961,1,fake,ft_default
sd3_fp16,CLIP-D,default,/media/CrispyMcMarkInc/fake-images-img2img/00068_sd3_fp16_seed191_s30_g3.5_str0.3.png,fake,0.9999656677246094,0.0948035717010498,1,fake,ft_default
sd15_fp4,CLIP-D,default,/media/CrispyMcMarkInc/fake-images-img2img/00035_sd15_fp4_seed158_s30_g3.5_str0.3.png,fake,0.9993945360183716,0.0973405838012695,1,fake,ft_default
sd3_fp8,CLIP-D,default,/media/CrispyMcMarkInc/fake-images-img2img/00035_sd3_fp8_seed158_s30_g3.5_str0.3.png,fake,0.9996390342712402,0.0956428050994873,1,fake,ft_default
sd15_fp8,CLIP-D,default,/media/CrispyMcMarkInc/fake-images-img2img/00018_sd15_fp8_seed141_s30_g3.5_str0.3.png,fake,0.9999380111694336,0.0950124263763427,1,fake,ft_default
sd15_fp16,CLIP-D,default,/media/CrispyMcMarkInc/fake-images-img2img/00022_sd15_fp16_seed145_s30_g3.5_str0.3.png,fake,0.9984155893325806,0.0959432125091552,1,fake,ft_default
sd35_fp4,CLIP-D,default,/media/CrispyMcMarkInc/fake-images-img2img/00083_sd35_fp4_seed206_s30_g3.5_str0.3.png,fake,0.9997974038124084,0.09438157081604,1,fake,ft_default
sd15_fp16,CLIP-D,default,/media/CrispyMcMarkInc/fake-images-img2img/00015_sd15_fp16_seed138_s30_g3.5_str0.3.png,fake,0.9970628619194032,0.0938220024108886,1,fake,ft_default
sd15_fp16,CLIP-D,default,/media/CrispyMcMarkInc/fake-images-img2img/00038_sd15_fp16_seed161_s30_g3.5_str0.3.png,fake,0.9997908473014832,0.0950524806976318,1,fake,ft_default
sd35_fp4,CLIP-D,default,/media/CrispyMcMarkInc/fake-images-img2img/00008_sd35_fp4_seed131_s30_g3.5_str0.3.png,fake,0.9993921518325806,0.094555377960205,1,fake,ft_default
sd3_fp8,CLIP-D,default,/media/CrispyMcMarkInc/fake-images-img2img/00062_sd3_fp8_seed185_s30_g3.5_str0.3.png,fake,0.9992129802703856,0.0897634029388427,1,fake,ft_default
sd35_fp4,CLIP-D,default,/media/CrispyMcMarkInc/fake-images-img2img/00059_sd35_fp4_seed182_s30_g3.5_str0.3.png,fake,0.9986586570739746,0.0980505943298339,1,fake,ft_default
sd3_fp4,CLIP-D,default,/media/CrispyMcMarkInc/fake-images-img2img/00010_sd3_fp4_seed133_s30_g3.5_str0.3.png,fake,0.9997100234031676,0.1283686161041259,1,fake,ft_default
sd35_fp16,CLIP-D,default,/media/CrispyMcMarkInc/fake-images-img2img/00011_sd35_fp16_seed134_s30_g3.5_str0.3.png,fake,0.9994404911994934,0.1820077896118164,1,fake,ft_default
sd35_fp8,CLIP-D,default,/media/CrispyMcMarkInc/fake-images-img2img/00015_sd35_fp8_seed138_s30_g3.5_str0.3.png,fake,0.9988914132118224,0.1729750633239746,1,fake,ft_default
sd3_fp16,CLIP-D,default,/media/CrispyMcMarkInc/fake-images-img2img/00078_sd3_fp16_seed201_s30_g3.5_str0.3.png,fake,0.9978812336921692,0.1311218738555908,1,fake,ft_default
sd35_fp16,CLIP-D,default,/media/CrispyMcMarkInc/fake-images-img2img/00014_sd35_fp16_seed137_s30_g3.5_str0.3.png,fake,0.9980827569961548,0.1772844791412353,1,fake,ft_default
sd3_fp16,CLIP-D,default,/media/CrispyMcMarkInc/fake-images-img2img/00039_sd3_fp16_seed162_s30_g3.5_str0.3.png,fake,0.9992570281028748,0.1309409141540527,1,fake,ft_default
sd15_fp4,CLIP-D,default,/media/CrispyMcMarkInc/fake-images-img2img/00027_sd15_fp4_seed150_s30_g3.5_str0.3.png,fake,0.9978448152542114,0.1860382556915283,1,fake,ft_default
sd3_fp8,CLIP-D,default,/media/CrispyMcMarkInc/fake-images-img2img/00093_sd3_fp8_seed216_s30_g3.5_str0.3.png,fake,0.999530553817749,0.1759705543518066,1,fake,ft_default
sd15_fp8,CLIP-D,default,/media/CrispyMcMarkInc/fake-images-img2img/00074_sd15_fp8_seed197_s30_g3.5_str0.3.png,fake,0.99973064661026,0.180582046508789,1,fake,ft_default
sd35_fp8,CLIP-D,default,/media/CrispyMcMarkInc/fake-images-img2img/00013_sd35_fp8_seed136_s30_g3.5_str0.3.png,fake,0.9998666048049928,0.1469736099243164,1,fake,ft_default
sd3_fp8,CLIP-D,default,/media/CrispyMcMarkInc/fake-images-img2img/00055_sd3_fp8_seed178_s30_g3.5_str0.3.png,fake,0.9999526739120485,0.1582398414611816,1,fake,ft_default
sd35_fp4,CLIP-D,default,/media/CrispyMcMarkInc/fake-images-img2img/00053_sd35_fp4_seed176_s30_g3.5_str0.3.png,fake,0.995951771736145,0.1523904800415039,1,fake,ft_default
sd3_fp16,CLIP-D,default,/media/CrispyMcMarkInc/fake-images-img2img/00001_sd3_fp16_seed124_s30_g3.5_str0.3.png,fake,0.9990098476409912,0.1730213165283203,1,fake,ft_default
sd15_fp8,CLIP-D,default,/media/CrispyMcMarkInc/fake-images-img2img/00049_sd15_fp8_seed172_s30_g3.5_str0.3.png,fake,0.999604880809784,0.1862781047821045,1,fake,ft_default
sd3_fp8,CLIP-D,default,/media/CrispyMcMarkInc/fake-images-img2img/00033_sd3_fp8_seed156_s30_g3.5_str0.3.png,fake,0.9997186064720154,0.1829085350036621,1,fake,ft_default
sd15_fp4,CLIP-D,default,/media/CrispyMcMarkInc/fake-images-img2img/00037_sd15_fp4_seed160_s30_g3.5_str0.3.png,fake,0.9993545413017272,0.1816680431365966,1,fake,ft_default
sd15_fp8,CLIP-D,default,/media/CrispyMcMarkInc/fake-images-img2img/00046_sd15_fp8_seed169_s30_g3.5_str0.3.png,fake,0.9999085664749146,0.1839480400085449,1,fake,ft_default
sd3_fp8,CLIP-D,default,/media/CrispyMcMarkInc/fake-images-img2img/00005_sd3_fp8_seed128_s30_g3.5_str0.3.png,fake,0.9995974898338318,0.1835668087005615,1,fake,ft_default
sd15_fp8,CLIP-D,default,/media/CrispyMcMarkInc/fake-images-img2img/00031_sd15_fp8_seed154_s30_g3.5_str0.3.png,fake,0.9998346567153932,0.1670968532562255,1,fake,ft_default
sd35_fp8,CLIP-D,default,/media/CrispyMcMarkInc/fake-images-img2img/00084_sd35_fp8_seed207_s30_g3.5_str0.3.png,fake,0.9968620538711548,0.1667640209197998,1,fake,ft_default
sd35_fp4,CLIP-D,default,/media/CrispyMcMarkInc/fake-images-img2img/00073_sd35_fp4_seed196_s30_g3.5_str0.3.png,fake,0.9999619722366332,0.175654649734497,1,fake,ft_default
sd15_fp16,CLIP-D,default,/media/CrispyMcMarkInc/fake-images-img2img/00056_sd15_fp16_seed179_s30_g3.5_str0.3.png,fake,0.9998549222946168,0.1842145919799804,1,fake,ft_default
sd15_fp8,CLIP-D,default,/media/CrispyMcMarkInc/fake-images-img2img/00034_sd15_fp8_seed157_s30_g3.5_str0.3.png,fake,0.9877927899360656,0.1629097461700439,1,fake,ft_default
sd3_fp4,CLIP-D,default,/media/CrispyMcMarkInc/fake-images-img2img/00050_sd3_fp4_seed173_s30_g3.5_str0.3.png,fake,0.999724805355072,0.1426184177398681,1,fake,ft_default
sd35_fp8,CLIP-D,default,/media/CrispyMcMarkInc/fake-images-img2img/00046_sd35_fp8_seed169_s30_g3.5_str0.3.png,fake,0.999923825263977,0.1783583164215088,1,fake,ft_default
sd15_fp8,CLIP-D,default,/media/CrispyMcMarkInc/fake-images-img2img/00040_sd15_fp8_seed163_s30_g3.5_str0.3.png,fake,0.9999172687530518,0.1862976551055908,1,fake,ft_default
sd3_fp8,CLIP-D,default,/media/CrispyMcMarkInc/fake-images-img2img/00013_sd3_fp8_seed136_s30_g3.5_str0.3.png,fake,0.9999637603759766,0.1779711246490478,1,fake,ft_default
sd3_fp16,CLIP-D,default,/media/CrispyMcMarkInc/fake-images-img2img/00035_sd3_fp16_seed158_s30_g3.5_str0.3.png,fake,0.9998441934585572,0.1474256515502929,1,fake,ft_default
sd3_fp4,CLIP-D,default,/media/CrispyMcMarkInc/fake-images-img2img/00066_sd3_fp4_seed189_s30_g3.5_str0.3.png,fake,0.9935387969017028,0.1365966796875,1,fake,ft_default
sd3_fp16,CLIP-D,default,/media/CrispyMcMarkInc/fake-images-img2img/00018_sd3_fp16_seed141_s30_g3.5_str0.3.png,fake,0.999962329864502,0.16886568069458,1,fake,ft_default
sd3_fp4,CLIP-D,default,/media/CrispyMcMarkInc/fake-images-img2img/00023_sd3_fp4_seed146_s30_g3.5_str0.3.png,fake,0.9194062948226928,0.1544582843780517,1,fake,ft_default
sd15_fp8,CLIP-D,default,/media/CrispyMcMarkInc/fake-images-img2img/00067_sd15_fp8_seed190_s30_g3.5_str0.3.png,fake,0.9997336268424988,0.1652283668518066,1,fake,ft_default
sd15_fp8,CLIP-D,default,/media/CrispyMcMarkInc/fake-images-img2img/00048_sd15_fp8_seed171_s30_g3.5_str0.3.png,fake,0.9984424710273744,0.1584217548370361,1,fake,ft_default
sd15_fp8,CLIP-D,default,/media/CrispyMcMarkInc/fake-images-img2img/00044_sd15_fp8_seed167_s30_g3.5_str0.3.png,fake,0.9990422129631042,0.1783246994018554,1,fake,ft_default
sd3_fp16,CLIP-D,default,/media/CrispyMcMarkInc/fake-images-img2img/00099_sd3_fp16_seed222_s30_g3.5_str0.3.png,fake,0.997569739818573,0.1740939617156982,1,fake,ft_default
sd35_fp4,CLIP-D,default,/media/CrispyMcMarkInc/fake-images-img2img/00013_sd35_fp4_seed136_s30_g3.5_str0.3.png,fake,0.9997748732566832,0.1772911548614502,1,fake,ft_default
sd35_fp16,CLIP-D,default,/media/CrispyMcMarkInc/fake-images-img2img/00085_sd35_fp16_seed208_s30_g3.5_str0.3.png,fake,0.9997548460960388,0.1853728294372558,1,fake,ft_default
sd15_fp16,CLIP-D,default,/media/CrispyMcMarkInc/fake-images-img2img/00097_sd15_fp16_seed220_s30_g3.5_str0.3.png,fake,0.9996602535247804,0.1804707050323486,1,fake,ft_default
sd15_fp16,CLIP-D,default,/media/CrispyMcMarkInc/fake-images-img2img/00000_sd15_fp16_seed123_s30_g3.5_str0.3.png,fake,0.9976789355278016,0.1802470684051513,1,fake,ft_default
sd35_fp16,CLIP-D,default,/media/CrispyMcMarkInc/fake-images-img2img/00017_sd35_fp16_seed140_s30_g3.5_str0.3.png,fake,0.9995707869529724,0.1799614429473877,1,fake,ft_default
sd35_fp4,CLIP-D,default,/media/CrispyMcMarkInc/fake-images-img2img/00057_sd35_fp4_seed180_s30_g3.5_str0.3.png,real,0.0,0.4665935039520263,1,fake,ft_default
sd3_fp8,CLIP-D,default,/media/CrispyMcMarkInc/fake-images-img2img/00014_sd3_fp8_seed137_s30_g3.5_str0.3.png,real,0.0,0.464411973953247,1,fake,ft_default
sd35_fp4,CLIP-D,default,/media/CrispyMcMarkInc/fake-images-img2img/00016_sd35_fp4_seed139_s30_g3.5_str0.3.png,real,0.0,0.4653081893920898,1,fake,ft_default
sd15_fp4,CLIP-D,default,/media/CrispyMcMarkInc/fake-images-img2img/00034_sd15_fp4_seed157_s30_g3.5_str0.3.png,fake,1.0,0.1828415393829345,1,fake,ft_default
sd3_fp16,CLIP-D,default,/media/CrispyMcMarkInc/fake-images-img2img/00041_sd3_fp16_seed164_s30_g3.5_str0.3.png,real,0.0,0.4622597694396972,1,fake,ft_default
sd3_fp8,CLIP-D,default,/media/CrispyMcMarkInc/fake-images-img2img/00048_sd3_fp8_seed171_s30_g3.5_str0.3.png,real,0.0,0.4642579555511474,1,fake,ft_default
sd3_fp8,CLIP-D,default,/media/CrispyMcMarkInc/fake-images-img2img/00085_sd3_fp8_seed208_s30_g3.5_str0.3.png,fake,1.0,0.4650781154632568,1,fake,ft_default
sd35_fp8,CLIP-D,default,/media/CrispyMcMarkInc/fake-images-img2img/00087_sd35_fp8_seed210_s30_g3.5_str0.3.png,fake,1.0,0.4678421020507812,1,fake,ft_default
sd35_fp8,CLIP-D,default,/media/CrispyMcMarkInc/fake-images-img2img/00060_sd35_fp8_seed183_s30_g3.5_str0.3.png,real,0.0,0.4713773727416992,1,fake,ft_default
sd35_fp4,CLIP-D,default,/media/CrispyMcMarkInc/fake-images-img2img/00063_sd35_fp4_seed186_s30_g3.5_str0.3.png,fake,1.0,0.4649503231048584,1,fake,ft_default
sd35_fp8,CLIP-D,default,/media/CrispyMcMarkInc/fake-images-img2img/00012_sd35_fp8_seed135_s30_g3.5_str0.3.png,fake,1.0,0.4656860828399658,1,fake,ft_default
sd35_fp16,CLIP-D,default,/media/CrispyMcMarkInc/fake-images-img2img/00040_sd35_fp16_seed163_s30_g3.5_str0.3.png,real,0.0,0.464052677154541,1,fake,ft_default
sd15_fp4,CLIP-D,default,/media/CrispyMcMarkInc/fake-images-img2img/00059_sd15_fp4_seed182_s30_g3.5_str0.3.png,real,0.0,0.4626345634460449,1,fake,ft_default
sd3_fp16,CLIP-D,default,/media/CrispyMcMarkInc/fake-images-img2img/00031_sd3_fp16_seed154_s30_g3.5_str0.3.png,real,0.0,0.4666483402252197,1,fake,ft_default
sd35_fp4,CLIP-D,default,/media/CrispyMcMarkInc/fake-images-img2img/00054_sd35_fp4_seed177_s30_g3.5_str0.3.png,real,0.0,0.4628138542175293,1,fake,ft_default
sd15_fp8,CLIP-D,default,/media/CrispyMcMarkInc/fake-images-img2img/00033_sd15_fp8_seed156_s30_g3.5_str0.3.png,fake,1.0,0.4682881832122803,1,fake,ft_default
sd3_fp8,CLIP-D,default,/media/CrispyMcMarkInc/fake-images-img2img/00053_sd3_fp8_seed176_s30_g3.5_str0.3.png,real,0.0,0.4659078121185303,1,fake,ft_default
sd15_fp16,CLIP-D,default,/media/CrispyMcMarkInc/fake-images-img2img/00084_sd15_fp16_seed207_s30_g3.5_str0.3.png,fake,1.0,0.4635312557220459,1,fake,ft_default
sd3_fp16,CLIP-D,default,/media/CrispyMcMarkInc/fake-images-img2img/00027_sd3_fp16_seed150_s30_g3.5_str0.3.png,real,0.0,0.3873229026794433,1,fake,ft_default
sd35_fp8,CLIP-D,default,/media/CrispyMcMarkInc/fake-images-img2img/00083_sd35_fp8_seed206_s30_g3.5_str0.3.png,real,0.0,0.4625675678253174,1,fake,ft_default
sd35_fp4,CLIP-D,default,/media/CrispyMcMarkInc/fake-images-img2img/00010_sd35_fp4_seed133_s30_g3.5_str0.3.png,real,0.0,0.4654560089111328,1,fake,ft_default
sd15_fp8,CLIP-D,default,/media/CrispyMcMarkInc/fake-images-img2img/00015_sd15_fp8_seed138_s30_g3.5_str0.3.png,real,0.0,0.4670009613037109,1,fake,ft_default
sd15_fp8,CLIP-D,default,/media/CrispyMcMarkInc/fake-images-img2img/00068_sd15_fp8_seed191_s30_g3.5_str0.3.png,real,0.0,0.4637439250946045,1,fake,ft_default
sd3_fp16,CLIP-D,default,/media/CrispyMcMarkInc/fake-images-img2img/00059_sd3_fp16_seed182_s30_g3.5_str0.3.png,real,0.0,0.4681100845336914,1,fake,ft_default
sd3_fp8,CLIP-D,default,/media/CrispyMcMarkInc/fake-images-img2img/00096_sd3_fp8_seed219_s30_g3.5_str0.3.png,real,0.0,0.1964094638824463,1,fake,ft_default
sd15_fp4,CLIP-D,default,/media/CrispyMcMarkInc/fake-images-img2img/00073_sd15_fp4_seed196_s30_g3.5_str0.3.png,fake,1.0,0.1983590126037597,1,fake,ft_default
sd3_fp16,CLIP-D,default,/media/CrispyMcMarkInc/fake-images-img2img/00057_sd3_fp16_seed180_s30_g3.5_str0.3.png,real,0.0,0.4671001434326172,1,fake,ft_default
547,CLIP-D,default,/media/CrispyMcMarkInc/Real_cropped_1024/00547.jpg,real,0.0091521749272942,0.0701735019683837,0,real,ft_default
458,CLIP-D,default,/media/CrispyMcMarkInc/Real_cropped_1024/00458.jpg,real,0.0102158216759562,0.0690398216247558,0,real,ft_default
153,CLIP-D,default,/media/CrispyMcMarkInc/Real_cropped_1024/00153.jpg,real,0.0014283198397606,0.0694584846496582,0,real,ft_default
643,CLIP-D,default,/media/CrispyMcMarkInc/Real_cropped_1024/00643.jpg,real,0.0006358944810926,0.066824197769165,0,real,ft_default
99,CLIP-D,default,/media/CrispyMcMarkInc/Real_cropped_1024/00099.jpg,real,0.0002121529832947,0.0670745372772216,0,real,ft_default
122,CLIP-D,default,/media/CrispyMcMarkInc/Real_cropped_1024/00122.jpg,real,0.002413373440504,0.0677871704101562,0,real,ft_default
946,CLIP-D,default,/media/CrispyMcMarkInc/Real_cropped_1024/00946.jpg,real,0.000876733160112,0.0675649642944336,0,real,ft_default
231,CLIP-D,default,/media/CrispyMcMarkInc/Real_cropped_1024/00231.jpg,real,0.000904455431737,0.0698902606964111,0,real,ft_default
286,CLIP-D,default,/media/CrispyMcMarkInc/Real_cropped_1024/00286.jpg,real,0.0003243910032324,0.071847915649414,0,real,ft_default
812,CLIP-D,default,/media/CrispyMcMarkInc/Real_cropped_1024/00812.jpg,real,0.007106602191925,0.067432165145874,0,real,ft_default
511,CLIP-D,default,/media/CrispyMcMarkInc/Real_cropped_1024/00511.jpg,real,0.0008623242028988,0.0674729347229003,0,real,ft_default
213,CLIP-D,default,/media/CrispyMcMarkInc/Real_cropped_1024/00213.jpg,real,0.0002828227588906,0.0742630958557128,0,real,ft_default
594,CLIP-D,default,/media/CrispyMcMarkInc/Real_cropped_1024/00594.jpg,real,0.0001288001367356,0.0728888511657714,0,real,ft_default
896,CLIP-D,default,/media/CrispyMcMarkInc/Real_cropped_1024/00896.jpg,real,0.0004816837317775,0.0729501247406005,0,real,ft_default
26,CLIP-D,default,/media/CrispyMcMarkInc/Real_cropped_1024/00026.jpg,real,0.0009376195957884,0.0737969875335693,0,real,ft_default
223,CLIP-D,default,/media/CrispyMcMarkInc/Real_cropped_1024/00223.jpg,real,0.0544587559998035,0.0744204521179199,0,real,ft_default
607,CLIP-D,default,/media/CrispyMcMarkInc/Real_cropped_1024/00607.jpg,real,0.0013854111311957,0.0745086669921875,0,real,ft_default
412,CLIP-D,default,/media/CrispyMcMarkInc/Real_cropped_1024/00412.jpg,real,0.0003462210879661,0.072465181350708,0,real,ft_default
993,CLIP-D,default,/media/CrispyMcMarkInc/Real_cropped_1024/00993.jpg,real,0.0472253561019897,0.079730749130249,0,real,ft_default
776,CLIP-D,default,/media/CrispyMcMarkInc/Real_cropped_1024/00776.jpg,real,0.0011287883389741,0.0798108577728271,0,real,ft_default
994,CLIP-D,default,/media/CrispyMcMarkInc/Real_cropped_1024/00994.jpg,real,0.0065557779744267,0.0781116485595703,0,real,ft_default
111,CLIP-D,default,/media/CrispyMcMarkInc/Real_cropped_1024/00111.jpg,real,0.0059526739642024,0.0808427333831787,0,real,ft_default
487,CLIP-D,default,/media/CrispyMcMarkInc/Real_cropped_1024/00487.jpg,real,0.0003118234453722,0.0804777145385742,0,real,ft_default
571,CLIP-D,default,/media/CrispyMcMarkInc/Real_cropped_1024/00571.jpg,real,0.0004288326308596,0.0811502933502197,0,real,ft_default
395,CLIP-D,default,/media/CrispyMcMarkInc/Real_cropped_1024/00395.jpg,real,0.0005564796156249,0.0791659355163574,0,real,ft_default
525,CLIP-D,default,/media/CrispyMcMarkInc/Real_cropped_1024/00525.jpg,real,0.0004451708809938,0.0860378742218017,0,real,ft_default
823,CLIP-D,default,/media/CrispyMcMarkInc/Real_cropped_1024/00823.jpg,real,0.0014997171238064,0.0793745517730712,0,real,ft_default
427,CLIP-D,default,/media/CrispyMcMarkInc/Real_cropped_1024/00427.jpg,real,0.0168152227997779,0.0804445743560791,0,real,ft_default
827,CLIP-D,default,/media/CrispyMcMarkInc/Real_cropped_1024/00827.jpg,real,0.0263349432498216,0.0773499011993408,0,real,ft_default
29,CLIP-D,default,/media/CrispyMcMarkInc/Real_cropped_1024/00029.jpg,real,0.0006758364033885,0.0834293365478515,0,real,ft_default
833,CLIP-D,default,/media/CrispyMcMarkInc/Real_cropped_1024/00833.jpg,real,0.0224516578018665,0.0792648792266845,0,real,ft_default
843,CLIP-D,default,/media/CrispyMcMarkInc/Real_cropped_1024/00843.jpg,real,0.0080791730433702,0.0785117149353027,0,real,ft_default
403,CLIP-D,default,/media/CrispyMcMarkInc/Real_cropped_1024/00403.jpg,real,0.05328169465065,0.0817928314208984,0,real,ft_default
321,CLIP-D,default,/media/CrispyMcMarkInc/Real_cropped_1024/00321.jpg,real,0.0584304742515087,0.0789020061492919,0,real,ft_default
40,CLIP-D,default,/media/CrispyMcMarkInc/Real_cropped_1024/00040.jpg,real,0.0018236752366647,0.0818903446197509,0,real,ft_default
822,CLIP-D,default,/media/CrispyMcMarkInc/Real_cropped_1024/00822.jpg,real,0.0018776059150695,0.08040452003479,0,real,ft_default
779,CLIP-D,default,/media/CrispyMcMarkInc/Real_cropped_1024/00779.jpg,real,0.0121887577697634,0.0811319351196289,0,real,ft_default
113,CLIP-D,default,/media/CrispyMcMarkInc/Real_cropped_1024/00113.jpg,real,0.000404393998906,0.0786800384521484,0,real,ft_default
630,CLIP-D,default,/media/CrispyMcMarkInc/Real_cropped_1024/00630.jpg,real,0.0011596080148592,0.082190990447998,0,real,ft_default
805,CLIP-D,default,/media/CrispyMcMarkInc/Real_cropped_1024/00805.jpg,real,0.1164647862315177,0.0791778564453125,0,real,ft_default
459,CLIP-D,default,/media/CrispyMcMarkInc/Real_cropped_1024/00459.jpg,real,0.0004221650306135,0.08115816116333,0,real,ft_default
95,CLIP-D,default,/media/CrispyMcMarkInc/Real_cropped_1024/00095.jpg,real,0.0021163024939596,0.078503131866455,0,real,ft_default
94,CLIP-D,default,/media/CrispyMcMarkInc/Real_cropped_1024/00094.jpg,real,0.1393359750509262,0.0803043842315673,0,real,ft_default
452,CLIP-D,default,/media/CrispyMcMarkInc/Real_cropped_1024/00452.jpg,real,0.0010177093790844,0.0808422565460205,0,real,ft_default
510,CLIP-D,default,/media/CrispyMcMarkInc/Real_cropped_1024/00510.jpg,real,0.0011988990008831,0.0753986835479736,0,real,ft_default
791,CLIP-D,default,/media/CrispyMcMarkInc/Real_cropped_1024/00791.jpg,real,0.0011264827335253,0.0807931423187255,0,real,ft_default
410,CLIP-D,default,/media/CrispyMcMarkInc/Real_cropped_1024/00410.jpg,real,0.0041163535788655,0.078578233718872,0,real,ft_default
851,CLIP-D,default,/media/CrispyMcMarkInc/Real_cropped_1024/00851.jpg,real,0.0233855303376913,0.0786511898040771,0,real,ft_default
365,CLIP-D,default,/media/CrispyMcMarkInc/Real_cropped_1024/00365.jpg,real,0.0707265585660934,0.0788915157318115,0,real,ft_default
689,CLIP-D,default,/media/CrispyMcMarkInc/Real_cropped_1024/00689.jpg,real,0.0050677508115768,0.0818438529968261,0,real,ft_default
890,CLIP-D,default,/media/CrispyMcMarkInc/Real_cropped_1024/00890.jpg,real,0.0011365814134478,0.0788524150848388,0,real,ft_default
77,CLIP-D,default,/media/CrispyMcMarkInc/Real_cropped_1024/00077.jpg,real,0.001547681284137,0.0817635059356689,0,real,ft_default
187,CLIP-D,default,/media/CrispyMcMarkInc/Real_cropped_1024/00187.jpg,real,0.0159067045897245,0.0790503025054931,0,real,ft_default
475,CLIP-D,default,/media/CrispyMcMarkInc/Real_cropped_1024/00475.jpg,real,0.0001918523048516,0.0843181610107421,0,real,ft_default
999,CLIP-D,default,/media/CrispyMcMarkInc/Real_cropped_1024/00999.jpg,real,0.0014822699595242,0.0812876224517822,0,real,ft_default
173,CLIP-D,default,/media/CrispyMcMarkInc/Real_cropped_1024/00173.jpg,real,0.0013452522689476,0.0810565948486328,0,real,ft_default
919,CLIP-D,default,/media/CrispyMcMarkInc/Real_cropped_1024/00919.jpg,real,0.0029526422731578,0.0818464756011962,0,real,ft_default
433,CLIP-D,default,/media/CrispyMcMarkInc/Real_cropped_1024/00433.jpg,real,0.0024477737024426,0.0790996551513671,0,real,ft_default
147,CLIP-D,default,/media/CrispyMcMarkInc/Real_cropped_1024/00147.jpg,real,0.0192055664956569,0.0798590183258056,0,real,ft_default
230,CLIP-D,default,/media/CrispyMcMarkInc/Real_cropped_1024/00230.jpg,real,0.0005299096810631,0.0784826278686523,0,real,ft_default
382,CLIP-D,default,/media/CrispyMcMarkInc/Real_cropped_1024/00382.jpg,real,0.0016079228371381,0.0795962810516357,0,real,ft_default
962,CLIP-D,default,/media/CrispyMcMarkInc/Real_cropped_1024/00962.jpg,fake,0.9899753928184508,0.0783772468566894,0,real,ft_default
780,CLIP-D,default,/media/CrispyMcMarkInc/Real_cropped_1024/00780.jpg,real,0.0020282343029975,0.0807523727416992,0,real,ft_default
782,CLIP-D,default,/media/CrispyMcMarkInc/Real_cropped_1024/00782.jpg,real,0.3026385903358459,0.0791602134704589,0,real,ft_default
76,CLIP-D,default,/media/CrispyMcMarkInc/Real_cropped_1024/00076.jpg,real,0.0078949043527245,0.079378604888916,0,real,ft_default
656,CLIP-D,default,/media/CrispyMcMarkInc/Real_cropped_1024/00656.jpg,real,0.0005608302890323,0.0795586109161377,0,real,ft_default
804,CLIP-D,default,/media/CrispyMcMarkInc/Real_cropped_1024/00804.jpg,real,0.0011233146069571,0.080500841140747,0,real,ft_default
659,CLIP-D,default,/media/CrispyMcMarkInc/Real_cropped_1024/00659.jpg,real,0.0008623747853562,0.0788767337799072,0,real,ft_default
538,CLIP-D,default,/media/CrispyMcMarkInc/Real_cropped_1024/00538.jpg,real,0.0204545110464096,0.0747370719909668,0,real,ft_default
37,CLIP-D,default,/media/CrispyMcMarkInc/Real_cropped_1024/00037.jpg,real,0.0037137132603675,0.0808289051055908,0,real,ft_default
563,CLIP-D,default,/media/CrispyMcMarkInc/Real_cropped_1024/00563.jpg,real,0.0029794289730489,0.0782918930053711,0,real,ft_default
758,CLIP-D,default,/media/CrispyMcMarkInc/Real_cropped_1024/00758.jpg,real,0.2365136593580246,0.0795426368713378,0,real,ft_default
584,CLIP-D,default,/media/CrispyMcMarkInc/Real_cropped_1024/00584.jpg,real,0.0007860759506002,0.0802915096282959,0,real,ft_default
509,CLIP-D,default,/media/CrispyMcMarkInc/Real_cropped_1024/00509.jpg,real,0.0014162523439154,0.0815491676330566,0,real,ft_default
541,CLIP-D,default,/media/CrispyMcMarkInc/Real_cropped_1024/00541.jpg,real,0.2998757064342499,0.0817005634307861,0,real,ft_default
133,CLIP-D,default,/media/CrispyMcMarkInc/Real_cropped_1024/00133.jpg,real,0.0406155511736869,0.0814502239227294,0,real,ft_default
931,CLIP-D,default,/media/CrispyMcMarkInc/Real_cropped_1024/00931.jpg,real,0.0002174405381083,0.0796682834625244,0,real,ft_default
792,CLIP-D,default,/media/CrispyMcMarkInc/Real_cropped_1024/00792.jpg,real,0.0026880609802901,0.0787632465362548,0,real,ft_default
590,CLIP-D,default,/media/CrispyMcMarkInc/Real_cropped_1024/00590.jpg,real,0.0004246849275659,0.079719066619873,0,real,ft_default
740,CLIP-D,default,/media/CrispyMcMarkInc/Real_cropped_1024/00740.jpg,real,0.0044218678958714,0.0795772075653076,0,real,ft_default
745,CLIP-D,default,/media/CrispyMcMarkInc/Real_cropped_1024/00745.jpg,real,0.005974278319627,0.0822234153747558,0,real,ft_default
74,CLIP-D,default,/media/CrispyMcMarkInc/Real_cropped_1024/00074.jpg,real,0.0015066993655636,0.0801002979278564,0,real,ft_default
514,CLIP-D,default,/media/CrispyMcMarkInc/Real_cropped_1024/00514.jpg,real,0.1315638571977615,0.0786123275756836,0,real,ft_default
1,CLIP-D,default,/media/CrispyMcMarkInc/Real_cropped_1024/00001.jpg,real,0.0004645908775273,0.0814647674560546,0,real,ft_default
290,CLIP-D,default,/media/CrispyMcMarkInc/Real_cropped_1024/00290.jpg,real,0.0003673630999401,0.0811402797698974,0,real,ft_default
306,CLIP-D,default,/media/CrispyMcMarkInc/Real_cropped_1024/00306.jpg,real,0.0051845260895788,0.0803749561309814,0,real,ft_default
874,CLIP-D,default,/media/CrispyMcMarkInc/Real_cropped_1024/00874.jpg,real,0.0090955346822738,0.0797145366668701,0,real,ft_default
178,CLIP-D,default,/media/CrispyMcMarkInc/Real_cropped_1024/00178.jpg,real,0.0028936588205397,0.0786421298980712,0,real,ft_default
238,CLIP-D,default,/media/CrispyMcMarkInc/Real_cropped_1024/00238.jpg,real,9.57524316618219e-05,0.0794553756713867,0,real,ft_default
5,CLIP-D,default,/media/CrispyMcMarkInc/Real_cropped_1024/00005.jpg,real,0.0002703824720811,0.0794928073883056,0,real,ft_default
385,CLIP-D,default,/media/CrispyMcMarkInc/Real_cropped_1024/00385.jpg,real,0.001146400347352,0.0804903507232666,0,real,ft_default
308,CLIP-D,default,/media/CrispyMcMarkInc/Real_cropped_1024/00308.jpg,real,3.648097481345758e-05,0.0769155025482177,0,real,ft_default
448,CLIP-D,default,/media/CrispyMcMarkInc/Real_cropped_1024/00448.jpg,real,0.0029270895756781,0.0771756172180175,0,real,ft_default
761,CLIP-D,default,/media/CrispyMcMarkInc/Real_cropped_1024/00761.jpg,real,0.0001200447513838,0.0805027484893798,0,real,ft_default
754,CLIP-D,default,/media/CrispyMcMarkInc/Real_cropped_1024/00754.jpg,real,0.0002183132455684,0.0790903568267822,0,real,ft_default
98,CLIP-D,default,/media/CrispyMcMarkInc/Real_cropped_1024/00098.jpg,real,0.0014315206790342,0.0827784538269043,0,real,ft_default
483,CLIP-D,default,/media/CrispyMcMarkInc/Real_cropped_1024/00483.jpg,real,0.0322129167616367,0.0798780918121337,0,real,ft_default
574,CLIP-D,default,/media/CrispyMcMarkInc/Real_cropped_1024/00574.jpg,real,0.0002824317780323,0.0805423259735107,0,real,ft_default
789,CLIP-D,default,/media/CrispyMcMarkInc/Real_cropped_1024/00789.jpg,real,0.0045293816365301,0.0797836780548095,0,real,ft_default
841,CLIP-D,default,/media/CrispyMcMarkInc/Real_cropped_1024/00841.jpg,real,0.0006961848121136,0.0802102088928222,0,real,ft_default
586,CLIP-D,default,/media/CrispyMcMarkInc/Real_cropped_1024/00586.jpg,real,0.0023830998688936,0.0819888114929199,0,real,ft_default
910,CLIP-D,default,/media/CrispyMcMarkInc/Real_cropped_1024/00910.jpg,real,0.0195588637143373,0.0807838439941406,0,real,ft_default
625,CLIP-D,default,/media/CrispyMcMarkInc/Real_cropped_1024/00625.jpg,real,0.0002247774100396,0.0784428119659423,0,real,ft_default
753,CLIP-D,default,/media/CrispyMcMarkInc/Real_cropped_1024/00753.jpg,real,7.749049837002531e-05,0.0803170204162597,0,real,ft_default
718,CLIP-D,default,/media/CrispyMcMarkInc/Real_cropped_1024/00718.jpg,real,0.0003713406622409,0.080280065536499,0,real,ft_default
879,CLIP-D,default,/media/CrispyMcMarkInc/Real_cropped_1024/00879.jpg,real,0.0032440107315778,0.0789394378662109,0,real,ft_default
115,CLIP-D,default,/media/CrispyMcMarkInc/Real_cropped_1024/00115.jpg,real,0.0002374029281781,0.0823831558227539,0,real,ft_default
46,CLIP-D,default,/media/CrispyMcMarkInc/Real_cropped_1024/00046.jpg,real,0.0041493810713291,0.074258804321289,0,real,ft_default
711,CLIP-D,default,/media/CrispyMcMarkInc/Real_cropped_1024/00711.jpg,real,0.0125892460346221,0.0830354690551757,0,real,ft_default
345,CLIP-D,default,/media/CrispyMcMarkInc/Real_cropped_1024/00345.jpg,real,0.0131770465523004,0.0798864364624023,0,real,ft_default
668,CLIP-D,default,/media/CrispyMcMarkInc/Real_cropped_1024/00668.jpg,real,0.0016796562122181,0.0784497261047363,0,real,ft_default
79,CLIP-D,default,/media/CrispyMcMarkInc/Real_cropped_1024/00079.jpg,real,0.0005719210021197,0.0797483921051025,0,real,ft_default
562,CLIP-D,default,/media/CrispyMcMarkInc/Real_cropped_1024/00562.jpg,real,0.0119926463812589,0.0798985958099365,0,real,ft_default
613,CLIP-D,default,/media/CrispyMcMarkInc/Real_cropped_1024/00613.jpg,real,0.0341920480132103,0.0797808170318603,0,real,ft_default
949,CLIP-D,default,/media/CrispyMcMarkInc/Real_cropped_1024/00949.jpg,real,0.0062714414671063,0.0795824527740478,0,real,ft_default
809,CLIP-D,default,/media/CrispyMcMarkInc/Real_cropped_1024/00809.jpg,real,0.0048021441325545,0.0793929100036621,0,real,ft_default
677,CLIP-D,default,/media/CrispyMcMarkInc/Real_cropped_1024/00677.jpg,real,0.1556164920330047,0.0811729431152343,0,real,ft_default
307,CLIP-D,default,/media/CrispyMcMarkInc/Real_cropped_1024/00307.jpg,real,0.001851879642345,0.0784258842468261,0,real,ft_default
329,CLIP-D,default,/media/CrispyMcMarkInc/Real_cropped_1024/00329.jpg,real,0.0166359022259712,0.0808320045471191,0,real,ft_default
903,CLIP-D,default,/media/CrispyMcMarkInc/Real_cropped_1024/00903.jpg,real,0.0018913003150373,0.0801532268524169,0,real,ft_default
444,CLIP-D,default,/media/CrispyMcMarkInc/Real_cropped_1024/00444.jpg,real,0.0035142358392477,0.0793361663818359,0,real,ft_default
628,CLIP-D,default,/media/CrispyMcMarkInc/Real_cropped_1024/00628.jpg,real,0.0134664252400398,0.0793912410736084,0,real,ft_default
602,CLIP-D,default,/media/CrispyMcMarkInc/Real_cropped_1024/00602.jpg,real,0.0004264968156348,0.0817928314208984,0,real,ft_default
927,CLIP-D,default,/media/CrispyMcMarkInc/Real_cropped_1024/00927.jpg,real,0.0005317455506883,0.0817387104034423,0,real,ft_default
442,CLIP-D,default,/media/CrispyMcMarkInc/Real_cropped_1024/00442.jpg,real,0.0007622401462867,0.0780408382415771,0,real,ft_default
377,CLIP-D,default,/media/CrispyMcMarkInc/Real_cropped_1024/00377.jpg,real,0.0055670575238764,0.0785894393920898,0,real,ft_default
986,CLIP-D,default,/media/CrispyMcMarkInc/Real_cropped_1024/00986.jpg,real,0.0002823765680659,0.0773677825927734,0,real,ft_default
508,CLIP-D,default,/media/CrispyMcMarkInc/Real_cropped_1024/00508.jpg,real,0.0004169863241259,0.0787417888641357,0,real,ft_default
210,CLIP-D,default,/media/CrispyMcMarkInc/Real_cropped_1024/00210.jpg,real,0.0025910518597811,0.0796725749969482,0,real,ft_default
341,CLIP-D,default,/media/CrispyMcMarkInc/Real_cropped_1024/00341.jpg,real,0.0009823242435231,0.0825986862182617,0,real,ft_default
229,CLIP-D,default,/media/CrispyMcMarkInc/Real_cropped_1024/00229.jpg,real,0.0002210969978477,0.0792300701141357,0,real,ft_default
517,CLIP-D,default,/media/CrispyMcMarkInc/Real_cropped_1024/00517.jpg,real,0.0019774278625845,0.0795071125030517,0,real,ft_default
90,CLIP-D,default,/media/CrispyMcMarkInc/Real_cropped_1024/00090.jpg,real,0.000390794390114,0.0772256851196289,0,real,ft_default
303,CLIP-D,default,/media/CrispyMcMarkInc/Real_cropped_1024/00303.jpg,real,0.0441076159477233,0.0805685520172119,0,real,ft_default
610,CLIP-D,default,/media/CrispyMcMarkInc/Real_cropped_1024/00610.jpg,real,0.0002732174179982,0.0846090316772461,0,real,ft_default
837,CLIP-D,default,/media/CrispyMcMarkInc/Real_cropped_1024/00837.jpg,real,0.0018050374928861,0.0812735557556152,0,real,ft_default
523,CLIP-D,default,/media/CrispyMcMarkInc/Real_cropped_1024/00523.jpg,real,0.0213601179420948,0.0828220844268798,0,real,ft_default
878,CLIP-D,default,/media/CrispyMcMarkInc/Real_cropped_1024/00878.jpg,real,0.0087625933811068,0.0762708187103271,0,real,ft_default
494,CLIP-D,default,/media/CrispyMcMarkInc/Real_cropped_1024/00494.jpg,real,0.0288764480501413,0.0794203281402587,0,real,ft_default
138,CLIP-D,default,/media/CrispyMcMarkInc/Real_cropped_1024/00138.jpg,real,0.0119496975094079,0.0818023681640625,0,real,ft_default
885,CLIP-D,default,/media/CrispyMcMarkInc/Real_cropped_1024/00885.jpg,real,0.0014357863692566,0.0798335075378418,0,real,ft_default
826,CLIP-D,default,/media/CrispyMcMarkInc/Real_cropped_1024/00826.jpg,real,0.0008553673978894,0.0810859203338623,0,real,ft_default
85,CLIP-D,default,/media/CrispyMcMarkInc/Real_cropped_1024/00085.jpg,real,0.0010145743144676,0.0782084465026855,0,real,ft_default
418,CLIP-D,default,/media/CrispyMcMarkInc/Real_cropped_1024/00418.jpg,real,0.0026644773315638,0.0780646800994873,0,real,ft_default
71,CLIP-D,default,/media/CrispyMcMarkInc/Real_cropped_1024/00071.jpg,real,0.0010078570339828,0.0699150562286377,0,real,ft_default
540,CLIP-D,default,/media/CrispyMcMarkInc/Real_cropped_1024/00540.jpg,real,0.0003543139027897,0.0717663764953613,0,real,ft_default
854,CLIP-D,default,/media/CrispyMcMarkInc/Real_cropped_1024/00854.jpg,real,0.0005789243732579,0.0706849098205566,0,real,ft_default
501,CLIP-D,default,/media/CrispyMcMarkInc/Real_cropped_1024/00501.jpg,real,0.0012651188299059,0.0705494880676269,0,real,ft_default
637,CLIP-D,default,/media/CrispyMcMarkInc/Real_cropped_1024/00637.jpg,real,0.0101598314940929,0.0705885887145996,0,real,ft_default
568,CLIP-D,default,/media/CrispyMcMarkInc/Real_cropped_1024/00568.jpg,real,0.0002776317705865,0.0748836994171142,0,real,ft_default
650,CLIP-D,default,/media/CrispyMcMarkInc/Real_cropped_1024/00650.jpg,real,0.0107238041236996,0.0715532302856445,0,real,ft_default
422,CLIP-D,default,/media/CrispyMcMarkInc/Real_cropped_1024/00422.jpg,real,0.0026991548947989,0.0703957080841064,0,real,ft_default
846,CLIP-D,default,/media/CrispyMcMarkInc/Real_cropped_1024/00846.jpg,real,0.126274824142456,0.0712049007415771,0,real,ft_default
916,CLIP-D,default,/media/CrispyMcMarkInc/Real_cropped_1024/00916.jpg,real,0.0009429114870727,0.0704388618469238,0,real,ft_default
70,CLIP-D,default,/media/CrispyMcMarkInc/Real_cropped_1024/00070.jpg,real,0.0011373974848538,0.0713653564453125,0,real,ft_default
596,CLIP-D,default,/media/CrispyMcMarkInc/Real_cropped_1024/00596.jpg,real,0.0001936249900609,0.0723576545715332,0,real,ft_default
498,CLIP-D,default,/media/CrispyMcMarkInc/Real_cropped_1024/00498.jpg,real,0.0518778935074806,0.0755839347839355,0,real,ft_default
423,CLIP-D,default,/media/CrispyMcMarkInc/Real_cropped_1024/00423.jpg,real,0.002488164929673,0.0744192600250244,0,real,ft_default
836,CLIP-D,default,/media/CrispyMcMarkInc/Real_cropped_1024/00836.jpg,real,0.000399995537009,0.0798237323760986,0,real,ft_default
47,CLIP-D,default,/media/CrispyMcMarkInc/Real_cropped_1024/00047.jpg,real,0.0285350065678358,0.0807828903198242,0,real,ft_default
42,CLIP-D,default,/media/CrispyMcMarkInc/Real_cropped_1024/00042.jpg,real,0.0373389609158039,0.0832133293151855,0,real,ft_default
543,CLIP-D,default,/media/CrispyMcMarkInc/Real_cropped_1024/00543.jpg,real,0.0021828659810125,0.0801453590393066,0,real,ft_default
3,CLIP-D,default,/media/CrispyMcMarkInc/Real_cropped_1024/00003.jpg,real,0.0045531173236668,0.0809657573699951,0,real,ft_default
589,CLIP-D,default,/media/CrispyMcMarkInc/Real_cropped_1024/00589.jpg,real,0.0921139270067215,0.0760202407836914,0,real,ft_default
431,CLIP-D,default,/media/CrispyMcMarkInc/Real_cropped_1024/00431.jpg,real,0.0589329451322555,0.0764322280883789,0,real,ft_default
591,CLIP-D,default,/media/CrispyMcMarkInc/Real_cropped_1024/00591.jpg,fake,0.9987404942512512,0.0788400173187255,0,real,ft_default
648,CLIP-D,default,/media/CrispyMcMarkInc/Real_cropped_1024/00648.jpg,real,0.0049313097260892,0.0732111930847168,0,real,ft_default
964,CLIP-D,default,/media/CrispyMcMarkInc/Real_cropped_1024/00964.jpg,real,3.3608233934501186e-05,0.0723991394042968,0,real,ft_default
959,CLIP-D,default,/media/CrispyMcMarkInc/Real_cropped_1024/00959.jpg,real,0.0001442191569367,0.0707848072052002,0,real,ft_default
692,CLIP-D,default,/media/CrispyMcMarkInc/Real_cropped_1024/00692.jpg,real,0.0012098610168322,0.0724761486053466,0,real,ft_default
644,CLIP-D,default,/media/CrispyMcMarkInc/Real_cropped_1024/00644.jpg,real,0.0014263251796364,0.070652961730957,0,real,ft_default
429,CLIP-D,default,/media/CrispyMcMarkInc/Real_cropped_1024/00429.jpg,real,0.0009355078800581,0.0704522132873535,0,real,ft_default
480,CLIP-D,default,/media/CrispyMcMarkInc/Real_cropped_1024/00480.jpg,real,0.0034988648258149,0.0708758831024169,0,real,ft_default
595,CLIP-D,default,/media/CrispyMcMarkInc/Real_cropped_1024/00595.jpg,real,0.0173390097916126,0.0706710815429687,0,real,ft_default
68,CLIP-D,default,/media/CrispyMcMarkInc/Real_cropped_1024/00068.jpg,real,0.0003960077883675,0.0702178478240966,0,real,ft_default
570,CLIP-D,default,/media/CrispyMcMarkInc/Real_cropped_1024/00570.jpg,real,0.0110987415537238,0.0695674419403076,0,real,ft_default
887,CLIP-D,default,/media/CrispyMcMarkInc/Real_cropped_1024/00887.jpg,real,0.0485841482877731,0.0704233646392822,0,real,ft_default
930,CLIP-D,default,/media/CrispyMcMarkInc/Real_cropped_1024/00930.jpg,real,0.0009120760951191,0.0718021392822265,0,real,ft_default
834,CLIP-D,default,/media/CrispyMcMarkInc/Real_cropped_1024/00834.jpg,real,0.000245207658736,0.0709362030029296,0,real,ft_default
554,CLIP-D,default,/media/CrispyMcMarkInc/Real_cropped_1024/00554.jpg,real,0.0026918665971606,0.0716145038604736,0,real,ft_default
62,CLIP-D,default,/media/CrispyMcMarkInc/Real_cropped_1024/00062.jpg,real,0.0003701289242599,0.071002721786499,0,real,ft_default
881,CLIP-D,default,/media/CrispyMcMarkInc/Real_cropped_1024/00881.jpg,real,0.0008364421664737,0.070343017578125,0,real,ft_default
424,CLIP-D,default,/media/CrispyMcMarkInc/Real_cropped_1024/00424.jpg,real,0.0034170241560786,0.0711536407470703,0,real,ft_default
24,CLIP-D,default,/media/CrispyMcMarkInc/Real_cropped_1024/00024.jpg,real,0.0053657689131796,0.0716288089752197,0,real,ft_default
935,CLIP-D,default,/media/CrispyMcMarkInc/Real_cropped_1024/00935.jpg,real,0.0009576446609571,0.0722498893737793,0,real,ft_default
603,CLIP-D,default,/media/CrispyMcMarkInc/Real_cropped_1024/00603.jpg,real,0.0036707508843392,0.0709059238433837,0,real,ft_default
338,CLIP-D,default,/media/CrispyMcMarkInc/Real_cropped_1024/00338.jpg,real,0.0006180368363857,0.0727381706237793,0,real,ft_default
663,CLIP-D,default,/media/CrispyMcMarkInc/Real_cropped_1024/00663.jpg,real,0.0002157973067369,0.0728681087493896,0,real,ft_default
572,CLIP-D,default,/media/CrispyMcMarkInc/Real_cropped_1024/00572.jpg,fake,0.7525145411491394,0.0726428031921386,0,real,ft_default
152,CLIP-D,default,/media/CrispyMcMarkInc/Real_cropped_1024/00152.jpg,real,0.0001776331482687,0.0723085403442382,0,real,ft_default
492,CLIP-D,default,/media/CrispyMcMarkInc/Real_cropped_1024/00492.jpg,real,0.0007923646480776,0.0728623867034912,0,real,ft_default
327,CLIP-D,default,/media/CrispyMcMarkInc/Real_cropped_1024/00327.jpg,fake,0.9687575101852416,0.0714306831359863,0,real,ft_default
375,CLIP-D,default,/media/CrispyMcMarkInc/Real_cropped_1024/00375.jpg,real,0.0006648206617683,0.0717577934265136,0,real,ft_default
192,CLIP-D,default,/media/CrispyMcMarkInc/Real_cropped_1024/00192.jpg,real,0.0122555131092667,0.070345401763916,0,real,ft_default
771,CLIP-D,default,/media/CrispyMcMarkInc/Real_cropped_1024/00771.jpg,real,0.0087605845183134,0.0716774463653564,0,real,ft_default
676,CLIP-D,default,/media/CrispyMcMarkInc/Real_cropped_1024/00676.jpg,real,0.278675764799118,0.070199966430664,0,real,ft_default
10,CLIP-D,default,/media/CrispyMcMarkInc/Real_cropped_1024/00010.jpg,real,0.0063059390522539,0.0696930885314941,0,real,ft_default
756,CLIP-D,default,/media/CrispyMcMarkInc/Real_cropped_1024/00756.jpg,real,0.0026927792932838,0.0694634914398193,0,real,ft_default
794,CLIP-D,default,/media/CrispyMcMarkInc/Real_cropped_1024/00794.jpg,real,0.0011718571186065,0.069864273071289,0,real,ft_default
416,CLIP-D,default,/media/CrispyMcMarkInc/Real_cropped_1024/00416.jpg,real,0.1521465331315994,0.0705218315124511,0,real,ft_default
168,CLIP-D,default,/media/CrispyMcMarkInc/Real_cropped_1024/00168.jpg,real,0.0014712371630594,0.0709292888641357,0,real,ft_default
110,CLIP-D,default,/media/CrispyMcMarkInc/Real_cropped_1024/00110.jpg,real,0.0005872742622159,0.0739796161651611,0,real,ft_default
491,CLIP-D,default,/media/CrispyMcMarkInc/Real_cropped_1024/00491.jpg,real,0.0013109864667057,0.072688341140747,0,real,ft_default
169,CLIP-D,default,/media/CrispyMcMarkInc/Real_cropped_1024/00169.jpg,real,0.0008148129563778,0.0714607238769531,0,real,ft_default
685,CLIP-D,default,/media/CrispyMcMarkInc/Real_cropped_1024/00685.jpg,real,0.0673652738332748,0.0710344314575195,0,real,ft_default
282,CLIP-D,default,/media/CrispyMcMarkInc/Real_cropped_1024/00282.jpg,real,0.0029173293150961,0.0713248252868652,0,real,ft_default
11,CLIP-D,default,/media/CrispyMcMarkInc/Real_cropped_1024/00011.jpg,real,0.0082056755200028,0.0724992752075195,0,real,ft_default
89,CLIP-D,default,/media/CrispyMcMarkInc/Real_cropped_1024/00089.jpg,real,0.0011083235731348,0.0724105834960937,0,real,ft_default
901,CLIP-D,default,/media/CrispyMcMarkInc/Real_cropped_1024/00901.jpg,real,0.0002201499737566,0.0699982643127441,0,real,ft_default
464,CLIP-D,default,/media/CrispyMcMarkInc/Real_cropped_1024/00464.jpg,real,0.0020154197700321,0.0702352523803711,0,real,ft_default
399,CLIP-D,default,/media/CrispyMcMarkInc/Real_cropped_1024/00399.jpg,real,0.0004383632622193,0.0703818798065185,0,real,ft_default
450,CLIP-D,default,/media/CrispyMcMarkInc/Real_cropped_1024/00450.jpg,real,0.000148926206748,0.0714907646179199,0,real,ft_default
372,CLIP-D,default,/media/CrispyMcMarkInc/Real_cropped_1024/00372.jpg,real,0.0018204707885161,0.070605993270874,0,real,ft_default
757,CLIP-D,default,/media/CrispyMcMarkInc/Real_cropped_1024/00757.jpg,real,0.0037235780619084,0.0722994804382324,0,real,ft_default
277,CLIP-D,default,/media/CrispyMcMarkInc/Real_cropped_1024/00277.jpg,real,0.0011540761915966,0.0711245536804199,0,real,ft_default
687,CLIP-D,default,/media/CrispyMcMarkInc/Real_cropped_1024/00687.jpg,real,0.0006739251548424,0.0709338188171386,0,real,ft_default
55,CLIP-D,default,/media/CrispyMcMarkInc/Real_cropped_1024/00055.jpg,real,0.0057279164902865,0.0702967643737793,0,real,ft_default
829,CLIP-D,default,/media/CrispyMcMarkInc/Real_cropped_1024/00829.jpg,real,0.0156935919076204,0.071030855178833,0,real,ft_default
188,CLIP-D,default,/media/CrispyMcMarkInc/Real_cropped_1024/00188.jpg,real,0.0044246688485145,0.0698308944702148,0,real,ft_default
666,CLIP-D,default,/media/CrispyMcMarkInc/Real_cropped_1024/00666.jpg,real,0.0001506035914644,0.0707399845123291,0,real,ft_default
938,CLIP-D,default,/media/CrispyMcMarkInc/Real_cropped_1024/00938.jpg,real,0.0002247572847409,0.0699944496154785,0,real,ft_default
564,CLIP-D,default,/media/CrispyMcMarkInc/Real_cropped_1024/00564.jpg,real,0.0422006137669086,0.0707879066467285,0,real,ft_default
265,CLIP-D,default,/media/CrispyMcMarkInc/Real_cropped_1024/00265.jpg,real,0.0026296570431441,0.0700826644897461,0,real,ft_default
276,CLIP-D,default,/media/CrispyMcMarkInc/Real_cropped_1024/00276.jpg,real,0.2701122760772705,0.0701632499694824,0,real,ft_default
333,CLIP-D,default,/media/CrispyMcMarkInc/Real_cropped_1024/00333.jpg,real,0.0009870595531538,0.0711865425109863,0,real,ft_default
724,CLIP-D,default,/media/CrispyMcMarkInc/Real_cropped_1024/00724.jpg,real,0.0182675309479236,0.0713469982147216,0,real,ft_default
449,CLIP-D,default,/media/CrispyMcMarkInc/Real_cropped_1024/00449.jpg,real,0.0025869589298963,0.0713098049163818,0,real,ft_default
463,CLIP-D,default,/media/CrispyMcMarkInc/Real_cropped_1024/00463.jpg,real,0.0064337882213294,0.0729618072509765,0,real,ft_default
618,CLIP-D,default,/media/CrispyMcMarkInc/Real_cropped_1024/00618.jpg,real,0.0015842738794162,0.0718216896057128,0,real,ft_default
298,CLIP-D,default,/media/CrispyMcMarkInc/Real_cropped_1024/00298.jpg,real,0.0001024227458401,0.0711708068847656,0,real,ft_default
16,CLIP-D,default,/media/CrispyMcMarkInc/Real_cropped_1024/00016.jpg,real,0.0089588314294815,0.0720453262329101,0,real,ft_default
302,CLIP-D,default,/media/CrispyMcMarkInc/Real_cropped_1024/00302.jpg,real,0.0117192631587386,0.0729846954345703,0,real,ft_default
814,CLIP-D,default,/media/CrispyMcMarkInc/Real_cropped_1024/00814.jpg,real,0.0003455342666711,0.0744075775146484,0,real,ft_default
762,CLIP-D,default,/media/CrispyMcMarkInc/Real_cropped_1024/00762.jpg,real,0.0062454603612422,0.0724551677703857,0,real,ft_default
93,CLIP-D,default,/media/CrispyMcMarkInc/Real_cropped_1024/00093.jpg,fake,0.8238749504089355,0.0737018585205078,0,real,ft_default
581,CLIP-D,default,/media/CrispyMcMarkInc/Real_cropped_1024/00581.jpg,real,0.0008695679134689,0.0703523159027099,0,real,ft_default
720,CLIP-D,default,/media/CrispyMcMarkInc/Real_cropped_1024/00720.jpg,real,0.0047630867920815,0.0708410739898681,0,real,ft_default
943,CLIP-D,default,/media/CrispyMcMarkInc/Real_cropped_1024/00943.jpg,real,0.005507118999958,0.0717105865478515,0,real,ft_default
376,CLIP-D,default,/media/CrispyMcMarkInc/Real_cropped_1024/00376.jpg,real,0.0012890881625935,0.0736365318298339,0,real,ft_default
312,CLIP-D,default,/media/CrispyMcMarkInc/Real_cropped_1024/00312.jpg,real,0.0001766853238223,0.0712664127349853,0,real,ft_default
288,CLIP-D,default,/media/CrispyMcMarkInc/Real_cropped_1024/00288.jpg,real,0.0218439307063817,0.0700340270996093,0,real,ft_default
258,CLIP-D,default,/media/CrispyMcMarkInc/Real_cropped_1024/00258.jpg,real,0.0040122554637491,0.072495698928833,0,real,ft_default
914,CLIP-D,default,/media/CrispyMcMarkInc/Real_cropped_1024/00914.jpg,real,0.1625887006521225,0.0731501579284668,0,real,ft_default
899,CLIP-D,default,/media/CrispyMcMarkInc/Real_cropped_1024/00899.jpg,real,0.0298277791589498,0.0718579292297363,0,real,ft_default
908,CLIP-D,default,/media/CrispyMcMarkInc/Real_cropped_1024/00908.jpg,real,0.2118860930204391,0.0707695484161377,0,real,ft_default
243,CLIP-D,default,/media/CrispyMcMarkInc/Real_cropped_1024/00243.jpg,real,0.0016288706101477,0.0708897113800048,0,real,ft_default
240,CLIP-D,default,/media/CrispyMcMarkInc/Real_cropped_1024/00240.jpg,real,0.0012196521274745,0.0722758769989013,0,real,ft_default
736,CLIP-D,default,/media/CrispyMcMarkInc/Real_cropped_1024/00736.jpg,real,0.0006933605181984,0.0703239440917968,0,real,ft_default
708,CLIP-D,default,/media/CrispyMcMarkInc/Real_cropped_1024/00708.jpg,real,0.0003661442315205,0.0706448554992675,0,real,ft_default
918,CLIP-D,default,/media/CrispyMcMarkInc/Real_cropped_1024/00918.jpg,real,0.0006557232118211,0.0713949203491211,0,real,ft_default
393,CLIP-D,default,/media/CrispyMcMarkInc/Real_cropped_1024/00393.jpg,real,7.718002598267049e-05,0.0704028606414794,0,real,ft_default
981,CLIP-D,default,/media/CrispyMcMarkInc/Real_cropped_1024/00981.jpg,real,7.615416689077392e-05,0.0728023052215576,0,real,ft_default
121,CLIP-D,default,/media/CrispyMcMarkInc/Real_cropped_1024/00121.jpg,real,0.0001801840990083,0.0728979110717773,0,real,ft_default
699,CLIP-D,default,/media/CrispyMcMarkInc/Real_cropped_1024/00699.jpg,real,0.0003377431130502,0.0713069438934326,0,real,ft_default
714,CLIP-D,default,/media/CrispyMcMarkInc/Real_cropped_1024/00714.jpg,real,0.0053124320693314,0.0712580680847168,0,real,ft_default
719,CLIP-D,default,/media/CrispyMcMarkInc/Real_cropped_1024/00719.jpg,real,0.0011120690032839,0.070422887802124,0,real,ft_default
402,CLIP-D,default,/media/CrispyMcMarkInc/Real_cropped_1024/00402.jpg,real,0.0210483148694038,0.0703299045562744,0,real,ft_default
334,CLIP-D,default,/media/CrispyMcMarkInc/Real_cropped_1024/00334.jpg,real,0.0006299783126451,0.0705444812774658,0,real,ft_default
528,CLIP-D,default,/media/CrispyMcMarkInc/Real_cropped_1024/00528.jpg,real,0.0058415192179381,0.0741107463836669,0,real,ft_default
909,CLIP-D,default,/media/CrispyMcMarkInc/Real_cropped_1024/00909.jpg,real,0.0015236898325383,0.0762722492218017,0,real,ft_default
390,CLIP-D,default,/media/CrispyMcMarkInc/Real_cropped_1024/00390.jpg,real,0.0013359345030039,0.0721855163574218,0,real,ft_default
199,CLIP-D,default,/media/CrispyMcMarkInc/Real_cropped_1024/00199.jpg,real,0.0137692186981439,0.0724360942840576,0,real,ft_default
907,CLIP-D,default,/media/CrispyMcMarkInc/Real_cropped_1024/00907.jpg,real,0.0486964583396911,0.0726959705352783,0,real,ft_default
744,CLIP-D,default,/media/CrispyMcMarkInc/Real_cropped_1024/00744.jpg,real,0.0164453368633985,0.0724785327911377,0,real,ft_default
686,CLIP-D,default,/media/CrispyMcMarkInc/Real_cropped_1024/00686.jpg,real,0.0004968657158315,0.0712296962738037,0,real,ft_default
381,CLIP-D,default,/media/CrispyMcMarkInc/Real_cropped_1024/00381.jpg,real,0.2821082472801208,0.0711612701416015,0,real,ft_default
262,CLIP-D,default,/media/CrispyMcMarkInc/Real_cropped_1024/00262.jpg,real,0.0030527156777679,0.0801239013671875,0,real,ft_default
86,CLIP-D,default,/media/CrispyMcMarkInc/Real_cropped_1024/00086.jpg,real,0.0094999838620424,0.0750069618225097,0,real,ft_default
201,CLIP-D,default,/media/CrispyMcMarkInc/Real_cropped_1024/00201.jpg,real,0.0004295516409911,0.0815298557281494,0,real,ft_default
926,CLIP-D,default,/media/CrispyMcMarkInc/Real_cropped_1024/00926.jpg,real,0.0001282474113395,0.0807220935821533,0,real,ft_default
146,CLIP-D,default,/media/CrispyMcMarkInc/Real_cropped_1024/00146.jpg,real,0.0007047749240882,0.0790061950683593,0,real,ft_default
191,CLIP-D,default,/media/CrispyMcMarkInc/Real_cropped_1024/00191.jpg,real,0.0169577114284038,0.0776810646057128,0,real,ft_default
725,CLIP-D,default,/media/CrispyMcMarkInc/Real_cropped_1024/00725.jpg,real,0.0004802141338586,0.0801873207092285,0,real,ft_default
696,CLIP-D,default,/media/CrispyMcMarkInc/Real_cropped_1024/00696.jpg,real,0.000744275341276,0.0797731876373291,0,real,ft_default
228,CLIP-D,default,/media/CrispyMcMarkInc/Real_cropped_1024/00228.jpg,real,0.003196284873411,0.0780501365661621,0,real,ft_default
806,CLIP-D,default,/media/CrispyMcMarkInc/Real_cropped_1024/00806.jpg,real,0.0074019627645611,0.0713520050048828,0,real,ft_default
880,CLIP-D,default,/media/CrispyMcMarkInc/Real_cropped_1024/00880.jpg,real,0.0161413587629795,0.071718692779541,0,real,ft_default
775,CLIP-D,default,/media/CrispyMcMarkInc/Real_cropped_1024/00775.jpg,real,0.0035841420758515,0.0735304355621337,0,real,ft_default
469,CLIP-D,default,/media/CrispyMcMarkInc/Real_cropped_1024/00469.jpg,real,0.0031000920571386,0.072685956954956,0,real,ft_default
127,CLIP-D,default,/media/CrispyMcMarkInc/Real_cropped_1024/00127.jpg,real,0.0001679714769124,0.0732707977294921,0,real,ft_default
250,CLIP-D,default,/media/CrispyMcMarkInc/Real_cropped_1024/00250.jpg,real,0.0011578458361327,0.0756928920745849,0,real,ft_default
328,CLIP-D,default,/media/CrispyMcMarkInc/Real_cropped_1024/00328.jpg,real,0.0005022333352826,0.0714268684387207,0,real,ft_default
214,CLIP-D,default,/media/CrispyMcMarkInc/Real_cropped_1024/00214.jpg,real,0.0137515785172581,0.0713081359863281,0,real,ft_default
23,CLIP-D,default,/media/CrispyMcMarkInc/Real_cropped_1024/00023.jpg,real,0.2002201527357101,0.076089859008789,0,real,ft_default
526,CLIP-D,default,/media/CrispyMcMarkInc/Real_cropped_1024/00526.jpg,real,0.0007930142455734,0.0716602802276611,0,real,ft_default
631,CLIP-D,default,/media/CrispyMcMarkInc/Real_cropped_1024/00631.jpg,real,0.1296772360801696,0.0740113258361816,0,real,ft_default
867,CLIP-D,default,/media/CrispyMcMarkInc/Real_cropped_1024/00867.jpg,real,0.0014676724094897,0.0710909366607666,0,real,ft_default
269,CLIP-D,default,/media/CrispyMcMarkInc/Real_cropped_1024/00269.jpg,real,0.0009682305390015,0.0703547000885009,0,real,ft_default
788,CLIP-D,default,/media/CrispyMcMarkInc/Real_cropped_1024/00788.jpg,real,0.1703025251626968,0.0719814300537109,0,real,ft_default
665,CLIP-D,default,/media/CrispyMcMarkInc/Real_cropped_1024/00665.jpg,real,0.2707990407943725,0.0725646018981933,0,real,ft_default
506,CLIP-D,default,/media/CrispyMcMarkInc/Real_cropped_1024/00506.jpg,real,0.0010994866024702,0.0723879337310791,0,real,ft_default
652,CLIP-D,default,/media/CrispyMcMarkInc/Real_cropped_1024/00652.jpg,real,0.0001872461725724,0.0736112594604492,0,real,ft_default
315,CLIP-D,default,/media/CrispyMcMarkInc/Real_cropped_1024/00315.jpg,real,0.0007665962912142,0.0723664760589599,0,real,ft_default
20,CLIP-D,default,/media/CrispyMcMarkInc/Real_cropped_1024/00020.jpg,real,0.0008523330907337,0.0733089447021484,0,real,ft_default
417,CLIP-D,default,/media/CrispyMcMarkInc/Real_cropped_1024/00417.jpg,fake,0.8762009739875793,0.0807781219482421,0,real,ft_default
141,CLIP-D,default,/media/CrispyMcMarkInc/Real_cropped_1024/00141.jpg,real,0.0003465760673861,0.0795783996582031,0,real,ft_default
597,CLIP-D,default,/media/CrispyMcMarkInc/Real_cropped_1024/00597.jpg,real,0.0002868081501219,0.073207139968872,0,real,ft_default
154,CLIP-D,default,/media/CrispyMcMarkInc/Real_cropped_1024/00154.jpg,real,0.0002240650937892,0.0718932151794433,0,real,ft_default
905,CLIP-D,default,/media/CrispyMcMarkInc/Real_cropped_1024/00905.jpg,real,0.0050381929613649,0.0727794170379638,0,real,ft_default
787,CLIP-D,default,/media/CrispyMcMarkInc/Real_cropped_1024/00787.jpg,real,0.0399023182690143,0.0798702239990234,0,real,ft_default
32,CLIP-D,default,/media/CrispyMcMarkInc/Real_cropped_1024/00032.jpg,real,0.0005471318727359,0.0708274841308593,0,real,ft_default
106,CLIP-D,default,/media/CrispyMcMarkInc/Real_cropped_1024/00106.jpg,real,0.0005296541494317,0.0717546939849853,0,real,ft_default
235,CLIP-D,default,/media/CrispyMcMarkInc/Real_cropped_1024/00235.jpg,real,0.0011246331268921,0.0700774192810058,0,real,ft_default
845,CLIP-D,default,/media/CrispyMcMarkInc/Real_cropped_1024/00845.jpg,real,0.0044019222259521,0.0699920654296875,0,real,ft_default
882,CLIP-D,default,/media/CrispyMcMarkInc/Real_cropped_1024/00882.jpg,real,0.0005476624937728,0.0707206726074218,0,real,ft_default
673,CLIP-D,default,/media/CrispyMcMarkInc/Real_cropped_1024/00673.jpg,real,0.0015359203098341,0.0705103874206543,0,real,ft_default
743,CLIP-D,default,/media/CrispyMcMarkInc/Real_cropped_1024/00743.jpg,real,0.0014943213900551,0.0704891681671142,0,real,ft_default
641,CLIP-D,default,/media/CrispyMcMarkInc/Real_cropped_1024/00641.jpg,real,0.0001458478363929,0.0706570148468017,0,real,ft_default
48,CLIP-D,default,/media/CrispyMcMarkInc/Real_cropped_1024/00048.jpg,real,0.0005667142104357,0.0711591243743896,0,real,ft_default
413,CLIP-D,default,/media/CrispyMcMarkInc/Real_cropped_1024/00413.jpg,real,0.000602719024755,0.0742735862731933,0,real,ft_default
670,CLIP-D,default,/media/CrispyMcMarkInc/Real_cropped_1024/00670.jpg,real,0.0001566233549965,0.0714790821075439,0,real,ft_default
356,CLIP-D,default,/media/CrispyMcMarkInc/Real_cropped_1024/00356.jpg,real,0.0014037925284355,0.0709064006805419,0,real,ft_default
285,CLIP-D,default,/media/CrispyMcMarkInc/Real_cropped_1024/00285.jpg,real,0.0002682474441826,0.072115421295166,0,real,ft_default
236,CLIP-D,default,/media/CrispyMcMarkInc/Real_cropped_1024/00236.jpg,real,0.0015591810224577,0.0703377723693847,0,real,ft_default
170,CLIP-D,default,/media/CrispyMcMarkInc/Real_cropped_1024/00170.jpg,real,0.0015922905877232,0.0699546337127685,0,real,ft_default
660,CLIP-D,default,/media/CrispyMcMarkInc/Real_cropped_1024/00660.jpg,real,0.0033596169669181,0.0715737342834472,0,real,ft_default
544,CLIP-D,default,/media/CrispyMcMarkInc/Real_cropped_1024/00544.jpg,real,0.0001832232665037,0.0712199211120605,0,real,ft_default
212,CLIP-D,default,/media/CrispyMcMarkInc/Real_cropped_1024/00212.jpg,real,0.0023456928320229,0.0710053443908691,0,real,ft_default
379,CLIP-D,default,/media/CrispyMcMarkInc/Real_cropped_1024/00379.jpg,real,0.0008208052604459,0.0707461833953857,0,real,ft_default
202,CLIP-D,default,/media/CrispyMcMarkInc/Real_cropped_1024/00202.jpg,fake,0.6841253638267517,0.0697987079620361,0,real,ft_default
892,CLIP-D,default,/media/CrispyMcMarkInc/Real_cropped_1024/00892.jpg,real,0.0019582794047892,0.0696899890899658,0,real,ft_default
317,CLIP-D,default,/media/CrispyMcMarkInc/Real_cropped_1024/00317.jpg,real,0.0007335987174883,0.0712208747863769,0,real,ft_default
850,CLIP-D,default,/media/CrispyMcMarkInc/Real_cropped_1024/00850.jpg,real,0.0068846829235553,0.071077823638916,0,real,ft_default
268,CLIP-D,default,/media/CrispyMcMarkInc/Real_cropped_1024/00268.jpg,real,0.0005338668706826,0.0708911418914794,0,real,ft_default
612,CLIP-D,default,/media/CrispyMcMarkInc/Real_cropped_1024/00612.jpg,real,0.0002286627423018,0.0715649127960205,0,real,ft_default
530,CLIP-D,default,/media/CrispyMcMarkInc/Real_cropped_1024/00530.jpg,real,0.0006106886430643,0.0716152191162109,0,real,ft_default
44,CLIP-D,default,/media/CrispyMcMarkInc/Real_cropped_1024/00044.jpg,real,0.007026941049844,0.0722320079803466,0,real,ft_default
624,CLIP-D,default,/media/CrispyMcMarkInc/Real_cropped_1024/00624.jpg,real,0.0276819095015525,0.072655439376831,0,real,ft_default
955,CLIP-D,default,/media/CrispyMcMarkInc/Real_cropped_1024/00955.jpg,real,0.1373991221189499,0.0715200901031494,0,real,ft_default
117,CLIP-D,default,/media/CrispyMcMarkInc/Real_cropped_1024/00117.jpg,real,0.0042774407193064,0.0708122253417968,0,real,ft_default
629,CLIP-D,default,/media/CrispyMcMarkInc/Real_cropped_1024/00629.jpg,real,0.0086831450462341,0.0712835788726806,0,real,ft_default
549,CLIP-D,default,/media/CrispyMcMarkInc/Real_cropped_1024/00549.jpg,real,0.0019613543990999,0.070951223373413,0,real,ft_default
889,CLIP-D,default,/media/CrispyMcMarkInc/Real_cropped_1024/00889.jpg,real,0.004950470291078,0.0710065364837646,0,real,ft_default
324,CLIP-D,default,/media/CrispyMcMarkInc/Real_cropped_1024/00324.jpg,real,0.0020318638999015,0.0708632469177246,0,real,ft_default
4,CLIP-D,default,/media/CrispyMcMarkInc/Real_cropped_1024/00004.jpg,real,0.001176287420094,0.0715115070343017,0,real,ft_default
283,CLIP-D,default,/media/CrispyMcMarkInc/Real_cropped_1024/00283.jpg,real,0.0004684379091486,0.0698218345642089,0,real,ft_default
310,CLIP-D,default,/media/CrispyMcMarkInc/Real_cropped_1024/00310.jpg,real,0.0009825676679611,0.0722453594207763,0,real,ft_default
721,CLIP-D,default,/media/CrispyMcMarkInc/Real_cropped_1024/00721.jpg,real,0.0470516011118888,0.0724325180053711,0,real,ft_default
852,CLIP-D,default,/media/CrispyMcMarkInc/Real_cropped_1024/00852.jpg,real,0.0003825310268439,0.0753679275512695,0,real,ft_default
616,CLIP-D,default,/media/CrispyMcMarkInc/Real_cropped_1024/00616.jpg,real,0.0162856318056583,0.0715875625610351,0,real,ft_default
505,CLIP-D,default,/media/CrispyMcMarkInc/Real_cropped_1024/00505.jpg,real,0.0001280423748539,0.0715129375457763,0,real,ft_default
749,CLIP-D,default,/media/CrispyMcMarkInc/Real_cropped_1024/00749.jpg,real,0.0037112336140125,0.0731627941131591,0,real,ft_default
53,CLIP-D,default,/media/CrispyMcMarkInc/Real_cropped_1024/00053.jpg,real,0.0010855022119358,0.0701391696929931,0,real,ft_default
136,CLIP-D,default,/media/CrispyMcMarkInc/Real_cropped_1024/00136.jpg,fake,0.6809813976287842,0.0707247257232666,0,real,ft_default
479,CLIP-D,default,/media/CrispyMcMarkInc/Real_cropped_1024/00479.jpg,real,0.0075519392266869,0.0695331096649169,0,real,ft_default
533,CLIP-D,default,/media/CrispyMcMarkInc/Real_cropped_1024/00533.jpg,real,0.0003252999449614,0.0738294124603271,0,real,ft_default
344,CLIP-D,default,/media/CrispyMcMarkInc/Real_cropped_1024/00344.jpg,real,0.0005440732347778,0.072932481765747,0,real,ft_default
335,CLIP-D,default,/media/CrispyMcMarkInc/Real_cropped_1024/00335.jpg,real,0.0219970867037773,0.0715620517730712,0,real,ft_default
386,CLIP-D,default,/media/CrispyMcMarkInc/Real_cropped_1024/00386.jpg,real,0.0003940688911825,0.0713379383087158,0,real,ft_default
838,CLIP-D,default,/media/CrispyMcMarkInc/Real_cropped_1024/00838.jpg,real,0.0006645115208812,0.0698342323303222,0,real,ft_default
944,CLIP-D,default,/media/CrispyMcMarkInc/Real_cropped_1024/00944.jpg,real,0.0008645629277452,0.0698809623718261,0,real,ft_default
481,CLIP-D,default,/media/CrispyMcMarkInc/Real_cropped_1024/00481.jpg,real,0.0015601946506649,0.0718195438385009,0,real,ft_default
990,CLIP-D,default,/media/CrispyMcMarkInc/Real_cropped_1024/00990.jpg,real,0.0007549400324933,0.0719528198242187,0,real,ft_default
537,CLIP-D,default,/media/CrispyMcMarkInc/Real_cropped_1024/00537.jpg,real,0.0046807047910988,0.0717465877532959,0,real,ft_default
654,CLIP-D,default,/media/CrispyMcMarkInc/Real_cropped_1024/00654.jpg,real,0.1299597918987274,0.0706801414489746,0,real,ft_default
835,CLIP-D,default,/media/CrispyMcMarkInc/Real_cropped_1024/00835.jpg,real,0.0001408100215485,0.0743951797485351,0,real,ft_default
839,CLIP-D,default,/media/CrispyMcMarkInc/Real_cropped_1024/00839.jpg,real,0.0071193692274391,0.0786404609680175,0,real,ft_default
695,CLIP-D,default,/media/CrispyMcMarkInc/Real_cropped_1024/00695.jpg,real,0.0015681671211495,0.0725009441375732,0,real,ft_default
222,CLIP-D,default,/media/CrispyMcMarkInc/Real_cropped_1024/00222.jpg,real,0.0002116707037203,0.0741124153137207,0,real,ft_default
14,CLIP-D,default,/media/CrispyMcMarkInc/Real_cropped_1024/00014.jpg,real,0.1582023352384567,0.073108434677124,0,real,ft_default
157,CLIP-D,default,/media/CrispyMcMarkInc/Real_cropped_1024/00157.jpg,real,0.0009559792233631,0.0723721981048584,0,real,ft_default
741,CLIP-D,default,/media/CrispyMcMarkInc/Real_cropped_1024/00741.jpg,real,0.0019056312739849,0.0718848705291748,0,real,ft_default
807,CLIP-D,default,/media/CrispyMcMarkInc/Real_cropped_1024/00807.jpg,real,0.005162548739463,0.0715796947479248,0,real,ft_default
970,CLIP-D,default,/media/CrispyMcMarkInc/Real_cropped_1024/00970.jpg,real,0.005615260452032,0.0725545883178711,0,real,ft_default
856,CLIP-D,default,/media/CrispyMcMarkInc/Real_cropped_1024/00856.jpg,real,0.0007505870889872,0.0723516941070556,0,real,ft_default
242,CLIP-D,default,/media/CrispyMcMarkInc/Real_cropped_1024/00242.jpg,real,0.0364995934069156,0.0700621604919433,0,real,ft_default
224,CLIP-D,default,/media/CrispyMcMarkInc/Real_cropped_1024/00224.jpg,fake,0.9699755907058716,0.0715131759643554,0,real,ft_default
698,CLIP-D,default,/media/CrispyMcMarkInc/Real_cropped_1024/00698.jpg,real,0.0001708828785922,0.0706007480621337,0,real,ft_default
135,CLIP-D,default,/media/CrispyMcMarkInc/Real_cropped_1024/00135.jpg,real,0.0405697487294673,0.0716729164123535,0,real,ft_default
305,CLIP-D,default,/media/CrispyMcMarkInc/Real_cropped_1024/00305.jpg,real,0.0002746604441199,0.0710625648498535,0,real,ft_default
684,CLIP-D,default,/media/CrispyMcMarkInc/Real_cropped_1024/00684.jpg,real,0.0168546214699745,0.071599006652832,0,real,ft_default
198,CLIP-D,default,/media/CrispyMcMarkInc/Real_cropped_1024/00198.jpg,real,0.0044659031555056,0.0698995590209961,0,real,ft_default
853,CLIP-D,default,/media/CrispyMcMarkInc/Real_cropped_1024/00853.jpg,real,0.0002736000460572,0.0707066059112548,0,real,ft_default
816,CLIP-D,default,/media/CrispyMcMarkInc/Real_cropped_1024/00816.jpg,real,0.000767775462009,0.0705897808074951,0,real,ft_default
193,CLIP-D,default,/media/CrispyMcMarkInc/Real_cropped_1024/00193.jpg,real,0.0001955806801561,0.0712144374847412,0,real,ft_default
80,CLIP-D,default,/media/CrispyMcMarkInc/Real_cropped_1024/00080.jpg,real,0.0006197639741003,0.0715000629425048,0,real,ft_default
555,CLIP-D,default,/media/CrispyMcMarkInc/Real_cropped_1024/00555.jpg,real,0.0003157296450808,0.0697188377380371,0,real,ft_default
104,CLIP-D,default,/media/CrispyMcMarkInc/Real_cropped_1024/00104.jpg,real,0.0089788110926747,0.0706167221069336,0,real,ft_default
951,CLIP-D,default,/media/CrispyMcMarkInc/Real_cropped_1024/00951.jpg,real,0.001157174934633,0.0710442066192627,0,real,ft_default
960,CLIP-D,default,/media/CrispyMcMarkInc/Real_cropped_1024/00960.jpg,real,8.86538255144842e-05,0.07094407081604,0,real,ft_default
715,CLIP-D,default,/media/CrispyMcMarkInc/Real_cropped_1024/00715.jpg,real,0.0273160077631473,0.0706181526184082,0,real,ft_default
203,CLIP-D,default,/media/CrispyMcMarkInc/Real_cropped_1024/00203.jpg,real,0.0040870625525712,0.0710639953613281,0,real,ft_default
394,CLIP-D,default,/media/CrispyMcMarkInc/Real_cropped_1024/00394.jpg,real,0.0001648339239181,0.0716748237609863,0,real,ft_default
105,CLIP-D,default,/media/CrispyMcMarkInc/Real_cropped_1024/00105.jpg,real,0.0017781318165361,0.0713491439819336,0,real,ft_default
457,CLIP-D,default,/media/CrispyMcMarkInc/Real_cropped_1024/00457.jpg,real,0.0019584638066589,0.0718302726745605,0,real,ft_default
700,CLIP-D,default,/media/CrispyMcMarkInc/Real_cropped_1024/00700.jpg,real,0.003337959991768,0.0726604461669921,0,real,ft_default
730,CLIP-D,default,/media/CrispyMcMarkInc/Real_cropped_1024/00730.jpg,real,0.0033354118932038,0.0727646350860595,0,real,ft_default
600,CLIP-D,default,/media/CrispyMcMarkInc/Real_cropped_1024/00600.jpg,real,0.0024687624536454,0.0758430957794189,0,real,ft_default
404,CLIP-D,default,/media/CrispyMcMarkInc/Real_cropped_1024/00404.jpg,real,0.0012583216885104,0.0777504444122314,0,real,ft_default
369,CLIP-D,default,/media/CrispyMcMarkInc/Real_cropped_1024/00369.jpg,real,0.0020306943915784,0.0786318778991699,0,real,ft_default
703,CLIP-D,default,/media/CrispyMcMarkInc/Real_cropped_1024/00703.jpg,real,0.0001655300875427,0.080254316329956,0,real,ft_default
128,CLIP-D,default,/media/CrispyMcMarkInc/Real_cropped_1024/00128.jpg,real,5.817598139401525e-05,0.0736372470855712,0,real,ft_default
166,CLIP-D,default,/media/CrispyMcMarkInc/Real_cropped_1024/00166.jpg,real,0.0008110281778499,0.072784423828125,0,real,ft_default
997,CLIP-D,default,/media/CrispyMcMarkInc/Real_cropped_1024/00997.jpg,real,0.0060691148974001,0.0704016685485839,0,real,ft_default
163,CLIP-D,default,/media/CrispyMcMarkInc/Real_cropped_1024/00163.jpg,real,0.0009095718851312,0.0709941387176513,0,real,ft_default
561,CLIP-D,default,/media/CrispyMcMarkInc/Real_cropped_1024/00561.jpg,real,0.0005706384545192,0.0704860687255859,0,real,ft_default
254,CLIP-D,default,/media/CrispyMcMarkInc/Real_cropped_1024/00254.jpg,real,0.0011395441833883,0.0700888633728027,0,real,ft_default
488,CLIP-D,default,/media/CrispyMcMarkInc/Real_cropped_1024/00488.jpg,real,0.00085726036923,0.0725345611572265,0,real,ft_default
680,CLIP-D,default,/media/CrispyMcMarkInc/Real_cropped_1024/00680.jpg,real,5.671412873198278e-05,0.0716862678527832,0,real,ft_default
215,CLIP-D,default,/media/CrispyMcMarkInc/Real_cropped_1024/00215.jpg,real,0.0059373951517045,0.0717108249664306,0,real,ft_default
130,CLIP-D,default,/media/CrispyMcMarkInc/Real_cropped_1024/00130.jpg,real,0.0004644739674404,0.071439504623413,0,real,ft_default
998,CLIP-D,default,/media/CrispyMcMarkInc/Real_cropped_1024/00998.jpg,real,0.004501556046307,0.0709946155548095,0,real,ft_default
493,CLIP-D,default,/media/CrispyMcMarkInc/Real_cropped_1024/00493.jpg,real,0.4319325983524322,0.0738000869750976,0,real,ft_default
871,CLIP-D,default,/media/CrispyMcMarkInc/Real_cropped_1024/00871.jpg,real,0.0614891685545444,0.0720317363739013,0,real,ft_default
15,CLIP-D,default,/media/CrispyMcMarkInc/Real_cropped_1024/00015.jpg,real,0.0005433243932202,0.0721595287322998,0,real,ft_default
35,CLIP-D,default,/media/CrispyMcMarkInc/Real_cropped_1024/00035.jpg,real,0.0021243465598672,0.0706934928894043,0,real,ft_default
326,CLIP-D,default,/media/CrispyMcMarkInc/Real_cropped_1024/00326.jpg,real,0.0491466633975505,0.0714128017425537,0,real,ft_default
759,CLIP-D,default,/media/CrispyMcMarkInc/Real_cropped_1024/00759.jpg,real,0.0014744623331353,0.0715713500976562,0,real,ft_default
560,CLIP-D,default,/media/CrispyMcMarkInc/Real_cropped_1024/00560.jpg,real,0.0022194222547113,0.0710375308990478,0,real,ft_default
987,CLIP-D,default,/media/CrispyMcMarkInc/Real_cropped_1024/00987.jpg,real,0.0011321014026179,0.0792305469512939,0,real,ft_default
773,CLIP-D,default,/media/CrispyMcMarkInc/Real_cropped_1024/00773.jpg,real,0.0007932123262435,0.0745491981506347,0,real,ft_default
783,CLIP-D,default,/media/CrispyMcMarkInc/Real_cropped_1024/00783.jpg,real,0.0030990897212177,0.0774807929992675,0,real,ft_default
446,CLIP-D,default,/media/CrispyMcMarkInc/Real_cropped_1024/00446.jpg,real,0.0036530662328004,0.0785000324249267,0,real,ft_default
257,CLIP-D,default,/media/CrispyMcMarkInc/Real_cropped_1024/00257.jpg,real,0.0003028679930139,0.0804760456085205,0,real,ft_default
337,CLIP-D,default,/media/CrispyMcMarkInc/Real_cropped_1024/00337.jpg,real,0.0057093086652457,0.081568956375122,0,real,ft_default
75,CLIP-D,default,/media/CrispyMcMarkInc/Real_cropped_1024/00075.jpg,real,0.0033066216856241,0.0802304744720459,0,real,ft_default
587,CLIP-D,default,/media/CrispyMcMarkInc/Real_cropped_1024/00587.jpg,real,0.0055393078364431,0.0817337036132812,0,real,ft_default
64,CLIP-D,default,/media/CrispyMcMarkInc/Real_cropped_1024/00064.jpg,real,0.0016004355857148,0.0797681808471679,0,real,ft_default
989,CLIP-D,default,/media/CrispyMcMarkInc/Real_cropped_1024/00989.jpg,real,0.0014304856304079,0.0775721073150634,0,real,ft_default
143,CLIP-D,default,/media/CrispyMcMarkInc/Real_cropped_1024/00143.jpg,real,0.0040068267844617,0.0816123485565185,0,real,ft_default
950,CLIP-D,default,/media/CrispyMcMarkInc/Real_cropped_1024/00950.jpg,real,0.0003580058109946,0.0785784721374511,0,real,ft_default
144,CLIP-D,default,/media/CrispyMcMarkInc/Real_cropped_1024/00144.jpg,real,0.0017159348353743,0.0788929462432861,0,real,ft_default
716,CLIP-D,default,/media/CrispyMcMarkInc/Real_cropped_1024/00716.jpg,real,0.0249946564435958,0.0801420211791992,0,real,ft_default
438,CLIP-D,default,/media/CrispyMcMarkInc/Real_cropped_1024/00438.jpg,real,0.0003408334741834,0.0782473087310791,0,real,ft_default
69,CLIP-D,default,/media/CrispyMcMarkInc/Real_cropped_1024/00069.jpg,real,0.0018323567928746,0.0781588554382324,0,real,ft_default
366,CLIP-D,default,/media/CrispyMcMarkInc/Real_cropped_1024/00366.jpg,real,0.0026485309936106,0.0815944671630859,0,real,ft_default
615,CLIP-D,default,/media/CrispyMcMarkInc/Real_cropped_1024/00615.jpg,real,0.0205823555588722,0.0787074565887451,0,real,ft_default
96,CLIP-D,default,/media/CrispyMcMarkInc/Real_cropped_1024/00096.jpg,real,0.0138459913432598,0.0791797637939453,0,real,ft_default
278,CLIP-D,default,/media/CrispyMcMarkInc/Real_cropped_1024/00278.jpg,real,0.0049581993371248,0.0791065692901611,0,real,ft_default
760,CLIP-D,default,/media/CrispyMcMarkInc/Real_cropped_1024/00760.jpg,real,0.0006799689144827,0.0800836086273193,0,real,ft_default
266,CLIP-D,default,/media/CrispyMcMarkInc/Real_cropped_1024/00266.jpg,real,0.0024360257666558,0.0797986984252929,0,real,ft_default
437,CLIP-D,default,/media/CrispyMcMarkInc/Real_cropped_1024/00437.jpg,real,0.0069409157149493,0.0796482563018798,0,real,ft_default
726,CLIP-D,default,/media/CrispyMcMarkInc/Real_cropped_1024/00726.jpg,real,0.0009336299845017,0.0787334442138671,0,real,ft_default
728,CLIP-D,default,/media/CrispyMcMarkInc/Real_cropped_1024/00728.jpg,real,0.0044073089957237,0.0791854858398437,0,real,ft_default
948,CLIP-D,default,/media/CrispyMcMarkInc/Real_cropped_1024/00948.jpg,real,0.0059363963082432,0.0790812969207763,0,real,ft_default
101,CLIP-D,default,/media/CrispyMcMarkInc/Real_cropped_1024/00101.jpg,real,0.0001591413310961,0.0783193111419677,0,real,ft_default
664,CLIP-D,default,/media/CrispyMcMarkInc/Real_cropped_1024/00664.jpg,real,0.0017889317823573,0.0777318477630615,0,real,ft_default
477,CLIP-D,default,/media/CrispyMcMarkInc/Real_cropped_1024/00477.jpg,real,0.000208957993891,0.0806720256805419,0,real,ft_default
165,CLIP-D,default,/media/CrispyMcMarkInc/Real_cropped_1024/00165.jpg,real,0.0009824486915022,0.0702202320098877,0,real,ft_default
151,CLIP-D,default,/media/CrispyMcMarkInc/Real_cropped_1024/00151.jpg,real,0.0024415221996605,0.0807185173034668,0,real,ft_default
632,CLIP-D,default,/media/CrispyMcMarkInc/Real_cropped_1024/00632.jpg,real,0.0952114537358284,0.0802302360534668,0,real,ft_default
380,CLIP-D,default,/media/CrispyMcMarkInc/Real_cropped_1024/00380.jpg,real,0.0015077608404681,0.0797088146209716,0,real,ft_default
553,CLIP-D,default,/media/CrispyMcMarkInc/Real_cropped_1024/00553.jpg,real,0.0003439199645072,0.0804378986358642,0,real,ft_default
100,CLIP-D,default,/media/CrispyMcMarkInc/Real_cropped_1024/00100.jpg,real,0.0010490062413737,0.077911376953125,0,real,ft_default
876,CLIP-D,default,/media/CrispyMcMarkInc/Real_cropped_1024/00876.jpg,real,0.0065956022590398,0.0808491706848144,0,real,ft_default
371,CLIP-D,default,/media/CrispyMcMarkInc/Real_cropped_1024/00371.jpg,real,0.0002106999600073,0.0779311656951904,0,real,ft_default
489,CLIP-D,default,/media/CrispyMcMarkInc/Real_cropped_1024/00489.jpg,real,0.0006821458227932,0.0794515609741211,0,real,ft_default
182,CLIP-D,default,/media/CrispyMcMarkInc/Real_cropped_1024/00182.jpg,real,0.240262895822525,0.0798981189727783,0,real,ft_default
441,CLIP-D,default,/media/CrispyMcMarkInc/Real_cropped_1024/00441.jpg,real,0.0009745223796926,0.0803742408752441,0,real,ft_default
232,CLIP-D,default,/media/CrispyMcMarkInc/Real_cropped_1024/00232.jpg,real,0.0012859416892752,0.0773694515228271,0,real,ft_default
279,CLIP-D,default,/media/CrispyMcMarkInc/Real_cropped_1024/00279.jpg,real,0.0229312144219875,0.079925537109375,0,real,ft_default
470,CLIP-D,default,/media/CrispyMcMarkInc/Real_cropped_1024/00470.jpg,real,0.0003820893471129,0.0787937641143798,0,real,ft_default
179,CLIP-D,default,/media/CrispyMcMarkInc/Real_cropped_1024/00179.jpg,real,0.0002947960456367,0.0799827575683593,0,real,ft_default
877,CLIP-D,default,/media/CrispyMcMarkInc/Real_cropped_1024/00877.jpg,real,0.0032073731999844,0.0798897743225097,0,real,ft_default
996,CLIP-D,default,/media/CrispyMcMarkInc/Real_cropped_1024/00996.jpg,real,0.0004772705142386,0.0789794921875,0,real,ft_default
149,CLIP-D,default,/media/CrispyMcMarkInc/Real_cropped_1024/00149.jpg,real,0.0002664115745574,0.0821564197540283,0,real,ft_default
225,CLIP-D,default,/media/CrispyMcMarkInc/Real_cropped_1024/00225.jpg,real,0.1533966064453125,0.0782992839813232,0,real,ft_default
658,CLIP-D,default,/media/CrispyMcMarkInc/Real_cropped_1024/00658.jpg,real,0.0005172825767658,0.0782241821289062,0,real,ft_default
340,CLIP-D,default,/media/CrispyMcMarkInc/Real_cropped_1024/00340.jpg,real,0.0035493692848831,0.0788047313690185,0,real,ft_default
78,CLIP-D,default,/media/CrispyMcMarkInc/Real_cropped_1024/00078.jpg,real,0.0035609502810984,0.0717504024505615,0,real,ft_default
60,CLIP-D,default,/media/CrispyMcMarkInc/Real_cropped_1024/00060.jpg,real,0.0012882929295301,0.0700397491455078,0,real,ft_default
855,CLIP-D,default,/media/CrispyMcMarkInc/Real_cropped_1024/00855.jpg,real,0.0019651083275675,0.0697972774505615,0,real,ft_default
929,CLIP-D,default,/media/CrispyMcMarkInc/Real_cropped_1024/00929.jpg,real,0.0012677785707637,0.0717175006866455,0,real,ft_default
439,CLIP-D,default,/media/CrispyMcMarkInc/Real_cropped_1024/00439.jpg,real,0.0054393550381064,0.0727066993713378,0,real,ft_default
397,CLIP-D,default,/media/CrispyMcMarkInc/Real_cropped_1024/00397.jpg,real,0.0164356138557195,0.0725228786468505,0,real,ft_default
460,CLIP-D,default,/media/CrispyMcMarkInc/Real_cropped_1024/00460.jpg,real,0.0003684707044158,0.0725164413452148,0,real,ft_default
859,CLIP-D,default,/media/CrispyMcMarkInc/Real_cropped_1024/00859.jpg,real,0.0010227257153019,0.0725338459014892,0,real,ft_default
195,CLIP-D,default,/media/CrispyMcMarkInc/Real_cropped_1024/00195.jpg,real,0.0161626283079385,0.0722036361694336,0,real,ft_default
868,CLIP-D,default,/media/CrispyMcMarkInc/Real_cropped_1024/00868.jpg,real,0.2303326725959777,0.0739398002624511,0,real,ft_default
28,CLIP-D,default,/media/CrispyMcMarkInc/Real_cropped_1024/00028.jpg,real,0.0025114000309258,0.0733547210693359,0,real,ft_default
132,CLIP-D,default,/media/CrispyMcMarkInc/Real_cropped_1024/00132.jpg,real,0.0007237079553306,0.0705189704895019,0,real,ft_default
378,CLIP-D,default,/media/CrispyMcMarkInc/Real_cropped_1024/00378.jpg,real,0.0322869010269641,0.069789171218872,0,real,ft_default
18,CLIP-D,default,/media/CrispyMcMarkInc/Real_cropped_1024/00018.jpg,real,0.036903541535139,0.0700562000274658,0,real,ft_default
411,CLIP-D,default,/media/CrispyMcMarkInc/Real_cropped_1024/00411.jpg,real,9.76932278717868e-05,0.07047700881958,0,real,ft_default
793,CLIP-D,default,/media/CrispyMcMarkInc/Real_cropped_1024/00793.jpg,real,0.0006055878475308,0.0711860656738281,0,real,ft_default
647,CLIP-D,default,/media/CrispyMcMarkInc/Real_cropped_1024/00647.jpg,real,0.0029845139943063,0.0706057548522949,0,real,ft_default
383,CLIP-D,default,/media/CrispyMcMarkInc/Real_cropped_1024/00383.jpg,real,0.0003100456960964,0.0700974464416503,0,real,ft_default
667,CLIP-D,default,/media/CrispyMcMarkInc/Real_cropped_1024/00667.jpg,real,0.0008129245252348,0.0697231292724609,0,real,ft_default
292,CLIP-D,default,/media/CrispyMcMarkInc/Real_cropped_1024/00292.jpg,real,0.0006949028465896,0.0709242820739746,0,real,ft_default
897,CLIP-D,default,/media/CrispyMcMarkInc/Real_cropped_1024/00897.jpg,real,0.1656971871852874,0.0710668563842773,0,real,ft_default
803,CLIP-D,default,/media/CrispyMcMarkInc/Real_cropped_1024/00803.jpg,real,0.0014832314336672,0.0714008808135986,0,real,ft_default
917,CLIP-D,default,/media/CrispyMcMarkInc/Real_cropped_1024/00917.jpg,real,0.0013929768465459,0.0701880455017089,0,real,ft_default
31,CLIP-D,default,/media/CrispyMcMarkInc/Real_cropped_1024/00031.jpg,real,0.0010526648256927,0.0717175006866455,0,real,ft_default
447,CLIP-D,default,/media/CrispyMcMarkInc/Real_cropped_1024/00447.jpg,real,0.0004925148678012,0.0716559886932373,0,real,ft_default
52,CLIP-D,default,/media/CrispyMcMarkInc/Real_cropped_1024/00052.jpg,real,0.0001492267183493,0.0708763599395752,0,real,ft_default
486,CLIP-D,default,/media/CrispyMcMarkInc/Real_cropped_1024/00486.jpg,real,0.000888199720066,0.0716822147369384,0,real,ft_default
419,CLIP-D,default,/media/CrispyMcMarkInc/Real_cropped_1024/00419.jpg,real,0.287489503622055,0.0712800025939941,0,real,ft_default
428,CLIP-D,default,/media/CrispyMcMarkInc/Real_cropped_1024/00428.jpg,real,0.001141489483416,0.0698437690734863,0,real,ft_default
777,CLIP-D,default,/media/CrispyMcMarkInc/Real_cropped_1024/00777.jpg,real,0.0001868078397819,0.0700504779815673,0,real,ft_default
354,CLIP-D,default,/media/CrispyMcMarkInc/Real_cropped_1024/00354.jpg,real,0.0291873011738061,0.0702979564666748,0,real,ft_default
633,CLIP-D,default,/media/CrispyMcMarkInc/Real_cropped_1024/00633.jpg,real,0.0001548163563711,0.0697412490844726,0,real,ft_default
284,CLIP-D,default,/media/CrispyMcMarkInc/Real_cropped_1024/00284.jpg,real,0.0942014828324318,0.0700771808624267,0,real,ft_default
797,CLIP-D,default,/media/CrispyMcMarkInc/Real_cropped_1024/00797.jpg,real,0.0001897735055536,0.0703241825103759,0,real,ft_default
323,CLIP-D,default,/media/CrispyMcMarkInc/Real_cropped_1024/00323.jpg,fake,0.8419987559318542,0.0711009502410888,0,real,ft_default
19,CLIP-D,default,/media/CrispyMcMarkInc/Real_cropped_1024/00019.jpg,real,0.0008178903372026,0.0707199573516845,0,real,ft_default
982,CLIP-D,default,/media/CrispyMcMarkInc/Real_cropped_1024/00982.jpg,real,6.585534720215946e-05,0.0713233947753906,0,real,ft_default
355,CLIP-D,default,/media/CrispyMcMarkInc/Real_cropped_1024/00355.jpg,real,0.002440940355882,0.0706486701965332,0,real,ft_default
216,CLIP-D,default,/media/CrispyMcMarkInc/Real_cropped_1024/00216.jpg,real,0.0017727727536112,0.0704903602600097,0,real,ft_default
107,CLIP-D,default,/media/CrispyMcMarkInc/Real_cropped_1024/00107.jpg,real,0.0146480519324541,0.0709185600280761,0,real,ft_default
821,CLIP-D,default,/media/CrispyMcMarkInc/Real_cropped_1024/00821.jpg,real,0.0032573384232819,0.0706920623779296,0,real,ft_default
65,CLIP-D,default,/media/CrispyMcMarkInc/Real_cropped_1024/00065.jpg,real,0.0003723282425198,0.0702683925628662,0,real,ft_default
82,CLIP-D,default,/media/CrispyMcMarkInc/Real_cropped_1024/00082.jpg,real,0.0099750058725476,0.0703203678131103,0,real,ft_default
636,CLIP-D,default,/media/CrispyMcMarkInc/Real_cropped_1024/00636.jpg,real,0.0001666268653934,0.0710372924804687,0,real,ft_default
314,CLIP-D,default,/media/CrispyMcMarkInc/Real_cropped_1024/00314.jpg,real,0.0014332352438941,0.0704798698425293,0,real,ft_default
576,CLIP-D,default,/media/CrispyMcMarkInc/Real_cropped_1024/00576.jpg,real,0.0018485606415197,0.070770263671875,0,real,ft_default
891,CLIP-D,default,/media/CrispyMcMarkInc/Real_cropped_1024/00891.jpg,real,0.0061564487405121,0.0704164505004882,0,real,ft_default
831,CLIP-D,default,/media/CrispyMcMarkInc/Real_cropped_1024/00831.jpg,real,0.0043071066029369,0.0694801807403564,0,real,ft_default
894,CLIP-D,default,/media/CrispyMcMarkInc/Real_cropped_1024/00894.jpg,real,0.1068368405103683,0.070242166519165,0,real,ft_default
420,CLIP-D,default,/media/CrispyMcMarkInc/Real_cropped_1024/00420.jpg,real,0.0091141704469919,0.0703680515289306,0,real,ft_default
145,CLIP-D,default,/media/CrispyMcMarkInc/Real_cropped_1024/00145.jpg,real,0.0074328007176518,0.0713551044464111,0,real,ft_default
260,CLIP-D,default,/media/CrispyMcMarkInc/Real_cropped_1024/00260.jpg,real,0.0207707751542329,0.0709609985351562,0,real,ft_default
737,CLIP-D,default,/media/CrispyMcMarkInc/Real_cropped_1024/00737.jpg,real,0.0013120839139446,0.0708189010620117,0,real,ft_default
545,CLIP-D,default,/media/CrispyMcMarkInc/Real_cropped_1024/00545.jpg,real,0.0008038890664465,0.0716283321380615,0,real,ft_default
542,CLIP-D,default,/media/CrispyMcMarkInc/Real_cropped_1024/00542.jpg,real,0.0029295301064848,0.0718283653259277,0,real,ft_default
186,CLIP-D,default,/media/CrispyMcMarkInc/Real_cropped_1024/00186.jpg,real,0.000482854549773,0.0714187622070312,0,real,ft_default
808,CLIP-D,default,/media/CrispyMcMarkInc/Real_cropped_1024/00808.jpg,real,0.0948048457503318,0.0769145488739013,0,real,ft_default
270,CLIP-D,default,/media/CrispyMcMarkInc/Real_cropped_1024/00270.jpg,real,0.00165233341977,0.0709543228149414,0,real,ft_default
795,CLIP-D,default,/media/CrispyMcMarkInc/Real_cropped_1024/00795.jpg,real,0.018413882702589,0.0728116035461425,0,real,ft_default
388,CLIP-D,default,/media/CrispyMcMarkInc/Real_cropped_1024/00388.jpg,real,0.0023475515190511,0.0709202289581298,0,real,ft_default
784,CLIP-D,default,/media/CrispyMcMarkInc/Real_cropped_1024/00784.jpg,real,0.0137793105095624,0.0706760883331298,0,real,ft_default
462,CLIP-D,default,/media/CrispyMcMarkInc/Real_cropped_1024/00462.jpg,real,0.008281453512609,0.0729942321777343,0,real,ft_default
261,CLIP-D,default,/media/CrispyMcMarkInc/Real_cropped_1024/00261.jpg,real,0.0001553546317154,0.0721683502197265,0,real,ft_default
205,CLIP-D,default,/media/CrispyMcMarkInc/Real_cropped_1024/00205.jpg,real,0.0177853628993034,0.0721991062164306,0,real,ft_default
922,CLIP-D,default,/media/CrispyMcMarkInc/Real_cropped_1024/00922.jpg,real,0.0048560509458184,0.070561408996582,0,real,ft_default
453,CLIP-D,default,/media/CrispyMcMarkInc/Real_cropped_1024/00453.jpg,real,0.0009384767035953,0.0713720321655273,0,real,ft_default
25,CLIP-D,default,/media/CrispyMcMarkInc/Real_cropped_1024/00025.jpg,real,0.0026536223012953,0.0697922706604003,0,real,ft_default
478,CLIP-D,default,/media/CrispyMcMarkInc/Real_cropped_1024/00478.jpg,real,0.0008215811103582,0.0698490142822265,0,real,ft_default
866,CLIP-D,default,/media/CrispyMcMarkInc/Real_cropped_1024/00866.jpg,real,0.0001695270912023,0.071789264678955,0,real,ft_default
810,CLIP-D,default,/media/CrispyMcMarkInc/Real_cropped_1024/00810.jpg,real,0.00023009434517,0.0709850788116455,0,real,ft_default
83,CLIP-D,default,/media/CrispyMcMarkInc/Real_cropped_1024/00083.jpg,real,0.0037225061096251,0.0726683139801025,0,real,ft_default
635,CLIP-D,default,/media/CrispyMcMarkInc/Real_cropped_1024/00635.jpg,real,0.0023882235400378,0.0726513862609863,0,real,ft_default
59,CLIP-D,default,/media/CrispyMcMarkInc/Real_cropped_1024/00059.jpg,real,8.180270378943533e-05,0.0707988739013671,0,real,ft_default
194,CLIP-D,default,/media/CrispyMcMarkInc/Real_cropped_1024/00194.jpg,real,0.0135454647243022,0.0704383850097656,0,real,ft_default
921,CLIP-D,default,/media/CrispyMcMarkInc/Real_cropped_1024/00921.jpg,real,0.0062455227598547,0.0713202953338623,0,real,ft_default
204,CLIP-D,default,/media/CrispyMcMarkInc/Real_cropped_1024/00204.jpg,real,0.4882492125034332,0.0716669559478759,0,real,ft_default
116,CLIP-D,default,/media/CrispyMcMarkInc/Real_cropped_1024/00116.jpg,real,0.1095987558364868,0.0701429843902587,0,real,ft_default
175,CLIP-D,default,/media/CrispyMcMarkInc/Real_cropped_1024/00175.jpg,fake,0.9494820237159728,0.0705564022064209,0,real,ft_default
731,CLIP-D,default,/media/CrispyMcMarkInc/Real_cropped_1024/00731.jpg,real,0.0006740529788658,0.0701131820678711,0,real,ft_default
368,CLIP-D,default,/media/CrispyMcMarkInc/Real_cropped_1024/00368.jpg,real,0.0005957780522294,0.0700113773345947,0,real,ft_default
271,CLIP-D,default,/media/CrispyMcMarkInc/Real_cropped_1024/00271.jpg,real,0.0008185483748093,0.0697638988494873,0,real,ft_default
109,CLIP-D,default,/media/CrispyMcMarkInc/Real_cropped_1024/00109.jpg,real,0.000141397860716,0.0711972713470459,0,real,ft_default
471,CLIP-D,default,/media/CrispyMcMarkInc/Real_cropped_1024/00471.jpg,real,0.0001035873574437,0.0703141689300537,0,real,ft_default
709,CLIP-D,default,/media/CrispyMcMarkInc/Real_cropped_1024/00709.jpg,real,0.0008627717616036,0.0700893402099609,0,real,ft_default
190,CLIP-D,default,/media/CrispyMcMarkInc/Real_cropped_1024/00190.jpg,real,0.0007460077176801,0.0713372230529785,0,real,ft_default
289,CLIP-D,default,/media/CrispyMcMarkInc/Real_cropped_1024/00289.jpg,real,0.0033717749174684,0.071768045425415,0,real,ft_default
180,CLIP-D,default,/media/CrispyMcMarkInc/Real_cropped_1024/00180.jpg,real,0.0008567838231101,0.0717542171478271,0,real,ft_default
813,CLIP-D,default,/media/CrispyMcMarkInc/Real_cropped_1024/00813.jpg,real,0.0028016741853207,0.0709037780761718,0,real,ft_default
226,CLIP-D,default,/media/CrispyMcMarkInc/Real_cropped_1024/00226.jpg,real,0.0216429959982633,0.0721232891082763,0,real,ft_default
884,CLIP-D,default,/media/CrispyMcMarkInc/Real_cropped_1024/00884.jpg,real,0.001000742195174,0.0718002319335937,0,real,ft_default
769,CLIP-D,default,/media/CrispyMcMarkInc/Real_cropped_1024/00769.jpg,real,0.015471177175641,0.0729937553405761,0,real,ft_default
304,CLIP-D,default,/media/CrispyMcMarkInc/Real_cropped_1024/00304.jpg,real,0.0039709988050162,0.0710456371307373,0,real,ft_default
558,CLIP-D,default,/media/CrispyMcMarkInc/Real_cropped_1024/00558.jpg,real,0.008027751930058,0.0726912021636962,0,real,ft_default
472,CLIP-D,default,/media/CrispyMcMarkInc/Real_cropped_1024/00472.jpg,real,0.0300738904625177,0.0705692768096923,0,real,ft_default
92,CLIP-D,default,/media/CrispyMcMarkInc/Real_cropped_1024/00092.jpg,real,0.001261307275854,0.0737709999084472,0,real,ft_default
954,CLIP-D,default,/media/CrispyMcMarkInc/Real_cropped_1024/00954.jpg,real,0.0012482063611969,0.0704498291015625,0,real,ft_default
942,CLIP-D,default,/media/CrispyMcMarkInc/Real_cropped_1024/00942.jpg,real,0.0050756791606545,0.0706074237823486,0,real,ft_default
755,CLIP-D,default,/media/CrispyMcMarkInc/Real_cropped_1024/00755.jpg,real,0.0030400021933019,0.0704836845397949,0,real,ft_default
408,CLIP-D,default,/media/CrispyMcMarkInc/Real_cropped_1024/00408.jpg,real,0.0310645513236522,0.0708000659942627,0,real,ft_default
531,CLIP-D,default,/media/CrispyMcMarkInc/Real_cropped_1024/00531.jpg,real,0.2315054684877395,0.0710432529449462,0,real,ft_default
580,CLIP-D,default,/media/CrispyMcMarkInc/Real_cropped_1024/00580.jpg,fake,0.9964608550071716,0.0717222690582275,0,real,ft_default
88,CLIP-D,default,/media/CrispyMcMarkInc/Real_cropped_1024/00088.jpg,real,0.0003413072554394,0.0698995590209961,0,real,ft_default
415,CLIP-D,default,/media/CrispyMcMarkInc/Real_cropped_1024/00415.jpg,real,0.0003491189563646,0.0710756778717041,0,real,ft_default
799,CLIP-D,default,/media/CrispyMcMarkInc/Real_cropped_1024/00799.jpg,real,0.0035670245997607,0.0705568790435791,0,real,ft_default
752,CLIP-D,default,/media/CrispyMcMarkInc/Real_cropped_1024/00752.jpg,real,0.0025415304116904,0.0711574554443359,0,real,ft_default
264,CLIP-D,default,/media/CrispyMcMarkInc/Real_cropped_1024/00264.jpg,real,0.001312275766395,0.0730555057525634,0,real,ft_default
790,CLIP-D,default,/media/CrispyMcMarkInc/Real_cropped_1024/00790.jpg,real,0.001558311167173,0.0702567100524902,0,real,ft_default
496,CLIP-D,default,/media/CrispyMcMarkInc/Real_cropped_1024/00496.jpg,real,0.0007568726432509,0.0707542896270752,0,real,ft_default
56,CLIP-D,default,/media/CrispyMcMarkInc/Real_cropped_1024/00056.jpg,real,0.0006380553822964,0.0702602863311767,0,real,ft_default
9,CLIP-D,default,/media/CrispyMcMarkInc/Real_cropped_1024/00009.jpg,real,0.0021105443593114,0.07049560546875,0,real,ft_default
608,CLIP-D,default,/media/CrispyMcMarkInc/Real_cropped_1024/00608.jpg,real,0.0028137338813394,0.0705254077911377,0,real,ft_default
923,CLIP-D,default,/media/CrispyMcMarkInc/Real_cropped_1024/00923.jpg,real,0.0145744122564792,0.0723047256469726,0,real,ft_default
847,CLIP-D,default,/media/CrispyMcMarkInc/Real_cropped_1024/00847.jpg,real,2.7133190087624826e-05,0.072873830795288,0,real,ft_default
164,CLIP-D,default,/media/CrispyMcMarkInc/Real_cropped_1024/00164.jpg,real,0.0001124617483583,0.0716521739959716,0,real,ft_default
287,CLIP-D,default,/media/CrispyMcMarkInc/Real_cropped_1024/00287.jpg,real,0.0001056064575095,0.0725691318511962,0,real,ft_default
735,CLIP-D,default,/media/CrispyMcMarkInc/Real_cropped_1024/00735.jpg,real,0.0005372769082896,0.0764834880828857,0,real,ft_default
349,CLIP-D,default,/media/CrispyMcMarkInc/Real_cropped_1024/00349.jpg,real,0.0163730941712856,0.0745728015899658,0,real,ft_default
933,CLIP-D,default,/media/CrispyMcMarkInc/Real_cropped_1024/00933.jpg,real,0.0008465612190775,0.0798192024230957,0,real,ft_default
400,CLIP-D,default,/media/CrispyMcMarkInc/Real_cropped_1024/00400.jpg,real,0.0003343984135426,0.0740277767181396,0,real,ft_default
710,CLIP-D,default,/media/CrispyMcMarkInc/Real_cropped_1024/00710.jpg,real,4.32198830822017e-05,0.0717425346374511,0,real,ft_default
451,CLIP-D,default,/media/CrispyMcMarkInc/Real_cropped_1024/00451.jpg,real,0.0010903099318966,0.0713872909545898,0,real,ft_default
183,CLIP-D,default,/media/CrispyMcMarkInc/Real_cropped_1024/00183.jpg,real,0.0001025630845106,0.0724725723266601,0,real,ft_default
336,CLIP-D,default,/media/CrispyMcMarkInc/Real_cropped_1024/00336.jpg,real,0.0015567442169412,0.0754218101501464,0,real,ft_default
925,CLIP-D,default,/media/CrispyMcMarkInc/Real_cropped_1024/00925.jpg,real,0.0004708423803094,0.0790925025939941,0,real,ft_default
251,CLIP-D,default,/media/CrispyMcMarkInc/Real_cropped_1024/00251.jpg,real,7.967764395289123e-05,0.07781982421875,0,real,ft_default
430,CLIP-D,default,/media/CrispyMcMarkInc/Real_cropped_1024/00430.jpg,real,0.1208748221397399,0.0739200115203857,0,real,ft_default
717,CLIP-D,default,/media/CrispyMcMarkInc/Real_cropped_1024/00717.jpg,real,0.0029374617151916,0.077049970626831,0,real,ft_default
515,CLIP-D,default,/media/CrispyMcMarkInc/Real_cropped_1024/00515.jpg,real,0.0016211770707741,0.0803236961364746,0,real,ft_default
172,CLIP-D,default,/media/CrispyMcMarkInc/Real_cropped_1024/00172.jpg,real,0.0707611665129661,0.0818073749542236,0,real,ft_default
712,CLIP-D,default,/media/CrispyMcMarkInc/Real_cropped_1024/00712.jpg,real,0.0064605022780597,0.0787043571472168,0,real,ft_default
674,CLIP-D,default,/media/CrispyMcMarkInc/Real_cropped_1024/00674.jpg,real,0.000551690463908,0.0818631649017334,0,real,ft_default
294,CLIP-D,default,/media/CrispyMcMarkInc/Real_cropped_1024/00294.jpg,real,0.0003739649255294,0.0753126144409179,0,real,ft_default
690,CLIP-D,default,/media/CrispyMcMarkInc/Real_cropped_1024/00690.jpg,real,0.000372024194803,0.0717236995697021,0,real,ft_default
299,CLIP-D,default,/media/CrispyMcMarkInc/Real_cropped_1024/00299.jpg,real,0.2169840335845947,0.0728504657745361,0,real,ft_default
267,CLIP-D,default,/media/CrispyMcMarkInc/Real_cropped_1024/00267.jpg,real,0.0044804974459111,0.0717465877532959,0,real,ft_default
886,CLIP-D,default,/media/CrispyMcMarkInc/Real_cropped_1024/00886.jpg,real,0.0209873002022504,0.0796282291412353,0,real,ft_default
559,CLIP-D,default,/media/CrispyMcMarkInc/Real_cropped_1024/00559.jpg,real,0.0111479759216308,0.0730774402618408,0,real,ft_default
565,CLIP-D,default,/media/CrispyMcMarkInc/Real_cropped_1024/00565.jpg,real,0.0518898107111454,0.0838243961334228,0,real,ft_default
651,CLIP-D,default,/media/CrispyMcMarkInc/Real_cropped_1024/00651.jpg,fake,0.7913205623626709,0.0809295177459716,0,real,ft_default
765,CLIP-D,default,/media/CrispyMcMarkInc/Real_cropped_1024/00765.jpg,real,0.0491294749081134,0.0742762088775634,0,real,ft_default
671,CLIP-D,default,/media/CrispyMcMarkInc/Real_cropped_1024/00671.jpg,real,0.0005730750854127,0.0721781253814697,0,real,ft_default
634,CLIP-D,default,/media/CrispyMcMarkInc/Real_cropped_1024/00634.jpg,real,0.0002204213233198,0.0715057849884033,0,real,ft_default
467,CLIP-D,default,/media/CrispyMcMarkInc/Real_cropped_1024/00467.jpg,real,0.0004836678272113,0.0697555541992187,0,real,ft_default
414,CLIP-D,default,/media/CrispyMcMarkInc/Real_cropped_1024/00414.jpg,real,0.0191667191684246,0.0707221031188964,0,real,ft_default
824,CLIP-D,default,/media/CrispyMcMarkInc/Real_cropped_1024/00824.jpg,real,0.0035495276097208,0.0701920986175537,0,real,ft_default
91,CLIP-D,default,/media/CrispyMcMarkInc/Real_cropped_1024/00091.jpg,real,0.0007073783781379,0.0702447891235351,0,real,ft_default
583,CLIP-D,default,/media/CrispyMcMarkInc/Real_cropped_1024/00583.jpg,real,0.001313222805038,0.0703632831573486,0,real,ft_default
112,CLIP-D,default,/media/CrispyMcMarkInc/Real_cropped_1024/00112.jpg,real,0.0003935324202757,0.0700769424438476,0,real,ft_default
322,CLIP-D,default,/media/CrispyMcMarkInc/Real_cropped_1024/00322.jpg,real,0.001651523518376,0.0713386535644531,0,real,ft_default
167,CLIP-D,default,/media/CrispyMcMarkInc/Real_cropped_1024/00167.jpg,real,0.0004536122723948,0.0715487003326416,0,real,ft_default
551,CLIP-D,default,/media/CrispyMcMarkInc/Real_cropped_1024/00551.jpg,real,0.002026664558798,0.07539963722229,0,real,ft_default
953,CLIP-D,default,/media/CrispyMcMarkInc/Real_cropped_1024/00953.jpg,real,0.0087469546124339,0.0723705291748046,0,real,ft_default
7,CLIP-D,default,/media/CrispyMcMarkInc/Real_cropped_1024/00007.jpg,real,0.0073780631646513,0.0722055435180664,0,real,ft_default
738,CLIP-D,default,/media/CrispyMcMarkInc/Real_cropped_1024/00738.jpg,real,0.0040126326493918,0.0719490051269531,0,real,ft_default
573,CLIP-D,default,/media/CrispyMcMarkInc/Real_cropped_1024/00573.jpg,real,0.0048892279155552,0.0699911117553711,0,real,ft_default
347,CLIP-D,default,/media/CrispyMcMarkInc/Real_cropped_1024/00347.jpg,real,0.0097406795248389,0.0710058212280273,0,real,ft_default
436,CLIP-D,default,/media/CrispyMcMarkInc/Real_cropped_1024/00436.jpg,real,0.0006083025946281,0.070124864578247,0,real,ft_default
174,CLIP-D,default,/media/CrispyMcMarkInc/Real_cropped_1024/00174.jpg,real,0.0101734744384884,0.0713698863983154,0,real,ft_default
351,CLIP-D,default,/media/CrispyMcMarkInc/Real_cropped_1024/00351.jpg,real,0.0030390629544854,0.0694038867950439,0,real,ft_default
384,CLIP-D,default,/media/CrispyMcMarkInc/Real_cropped_1024/00384.jpg,real,0.0197626631706953,0.071155309677124,0,real,ft_default
620,CLIP-D,default,/media/CrispyMcMarkInc/Real_cropped_1024/00620.jpg,real,0.0001019514165818,0.0709006786346435,0,real,ft_default
796,CLIP-D,default,/media/CrispyMcMarkInc/Real_cropped_1024/00796.jpg,real,0.000185663360753,0.0702207088470459,0,real,ft_default
556,CLIP-D,default,/media/CrispyMcMarkInc/Real_cropped_1024/00556.jpg,real,0.0013317156117409,0.0714850425720214,0,real,ft_default
217,CLIP-D,default,/media/CrispyMcMarkInc/Real_cropped_1024/00217.jpg,real,0.0069441073574125,0.0717220306396484,0,real,ft_default
455,CLIP-D,default,/media/CrispyMcMarkInc/Real_cropped_1024/00455.jpg,real,0.0059340503066778,0.071728229522705,0,real,ft_default
253,CLIP-D,default,/media/CrispyMcMarkInc/Real_cropped_1024/00253.jpg,real,0.00199138908647,0.0713427066802978,0,real,ft_default
67,CLIP-D,default,/media/CrispyMcMarkInc/Real_cropped_1024/00067.jpg,real,0.0281375125050544,0.073150634765625,0,real,ft_default
220,CLIP-D,default,/media/CrispyMcMarkInc/Real_cropped_1024/00220.jpg,real,0.0007338700233958,0.0714061260223388,0,real,ft_default
66,CLIP-D,default,/media/CrispyMcMarkInc/Real_cropped_1024/00066.jpg,real,0.0004373892734292,0.0726134777069091,0,real,ft_default
764,CLIP-D,default,/media/CrispyMcMarkInc/Real_cropped_1024/00764.jpg,real,0.2734599709510803,0.0739588737487793,0,real,ft_default
432,CLIP-D,default,/media/CrispyMcMarkInc/Real_cropped_1024/00432.jpg,real,0.0047792415134608,0.0738191604614257,0,real,ft_default
0,CLIP-D,default,/media/CrispyMcMarkInc/Real_cropped_1024/00000.jpg,real,0.0185788515955209,0.0733101367950439,0,real,ft_default
503,CLIP-D,default,/media/CrispyMcMarkInc/Real_cropped_1024/00503.jpg,real,0.0038162756245583,0.0744094848632812,0,real,ft_default
552,CLIP-D,default,/media/CrispyMcMarkInc/Real_cropped_1024/00552.jpg,real,0.0003610150015447,0.0726990699768066,0,real,ft_default
331,CLIP-D,default,/media/CrispyMcMarkInc/Real_cropped_1024/00331.jpg,real,0.0390871837735176,0.075193166732788,0,real,ft_default
484,CLIP-D,default,/media/CrispyMcMarkInc/Real_cropped_1024/00484.jpg,real,0.0080447429791092,0.0790326595306396,0,real,ft_default
977,CLIP-D,default,/media/CrispyMcMarkInc/Real_cropped_1024/00977.jpg,real,0.0005797504563815,0.0771119594573974,0,real,ft_default
502,CLIP-D,default,/media/CrispyMcMarkInc/Real_cropped_1024/00502.jpg,real,0.025022342801094,0.0791985988616943,0,real,ft_default
763,CLIP-D,default,/media/CrispyMcMarkInc/Real_cropped_1024/00763.jpg,real,0.0475425906479358,0.0801920890808105,0,real,ft_default
957,CLIP-D,default,/media/CrispyMcMarkInc/Real_cropped_1024/00957.jpg,real,0.002412560628727,0.0723495483398437,0,real,ft_default
348,CLIP-D,default,/media/CrispyMcMarkInc/Real_cropped_1024/00348.jpg,real,0.0023075453937053,0.0711777210235595,0,real,ft_default
627,CLIP-D,default,/media/CrispyMcMarkInc/Real_cropped_1024/00627.jpg,real,0.0030480970162898,0.0723547935485839,0,real,ft_default
527,CLIP-D,default,/media/CrispyMcMarkInc/Real_cropped_1024/00527.jpg,real,0.0005844376864843,0.0720627307891845,0,real,ft_default
54,CLIP-D,default,/media/CrispyMcMarkInc/Real_cropped_1024/00054.jpg,real,0.0003779004618991,0.0704498291015625,0,real,ft_default
2,CLIP-D,default,/media/CrispyMcMarkInc/Real_cropped_1024/00002.jpg,real,0.0029918018262833,0.0721430778503418,0,real,ft_default
967,CLIP-D,default,/media/CrispyMcMarkInc/Real_cropped_1024/00967.jpg,real,0.0004599679086823,0.0730516910552978,0,real,ft_default
642,CLIP-D,default,/media/CrispyMcMarkInc/Real_cropped_1024/00642.jpg,real,0.0004299005086068,0.0726196765899658,0,real,ft_default
785,CLIP-D,default,/media/CrispyMcMarkInc/Real_cropped_1024/00785.jpg,real,0.0005953806685283,0.0724225044250488,0,real,ft_default
800,CLIP-D,default,/media/CrispyMcMarkInc/Real_cropped_1024/00800.jpg,real,0.0025141779333353,0.0724740028381347,0,real,ft_default
126,CLIP-D,default,/media/CrispyMcMarkInc/Real_cropped_1024/00126.jpg,real,0.0028970714192837,0.0720589160919189,0,real,ft_default
248,CLIP-D,default,/media/CrispyMcMarkInc/Real_cropped_1024/00248.jpg,real,0.0072134509682655,0.0721116065979003,0,real,ft_default
118,CLIP-D,default,/media/CrispyMcMarkInc/Real_cropped_1024/00118.jpg,real,0.0003519022429827,0.0724985599517822,0,real,ft_default
979,CLIP-D,default,/media/CrispyMcMarkInc/Real_cropped_1024/00979.jpg,real,0.0006308456650003,0.072284460067749,0,real,ft_default
244,CLIP-D,default,/media/CrispyMcMarkInc/Real_cropped_1024/00244.jpg,real,0.0007627556915394,0.0731747150421142,0,real,ft_default
125,CLIP-D,default,/media/CrispyMcMarkInc/Real_cropped_1024/00125.jpg,fake,0.9402984976768494,0.0722949504852294,0,real,ft_default
72,CLIP-D,default,/media/CrispyMcMarkInc/Real_cropped_1024/00072.jpg,real,0.2732541859149933,0.0730271339416503,0,real,ft_default
295,CLIP-D,default,/media/CrispyMcMarkInc/Real_cropped_1024/00295.jpg,fake,0.9996935129165648,0.0709435939788818,0,real,ft_default
937,CLIP-D,default,/media/CrispyMcMarkInc/Real_cropped_1024/00937.jpg,real,0.0033313040621578,0.0721888542175293,0,real,ft_default
367,CLIP-D,default,/media/CrispyMcMarkInc/Real_cropped_1024/00367.jpg,real,0.0388807989656925,0.0709362030029296,0,real,ft_default
391,CLIP-D,default,/media/CrispyMcMarkInc/Real_cropped_1024/00391.jpg,real,0.0024964273907244,0.0748739242553711,0,real,ft_default
849,CLIP-D,default,/media/CrispyMcMarkInc/Real_cropped_1024/00849.jpg,real,0.0081956889480352,0.0718507766723632,0,real,ft_default
140,CLIP-D,default,/media/CrispyMcMarkInc/Real_cropped_1024/00140.jpg,real,0.0161458421498537,0.0747406482696533,0,real,ft_default
832,CLIP-D,default,/media/CrispyMcMarkInc/Real_cropped_1024/00832.jpg,real,0.0951186418533325,0.0724928379058837,0,real,ft_default
184,CLIP-D,default,/media/CrispyMcMarkInc/Real_cropped_1024/00184.jpg,real,0.0020515527576208,0.0732154846191406,0,real,ft_default
519,CLIP-D,default,/media/CrispyMcMarkInc/Real_cropped_1024/00519.jpg,real,0.0038330170791596,0.0801553726196289,0,real,ft_default
245,CLIP-D,default,/media/CrispyMcMarkInc/Real_cropped_1024/00245.jpg,real,0.0001878859038697,0.0807154178619384,0,real,ft_default
830,CLIP-D,default,/media/CrispyMcMarkInc/Real_cropped_1024/00830.jpg,real,0.0024966341443359,0.0813434123992919,0,real,ft_default
984,CLIP-D,default,/media/CrispyMcMarkInc/Real_cropped_1024/00984.jpg,real,0.0002102863218169,0.0748720169067382,0,real,ft_default
234,CLIP-D,default,/media/CrispyMcMarkInc/Real_cropped_1024/00234.jpg,real,0.0004628320748452,0.0717353820800781,0,real,ft_default
768,CLIP-D,default,/media/CrispyMcMarkInc/Real_cropped_1024/00768.jpg,real,0.0001931087463162,0.0750606060028076,0,real,ft_default
913,CLIP-D,default,/media/CrispyMcMarkInc/Real_cropped_1024/00913.jpg,real,0.345978319644928,0.07505464553833,0,real,ft_default
343,CLIP-D,default,/media/CrispyMcMarkInc/Real_cropped_1024/00343.jpg,real,0.0571876093745231,0.0747711658477783,0,real,ft_default
387,CLIP-D,default,/media/CrispyMcMarkInc/Real_cropped_1024/00387.jpg,real,0.0092639420181512,0.0728859901428222,0,real,ft_default
36,CLIP-D,default,/media/CrispyMcMarkInc/Real_cropped_1024/00036.jpg,real,0.0912370681762695,0.0760970115661621,0,real,ft_default
219,CLIP-D,default,/media/CrispyMcMarkInc/Real_cropped_1024/00219.jpg,real,0.3631609976291656,0.081230878829956,0,real,ft_default
786,CLIP-D,default,/media/CrispyMcMarkInc/Real_cropped_1024/00786.jpg,real,0.0007612289628013,0.0805962085723877,0,real,ft_default
84,CLIP-D,default,/media/CrispyMcMarkInc/Real_cropped_1024/00084.jpg,real,0.0003515825374051,0.0797114372253418,0,real,ft_default
691,CLIP-D,default,/media/CrispyMcMarkInc/Real_cropped_1024/00691.jpg,real,0.0046451142989099,0.07893967628479,0,real,ft_default
748,CLIP-D,default,/media/CrispyMcMarkInc/Real_cropped_1024/00748.jpg,fake,0.9769957065582277,0.0808396339416503,0,real,ft_default
309,CLIP-D,default,/media/CrispyMcMarkInc/Real_cropped_1024/00309.jpg,real,0.0053153201006352,0.0805470943450927,0,real,ft_default
604,CLIP-D,default,/media/CrispyMcMarkInc/Real_cropped_1024/00604.jpg,real,0.000997586059384,0.0805535316467285,0,real,ft_default
256,CLIP-D,default,/media/CrispyMcMarkInc/Real_cropped_1024/00256.jpg,real,0.0004529190191533,0.0792267322540283,0,real,ft_default
601,CLIP-D,default,/media/CrispyMcMarkInc/Real_cropped_1024/00601.jpg,real,0.0025623266119509,0.0715870857238769,0,real,ft_default
928,CLIP-D,default,/media/CrispyMcMarkInc/Real_cropped_1024/00928.jpg,real,0.0005202533793635,0.0717701911926269,0,real,ft_default
189,CLIP-D,default,/media/CrispyMcMarkInc/Real_cropped_1024/00189.jpg,real,0.0041960426606237,0.0716009140014648,0,real,ft_default
902,CLIP-D,default,/media/CrispyMcMarkInc/Real_cropped_1024/00902.jpg,real,0.0074390652589499,0.0755608081817627,0,real,ft_default
638,CLIP-D,default,/media/CrispyMcMarkInc/Real_cropped_1024/00638.jpg,real,0.0035969864111393,0.0753829479217529,0,real,ft_default
722,CLIP-D,default,/media/CrispyMcMarkInc/Real_cropped_1024/00722.jpg,real,0.0023546102456748,0.074204683303833,0,real,ft_default
844,CLIP-D,default,/media/CrispyMcMarkInc/Real_cropped_1024/00844.jpg,real,0.0005082824500277,0.0719261169433593,0,real,ft_default
520,CLIP-D,default,/media/CrispyMcMarkInc/Real_cropped_1024/00520.jpg,real,0.0025848669465631,0.0730655193328857,0,real,ft_default
8,CLIP-D,default,/media/CrispyMcMarkInc/Real_cropped_1024/00008.jpg,real,0.0004390036629047,0.0715961456298828,0,real,ft_default
579,CLIP-D,default,/media/CrispyMcMarkInc/Real_cropped_1024/00579.jpg,real,0.0016381891909986,0.0706746578216552,0,real,ft_default
401,CLIP-D,default,/media/CrispyMcMarkInc/Real_cropped_1024/00401.jpg,real,0.0046091848053038,0.0716934204101562,0,real,ft_default
818,CLIP-D,default,/media/CrispyMcMarkInc/Real_cropped_1024/00818.jpg,real,0.0007871193811297,0.072037935256958,0,real,ft_default
49,CLIP-D,default,/media/CrispyMcMarkInc/Real_cropped_1024/00049.jpg,real,0.0001323920878348,0.0744895935058593,0,real,ft_default
672,CLIP-D,default,/media/CrispyMcMarkInc/Real_cropped_1024/00672.jpg,real,0.0002378653589403,0.0708673000335693,0,real,ft_default
915,CLIP-D,default,/media/CrispyMcMarkInc/Real_cropped_1024/00915.jpg,real,0.0019884584471583,0.0718967914581298,0,real,ft_default
196,CLIP-D,default,/media/CrispyMcMarkInc/Real_cropped_1024/00196.jpg,real,0.0012178006581962,0.0727972984313964,0,real,ft_default
405,CLIP-D,default,/media/CrispyMcMarkInc/Real_cropped_1024/00405.jpg,real,0.0040303547866642,0.0708253383636474,0,real,ft_default
350,CLIP-D,default,/media/CrispyMcMarkInc/Real_cropped_1024/00350.jpg,real,0.0097399670630693,0.072150707244873,0,real,ft_default
142,CLIP-D,default,/media/CrispyMcMarkInc/Real_cropped_1024/00142.jpg,real,0.0025556557811796,0.0721044540405273,0,real,ft_default
811,CLIP-D,default,/media/CrispyMcMarkInc/Real_cropped_1024/00811.jpg,real,0.0508199520409107,0.0733797550201416,0,real,ft_default
947,CLIP-D,default,/media/CrispyMcMarkInc/Real_cropped_1024/00947.jpg,real,0.0006490406813099,0.0719068050384521,0,real,ft_default
272,CLIP-D,default,/media/CrispyMcMarkInc/Real_cropped_1024/00272.jpg,real,0.0015337814111262,0.0722310543060302,0,real,ft_default
739,CLIP-D,default,/media/CrispyMcMarkInc/Real_cropped_1024/00739.jpg,real,0.0028247032314538,0.071601390838623,0,real,ft_default
920,CLIP-D,default,/media/CrispyMcMarkInc/Real_cropped_1024/00920.jpg,real,0.0040080524049699,0.070674180984497,0,real,ft_default
653,CLIP-D,default,/media/CrispyMcMarkInc/Real_cropped_1024/00653.jpg,real,0.0009379841503687,0.0709705352783203,0,real,ft_default
593,CLIP-D,default,/media/CrispyMcMarkInc/Real_cropped_1024/00593.jpg,real,0.0003719076630659,0.0720815658569336,0,real,ft_default
358,CLIP-D,default,/media/CrispyMcMarkInc/Real_cropped_1024/00358.jpg,real,0.0058047194033861,0.0735297203063964,0,real,ft_default
857,CLIP-D,default,/media/CrispyMcMarkInc/Real_cropped_1024/00857.jpg,real,0.0012425552122294,0.0726866722106933,0,real,ft_default
297,CLIP-D,default,/media/CrispyMcMarkInc/Real_cropped_1024/00297.jpg,real,0.0024660022463649,0.0709335803985595,0,real,ft_default
500,CLIP-D,default,/media/CrispyMcMarkInc/Real_cropped_1024/00500.jpg,real,0.0157358162105083,0.0765011310577392,0,real,ft_default
958,CLIP-D,default,/media/CrispyMcMarkInc/Real_cropped_1024/00958.jpg,real,0.0029661888256669,0.0779891014099121,0,real,ft_default
985,CLIP-D,default,/media/CrispyMcMarkInc/Real_cropped_1024/00985.jpg,real,0.0008955491357482,0.0786185264587402,0,real,ft_default
895,CLIP-D,default,/media/CrispyMcMarkInc/Real_cropped_1024/00895.jpg,real,0.002324326429516,0.0812938213348388,0,real,ft_default
162,CLIP-D,default,/media/CrispyMcMarkInc/Real_cropped_1024/00162.jpg,real,0.000159775809152,0.0752449035644531,0,real,ft_default
976,CLIP-D,default,/media/CrispyMcMarkInc/Real_cropped_1024/00976.jpg,real,0.4022295475006103,0.0737483501434326,0,real,ft_default
185,CLIP-D,default,/media/CrispyMcMarkInc/Real_cropped_1024/00185.jpg,real,0.0020550955086946,0.0719199180603027,0,real,ft_default
38,CLIP-D,default,/media/CrispyMcMarkInc/Real_cropped_1024/00038.jpg,real,0.0004293815582059,0.072045087814331,0,real,ft_default
409,CLIP-D,default,/media/CrispyMcMarkInc/Real_cropped_1024/00409.jpg,real,0.0003881071752402,0.0724432468414306,0,real,ft_default
992,CLIP-D,default,/media/CrispyMcMarkInc/Real_cropped_1024/00992.jpg,fake,0.8144155740737915,0.0732183456420898,0,real,ft_default
861,CLIP-D,default,/media/CrispyMcMarkInc/Real_cropped_1024/00861.jpg,real,0.0009323458652943,0.0709211826324462,0,real,ft_default
313,CLIP-D,default,/media/CrispyMcMarkInc/Real_cropped_1024/00313.jpg,real,0.0011203298345208,0.0727260112762451,0,real,ft_default
211,CLIP-D,default,/media/CrispyMcMarkInc/Real_cropped_1024/00211.jpg,real,0.0009599077748134,0.0706558227539062,0,real,ft_default
988,CLIP-D,default,/media/CrispyMcMarkInc/Real_cropped_1024/00988.jpg,real,0.0009085116907954,0.0727674961090087,0,real,ft_default
599,CLIP-D,default,/media/CrispyMcMarkInc/Real_cropped_1024/00599.jpg,real,6.766286242054775e-05,0.0725820064544677,0,real,ft_default
373,CLIP-D,default,/media/CrispyMcMarkInc/Real_cropped_1024/00373.jpg,real,0.0040379031561315,0.0693514347076416,0,real,ft_default
683,CLIP-D,default,/media/CrispyMcMarkInc/Real_cropped_1024/00683.jpg,real,0.0969039127230644,0.0710785388946533,0,real,ft_default
120,CLIP-D,default,/media/CrispyMcMarkInc/Real_cropped_1024/00120.jpg,real,0.0174617487937212,0.0700182914733886,0,real,ft_default
485,CLIP-D,default,/media/CrispyMcMarkInc/Real_cropped_1024/00485.jpg,real,0.0080424454063177,0.0715241432189941,0,real,ft_default
701,CLIP-D,default,/media/CrispyMcMarkInc/Real_cropped_1024/00701.jpg,real,0.0764240399003028,0.0711119174957275,0,real,ft_default
548,CLIP-D,default,/media/CrispyMcMarkInc/Real_cropped_1024/00548.jpg,real,0.0002344456588616,0.0711724758148193,0,real,ft_default
539,CLIP-D,default,/media/CrispyMcMarkInc/Real_cropped_1024/00539.jpg,real,0.0002849875891115,0.0709900856018066,0,real,ft_default
426,CLIP-D,default,/media/CrispyMcMarkInc/Real_cropped_1024/00426.jpg,real,0.0011359497439116,0.0710189342498779,0,real,ft_default
406,CLIP-D,default,/media/CrispyMcMarkInc/Real_cropped_1024/00406.jpg,real,0.0009836489334702,0.0713026523590087,0,real,ft_default
873,CLIP-D,default,/media/CrispyMcMarkInc/Real_cropped_1024/00873.jpg,real,0.0013914229348301,0.0713322162628173,0,real,ft_default
747,CLIP-D,default,/media/CrispyMcMarkInc/Real_cropped_1024/00747.jpg,real,0.0001789414236554,0.0804386138916015,0,real,ft_default
139,CLIP-D,default,/media/CrispyMcMarkInc/Real_cropped_1024/00139.jpg,real,0.0003054150147363,0.0755863189697265,0,real,ft_default
197,CLIP-D,default,/media/CrispyMcMarkInc/Real_cropped_1024/00197.jpg,real,0.0263897757977247,0.0723233222961425,0,real,ft_default
774,CLIP-D,default,/media/CrispyMcMarkInc/Real_cropped_1024/00774.jpg,real,0.0458123087882995,0.0721609592437744,0,real,ft_default
255,CLIP-D,default,/media/CrispyMcMarkInc/Real_cropped_1024/00255.jpg,real,0.0016979841748252,0.0728602409362793,0,real,ft_default
39,CLIP-D,default,/media/CrispyMcMarkInc/Real_cropped_1024/00039.jpg,real,0.0085118785500526,0.0725634098052978,0,real,ft_default
883,CLIP-D,default,/media/CrispyMcMarkInc/Real_cropped_1024/00883.jpg,real,0.0006251351442188,0.0759282112121582,0,real,ft_default
729,CLIP-D,default,/media/CrispyMcMarkInc/Real_cropped_1024/00729.jpg,real,0.0022855470888316,0.0730428695678711,0,real,ft_default
611,CLIP-D,default,/media/CrispyMcMarkInc/Real_cropped_1024/00611.jpg,real,0.0368356518447399,0.0716972351074218,0,real,ft_default
911,CLIP-D,default,/media/CrispyMcMarkInc/Real_cropped_1024/00911.jpg,real,0.0009381701238453,0.0701346397399902,0,real,ft_default
482,CLIP-D,default,/media/CrispyMcMarkInc/Real_cropped_1024/00482.jpg,real,0.001137621817179,0.0715959072113037,0,real,ft_default
801,CLIP-D,default,/media/CrispyMcMarkInc/Real_cropped_1024/00801.jpg,real,0.001421594643034,0.0710933208465576,0,real,ft_default
389,CLIP-D,default,/media/CrispyMcMarkInc/Real_cropped_1024/00389.jpg,real,0.0018408658215776,0.0699036121368408,0,real,ft_default
529,CLIP-D,default,/media/CrispyMcMarkInc/Real_cropped_1024/00529.jpg,real,0.0024943018797785,0.0709774494171142,0,real,ft_default
456,CLIP-D,default,/media/CrispyMcMarkInc/Real_cropped_1024/00456.jpg,real,0.0014557662652805,0.0744457244873046,0,real,ft_default
675,CLIP-D,default,/media/CrispyMcMarkInc/Real_cropped_1024/00675.jpg,real,0.1251074373722076,0.0714643001556396,0,real,ft_default
6,CLIP-D,default,/media/CrispyMcMarkInc/Real_cropped_1024/00006.jpg,real,0.0246337987482547,0.0718743801116943,0,real,ft_default
280,CLIP-D,default,/media/CrispyMcMarkInc/Real_cropped_1024/00280.jpg,real,0.0017288891831412,0.0712528228759765,0,real,ft_default
156,CLIP-D,default,/media/CrispyMcMarkInc/Real_cropped_1024/00156.jpg,real,0.0001973162870854,0.0715785026550293,0,real,ft_default
41,CLIP-D,default,/media/CrispyMcMarkInc/Real_cropped_1024/00041.jpg,real,0.0019902191124856,0.0705738067626953,0,real,ft_default
770,CLIP-D,default,/media/CrispyMcMarkInc/Real_cropped_1024/00770.jpg,real,0.0008785428362898,0.0708317756652832,0,real,ft_default
778,CLIP-D,default,/media/CrispyMcMarkInc/Real_cropped_1024/00778.jpg,real,0.2231089025735855,0.0708706378936767,0,real,ft_default
870,CLIP-D,default,/media/CrispyMcMarkInc/Real_cropped_1024/00870.jpg,real,0.0009181140339933,0.0707669258117675,0,real,ft_default
445,CLIP-D,default,/media/CrispyMcMarkInc/Real_cropped_1024/00445.jpg,real,0.0056703863665461,0.0704813003540039,0,real,ft_default
119,CLIP-D,default,/media/CrispyMcMarkInc/Real_cropped_1024/00119.jpg,real,0.0361784249544143,0.0730953216552734,0,real,ft_default
499,CLIP-D,default,/media/CrispyMcMarkInc/Real_cropped_1024/00499.jpg,real,0.0004285367322154,0.074183702468872,0,real,ft_default
940,CLIP-D,default,/media/CrispyMcMarkInc/Real_cropped_1024/00940.jpg,real,0.0003499982121866,0.0725963115692138,0,real,ft_default
87,CLIP-D,default,/media/CrispyMcMarkInc/Real_cropped_1024/00087.jpg,real,0.0097794188186526,0.0725243091583252,0,real,ft_default
21,CLIP-D,default,/media/CrispyMcMarkInc/Real_cropped_1024/00021.jpg,real,0.0012019812129437,0.0714626312255859,0,real,ft_default
332,CLIP-D,default,/media/CrispyMcMarkInc/Real_cropped_1024/00332.jpg,real,0.0003844558959826,0.0719664096832275,0,real,ft_default
681,CLIP-D,default,/media/CrispyMcMarkInc/Real_cropped_1024/00681.jpg,real,0.0149658285081386,0.0699110031127929,0,real,ft_default
705,CLIP-D,default,/media/CrispyMcMarkInc/Real_cropped_1024/00705.jpg,real,0.0033946128096431,0.0711853504180908,0,real,ft_default
657,CLIP-D,default,/media/CrispyMcMarkInc/Real_cropped_1024/00657.jpg,real,0.0005832918686792,0.0723006725311279,0,real,ft_default
798,CLIP-D,default,/media/CrispyMcMarkInc/Real_cropped_1024/00798.jpg,real,0.0013633689377456,0.074683666229248,0,real,ft_default
396,CLIP-D,default,/media/CrispyMcMarkInc/Real_cropped_1024/00396.jpg,real,0.013394858688116,0.077125072479248,0,real,ft_default
362,CLIP-D,default,/media/CrispyMcMarkInc/Real_cropped_1024/00362.jpg,real,0.2029405534267425,0.082667589187622,0,real,ft_default
952,CLIP-D,default,/media/CrispyMcMarkInc/Real_cropped_1024/00952.jpg,real,0.0013077977346256,0.0733759403228759,0,real,ft_default
862,CLIP-D,default,/media/CrispyMcMarkInc/Real_cropped_1024/00862.jpg,real,0.0009762843255884,0.0724062919616699,0,real,ft_default
972,CLIP-D,default,/media/CrispyMcMarkInc/Real_cropped_1024/00972.jpg,real,0.007241602987051,0.0715301036834716,0,real,ft_default
454,CLIP-D,default,/media/CrispyMcMarkInc/Real_cropped_1024/00454.jpg,real,0.0010338721331208,0.0756483078002929,0,real,ft_default
767,CLIP-D,default,/media/CrispyMcMarkInc/Real_cropped_1024/00767.jpg,real,0.0006194208399392,0.0722362995147705,0,real,ft_default
468,CLIP-D,default,/media/CrispyMcMarkInc/Real_cropped_1024/00468.jpg,real,0.0048733381554484,0.0719275474548339,0,real,ft_default
137,CLIP-D,default,/media/CrispyMcMarkInc/Real_cropped_1024/00137.jpg,real,0.0184025168418884,0.0710649490356445,0,real,ft_default
359,CLIP-D,default,/media/CrispyMcMarkInc/Real_cropped_1024/00359.jpg,real,0.0008844597032293,0.0723636150360107,0,real,ft_default
569,CLIP-D,default,/media/CrispyMcMarkInc/Real_cropped_1024/00569.jpg,real,0.000434116605902,0.077735424041748,0,real,ft_default
45,CLIP-D,default,/media/CrispyMcMarkInc/Real_cropped_1024/00045.jpg,real,0.0010723257437348,0.0784883499145507,0,real,ft_default
904,CLIP-D,default,/media/CrispyMcMarkInc/Real_cropped_1024/00904.jpg,real,0.3437215983867645,0.0787742137908935,0,real,ft_default
622,CLIP-D,default,/media/CrispyMcMarkInc/Real_cropped_1024/00622.jpg,real,0.0007059032213874,0.0722579956054687,0,real,ft_default
863,CLIP-D,default,/media/CrispyMcMarkInc/Real_cropped_1024/00863.jpg,real,0.0002014827332459,0.0711934566497802,0,real,ft_default
772,CLIP-D,default,/media/CrispyMcMarkInc/Real_cropped_1024/00772.jpg,real,0.0066587361507117,0.0733513832092285,0,real,ft_default
221,CLIP-D,default,/media/CrispyMcMarkInc/Real_cropped_1024/00221.jpg,real,0.0072301686741411,0.0737712383270263,0,real,ft_default
939,CLIP-D,default,/media/CrispyMcMarkInc/Real_cropped_1024/00939.jpg,real,0.2002999037504196,0.0726559162139892,0,real,ft_default
679,CLIP-D,default,/media/CrispyMcMarkInc/Real_cropped_1024/00679.jpg,fake,0.9772087335586548,0.0717332363128662,0,real,ft_default
865,CLIP-D,default,/media/CrispyMcMarkInc/Real_cropped_1024/00865.jpg,real,0.0175675321370363,0.0734996795654296,0,real,ft_default
971,CLIP-D,default,/media/CrispyMcMarkInc/Real_cropped_1024/00971.jpg,real,0.006752295885235,0.073427677154541,0,real,ft_default
961,CLIP-D,default,/media/CrispyMcMarkInc/Real_cropped_1024/00961.jpg,real,0.0977773815393447,0.0702972412109375,0,real,ft_default
275,CLIP-D,default,/media/CrispyMcMarkInc/Real_cropped_1024/00275.jpg,real,0.003311013802886,0.0711779594421386,0,real,ft_default
465,CLIP-D,default,/media/CrispyMcMarkInc/Real_cropped_1024/00465.jpg,real,0.0111022805795073,0.0728497505187988,0,real,ft_default
567,CLIP-D,default,/media/CrispyMcMarkInc/Real_cropped_1024/00567.jpg,real,0.0064552146941423,0.0724210739135742,0,real,ft_default
227,CLIP-D,default,/media/CrispyMcMarkInc/Real_cropped_1024/00227.jpg,real,0.0029790168628096,0.0753777027130127,0,real,ft_default
208,CLIP-D,default,/media/CrispyMcMarkInc/Real_cropped_1024/00208.jpg,real,0.0069137183018028,0.0785553455352783,0,real,ft_default
81,CLIP-D,default,/media/CrispyMcMarkInc/Real_cropped_1024/00081.jpg,real,0.0001086736665456,0.077726125717163,0,real,ft_default
817,CLIP-D,default,/media/CrispyMcMarkInc/Real_cropped_1024/00817.jpg,real,0.0023947479203343,0.0797109603881836,0,real,ft_default
707,CLIP-D,default,/media/CrispyMcMarkInc/Real_cropped_1024/00707.jpg,real,0.0069183493033051,0.0753936767578125,0,real,ft_default
346,CLIP-D,default,/media/CrispyMcMarkInc/Real_cropped_1024/00346.jpg,real,7.23523844499141e-05,0.0719022750854492,0,real,ft_default
742,CLIP-D,default,/media/CrispyMcMarkInc/Real_cropped_1024/00742.jpg,real,0.0006048241630196,0.0742530822753906,0,real,ft_default
941,CLIP-D,default,/media/CrispyMcMarkInc/Real_cropped_1024/00941.jpg,fake,0.8038095831871033,0.0747506618499755,0,real,ft_default
965,CLIP-D,default,/media/CrispyMcMarkInc/Real_cropped_1024/00965.jpg,real,0.0004666247114073,0.0755171775817871,0,real,ft_default
639,CLIP-D,default,/media/CrispyMcMarkInc/Real_cropped_1024/00639.jpg,real,0.0006099542952142,0.0739259719848632,0,real,ft_default
532,CLIP-D,default,/media/CrispyMcMarkInc/Real_cropped_1024/00532.jpg,real,0.0021489728242158,0.078587532043457,0,real,ft_default
435,CLIP-D,default,/media/CrispyMcMarkInc/Real_cropped_1024/00435.jpg,real,0.0270956233143806,0.0789275169372558,0,real,ft_default
621,CLIP-D,default,/media/CrispyMcMarkInc/Real_cropped_1024/00621.jpg,real,0.0002832083264365,0.076087474822998,0,real,ft_default
766,CLIP-D,default,/media/CrispyMcMarkInc/Real_cropped_1024/00766.jpg,real,0.0005394843174144,0.0739095211029052,0,real,ft_default
546,CLIP-D,default,/media/CrispyMcMarkInc/Real_cropped_1024/00546.jpg,real,0.0015622414648532,0.0723516941070556,0,real,ft_default
13,CLIP-D,default,/media/CrispyMcMarkInc/Real_cropped_1024/00013.jpg,real,0.0118455560877919,0.0709056854248046,0,real,ft_default
134,CLIP-D,default,/media/CrispyMcMarkInc/Real_cropped_1024/00134.jpg,real,0.0033449998591095,0.0699915885925293,0,real,ft_default
123,CLIP-D,default,/media/CrispyMcMarkInc/Real_cropped_1024/00123.jpg,real,0.0012976261787116,0.0722112655639648,0,real,ft_default
34,CLIP-D,default,/media/CrispyMcMarkInc/Real_cropped_1024/00034.jpg,real,0.0002331743307877,0.0723912715911865,0,real,ft_default
872,CLIP-D,default,/media/CrispyMcMarkInc/Real_cropped_1024/00872.jpg,real,0.0279765240848064,0.072195291519165,0,real,ft_default
521,CLIP-D,default,/media/CrispyMcMarkInc/Real_cropped_1024/00521.jpg,real,0.0057067456655204,0.0716338157653808,0,real,ft_default
124,CLIP-D,default,/media/CrispyMcMarkInc/Real_cropped_1024/00124.jpg,real,0.0063149989582598,0.0699744224548339,0,real,ft_default
605,CLIP-D,default,/media/CrispyMcMarkInc/Real_cropped_1024/00605.jpg,real,0.0058461958542466,0.1157152652740478,0,real,ft_default
534,CLIP-D,default,/media/CrispyMcMarkInc/Real_cropped_1024/00534.jpg,real,0.0003936016582883,0.0898222923278808,0,real,ft_default
781,CLIP-D,default,/media/CrispyMcMarkInc/Real_cropped_1024/00781.jpg,real,0.001578090712428,0.0844378471374511,0,real,ft_default
934,CLIP-D,default,/media/CrispyMcMarkInc/Real_cropped_1024/00934.jpg,real,0.0001564097910886,0.0784037113189697,0,real,ft_default
364,CLIP-D,default,/media/CrispyMcMarkInc/Real_cropped_1024/00364.jpg,real,0.0108923930674791,0.0848619937896728,0,real,ft_default
352,CLIP-D,default,/media/CrispyMcMarkInc/Real_cropped_1024/00352.jpg,real,0.0010689445771276,0.0798437595367431,0,real,ft_default
614,CLIP-D,default,/media/CrispyMcMarkInc/Real_cropped_1024/00614.jpg,real,0.0010860788170248,0.0810346603393554,0,real,ft_default
330,CLIP-D,default,/media/CrispyMcMarkInc/Real_cropped_1024/00330.jpg,real,0.0142994774505496,0.0802228450775146,0,real,ft_default
864,CLIP-D,default,/media/CrispyMcMarkInc/Real_cropped_1024/00864.jpg,real,0.0009531588293612,0.079460859298706,0,real,ft_default
626,CLIP-D,default,/media/CrispyMcMarkInc/Real_cropped_1024/00626.jpg,real,0.0020201853476464,0.0771176815032959,0,real,ft_default
353,CLIP-D,default,/media/CrispyMcMarkInc/Real_cropped_1024/00353.jpg,real,0.0001115562481572,0.0778925418853759,0,real,ft_default
291,CLIP-D,default,/media/CrispyMcMarkInc/Real_cropped_1024/00291.jpg,real,0.0217389576137065,0.0793721675872802,0,real,ft_default
828,CLIP-D,default,/media/CrispyMcMarkInc/Real_cropped_1024/00828.jpg,real,0.0002208989317296,0.0798826217651367,0,real,ft_default
474,CLIP-D,default,/media/CrispyMcMarkInc/Real_cropped_1024/00474.jpg,real,0.2503309249877929,0.0831327438354492,0,real,ft_default
936,CLIP-D,default,/media/CrispyMcMarkInc/Real_cropped_1024/00936.jpg,fake,0.7570613622665405,0.0791962146759033,0,real,ft_default
706,CLIP-D,default,/media/CrispyMcMarkInc/Real_cropped_1024/00706.jpg,real,0.0023210148792713,0.0806586742401123,0,real,ft_default
750,CLIP-D,default,/media/CrispyMcMarkInc/Real_cropped_1024/00750.jpg,real,0.0032688579522073,0.0773942470550537,0,real,ft_default
17,CLIP-D,default,/media/CrispyMcMarkInc/Real_cropped_1024/00017.jpg,real,4.376874858280644e-05,0.0789523124694824,0,real,ft_default
218,CLIP-D,default,/media/CrispyMcMarkInc/Real_cropped_1024/00218.jpg,real,0.0006231617298908,0.0778965950012207,0,real,ft_default
342,CLIP-D,default,/media/CrispyMcMarkInc/Real_cropped_1024/00342.jpg,real,0.002433642046526,0.081672191619873,0,real,ft_default
645,CLIP-D,default,/media/CrispyMcMarkInc/Real_cropped_1024/00645.jpg,real,0.0043965904042124,0.0798325538635253,0,real,ft_default
693,CLIP-D,default,/media/CrispyMcMarkInc/Real_cropped_1024/00693.jpg,real,0.0014329241821542,0.0796737670898437,0,real,ft_default
296,CLIP-D,default,/media/CrispyMcMarkInc/Real_cropped_1024/00296.jpg,real,0.4511152803897857,0.0793871879577636,0,real,ft_default
22,CLIP-D,default,/media/CrispyMcMarkInc/Real_cropped_1024/00022.jpg,real,0.0004201718547847,0.0774140357971191,0,real,ft_default
815,CLIP-D,default,/media/CrispyMcMarkInc/Real_cropped_1024/00815.jpg,real,0.0032572099007666,0.0789470672607421,0,real,ft_default
159,CLIP-D,default,/media/CrispyMcMarkInc/Real_cropped_1024/00159.jpg,real,0.0008406221750192,0.0780036449432373,0,real,ft_default
932,CLIP-D,default,/media/CrispyMcMarkInc/Real_cropped_1024/00932.jpg,real,0.0017942383419722,0.0776152610778808,0,real,ft_default
924,CLIP-D,default,/media/CrispyMcMarkInc/Real_cropped_1024/00924.jpg,real,0.0051177600398659,0.1329679489135742,0,real,ft_default
274,CLIP-D,default,/media/CrispyMcMarkInc/Real_cropped_1024/00274.jpg,real,0.0112159950658679,0.1595542430877685,0,real,ft_default
102,CLIP-D,default,/media/CrispyMcMarkInc/Real_cropped_1024/00102.jpg,real,0.0009036589763127,0.1592156887054443,0,real,ft_default
732,CLIP-D,default,/media/CrispyMcMarkInc/Real_cropped_1024/00732.jpg,real,0.0015441108262166,0.1619176864624023,0,real,ft_default
361,CLIP-D,default,/media/CrispyMcMarkInc/Real_cropped_1024/00361.jpg,real,0.0040565854869782,0.1620197296142578,0,real,ft_default
619,CLIP-D,default,/media/CrispyMcMarkInc/Real_cropped_1024/00619.jpg,real,0.0011316651944071,0.1470715999603271,0,real,ft_default
751,CLIP-D,default,/media/CrispyMcMarkInc/Real_cropped_1024/00751.jpg,real,0.0004586225259117,0.1606183052062988,0,real,ft_default
12,CLIP-D,default,/media/CrispyMcMarkInc/Real_cropped_1024/00012.jpg,real,0.0001611803745618,0.1611766815185547,0,real,ft_default
842,CLIP-D,default,/media/CrispyMcMarkInc/Real_cropped_1024/00842.jpg,real,0.0001114651095122,0.1617622375488281,0,real,ft_default
678,CLIP-D,default,/media/CrispyMcMarkInc/Real_cropped_1024/00678.jpg,real,0.0014361748471856,0.1581156253814697,0,real,ft_default
963,CLIP-D,default,/media/CrispyMcMarkInc/Real_cropped_1024/00963.jpg,real,0.0047627952881157,0.1055498123168945,0,real,ft_default
617,CLIP-D,default,/media/CrispyMcMarkInc/Real_cropped_1024/00617.jpg,real,0.0554303526878356,0.1460874080657959,0,real,ft_default
318,CLIP-D,default,/media/CrispyMcMarkInc/Real_cropped_1024/00318.jpg,real,0.0013265243032947,0.1539952754974365,0,real,ft_default
819,CLIP-D,default,/media/CrispyMcMarkInc/Real_cropped_1024/00819.jpg,real,0.0017450748709961,0.1584765911102295,0,real,ft_default
697,CLIP-D,default,/media/CrispyMcMarkInc/Real_cropped_1024/00697.jpg,real,0.0004853236896451,0.1055467128753662,0,real,ft_default
975,CLIP-D,default,/media/CrispyMcMarkInc/Real_cropped_1024/00975.jpg,real,0.0090676937252283,0.1044764518737793,0,real,ft_default
357,CLIP-D,default,/media/CrispyMcMarkInc/Real_cropped_1024/00357.jpg,fake,0.735184907913208,0.1582489013671875,0,real,ft_default
734,CLIP-D,default,/media/CrispyMcMarkInc/Real_cropped_1024/00734.jpg,real,0.0078061358071863,0.154008150100708,0,real,ft_default
360,CLIP-D,default,/media/CrispyMcMarkInc/Real_cropped_1024/00360.jpg,real,0.0006873171078041,0.1561806201934814,0,real,ft_default
263,CLIP-D,default,/media/CrispyMcMarkInc/Real_cropped_1024/00263.jpg,real,0.0010671416530385,0.1555478572845459,0,real,ft_default
57,CLIP-D,default,/media/CrispyMcMarkInc/Real_cropped_1024/00057.jpg,real,0.0011922862613573,0.1145284175872802,0,real,ft_default
97,CLIP-D,default,/media/CrispyMcMarkInc/Real_cropped_1024/00097.jpg,real,0.0029990617185831,0.1564397811889648,0,real,ft_default
825,CLIP-D,default,/media/CrispyMcMarkInc/Real_cropped_1024/00825.jpg,real,0.0003556850424502,0.1586754322052002,0,real,ft_default
497,CLIP-D,default,/media/CrispyMcMarkInc/Real_cropped_1024/00497.jpg,real,0.0062070544809103,0.1773221492767334,0,real,ft_default
421,CLIP-D,default,/media/CrispyMcMarkInc/Real_cropped_1024/00421.jpg,real,0.002374340314418,0.1782305240631103,0,real,ft_default
392,CLIP-D,default,/media/CrispyMcMarkInc/Real_cropped_1024/00392.jpg,real,0.000360989710316,0.1630072593688964,0,real,ft_default
495,CLIP-D,default,/media/CrispyMcMarkInc/Real_cropped_1024/00495.jpg,real,0.0011211315868422,0.1603782176971435,0,real,ft_default
733,CLIP-D,default,/media/CrispyMcMarkInc/Real_cropped_1024/00733.jpg,real,0.0056721018627285,0.1782286167144775,0,real,ft_default
513,CLIP-D,default,/media/CrispyMcMarkInc/Real_cropped_1024/00513.jpg,fake,0.9990591406822203,0.1282134056091308,0,real,ft_default
575,CLIP-D,default,/media/CrispyMcMarkInc/Real_cropped_1024/00575.jpg,real,0.0058017265982925,0.1596605777740478,0,real,ft_default
802,CLIP-D,default,/media/CrispyMcMarkInc/Real_cropped_1024/00802.jpg,real,0.0384190715849399,0.1183979511260986,0,real,ft_default
51,CLIP-D,default,/media/CrispyMcMarkInc/Real_cropped_1024/00051.jpg,real,0.014528414234519,0.1662616729736328,0,real,ft_default
704,CLIP-D,default,/media/CrispyMcMarkInc/Real_cropped_1024/00704.jpg,real,0.0121702505275607,0.160435676574707,0,real,ft_default
713,CLIP-D,default,/media/CrispyMcMarkInc/Real_cropped_1024/00713.jpg,real,0.0007848091772757,0.1607463359832763,0,real,ft_default
727,CLIP-D,default,/media/CrispyMcMarkInc/Real_cropped_1024/00727.jpg,real,0.0002026439033215,0.2015655040740966,0,real,ft_default
516,CLIP-D,default,/media/CrispyMcMarkInc/Real_cropped_1024/00516.jpg,real,0.0006883000605739,0.1743841171264648,0,real,ft_default
968,CLIP-D,default,/media/CrispyMcMarkInc/Real_cropped_1024/00968.jpg,real,0.0051157162524759,0.1765847206115722,0,real,ft_default
176,CLIP-D,default,/media/CrispyMcMarkInc/Real_cropped_1024/00176.jpg,real,0.0009190842392854,0.1584258079528808,0,real,ft_default
577,CLIP-D,default,/media/CrispyMcMarkInc/Real_cropped_1024/00577.jpg,real,0.0008132871589623,0.1241731643676757,0,real,ft_default
592,CLIP-D,default,/media/CrispyMcMarkInc/Real_cropped_1024/00592.jpg,real,0.0020243851467967,0.1653304100036621,0,real,ft_default
609,CLIP-D,default,/media/CrispyMcMarkInc/Real_cropped_1024/00609.jpg,real,0.0002626516798045,0.1531982421875,0,real,ft_default
27,CLIP-D,default,/media/CrispyMcMarkInc/Real_cropped_1024/00027.jpg,fake,0.9819127321243286,0.4674062728881836,0,real,ft_default
363,CLIP-D,default,/media/CrispyMcMarkInc/Real_cropped_1024/00363.jpg,real,0.0017835353501141,0.1624057292938232,0,real,ft_default
129,CLIP-D,default,/media/CrispyMcMarkInc/Real_cropped_1024/00129.jpg,real,0.0008270197431556,0.1623921394348144,0,real,ft_default
966,CLIP-D,default,/media/CrispyMcMarkInc/Real_cropped_1024/00966.jpg,real,0.0004945789696648,0.1624166965484619,0,real,ft_default
840,CLIP-D,default,/media/CrispyMcMarkInc/Real_cropped_1024/00840.jpg,real,0.003985948394984,0.1623556613922119,0,real,ft_default
875,CLIP-D,default,/media/CrispyMcMarkInc/Real_cropped_1024/00875.jpg,real,0.0032013724558055,0.1560821533203125,0,real,ft_default
623,CLIP-D,default,/media/CrispyMcMarkInc/Real_cropped_1024/00623.jpg,real,0.0227244030684232,0.162104845046997,0,real,ft_default
247,CLIP-D,default,/media/CrispyMcMarkInc/Real_cropped_1024/00247.jpg,real,9.593056165613234e-05,0.1560080051422119,0,real,ft_default
518,CLIP-D,default,/media/CrispyMcMarkInc/Real_cropped_1024/00518.jpg,real,9.122479968937114e-05,0.1622054576873779,0,real,ft_default
200,CLIP-D,default,/media/CrispyMcMarkInc/Real_cropped_1024/00200.jpg,fake,0.6341353058815002,0.1603643894195556,0,real,ft_default
249,CLIP-D,default,/media/CrispyMcMarkInc/Real_cropped_1024/00249.jpg,real,0.0003851556102745,0.1558377742767334,0,real,ft_default
43,CLIP-D,default,/media/CrispyMcMarkInc/Real_cropped_1024/00043.jpg,real,0.1029591858386993,0.1645028591156005,0,real,ft_default
945,CLIP-D,default,/media/CrispyMcMarkInc/Real_cropped_1024/00945.jpg,real,0.022106846794486,0.164492130279541,0,real,ft_default
233,CLIP-D,default,/media/CrispyMcMarkInc/Real_cropped_1024/00233.jpg,real,0.0022134885657578,0.1636199951171875,0,real,ft_default
588,CLIP-D,default,/media/CrispyMcMarkInc/Real_cropped_1024/00588.jpg,real,0.0003367278550285,0.1600756645202636,0,real,ft_default
466,CLIP-D,default,/media/CrispyMcMarkInc/Real_cropped_1024/00466.jpg,real,0.0175324901938438,0.1622314453125,0,real,ft_default
682,CLIP-D,default,/media/CrispyMcMarkInc/Real_cropped_1024/00682.jpg,real,0.0028749054763466,0.1619257926940918,0,real,ft_default
723,CLIP-D,default,/media/CrispyMcMarkInc/Real_cropped_1024/00723.jpg,real,3.468356590019539e-05,0.1670265197753906,0,real,ft_default
512,CLIP-D,default,/media/CrispyMcMarkInc/Real_cropped_1024/00512.jpg,real,0.0012983753113076,0.1645588874816894,0,real,ft_default
473,CLIP-D,default,/media/CrispyMcMarkInc/Real_cropped_1024/00473.jpg,real,0.0031118900515139,0.1656944751739502,0,real,ft_default
860,CLIP-D,default,/media/CrispyMcMarkInc/Real_cropped_1024/00860.jpg,real,0.0001837024028645,0.1603319644927978,0,real,ft_default
259,CLIP-D,default,/media/CrispyMcMarkInc/Real_cropped_1024/00259.jpg,real,0.0009320341050624,0.1625444889068603,0,real,ft_default
339,CLIP-D,default,/media/CrispyMcMarkInc/Real_cropped_1024/00339.jpg,fake,0.9773277044296264,0.156172513961792,0,real,ft_default
995,CLIP-D,default,/media/CrispyMcMarkInc/Real_cropped_1024/00995.jpg,real,0.0203907769173383,0.1623709201812744,0,real,ft_default
73,CLIP-D,default,/media/CrispyMcMarkInc/Real_cropped_1024/00073.jpg,real,0.0008565487805753,0.1645503044128418,0,real,ft_default
160,CLIP-D,default,/media/CrispyMcMarkInc/Real_cropped_1024/00160.jpg,real,0.009806677699089,0.1099419593811035,0,real,ft_default
606,CLIP-D,default,/media/CrispyMcMarkInc/Real_cropped_1024/00606.jpg,real,0.0550227649509906,0.1623451709747314,0,real,ft_default
661,CLIP-D,default,/media/CrispyMcMarkInc/Real_cropped_1024/00661.jpg,real,0.0069307736121118,0.162257432937622,0,real,ft_default
425,CLIP-D,default,/media/CrispyMcMarkInc/Real_cropped_1024/00425.jpg,real,0.005909186322242,0.1131384372711181,0,real,ft_default
114,CLIP-D,default,/media/CrispyMcMarkInc/Real_cropped_1024/00114.jpg,real,0.0199641063809394,0.1622529029846191,0,real,ft_default
956,CLIP-D,default,/media/CrispyMcMarkInc/Real_cropped_1024/00956.jpg,real,0.0004061230283696,0.1621403694152832,0,real,ft_default
983,CLIP-D,default,/media/CrispyMcMarkInc/Real_cropped_1024/00983.jpg,fake,0.7345359921455383,0.1641521453857422,0,real,ft_default
980,CLIP-D,default,/media/CrispyMcMarkInc/Real_cropped_1024/00980.jpg,real,0.0673921108245849,0.1643710136413574,0,real,ft_default
585,CLIP-D,default,/media/CrispyMcMarkInc/Real_cropped_1024/00585.jpg,real,0.0004776357091031,0.1384308338165283,0,real,ft_default
311,CLIP-D,default,/media/CrispyMcMarkInc/Real_cropped_1024/00311.jpg,real,0.0122504401952028,0.1648986339569091,0,real,ft_default
131,CLIP-D,default,/media/CrispyMcMarkInc/Real_cropped_1024/00131.jpg,real,0.3851057589054107,0.1621172428131103,0,real,ft_default
524,CLIP-D,default,/media/CrispyMcMarkInc/Real_cropped_1024/00524.jpg,real,0.002289371099323,0.1671135425567627,0,real,ft_default
688,CLIP-D,default,/media/CrispyMcMarkInc/Real_cropped_1024/00688.jpg,real,0.0002498654066585,0.1626009941101074,0,real,ft_default
398,CLIP-D,default,/media/CrispyMcMarkInc/Real_cropped_1024/00398.jpg,real,0.0070026717148721,0.1643564701080322,0,real,ft_default
476,CLIP-D,default,/media/CrispyMcMarkInc/Real_cropped_1024/00476.jpg,real,0.0002130806533386,0.1650140285491943,0,real,ft_default
161,CLIP-D,default,/media/CrispyMcMarkInc/Real_cropped_1024/00161.jpg,real,0.0001256256509805,0.1548388004302978,0,real,ft_default
171,CLIP-D,default,/media/CrispyMcMarkInc/Real_cropped_1024/00171.jpg,real,0.0042690350674092,0.1667697429656982,0,real,ft_default
640,CLIP-D,default,/media/CrispyMcMarkInc/Real_cropped_1024/00640.jpg,real,0.0136350849643349,0.1626200675964355,0,real,ft_default
370,CLIP-D,default,/media/CrispyMcMarkInc/Real_cropped_1024/00370.jpg,real,0.0008133487426675,0.1646883487701416,0,real,ft_default
273,CLIP-D,default,/media/CrispyMcMarkInc/Real_cropped_1024/00273.jpg,real,0.000599133723881,0.1629512310028076,0,real,ft_default
746,CLIP-D,default,/media/CrispyMcMarkInc/Real_cropped_1024/00746.jpg,real,0.00084600324044,0.1674001216888427,0,real,ft_default
181,CLIP-D,default,/media/CrispyMcMarkInc/Real_cropped_1024/00181.jpg,real,0.0017613858217373,0.1647136211395263,0,real,ft_default
33,CLIP-D,default,/media/CrispyMcMarkInc/Real_cropped_1024/00033.jpg,real,0.0001397851447109,0.1628856658935547,0,real,ft_default
858,CLIP-D,default,/media/CrispyMcMarkInc/Real_cropped_1024/00858.jpg,real,0.1134103238582611,0.162564992904663,0,real,ft_default
301,CLIP-D,default,/media/CrispyMcMarkInc/Real_cropped_1024/00301.jpg,real,0.0012036899570375,0.1529350280761718,0,real,ft_default
490,CLIP-D,default,/media/CrispyMcMarkInc/Real_cropped_1024/00490.jpg,real,0.0005399698857218,0.1406221389770507,0,real,ft_default
900,CLIP-D,default,/media/CrispyMcMarkInc/Real_cropped_1024/00900.jpg,real,0.0002262832858832,0.1625738143920898,0,real,ft_default
207,CLIP-D,default,/media/CrispyMcMarkInc/Real_cropped_1024/00207.jpg,real,0.0069334357976913,0.1625106334686279,0,real,ft_default
504,CLIP-D,default,/media/CrispyMcMarkInc/Real_cropped_1024/00504.jpg,real,0.0024010145571082,0.1662886142730713,0,real,ft_default
655,CLIP-D,default,/media/CrispyMcMarkInc/Real_cropped_1024/00655.jpg,real,0.0017717058071866,0.1627719402313232,0,real,ft_default
898,CLIP-D,default,/media/CrispyMcMarkInc/Real_cropped_1024/00898.jpg,real,0.0225902274250984,0.1596741676330566,0,real,ft_default
158,CLIP-D,default,/media/CrispyMcMarkInc/Real_cropped_1024/00158.jpg,real,0.0645217075943946,0.1647107601165771,0,real,ft_default
246,CLIP-D,default,/media/CrispyMcMarkInc/Real_cropped_1024/00246.jpg,real,0.000363262486644,0.1562979221343994,0,real,ft_default
155,CLIP-D,default,/media/CrispyMcMarkInc/Real_cropped_1024/00155.jpg,real,0.0012453852687031,0.148186445236206,0,real,ft_default
535,CLIP-D,default,/media/CrispyMcMarkInc/Real_cropped_1024/00535.jpg,real,0.0007227836758829,0.1583113670349121,0,real,ft_default
320,CLIP-D,default,/media/CrispyMcMarkInc/Real_cropped_1024/00320.jpg,real,0.0006513573462143,0.157646894454956,0,real,ft_default
30,CLIP-D,default,/media/CrispyMcMarkInc/Real_cropped_1024/00030.jpg,real,0.0018790086032822,0.1645240783691406,0,real,ft_default
978,CLIP-D,default,/media/CrispyMcMarkInc/Real_cropped_1024/00978.jpg,real,0.0359252840280532,0.1564044952392578,0,real,ft_default
820,CLIP-D,default,/media/CrispyMcMarkInc/Real_cropped_1024/00820.jpg,real,0.0849101543426513,0.1563403606414795,0,real,ft_default
61,CLIP-D,default,/media/CrispyMcMarkInc/Real_cropped_1024/00061.jpg,real,0.0138296149671077,0.1564626693725586,0,real,ft_default
522,CLIP-D,default,/media/CrispyMcMarkInc/Real_cropped_1024/00522.jpg,real,0.0047436486929655,0.1579947471618652,0,real,ft_default
536,CLIP-D,default,/media/CrispyMcMarkInc/Real_cropped_1024/00536.jpg,real,0.0001328444341197,0.1197991371154785,0,real,ft_default
241,CLIP-D,default,/media/CrispyMcMarkInc/Real_cropped_1024/00241.jpg,real,0.0001695763930911,0.16404390335083,0,real,ft_default
63,CLIP-D,default,/media/CrispyMcMarkInc/Real_cropped_1024/00063.jpg,real,0.0013744411990046,0.1624953746795654,0,real,ft_default
50,CLIP-D,default,/media/CrispyMcMarkInc/Real_cropped_1024/00050.jpg,real,0.0056896093301475,0.1622965335845947,0,real,ft_default
407,CLIP-D,default,/media/CrispyMcMarkInc/Real_cropped_1024/00407.jpg,real,0.001651463098824,0.1179859638214111,0,real,ft_default
578,CLIP-D,default,/media/CrispyMcMarkInc/Real_cropped_1024/00578.jpg,real,0.0039601046591997,0.1647994518280029,0,real,ft_default
507,CLIP-D,default,/media/CrispyMcMarkInc/Real_cropped_1024/00507.jpg,real,0.0004648092435672,0.1648342609405517,0,real,ft_default
150,CLIP-D,default,/media/CrispyMcMarkInc/Real_cropped_1024/00150.jpg,real,0.0802297294139862,0.1646003723144531,0,real,ft_default
237,CLIP-D,default,/media/CrispyMcMarkInc/Real_cropped_1024/00237.jpg,fake,0.9934953451156616,0.1535916328430175,0,real,ft_default
58,CLIP-D,default,/media/CrispyMcMarkInc/Real_cropped_1024/00058.jpg,real,0.0003405289899092,0.16463303565979,0,real,ft_default
598,CLIP-D,default,/media/CrispyMcMarkInc/Real_cropped_1024/00598.jpg,real,0.0110377902165055,0.1562209129333496,0,real,ft_default
319,CLIP-D,default,/media/CrispyMcMarkInc/Real_cropped_1024/00319.jpg,real,0.0005950261256657,0.1526715755462646,0,real,ft_default
669,CLIP-D,default,/media/CrispyMcMarkInc/Real_cropped_1024/00669.jpg,real,0.0015385645674541,0.1693258285522461,0,real,ft_default
566,CLIP-D,default,/media/CrispyMcMarkInc/Real_cropped_1024/00566.jpg,real,0.0627894476056099,0.1648313999176025,0,real,ft_default
108,CLIP-D,default,/media/CrispyMcMarkInc/Real_cropped_1024/00108.jpg,real,0.0001207487366627,0.1601736545562744,0,real,ft_default
582,CLIP-D,default,/media/CrispyMcMarkInc/Real_cropped_1024/00582.jpg,real,0.0003576804010663,0.1644530296325683,0,real,ft_default
252,CLIP-D,default,/media/CrispyMcMarkInc/Real_cropped_1024/00252.jpg,real,0.0079951658844947,0.1562297344207763,0,real,ft_default
239,CLIP-D,default,/media/CrispyMcMarkInc/Real_cropped_1024/00239.jpg,fake,0.9164159893989564,0.1176633834838867,0,real,ft_default
969,CLIP-D,default,/media/CrispyMcMarkInc/Real_cropped_1024/00969.jpg,real,0.0108369151130318,0.1638944149017334,0,real,ft_default
888,CLIP-D,default,/media/CrispyMcMarkInc/Real_cropped_1024/00888.jpg,real,0.0004073703894391,0.1301660537719726,0,real,ft_default
973,CLIP-D,default,/media/CrispyMcMarkInc/Real_cropped_1024/00973.jpg,real,0.0002371113514527,0.1519484519958496,0,real,ft_default
440,CLIP-D,default,/media/CrispyMcMarkInc/Real_cropped_1024/00440.jpg,real,0.0014958005631342,0.1274013519287109,0,real,ft_default
sd3_fp16,CLIP-D,patch_max,/media/CrispyMcMarkInc/fake-images-img2img/00067_sd3_fp16_seed190_s30_g3.5_str0.3.png,fake,0.9919480681419371,0.4716265201568603,1,fake,patch_max
sd3_fp16,CLIP-D,patch_max,/media/CrispyMcMarkInc/fake-images-img2img/00058_sd3_fp16_seed181_s30_g3.5_str0.3.png,fake,0.952285647392273,0.4723048210144043,1,fake,patch_max
sd35_fp8,CLIP-D,patch_max,/media/CrispyMcMarkInc/fake-images-img2img/00092_sd35_fp8_seed215_s30_g3.5_str0.3.png,fake,0.7954637408256531,0.4733619689941406,1,fake,patch_max
sd3_fp8,CLIP-D,patch_max,/media/CrispyMcMarkInc/fake-images-img2img/00065_sd3_fp8_seed188_s30_g3.5_str0.3.png,fake,0.96586275100708,0.469618558883667,1,fake,patch_max
sd35_fp16,CLIP-D,patch_max,/media/CrispyMcMarkInc/fake-images-img2img/00088_sd35_fp16_seed211_s30_g3.5_str0.3.png,fake,0.9293394088745116,0.4742178916931152,1,fake,patch_max
sd15_fp16,CLIP-D,patch_max,/media/CrispyMcMarkInc/fake-images-img2img/00011_sd15_fp16_seed134_s30_g3.5_str0.3.png,fake,0.919108510017395,0.4731905460357666,1,fake,patch_max
sd35_fp4,CLIP-D,patch_max,/media/CrispyMcMarkInc/fake-images-img2img/00046_sd35_fp4_seed169_s30_g3.5_str0.3.png,fake,0.7996291518211365,0.4749472141265869,1,fake,patch_max
sd35_fp8,CLIP-D,patch_max,/media/CrispyMcMarkInc/fake-images-img2img/00031_sd35_fp8_seed154_s30_g3.5_str0.3.png,fake,0.9610360860824584,0.4992444515228271,1,fake,patch_max
sd35_fp4,CLIP-D,patch_max,/media/CrispyMcMarkInc/fake-images-img2img/00007_sd35_fp4_seed130_s30_g3.5_str0.3.png,fake,0.9488869905471802,0.4855620861053467,1,fake,patch_max
sd3_fp8,CLIP-D,patch_max,/media/CrispyMcMarkInc/fake-images-img2img/00030_sd3_fp8_seed153_s30_g3.5_str0.3.png,fake,0.9920099973678588,0.4855461120605469,1,fake,patch_max
sd15_fp16,CLIP-D,patch_max,/media/CrispyMcMarkInc/fake-images-img2img/00014_sd15_fp16_seed137_s30_g3.5_str0.3.png,fake,0.8177478313446045,0.4764270782470703,1,fake,patch_max
sd15_fp16,CLIP-D,patch_max,/media/CrispyMcMarkInc/fake-images-img2img/00042_sd15_fp16_seed165_s30_g3.5_str0.3.png,fake,0.9308860301971436,0.4748587608337402,1,fake,patch_max
sd15_fp8,CLIP-D,patch_max,/media/CrispyMcMarkInc/fake-images-img2img/00024_sd15_fp8_seed147_s30_g3.5_str0.3.png,fake,0.9297050833702089,0.4760744571685791,1,fake,patch_max
sd3_fp4,CLIP-D,patch_max,/media/CrispyMcMarkInc/fake-images-img2img/00068_sd3_fp4_seed191_s30_g3.5_str0.3.png,fake,0.986291229724884,0.4751229286193847,1,fake,patch_max
sd35_fp16,CLIP-D,patch_max,/media/CrispyMcMarkInc/fake-images-img2img/00090_sd35_fp16_seed213_s30_g3.5_str0.3.png,fake,0.7632802128791809,0.478461742401123,1,fake,patch_max
sd3_fp16,CLIP-D,patch_max,/media/CrispyMcMarkInc/fake-images-img2img/00017_sd3_fp16_seed140_s30_g3.5_str0.3.png,fake,0.9953008890151978,0.4765543937683105,1,fake,patch_max
sd3_fp4,CLIP-D,patch_max,/media/CrispyMcMarkInc/fake-images-img2img/00078_sd3_fp4_seed201_s30_g3.5_str0.3.png,fake,0.990652322769165,0.4766929149627685,1,fake,patch_max
sd3_fp4,CLIP-D,patch_max,/media/CrispyMcMarkInc/fake-images-img2img/00089_sd3_fp4_seed212_s30_g3.5_str0.3.png,fake,0.9569182991981506,0.4834811687469482,1,fake,patch_max
sd15_fp8,CLIP-D,patch_max,/media/CrispyMcMarkInc/fake-images-img2img/00042_sd15_fp8_seed165_s30_g3.5_str0.3.png,fake,0.9437018036842346,0.4804720878601074,1,fake,patch_max
sd3_fp8,CLIP-D,patch_max,/media/CrispyMcMarkInc/fake-images-img2img/00001_sd3_fp8_seed124_s30_g3.5_str0.3.png,fake,0.971152126789093,0.508903980255127,1,fake,patch_max
sd35_fp16,CLIP-D,patch_max,/media/CrispyMcMarkInc/fake-images-img2img/00037_sd35_fp16_seed160_s30_g3.5_str0.3.png,fake,0.8699688911437988,0.5306487083435059,1,fake,patch_max
sd3_fp4,CLIP-D,patch_max,/media/CrispyMcMarkInc/fake-images-img2img/00039_sd3_fp4_seed162_s30_g3.5_str0.3.png,fake,0.9670543074607848,0.5241758823394775,1,fake,patch_max
sd15_fp8,CLIP-D,patch_max,/media/CrispyMcMarkInc/fake-images-img2img/00077_sd15_fp8_seed200_s30_g3.5_str0.3.png,fake,0.982397735118866,0.504072904586792,1,fake,patch_max
sd15_fp4,CLIP-D,patch_max,/media/CrispyMcMarkInc/fake-images-img2img/00032_sd15_fp4_seed155_s30_g3.5_str0.3.png,fake,0.990875244140625,0.4980826377868652,1,fake,patch_max
sd3_fp4,CLIP-D,patch_max,/media/CrispyMcMarkInc/fake-images-img2img/00069_sd3_fp4_seed192_s30_g3.5_str0.3.png,fake,0.9919238686561584,0.4813449382781982,1,fake,patch_max
sd3_fp16,CLIP-D,patch_max,/media/CrispyMcMarkInc/fake-images-img2img/00024_sd3_fp16_seed147_s30_g3.5_str0.3.png,fake,0.99142587184906,0.4810035228729248,1,fake,patch_max
sd3_fp4,CLIP-D,patch_max,/media/CrispyMcMarkInc/fake-images-img2img/00012_sd3_fp4_seed135_s30_g3.5_str0.3.png,fake,0.963850200176239,0.4966881275177002,1,fake,patch_max
sd35_fp16,CLIP-D,patch_max,/media/CrispyMcMarkInc/fake-images-img2img/00066_sd35_fp16_seed189_s30_g3.5_str0.3.png,fake,0.7099305987358093,0.5066001415252686,1,fake,patch_max
sd15_fp16,CLIP-D,patch_max,/media/CrispyMcMarkInc/fake-images-img2img/00023_sd15_fp16_seed146_s30_g3.5_str0.3.png,fake,0.8861119151115417,0.5142440795898438,1,fake,patch_max
sd35_fp8,CLIP-D,patch_max,/media/CrispyMcMarkInc/fake-images-img2img/00098_sd35_fp8_seed221_s30_g3.5_str0.3.png,fake,0.8177456259727478,0.5056824684143066,1,fake,patch_max
sd3_fp16,CLIP-D,patch_max,/media/CrispyMcMarkInc/fake-images-img2img/00086_sd3_fp16_seed209_s30_g3.5_str0.3.png,fake,0.8264560103416443,0.5146849155426025,1,fake,patch_max
sd35_fp8,CLIP-D,patch_max,/media/CrispyMcMarkInc/fake-images-img2img/00067_sd35_fp8_seed190_s30_g3.5_str0.3.png,fake,0.9798389673233032,0.5246021747589111,1,fake,patch_max
sd35_fp8,CLIP-D,patch_max,/media/CrispyMcMarkInc/fake-images-img2img/00055_sd35_fp8_seed178_s30_g3.5_str0.3.png,fake,0.8689538836479187,0.5025012493133545,1,fake,patch_max
sd15_fp8,CLIP-D,patch_max,/media/CrispyMcMarkInc/fake-images-img2img/00001_sd15_fp8_seed124_s30_g3.5_str0.3.png,fake,0.9809629917144777,0.5001564025878906,1,fake,patch_max
sd35_fp4,CLIP-D,patch_max,/media/CrispyMcMarkInc/fake-images-img2img/00071_sd35_fp4_seed194_s30_g3.5_str0.3.png,fake,0.948737621307373,0.4913716316223144,1,fake,patch_max
sd3_fp8,CLIP-D,patch_max,/media/CrispyMcMarkInc/fake-images-img2img/00070_sd3_fp8_seed193_s30_g3.5_str0.3.png,fake,0.8785519599914551,0.4915037155151367,1,fake,patch_max
sd3_fp4,CLIP-D,patch_max,/media/CrispyMcMarkInc/fake-images-img2img/00034_sd3_fp4_seed157_s30_g3.5_str0.3.png,fake,0.9658992290496826,0.5025284290313721,1,fake,patch_max
sd15_fp8,CLIP-D,patch_max,/media/CrispyMcMarkInc/fake-images-img2img/00051_sd15_fp8_seed174_s30_g3.5_str0.3.png,fake,0.9472098350524902,0.5057272911071777,1,fake,patch_max
sd15_fp8,CLIP-D,patch_max,/media/CrispyMcMarkInc/fake-images-img2img/00019_sd15_fp8_seed142_s30_g3.5_str0.3.png,fake,0.8758891820907593,0.5051610469818115,1,fake,patch_max
sd15_fp8,CLIP-D,patch_max,/media/CrispyMcMarkInc/fake-images-img2img/00059_sd15_fp8_seed182_s30_g3.5_str0.3.png,fake,0.7330983877182007,0.5061898231506348,1,fake,patch_max
sd3_fp16,CLIP-D,patch_max,/media/CrispyMcMarkInc/fake-images-img2img/00055_sd3_fp16_seed178_s30_g3.5_str0.3.png,fake,0.8913753032684326,0.4950339794158935,1,fake,patch_max
sd3_fp16,CLIP-D,patch_max,/media/CrispyMcMarkInc/fake-images-img2img/00093_sd3_fp16_seed216_s30_g3.5_str0.3.png,fake,0.9615901708602904,0.490903377532959,1,fake,patch_max
sd35_fp16,CLIP-D,patch_max,/media/CrispyMcMarkInc/fake-images-img2img/00026_sd35_fp16_seed149_s30_g3.5_str0.3.png,real,0.0723442956805229,0.4911110401153564,1,fake,patch_max
sd15_fp4,CLIP-D,patch_max,/media/CrispyMcMarkInc/fake-images-img2img/00095_sd15_fp4_seed218_s30_g3.5_str0.3.png,fake,0.9184108972549438,0.5011990070343018,1,fake,patch_max
sd3_fp4,CLIP-D,patch_max,/media/CrispyMcMarkInc/fake-images-img2img/00075_sd3_fp4_seed198_s30_g3.5_str0.3.png,fake,0.9553267955780028,0.5045907497406006,1,fake,patch_max
sd3_fp16,CLIP-D,patch_max,/media/CrispyMcMarkInc/fake-images-img2img/00009_sd3_fp16_seed132_s30_g3.5_str0.3.png,fake,0.7376934885978699,0.5109803676605225,1,fake,patch_max
sd15_fp8,CLIP-D,patch_max,/media/CrispyMcMarkInc/fake-images-img2img/00082_sd15_fp8_seed205_s30_g3.5_str0.3.png,fake,0.9765855073928832,0.5239107608795166,1,fake,patch_max
sd3_fp16,CLIP-D,patch_max,/media/CrispyMcMarkInc/fake-images-img2img/00029_sd3_fp16_seed152_s30_g3.5_str0.3.png,fake,0.9980792999267578,0.5339727401733398,1,fake,patch_max
sd15_fp16,CLIP-D,patch_max,/media/CrispyMcMarkInc/fake-images-img2img/00075_sd15_fp16_seed198_s30_g3.5_str0.3.png,fake,0.8885214328765869,0.5055618286132812,1,fake,patch_max
sd15_fp8,CLIP-D,patch_max,/media/CrispyMcMarkInc/fake-images-img2img/00071_sd15_fp8_seed194_s30_g3.5_str0.3.png,fake,0.936336100101471,0.510765552520752,1,fake,patch_max
sd3_fp16,CLIP-D,patch_max,/media/CrispyMcMarkInc/fake-images-img2img/00060_sd3_fp16_seed183_s30_g3.5_str0.3.png,fake,0.972360134124756,0.4973893165588379,1,fake,patch_max
sd35_fp16,CLIP-D,patch_max,/media/CrispyMcMarkInc/fake-images-img2img/00008_sd35_fp16_seed131_s30_g3.5_str0.3.png,real,0.2948875725269317,0.502204418182373,1,fake,patch_max
sd15_fp16,CLIP-D,patch_max,/media/CrispyMcMarkInc/fake-images-img2img/00089_sd15_fp16_seed212_s30_g3.5_str0.3.png,fake,0.8873612880706787,0.5115737915039062,1,fake,patch_max
sd35_fp8,CLIP-D,patch_max,/media/CrispyMcMarkInc/fake-images-img2img/00061_sd35_fp8_seed184_s30_g3.5_str0.3.png,fake,0.7890526652336121,0.5013782978057861,1,fake,patch_max
sd15_fp4,CLIP-D,patch_max,/media/CrispyMcMarkInc/fake-images-img2img/00008_sd15_fp4_seed131_s30_g3.5_str0.3.png,fake,0.8753558993339539,0.5006041526794434,1,fake,patch_max
sd35_fp4,CLIP-D,patch_max,/media/CrispyMcMarkInc/fake-images-img2img/00055_sd35_fp4_seed178_s30_g3.5_str0.3.png,fake,0.924903154373169,0.5018727779388428,1,fake,patch_max
sd3_fp8,CLIP-D,patch_max,/media/CrispyMcMarkInc/fake-images-img2img/00060_sd3_fp8_seed183_s30_g3.5_str0.3.png,fake,0.9730332493782043,0.5025327205657959,1,fake,patch_max
sd35_fp4,CLIP-D,patch_max,/media/CrispyMcMarkInc/fake-images-img2img/00097_sd35_fp4_seed220_s30_g3.5_str0.3.png,fake,0.9904143214225768,0.5043277740478516,1,fake,patch_max
sd3_fp4,CLIP-D,patch_max,/media/CrispyMcMarkInc/fake-images-img2img/00058_sd3_fp4_seed181_s30_g3.5_str0.3.png,fake,0.983391523361206,0.5124669075012207,1,fake,patch_max
sd3_fp16,CLIP-D,patch_max,/media/CrispyMcMarkInc/fake-images-img2img/00016_sd3_fp16_seed139_s30_g3.5_str0.3.png,fake,0.791451632976532,0.514970064163208,1,fake,patch_max
sd15_fp8,CLIP-D,patch_max,/media/CrispyMcMarkInc/fake-images-img2img/00050_sd15_fp8_seed173_s30_g3.5_str0.3.png,fake,0.9088396430015564,0.5001983642578125,1,fake,patch_max
sd15_fp8,CLIP-D,patch_max,/media/CrispyMcMarkInc/fake-images-img2img/00076_sd15_fp8_seed199_s30_g3.5_str0.3.png,fake,0.766738772392273,0.5231587886810303,1,fake,patch_max
sd3_fp4,CLIP-D,patch_max,/media/CrispyMcMarkInc/fake-images-img2img/00014_sd3_fp4_seed137_s30_g3.5_str0.3.png,fake,0.8712154626846313,0.5035011768341064,1,fake,patch_max
sd35_fp4,CLIP-D,patch_max,/media/CrispyMcMarkInc/fake-images-img2img/00042_sd35_fp4_seed165_s30_g3.5_str0.3.png,fake,0.8864259719848633,0.4875719547271728,1,fake,patch_max
sd35_fp4,CLIP-D,patch_max,/media/CrispyMcMarkInc/fake-images-img2img/00074_sd35_fp4_seed197_s30_g3.5_str0.3.png,fake,0.9761354327201844,0.5085206031799316,1,fake,patch_max
sd15_fp8,CLIP-D,patch_max,/media/CrispyMcMarkInc/fake-images-img2img/00013_sd15_fp8_seed136_s30_g3.5_str0.3.png,fake,0.8999187350273132,0.5121195316314697,1,fake,patch_max
sd35_fp8,CLIP-D,patch_max,/media/CrispyMcMarkInc/fake-images-img2img/00026_sd35_fp8_seed149_s30_g3.5_str0.3.png,real,0.1273564845323562,0.5180056095123291,1,fake,patch_max
sd35_fp16,CLIP-D,patch_max,/media/CrispyMcMarkInc/fake-images-img2img/00002_sd35_fp16_seed125_s30_g3.5_str0.3.png,fake,0.9405564069747924,0.5278191566467285,1,fake,patch_max
sd35_fp8,CLIP-D,patch_max,/media/CrispyMcMarkInc/fake-images-img2img/00024_sd35_fp8_seed147_s30_g3.5_str0.3.png,fake,0.9956786036491394,0.5211060047149658,1,fake,patch_max
sd35_fp4,CLIP-D,patch_max,/media/CrispyMcMarkInc/fake-images-img2img/00038_sd35_fp4_seed161_s30_g3.5_str0.3.png,fake,0.9824531078338624,0.5164027214050293,1,fake,patch_max
sd15_fp16,CLIP-D,patch_max,/media/CrispyMcMarkInc/fake-images-img2img/00095_sd15_fp16_seed218_s30_g3.5_str0.3.png,fake,0.9138318300247192,0.5175638198852539,1,fake,patch_max
sd3_fp16,CLIP-D,patch_max,/media/CrispyMcMarkInc/fake-images-img2img/00080_sd3_fp16_seed203_s30_g3.5_str0.3.png,fake,0.995205819606781,0.5014171600341797,1,fake,patch_max
sd15_fp4,CLIP-D,patch_max,/media/CrispyMcMarkInc/fake-images-img2img/00088_sd15_fp4_seed211_s30_g3.5_str0.3.png,fake,0.9476413130760192,0.4949488639831543,1,fake,patch_max
sd35_fp8,CLIP-D,patch_max,/media/CrispyMcMarkInc/fake-images-img2img/00022_sd35_fp8_seed145_s30_g3.5_str0.3.png,fake,0.7077531218528748,0.5008175373077393,1,fake,patch_max
sd15_fp16,CLIP-D,patch_max,/media/CrispyMcMarkInc/fake-images-img2img/00021_sd15_fp16_seed144_s30_g3.5_str0.3.png,fake,0.9449074864387512,0.5147335529327393,1,fake,patch_max
sd35_fp4,CLIP-D,patch_max,/media/CrispyMcMarkInc/fake-images-img2img/00009_sd35_fp4_seed132_s30_g3.5_str0.3.png,fake,0.63715660572052,0.5156664848327637,1,fake,patch_max
sd3_fp16,CLIP-D,patch_max,/media/CrispyMcMarkInc/fake-images-img2img/00063_sd3_fp16_seed186_s30_g3.5_str0.3.png,fake,0.989346981048584,0.5201983451843262,1,fake,patch_max
sd15_fp4,CLIP-D,patch_max,/media/CrispyMcMarkInc/fake-images-img2img/00043_sd15_fp4_seed166_s30_g3.5_str0.3.png,fake,0.9934836030006408,0.5061233043670654,1,fake,patch_max
sd35_fp16,CLIP-D,patch_max,/media/CrispyMcMarkInc/fake-images-img2img/00038_sd35_fp16_seed161_s30_g3.5_str0.3.png,fake,0.9531061053276062,0.4981307983398437,1,fake,patch_max
sd15_fp8,CLIP-D,patch_max,/media/CrispyMcMarkInc/fake-images-img2img/00010_sd15_fp8_seed133_s30_g3.5_str0.3.png,fake,0.9682692885398864,0.5143871307373047,1,fake,patch_max
sd3_fp8,CLIP-D,patch_max,/media/CrispyMcMarkInc/fake-images-img2img/00083_sd3_fp8_seed206_s30_g3.5_str0.3.png,fake,0.9941210150718688,0.5086512565612793,1,fake,patch_max
sd35_fp4,CLIP-D,patch_max,/media/CrispyMcMarkInc/fake-images-img2img/00011_sd35_fp4_seed134_s30_g3.5_str0.3.png,fake,0.9010555148124696,0.4967706203460693,1,fake,patch_max
sd3_fp8,CLIP-D,patch_max,/media/CrispyMcMarkInc/fake-images-img2img/00099_sd3_fp8_seed222_s30_g3.5_str0.3.png,fake,0.9798243045806884,0.487713098526001,1,fake,patch_max
sd3_fp8,CLIP-D,patch_max,/media/CrispyMcMarkInc/fake-images-img2img/00088_sd3_fp8_seed211_s30_g3.5_str0.3.png,fake,0.9240352511405944,0.5182254314422607,1,fake,patch_max
sd35_fp8,CLIP-D,patch_max,/media/CrispyMcMarkInc/fake-images-img2img/00096_sd35_fp8_seed219_s30_g3.5_str0.3.png,fake,0.8939432501792908,0.5094358921051025,1,fake,patch_max
sd15_fp8,CLIP-D,patch_max,/media/CrispyMcMarkInc/fake-images-img2img/00037_sd15_fp8_seed160_s30_g3.5_str0.3.png,fake,0.97923344373703,0.5443708896636963,1,fake,patch_max
sd3_fp16,CLIP-D,patch_max,/media/CrispyMcMarkInc/fake-images-img2img/00023_sd3_fp16_seed146_s30_g3.5_str0.3.png,fake,0.9186864495277404,0.5304913520812988,1,fake,patch_max
sd35_fp8,CLIP-D,patch_max,/media/CrispyMcMarkInc/fake-images-img2img/00023_sd35_fp8_seed146_s30_g3.5_str0.3.png,fake,0.8321947455406189,0.5117883682250977,1,fake,patch_max
sd35_fp16,CLIP-D,patch_max,/media/CrispyMcMarkInc/fake-images-img2img/00035_sd35_fp16_seed158_s30_g3.5_str0.3.png,fake,0.9430567026138306,0.5176386833190918,1,fake,patch_max
sd3_fp8,CLIP-D,patch_max,/media/CrispyMcMarkInc/fake-images-img2img/00056_sd3_fp8_seed179_s30_g3.5_str0.3.png,fake,0.9324058890342712,0.5072669982910156,1,fake,patch_max
sd35_fp8,CLIP-D,patch_max,/media/CrispyMcMarkInc/fake-images-img2img/00001_sd35_fp8_seed124_s30_g3.5_str0.3.png,fake,0.9813084006309508,0.4985158443450928,1,fake,patch_max
sd15_fp16,CLIP-D,patch_max,/media/CrispyMcMarkInc/fake-images-img2img/00077_sd15_fp16_seed200_s30_g3.5_str0.3.png,fake,0.9853028059005736,0.4902362823486328,1,fake,patch_max
sd3_fp16,CLIP-D,patch_max,/media/CrispyMcMarkInc/fake-images-img2img/00040_sd3_fp16_seed163_s30_g3.5_str0.3.png,fake,0.9508180022239684,0.4950399398803711,1,fake,patch_max
sd35_fp16,CLIP-D,patch_max,/media/CrispyMcMarkInc/fake-images-img2img/00042_sd35_fp16_seed165_s30_g3.5_str0.3.png,fake,0.8195028305053711,0.4950230121612549,1,fake,patch_max
sd15_fp16,CLIP-D,patch_max,/media/CrispyMcMarkInc/fake-images-img2img/00071_sd15_fp16_seed194_s30_g3.5_str0.3.png,fake,0.9406613111495972,0.5086796283721924,1,fake,patch_max
sd3_fp4,CLIP-D,patch_max,/media/CrispyMcMarkInc/fake-images-img2img/00013_sd3_fp4_seed136_s30_g3.5_str0.3.png,fake,0.9772509932518004,0.5025014877319336,1,fake,patch_max
sd35_fp4,CLIP-D,patch_max,/media/CrispyMcMarkInc/fake-images-img2img/00017_sd35_fp4_seed140_s30_g3.5_str0.3.png,fake,0.9922548532485962,0.5131633281707764,1,fake,patch_max
sd15_fp4,CLIP-D,patch_max,/media/CrispyMcMarkInc/fake-images-img2img/00079_sd15_fp4_seed202_s30_g3.5_str0.3.png,fake,0.8999407887458801,0.4939973354339599,1,fake,patch_max
sd35_fp4,CLIP-D,patch_max,/media/CrispyMcMarkInc/fake-images-img2img/00062_sd35_fp4_seed185_s30_g3.5_str0.3.png,fake,0.9908763766288756,0.5094094276428223,1,fake,patch_max
sd15_fp16,CLIP-D,patch_max,/media/CrispyMcMarkInc/fake-images-img2img/00003_sd15_fp16_seed126_s30_g3.5_str0.3.png,fake,0.976554036140442,0.5027468204498291,1,fake,patch_max
sd15_fp4,CLIP-D,patch_max,/media/CrispyMcMarkInc/fake-images-img2img/00070_sd15_fp4_seed193_s30_g3.5_str0.3.png,fake,0.9426142573356628,0.5177721977233887,1,fake,patch_max
sd35_fp16,CLIP-D,patch_max,/media/CrispyMcMarkInc/fake-images-img2img/00057_sd35_fp16_seed180_s30_g3.5_str0.3.png,fake,0.6391465663909912,0.5251510143280029,1,fake,patch_max
sd3_fp16,CLIP-D,patch_max,/media/CrispyMcMarkInc/fake-images-img2img/00013_sd3_fp16_seed136_s30_g3.5_str0.3.png,fake,0.857024073600769,0.508326530456543,1,fake,patch_max
sd15_fp8,CLIP-D,patch_max,/media/CrispyMcMarkInc/fake-images-img2img/00099_sd15_fp8_seed222_s30_g3.5_str0.3.png,fake,0.8567700982093811,0.4992413520812988,1,fake,patch_max
sd35_fp16,CLIP-D,patch_max,/media/CrispyMcMarkInc/fake-images-img2img/00045_sd35_fp16_seed168_s30_g3.5_str0.3.png,fake,0.5591957569122314,0.5052006244659424,1,fake,patch_max
sd15_fp16,CLIP-D,patch_max,/media/CrispyMcMarkInc/fake-images-img2img/00069_sd15_fp16_seed192_s30_g3.5_str0.3.png,fake,0.9340094923973083,0.5110805034637451,1,fake,patch_max
sd35_fp4,CLIP-D,patch_max,/media/CrispyMcMarkInc/fake-images-img2img/00026_sd35_fp4_seed149_s30_g3.5_str0.3.png,fake,0.5463296175003052,0.5040860176086426,1,fake,patch_max
sd15_fp16,CLIP-D,patch_max,/media/CrispyMcMarkInc/fake-images-img2img/00025_sd15_fp16_seed148_s30_g3.5_str0.3.png,fake,0.9657732844352722,0.5219302177429199,1,fake,patch_max
sd3_fp8,CLIP-D,patch_max,/media/CrispyMcMarkInc/fake-images-img2img/00063_sd3_fp8_seed186_s30_g3.5_str0.3.png,fake,0.9908207058906556,0.5104291439056396,1,fake,patch_max
sd35_fp16,CLIP-D,patch_max,/media/CrispyMcMarkInc/fake-images-img2img/00098_sd35_fp16_seed221_s30_g3.5_str0.3.png,fake,0.8385525345802307,0.5000267028808594,1,fake,patch_max
sd3_fp16,CLIP-D,patch_max,/media/CrispyMcMarkInc/fake-images-img2img/00014_sd3_fp16_seed137_s30_g3.5_str0.3.png,fake,0.8639402985572815,0.5205798149108887,1,fake,patch_max
sd15_fp4,CLIP-D,patch_max,/media/CrispyMcMarkInc/fake-images-img2img/00085_sd15_fp4_seed208_s30_g3.5_str0.3.png,fake,0.8882685303688049,0.5146050453186035,1,fake,patch_max
sd3_fp16,CLIP-D,patch_max,/media/CrispyMcMarkInc/fake-images-img2img/00051_sd3_fp16_seed174_s30_g3.5_str0.3.png,fake,0.9869001507759094,0.5047614574432373,1,fake,patch_max
sd35_fp16,CLIP-D,patch_max,/media/CrispyMcMarkInc/fake-images-img2img/00051_sd35_fp16_seed174_s30_g3.5_str0.3.png,fake,0.9856504797935486,0.5157508850097656,1,fake,patch_max
sd35_fp8,CLIP-D,patch_max,/media/CrispyMcMarkInc/fake-images-img2img/00010_sd35_fp8_seed133_s30_g3.5_str0.3.png,fake,0.9585580825805664,0.5125734806060791,1,fake,patch_max
sd35_fp8,CLIP-D,patch_max,/media/CrispyMcMarkInc/fake-images-img2img/00075_sd35_fp8_seed198_s30_g3.5_str0.3.png,fake,0.9778255820274352,0.5077104568481445,1,fake,patch_max
sd15_fp4,CLIP-D,patch_max,/media/CrispyMcMarkInc/fake-images-img2img/00026_sd15_fp4_seed149_s30_g3.5_str0.3.png,fake,0.9458730816841124,0.5039989948272705,1,fake,patch_max
sd15_fp8,CLIP-D,patch_max,/media/CrispyMcMarkInc/fake-images-img2img/00075_sd15_fp8_seed198_s30_g3.5_str0.3.png,fake,0.872408926486969,0.5032937526702881,1,fake,patch_max
sd3_fp4,CLIP-D,patch_max,/media/CrispyMcMarkInc/fake-images-img2img/00063_sd3_fp4_seed186_s30_g3.5_str0.3.png,fake,0.993545949459076,0.5218122005462646,1,fake,patch_max
sd15_fp16,CLIP-D,patch_max,/media/CrispyMcMarkInc/fake-images-img2img/00033_sd15_fp16_seed156_s30_g3.5_str0.3.png,fake,0.9470342993736268,0.5154922008514404,1,fake,patch_max
sd15_fp16,CLIP-D,patch_max,/media/CrispyMcMarkInc/fake-images-img2img/00098_sd15_fp16_seed221_s30_g3.5_str0.3.png,fake,0.8918906450271606,0.5136148929595947,1,fake,patch_max
sd15_fp16,CLIP-D,patch_max,/media/CrispyMcMarkInc/fake-images-img2img/00052_sd15_fp16_seed175_s30_g3.5_str0.3.png,fake,0.8438212871551514,0.5052008628845215,1,fake,patch_max
sd3_fp8,CLIP-D,patch_max,/media/CrispyMcMarkInc/fake-images-img2img/00086_sd3_fp8_seed209_s30_g3.5_str0.3.png,fake,0.9342607855796814,0.5227746963500977,1,fake,patch_max
sd35_fp8,CLIP-D,patch_max,/media/CrispyMcMarkInc/fake-images-img2img/00008_sd35_fp8_seed131_s30_g3.5_str0.3.png,fake,0.6677765846252441,0.4989678859710693,1,fake,patch_max
sd15_fp4,CLIP-D,patch_max,/media/CrispyMcMarkInc/fake-images-img2img/00058_sd15_fp4_seed181_s30_g3.5_str0.3.png,fake,0.9630146622657776,0.5427231788635254,1,fake,patch_max
sd35_fp8,CLIP-D,patch_max,/media/CrispyMcMarkInc/fake-images-img2img/00035_sd35_fp8_seed158_s30_g3.5_str0.3.png,fake,0.9443383812904358,0.5293481349945068,1,fake,patch_max
sd15_fp8,CLIP-D,patch_max,/media/CrispyMcMarkInc/fake-images-img2img/00017_sd15_fp8_seed140_s30_g3.5_str0.3.png,fake,0.9005025625228882,0.5139622688293457,1,fake,patch_max
sd15_fp8,CLIP-D,patch_max,/media/CrispyMcMarkInc/fake-images-img2img/00041_sd15_fp8_seed164_s30_g3.5_str0.3.png,fake,0.8449802994728088,0.5122230052947998,1,fake,patch_max
sd35_fp4,CLIP-D,patch_max,/media/CrispyMcMarkInc/fake-images-img2img/00032_sd35_fp4_seed155_s30_g3.5_str0.3.png,fake,0.9596728682518004,0.5128538608551025,1,fake,patch_max
sd35_fp16,CLIP-D,patch_max,/media/CrispyMcMarkInc/fake-images-img2img/00061_sd35_fp16_seed184_s30_g3.5_str0.3.png,fake,0.880057692527771,0.4979844093322754,1,fake,patch_max
sd3_fp16,CLIP-D,patch_max,/media/CrispyMcMarkInc/fake-images-img2img/00070_sd3_fp16_seed193_s30_g3.5_str0.3.png,fake,0.8923410177230835,0.5029151439666748,1,fake,patch_max
sd15_fp16,CLIP-D,patch_max,/media/CrispyMcMarkInc/fake-images-img2img/00013_sd15_fp16_seed136_s30_g3.5_str0.3.png,fake,0.8760631084442139,0.5050656795501709,1,fake,patch_max
sd35_fp4,CLIP-D,patch_max,/media/CrispyMcMarkInc/fake-images-img2img/00014_sd35_fp4_seed137_s30_g3.5_str0.3.png,fake,0.9050657153129578,0.4844005107879638,1,fake,patch_max
sd3_fp4,CLIP-D,patch_max,/media/CrispyMcMarkInc/fake-images-img2img/00067_sd3_fp4_seed190_s30_g3.5_str0.3.png,fake,0.9969724416732788,0.4835531711578369,1,fake,patch_max
sd35_fp16,CLIP-D,patch_max,/media/CrispyMcMarkInc/fake-images-img2img/00073_sd35_fp16_seed196_s30_g3.5_str0.3.png,fake,0.894121527671814,0.5084822177886963,1,fake,patch_max
sd35_fp8,CLIP-D,patch_max,/media/CrispyMcMarkInc/fake-images-img2img/00007_sd35_fp8_seed130_s30_g3.5_str0.3.png,fake,0.8445636034011841,0.4859936237335205,1,fake,patch_max
sd15_fp8,CLIP-D,patch_max,/media/CrispyMcMarkInc/fake-images-img2img/00038_sd15_fp8_seed161_s30_g3.5_str0.3.png,fake,0.9825050830841064,0.4816765785217285,1,fake,patch_max
sd15_fp4,CLIP-D,patch_max,/media/CrispyMcMarkInc/fake-images-img2img/00090_sd15_fp4_seed213_s30_g3.5_str0.3.png,fake,0.8745789527893066,0.4968152046203613,1,fake,patch_max
sd35_fp8,CLIP-D,patch_max,/media/CrispyMcMarkInc/fake-images-img2img/00069_sd35_fp8_seed192_s30_g3.5_str0.3.png,fake,0.9831438660621644,0.5000724792480469,1,fake,patch_max
sd3_fp8,CLIP-D,patch_max,/media/CrispyMcMarkInc/fake-images-img2img/00009_sd3_fp8_seed132_s30_g3.5_str0.3.png,fake,0.7649229764938354,0.5243644714355469,1,fake,patch_max
sd15_fp16,CLIP-D,patch_max,/media/CrispyMcMarkInc/fake-images-img2img/00082_sd15_fp16_seed205_s30_g3.5_str0.3.png,fake,0.9772502779960632,0.5111124515533447,1,fake,patch_max
sd35_fp8,CLIP-D,patch_max,/media/CrispyMcMarkInc/fake-images-img2img/00063_sd35_fp8_seed186_s30_g3.5_str0.3.png,fake,0.9967560172080994,0.5055088996887207,1,fake,patch_max
sd35_fp4,CLIP-D,patch_max,/media/CrispyMcMarkInc/fake-images-img2img/00049_sd35_fp4_seed172_s30_g3.5_str0.3.png,fake,0.9905728697776794,0.5103051662445068,1,fake,patch_max
sd15_fp4,CLIP-D,patch_max,/media/CrispyMcMarkInc/fake-images-img2img/00048_sd15_fp4_seed171_s30_g3.5_str0.3.png,fake,0.9854316115379332,0.5062668323516846,1,fake,patch_max
sd3_fp16,CLIP-D,patch_max,/media/CrispyMcMarkInc/fake-images-img2img/00071_sd3_fp16_seed194_s30_g3.5_str0.3.png,fake,0.8806338310241699,0.5045084953308105,1,fake,patch_max
sd35_fp8,CLIP-D,patch_max,/media/CrispyMcMarkInc/fake-images-img2img/00032_sd35_fp8_seed155_s30_g3.5_str0.3.png,fake,0.9818605184555054,0.5009098052978516,1,fake,patch_max
sd35_fp4,CLIP-D,patch_max,/media/CrispyMcMarkInc/fake-images-img2img/00022_sd35_fp4_seed145_s30_g3.5_str0.3.png,fake,0.8828631639480591,0.5124156475067139,1,fake,patch_max
sd35_fp16,CLIP-D,patch_max,/media/CrispyMcMarkInc/fake-images-img2img/00001_sd35_fp16_seed124_s30_g3.5_str0.3.png,fake,0.9737387895584106,0.5093023777008057,1,fake,patch_max
sd15_fp4,CLIP-D,patch_max,/media/CrispyMcMarkInc/fake-images-img2img/00086_sd15_fp4_seed209_s30_g3.5_str0.3.png,fake,0.907802402973175,0.5322682857513428,1,fake,patch_max
sd15_fp8,CLIP-D,patch_max,/media/CrispyMcMarkInc/fake-images-img2img/00062_sd15_fp8_seed185_s30_g3.5_str0.3.png,fake,0.9570221304893494,0.5306885242462158,1,fake,patch_max
sd3_fp4,CLIP-D,patch_max,/media/CrispyMcMarkInc/fake-images-img2img/00004_sd3_fp4_seed127_s30_g3.5_str0.3.png,fake,0.9706088304519652,0.5064115524291992,1,fake,patch_max
sd15_fp4,CLIP-D,patch_max,/media/CrispyMcMarkInc/fake-images-img2img/00077_sd15_fp4_seed200_s30_g3.5_str0.3.png,fake,0.9808167815208436,0.5036964416503906,1,fake,patch_max
sd15_fp16,CLIP-D,patch_max,/media/CrispyMcMarkInc/fake-images-img2img/00019_sd15_fp16_seed142_s30_g3.5_str0.3.png,fake,0.890803337097168,0.5111846923828125,1,fake,patch_max
sd35_fp16,CLIP-D,patch_max,/media/CrispyMcMarkInc/fake-images-img2img/00023_sd35_fp16_seed146_s30_g3.5_str0.3.png,fake,0.8660905361175537,0.5103883743286133,1,fake,patch_max
sd3_fp4,CLIP-D,patch_max,/media/CrispyMcMarkInc/fake-images-img2img/00071_sd3_fp4_seed194_s30_g3.5_str0.3.png,fake,0.9877694249153136,0.5096638202667236,1,fake,patch_max
sd35_fp16,CLIP-D,patch_max,/media/CrispyMcMarkInc/fake-images-img2img/00007_sd35_fp16_seed130_s30_g3.5_str0.3.png,fake,0.8109101057052612,0.4962434768676758,1,fake,patch_max
sd35_fp16,CLIP-D,patch_max,/media/CrispyMcMarkInc/fake-images-img2img/00047_sd35_fp16_seed170_s30_g3.5_str0.3.png,fake,0.99799382686615,0.509549617767334,1,fake,patch_max
sd3_fp4,CLIP-D,patch_max,/media/CrispyMcMarkInc/fake-images-img2img/00094_sd3_fp4_seed217_s30_g3.5_str0.3.png,fake,0.9943852424621582,0.5023033618927002,1,fake,patch_max
sd35_fp4,CLIP-D,patch_max,/media/CrispyMcMarkInc/fake-images-img2img/00027_sd35_fp4_seed150_s30_g3.5_str0.3.png,fake,0.9723214507102966,0.5092189311981201,1,fake,patch_max
sd3_fp8,CLIP-D,patch_max,/media/CrispyMcMarkInc/fake-images-img2img/00089_sd3_fp8_seed212_s30_g3.5_str0.3.png,fake,0.8410189151763916,0.5016889572143555,1,fake,patch_max
sd3_fp8,CLIP-D,patch_max,/media/CrispyMcMarkInc/fake-images-img2img/00097_sd3_fp8_seed220_s30_g3.5_str0.3.png,fake,0.9937511086463928,0.51181960105896,1,fake,patch_max
sd35_fp16,CLIP-D,patch_max,/media/CrispyMcMarkInc/fake-images-img2img/00069_sd35_fp16_seed192_s30_g3.5_str0.3.png,fake,0.9799791574478148,0.5139451026916504,1,fake,patch_max
sd3_fp16,CLIP-D,patch_max,/media/CrispyMcMarkInc/fake-images-img2img/00097_sd3_fp16_seed220_s30_g3.5_str0.3.png,fake,0.982331931591034,0.5119740962982178,1,fake,patch_max
sd15_fp8,CLIP-D,patch_max,/media/CrispyMcMarkInc/fake-images-img2img/00095_sd15_fp8_seed218_s30_g3.5_str0.3.png,fake,0.9230585098266602,0.5173900127410889,1,fake,patch_max
sd3_fp8,CLIP-D,patch_max,/media/CrispyMcMarkInc/fake-images-img2img/00015_sd3_fp8_seed138_s30_g3.5_str0.3.png,fake,0.7893524765968323,0.5228354930877686,1,fake,patch_max
sd3_fp16,CLIP-D,patch_max,/media/CrispyMcMarkInc/fake-images-img2img/00064_sd3_fp16_seed187_s30_g3.5_str0.3.png,fake,0.6159512400627136,0.5194985866546631,1,fake,patch_max
sd35_fp16,CLIP-D,patch_max,/media/CrispyMcMarkInc/fake-images-img2img/00097_sd35_fp16_seed220_s30_g3.5_str0.3.png,fake,0.995546579360962,0.5171339511871338,1,fake,patch_max
sd15_fp16,CLIP-D,patch_max,/media/CrispyMcMarkInc/fake-images-img2img/00031_sd15_fp16_seed154_s30_g3.5_str0.3.png,fake,0.7807705998420715,0.5210719108581543,1,fake,patch_max
sd15_fp16,CLIP-D,patch_max,/media/CrispyMcMarkInc/fake-images-img2img/00049_sd15_fp16_seed172_s30_g3.5_str0.3.png,fake,0.9837287068367004,0.5075786113739014,1,fake,patch_max
sd3_fp8,CLIP-D,patch_max,/media/CrispyMcMarkInc/fake-images-img2img/00026_sd3_fp8_seed149_s30_g3.5_str0.3.png,real,0.1864366978406906,0.4959897994995117,1,fake,patch_max
sd35_fp16,CLIP-D,patch_max,/media/CrispyMcMarkInc/fake-images-img2img/00021_sd35_fp16_seed144_s30_g3.5_str0.3.png,fake,0.6527289152145386,0.487898588180542,1,fake,patch_max
sd35_fp8,CLIP-D,patch_max,/media/CrispyMcMarkInc/fake-images-img2img/00077_sd35_fp8_seed200_s30_g3.5_str0.3.png,fake,0.9839195609092712,0.505763053894043,1,fake,patch_max
sd3_fp16,CLIP-D,patch_max,/media/CrispyMcMarkInc/fake-images-img2img/00002_sd3_fp16_seed125_s30_g3.5_str0.3.png,fake,0.9317938089370728,0.4991111755371094,1,fake,patch_max
sd15_fp8,CLIP-D,patch_max,/media/CrispyMcMarkInc/fake-images-img2img/00083_sd15_fp8_seed206_s30_g3.5_str0.3.png,fake,0.9816700220108032,0.5029079914093018,1,fake,patch_max
sd3_fp8,CLIP-D,patch_max,/media/CrispyMcMarkInc/fake-images-img2img/00038_sd3_fp8_seed161_s30_g3.5_str0.3.png,fake,0.94532310962677,0.5168037414550781,1,fake,patch_max
sd15_fp4,CLIP-D,patch_max,/media/CrispyMcMarkInc/fake-images-img2img/00098_sd15_fp4_seed221_s30_g3.5_str0.3.png,fake,0.943817973136902,0.5232093334197998,1,fake,patch_max
sd3_fp4,CLIP-D,patch_max,/media/CrispyMcMarkInc/fake-images-img2img/00051_sd3_fp4_seed174_s30_g3.5_str0.3.png,fake,0.9925773739814758,0.5179383754730225,1,fake,patch_max
sd35_fp8,CLIP-D,patch_max,/media/CrispyMcMarkInc/fake-images-img2img/00016_sd35_fp8_seed139_s30_g3.5_str0.3.png,fake,0.8250842690467834,0.5062541961669922,1,fake,patch_max
sd3_fp16,CLIP-D,patch_max,/media/CrispyMcMarkInc/fake-images-img2img/00038_sd3_fp16_seed161_s30_g3.5_str0.3.png,fake,0.9009726643562316,0.504446268081665,1,fake,patch_max
sd35_fp4,CLIP-D,patch_max,/media/CrispyMcMarkInc/fake-images-img2img/00004_sd35_fp4_seed127_s30_g3.5_str0.3.png,fake,0.8358424305915833,0.5260109901428223,1,fake,patch_max
sd3_fp4,CLIP-D,patch_max,/media/CrispyMcMarkInc/fake-images-img2img/00091_sd3_fp4_seed214_s30_g3.5_str0.3.png,fake,0.9840600490570068,0.5184626579284668,1,fake,patch_max
sd3_fp16,CLIP-D,patch_max,/media/CrispyMcMarkInc/fake-images-img2img/00033_sd3_fp16_seed156_s30_g3.5_str0.3.png,fake,0.991878628730774,0.5168192386627197,1,fake,patch_max
sd3_fp4,CLIP-D,patch_max,/media/CrispyMcMarkInc/fake-images-img2img/00056_sd3_fp4_seed179_s30_g3.5_str0.3.png,fake,0.9787646532058716,0.5151710510253906,1,fake,patch_max
sd35_fp16,CLIP-D,patch_max,/media/CrispyMcMarkInc/fake-images-img2img/00064_sd35_fp16_seed187_s30_g3.5_str0.3.png,fake,0.7225306034088135,0.5656459331512451,1,fake,patch_max
sd35_fp16,CLIP-D,patch_max,/media/CrispyMcMarkInc/fake-images-img2img/00049_sd35_fp16_seed172_s30_g3.5_str0.3.png,fake,0.9763057231903076,0.5499420166015625,1,fake,patch_max
sd15_fp8,CLIP-D,patch_max,/media/CrispyMcMarkInc/fake-images-img2img/00025_sd15_fp8_seed148_s30_g3.5_str0.3.png,fake,0.9608367085456848,0.5507106781005859,1,fake,patch_max
sd15_fp16,CLIP-D,patch_max,/media/CrispyMcMarkInc/fake-images-img2img/00008_sd15_fp16_seed131_s30_g3.5_str0.3.png,fake,0.7854682207107544,0.5460255146026611,1,fake,patch_max
sd15_fp4,CLIP-D,patch_max,/media/CrispyMcMarkInc/fake-images-img2img/00091_sd15_fp4_seed214_s30_g3.5_str0.3.png,fake,0.9777748584747314,0.5521795749664307,1,fake,patch_max
sd35_fp8,CLIP-D,patch_max,/media/CrispyMcMarkInc/fake-images-img2img/00080_sd35_fp8_seed203_s30_g3.5_str0.3.png,fake,0.994539439678192,0.5388214588165283,1,fake,patch_max
sd15_fp16,CLIP-D,patch_max,/media/CrispyMcMarkInc/fake-images-img2img/00059_sd15_fp16_seed182_s30_g3.5_str0.3.png,fake,0.7601659297943115,0.5097875595092773,1,fake,patch_max
sd35_fp4,CLIP-D,patch_max,/media/CrispyMcMarkInc/fake-images-img2img/00076_sd35_fp4_seed199_s30_g3.5_str0.3.png,fake,0.9143381118774414,0.5201437473297119,1,fake,patch_max
sd3_fp4,CLIP-D,patch_max,/media/CrispyMcMarkInc/fake-images-img2img/00028_sd3_fp4_seed151_s30_g3.5_str0.3.png,fake,0.9962847232818604,0.5261645317077637,1,fake,patch_max
sd3_fp16,CLIP-D,patch_max,/media/CrispyMcMarkInc/fake-images-img2img/00081_sd3_fp16_seed204_s30_g3.5_str0.3.png,real,0.1651097387075424,0.5100936889648438,1,fake,patch_max
sd35_fp4,CLIP-D,patch_max,/media/CrispyMcMarkInc/fake-images-img2img/00033_sd35_fp4_seed156_s30_g3.5_str0.3.png,fake,0.9964348077774048,0.5028748512268066,1,fake,patch_max
sd35_fp8,CLIP-D,patch_max,/media/CrispyMcMarkInc/fake-images-img2img/00038_sd35_fp8_seed161_s30_g3.5_str0.3.png,fake,0.9594163298606871,0.5087692737579346,1,fake,patch_max
sd15_fp16,CLIP-D,patch_max,/media/CrispyMcMarkInc/fake-images-img2img/00063_sd15_fp16_seed186_s30_g3.5_str0.3.png,fake,0.9033716320991516,0.5006067752838135,1,fake,patch_max
sd35_fp4,CLIP-D,patch_max,/media/CrispyMcMarkInc/fake-images-img2img/00036_sd35_fp4_seed159_s30_g3.5_str0.3.png,fake,0.9898518323898317,0.4934022426605224,1,fake,patch_max
sd35_fp16,CLIP-D,patch_max,/media/CrispyMcMarkInc/fake-images-img2img/00063_sd35_fp16_seed186_s30_g3.5_str0.3.png,fake,0.99534410238266,0.4757735729217529,1,fake,patch_max
sd35_fp16,CLIP-D,patch_max,/media/CrispyMcMarkInc/fake-images-img2img/00093_sd35_fp16_seed216_s30_g3.5_str0.3.png,fake,0.96753591299057,0.4845571517944336,1,fake,patch_max
sd3_fp4,CLIP-D,patch_max,/media/CrispyMcMarkInc/fake-images-img2img/00000_sd3_fp4_seed123_s30_g3.5_str0.3.png,fake,0.9663034677505492,0.4928369522094726,1,fake,patch_max
sd35_fp8,CLIP-D,patch_max,/media/CrispyMcMarkInc/fake-images-img2img/00094_sd35_fp8_seed217_s30_g3.5_str0.3.png,fake,0.9919750094413756,0.499835729598999,1,fake,patch_max
sd35_fp16,CLIP-D,patch_max,/media/CrispyMcMarkInc/fake-images-img2img/00094_sd35_fp16_seed217_s30_g3.5_str0.3.png,fake,0.9796329736709596,0.5206747055053711,1,fake,patch_max
sd3_fp8,CLIP-D,patch_max,/media/CrispyMcMarkInc/fake-images-img2img/00095_sd3_fp8_seed218_s30_g3.5_str0.3.png,fake,0.9776071310043336,0.5247478485107422,1,fake,patch_max
sd35_fp4,CLIP-D,patch_max,/media/CrispyMcMarkInc/fake-images-img2img/00051_sd35_fp4_seed174_s30_g3.5_str0.3.png,fake,0.982671558856964,0.5467824935913086,1,fake,patch_max
sd15_fp4,CLIP-D,patch_max,/media/CrispyMcMarkInc/fake-images-img2img/00047_sd15_fp4_seed170_s30_g3.5_str0.3.png,fake,0.9874609112739564,0.5106301307678223,1,fake,patch_max
sd15_fp16,CLIP-D,patch_max,/media/CrispyMcMarkInc/fake-images-img2img/00080_sd15_fp16_seed203_s30_g3.5_str0.3.png,fake,0.9861531257629396,0.4989337921142578,1,fake,patch_max
sd3_fp16,CLIP-D,patch_max,/media/CrispyMcMarkInc/fake-images-img2img/00046_sd3_fp16_seed169_s30_g3.5_str0.3.png,fake,0.8664199709892273,0.5195753574371338,1,fake,patch_max
sd15_fp8,CLIP-D,patch_max,/media/CrispyMcMarkInc/fake-images-img2img/00035_sd15_fp8_seed158_s30_g3.5_str0.3.png,fake,0.9698022603988647,0.5124831199645996,1,fake,patch_max
sd15_fp8,CLIP-D,patch_max,/media/CrispyMcMarkInc/fake-images-img2img/00043_sd15_fp8_seed166_s30_g3.5_str0.3.png,fake,0.9944583177566528,0.4957711696624756,1,fake,patch_max
sd3_fp4,CLIP-D,patch_max,/media/CrispyMcMarkInc/fake-images-img2img/00027_sd3_fp4_seed150_s30_g3.5_str0.3.png,fake,0.9480191469192504,0.488394021987915,1,fake,patch_max
sd15_fp4,CLIP-D,patch_max,/media/CrispyMcMarkInc/fake-images-img2img/00072_sd15_fp4_seed195_s30_g3.5_str0.3.png,fake,0.9974907636642456,0.4838109016418457,1,fake,patch_max
sd3_fp16,CLIP-D,patch_max,/media/CrispyMcMarkInc/fake-images-img2img/00032_sd3_fp16_seed155_s30_g3.5_str0.3.png,fake,0.957410216331482,0.4913761615753174,1,fake,patch_max
sd3_fp4,CLIP-D,patch_max,/media/CrispyMcMarkInc/fake-images-img2img/00048_sd3_fp4_seed171_s30_g3.5_str0.3.png,fake,0.9963171482086182,0.4883530139923095,1,fake,patch_max
sd3_fp8,CLIP-D,patch_max,/media/CrispyMcMarkInc/fake-images-img2img/00011_sd3_fp8_seed134_s30_g3.5_str0.3.png,fake,0.8942013382911682,0.5110366344451904,1,fake,patch_max
sd35_fp4,CLIP-D,patch_max,/media/CrispyMcMarkInc/fake-images-img2img/00085_sd35_fp4_seed208_s30_g3.5_str0.3.png,fake,0.9327350854873656,0.521202802658081,1,fake,patch_max
sd15_fp16,CLIP-D,patch_max,/media/CrispyMcMarkInc/fake-images-img2img/00046_sd15_fp16_seed169_s30_g3.5_str0.3.png,fake,0.7610845565795898,0.5072576999664307,1,fake,patch_max
sd3_fp4,CLIP-D,patch_max,/media/CrispyMcMarkInc/fake-images-img2img/00076_sd3_fp4_seed199_s30_g3.5_str0.3.png,fake,0.9520013928413392,0.5004792213439941,1,fake,patch_max
sd35_fp16,CLIP-D,patch_max,/media/CrispyMcMarkInc/fake-images-img2img/00053_sd35_fp16_seed176_s30_g3.5_str0.3.png,real,0.3907645344734192,0.5096766948699951,1,fake,patch_max
sd15_fp8,CLIP-D,patch_max,/media/CrispyMcMarkInc/fake-images-img2img/00087_sd15_fp8_seed210_s30_g3.5_str0.3.png,fake,0.9623523354530334,0.5338120460510254,1,fake,patch_max
sd3_fp4,CLIP-D,patch_max,/media/CrispyMcMarkInc/fake-images-img2img/00074_sd3_fp4_seed197_s30_g3.5_str0.3.png,fake,0.9795659184455872,0.5378322601318359,1,fake,patch_max
sd3_fp4,CLIP-D,patch_max,/media/CrispyMcMarkInc/fake-images-img2img/00083_sd3_fp4_seed206_s30_g3.5_str0.3.png,fake,0.99769127368927,0.5359351634979248,1,fake,patch_max
sd3_fp8,CLIP-D,patch_max,/media/CrispyMcMarkInc/fake-images-img2img/00081_sd3_fp8_seed204_s30_g3.5_str0.3.png,real,0.2554283440113067,0.5305583477020264,1,fake,patch_max
sd15_fp16,CLIP-D,patch_max,/media/CrispyMcMarkInc/fake-images-img2img/00073_sd15_fp16_seed196_s30_g3.5_str0.3.png,fake,0.8937771320343018,0.5007643699645996,1,fake,patch_max
sd3_fp4,CLIP-D,patch_max,/media/CrispyMcMarkInc/fake-images-img2img/00065_sd3_fp4_seed188_s30_g3.5_str0.3.png,fake,0.9971261620521544,0.4987883567810058,1,fake,patch_max
sd15_fp16,CLIP-D,patch_max,/media/CrispyMcMarkInc/fake-images-img2img/00055_sd15_fp16_seed178_s30_g3.5_str0.3.png,fake,0.9404543042182922,0.5090742111206055,1,fake,patch_max
sd35_fp4,CLIP-D,patch_max,/media/CrispyMcMarkInc/fake-images-img2img/00039_sd35_fp4_seed162_s30_g3.5_str0.3.png,fake,0.9331153631210328,0.5094559192657471,1,fake,patch_max
sd35_fp8,CLIP-D,patch_max,/media/CrispyMcMarkInc/fake-images-img2img/00072_sd35_fp8_seed195_s30_g3.5_str0.3.png,fake,0.9978783130645752,0.5383753776550293,1,fake,patch_max
sd3_fp4,CLIP-D,patch_max,/media/CrispyMcMarkInc/fake-images-img2img/00044_sd3_fp4_seed167_s30_g3.5_str0.3.png,fake,0.9762111902236938,0.4980213642120361,1,fake,patch_max
sd3_fp8,CLIP-D,patch_max,/media/CrispyMcMarkInc/fake-images-img2img/00019_sd3_fp8_seed142_s30_g3.5_str0.3.png,fake,0.8825398087501526,0.5071442127227783,1,fake,patch_max
sd35_fp4,CLIP-D,patch_max,/media/CrispyMcMarkInc/fake-images-img2img/00093_sd35_fp4_seed216_s30_g3.5_str0.3.png,fake,0.9694105386734008,0.5241551399230957,1,fake,patch_max
sd15_fp4,CLIP-D,patch_max,/media/CrispyMcMarkInc/fake-images-img2img/00053_sd15_fp4_seed176_s30_g3.5_str0.3.png,fake,0.8670088648796082,0.5262143611907959,1,fake,patch_max
sd35_fp4,CLIP-D,patch_max,/media/CrispyMcMarkInc/fake-images-img2img/00005_sd35_fp4_seed128_s30_g3.5_str0.3.png,fake,0.9345903396606444,0.5616617202758789,1,fake,patch_max
sd15_fp16,CLIP-D,patch_max,/media/CrispyMcMarkInc/fake-images-img2img/00054_sd15_fp16_seed177_s30_g3.5_str0.3.png,fake,0.8956001400947571,0.6554346084594727,1,fake,patch_max
sd15_fp8,CLIP-D,patch_max,/media/CrispyMcMarkInc/fake-images-img2img/00098_sd15_fp8_seed221_s30_g3.5_str0.3.png,fake,0.8761206269264221,0.6441922187805176,1,fake,patch_max
sd15_fp4,CLIP-D,patch_max,/media/CrispyMcMarkInc/fake-images-img2img/00036_sd15_fp4_seed159_s30_g3.5_str0.3.png,fake,0.9968974590301514,0.5821468830108643,1,fake,patch_max
sd15_fp4,CLIP-D,patch_max,/media/CrispyMcMarkInc/fake-images-img2img/00060_sd15_fp4_seed183_s30_g3.5_str0.3.png,fake,0.93582946062088,0.4974939823150635,1,fake,patch_max
sd35_fp8,CLIP-D,patch_max,/media/CrispyMcMarkInc/fake-images-img2img/00049_sd35_fp8_seed172_s30_g3.5_str0.3.png,fake,0.9882414937019348,0.5009145736694336,1,fake,patch_max
sd3_fp8,CLIP-D,patch_max,/media/CrispyMcMarkInc/fake-images-img2img/00084_sd3_fp8_seed207_s30_g3.5_str0.3.png,fake,0.6093745231628418,0.4964056015014648,1,fake,patch_max
sd15_fp4,CLIP-D,patch_max,/media/CrispyMcMarkInc/fake-images-img2img/00068_sd15_fp4_seed191_s30_g3.5_str0.3.png,fake,0.922505497932434,0.5127453804016113,1,fake,patch_max
sd35_fp4,CLIP-D,patch_max,/media/CrispyMcMarkInc/fake-images-img2img/00037_sd35_fp4_seed160_s30_g3.5_str0.3.png,fake,0.9624457955360411,0.5029206275939941,1,fake,patch_max
sd15_fp16,CLIP-D,patch_max,/media/CrispyMcMarkInc/fake-images-img2img/00064_sd15_fp16_seed187_s30_g3.5_str0.3.png,fake,0.8169311285018921,0.4838848114013672,1,fake,patch_max
sd3_fp4,CLIP-D,patch_max,/media/CrispyMcMarkInc/fake-images-img2img/00038_sd3_fp4_seed161_s30_g3.5_str0.3.png,fake,0.987838625907898,0.4843614101409912,1,fake,patch_max
sd15_fp8,CLIP-D,patch_max,/media/CrispyMcMarkInc/fake-images-img2img/00022_sd15_fp8_seed145_s30_g3.5_str0.3.png,fake,0.6478147506713867,0.5080642700195312,1,fake,patch_max
sd35_fp16,CLIP-D,patch_max,/media/CrispyMcMarkInc/fake-images-img2img/00034_sd35_fp16_seed157_s30_g3.5_str0.3.png,fake,0.9053588509559632,0.4829771518707275,1,fake,patch_max
sd35_fp16,CLIP-D,patch_max,/media/CrispyMcMarkInc/fake-images-img2img/00075_sd35_fp16_seed198_s30_g3.5_str0.3.png,fake,0.9795240759849548,0.4797108173370361,1,fake,patch_max
sd3_fp16,CLIP-D,patch_max,/media/CrispyMcMarkInc/fake-images-img2img/00026_sd3_fp16_seed149_s30_g3.5_str0.3.png,real,0.1377387642860412,0.4935998916625976,1,fake,patch_max
sd15_fp4,CLIP-D,patch_max,/media/CrispyMcMarkInc/fake-images-img2img/00016_sd15_fp4_seed139_s30_g3.5_str0.3.png,fake,0.9017817378044128,0.4855115413665771,1,fake,patch_max
sd3_fp4,CLIP-D,patch_max,/media/CrispyMcMarkInc/fake-images-img2img/00040_sd3_fp4_seed163_s30_g3.5_str0.3.png,fake,0.9946675300598145,0.4764468669891357,1,fake,patch_max
sd35_fp16,CLIP-D,patch_max,/media/CrispyMcMarkInc/fake-images-img2img/00058_sd35_fp16_seed181_s30_g3.5_str0.3.png,fake,0.929638922214508,0.4773118495941162,1,fake,patch_max
sd3_fp16,CLIP-D,patch_max,/media/CrispyMcMarkInc/fake-images-img2img/00082_sd3_fp16_seed205_s30_g3.5_str0.3.png,fake,0.9096367955207824,0.4816968441009521,1,fake,patch_max
sd35_fp8,CLIP-D,patch_max,/media/CrispyMcMarkInc/fake-images-img2img/00029_sd35_fp8_seed152_s30_g3.5_str0.3.png,fake,0.9964455962181092,0.4847381114959717,1,fake,patch_max
sd15_fp4,CLIP-D,patch_max,/media/CrispyMcMarkInc/fake-images-img2img/00054_sd15_fp4_seed177_s30_g3.5_str0.3.png,fake,0.903851330280304,0.4880397319793701,1,fake,patch_max
sd35_fp4,CLIP-D,patch_max,/media/CrispyMcMarkInc/fake-images-img2img/00021_sd35_fp4_seed144_s30_g3.5_str0.3.png,fake,0.9340551495552064,0.5022561550140381,1,fake,patch_max
sd35_fp16,CLIP-D,patch_max,/media/CrispyMcMarkInc/fake-images-img2img/00095_sd35_fp16_seed218_s30_g3.5_str0.3.png,fake,0.9742829203605652,0.4994399547576904,1,fake,patch_max
sd3_fp16,CLIP-D,patch_max,/media/CrispyMcMarkInc/fake-images-img2img/00052_sd3_fp16_seed175_s30_g3.5_str0.3.png,fake,0.8423222303390503,0.4889435768127441,1,fake,patch_max
sd35_fp4,CLIP-D,patch_max,/media/CrispyMcMarkInc/fake-images-img2img/00028_sd35_fp4_seed151_s30_g3.5_str0.3.png,fake,0.9944748282432556,0.4961261749267578,1,fake,patch_max
sd15_fp8,CLIP-D,patch_max,/media/CrispyMcMarkInc/fake-images-img2img/00058_sd15_fp8_seed181_s30_g3.5_str0.3.png,fake,0.9519805312156676,0.4911785125732422,1,fake,patch_max
sd15_fp4,CLIP-D,patch_max,/media/CrispyMcMarkInc/fake-images-img2img/00013_sd15_fp4_seed136_s30_g3.5_str0.3.png,fake,0.8947228193283081,0.5300049781799316,1,fake,patch_max
sd35_fp4,CLIP-D,patch_max,/media/CrispyMcMarkInc/fake-images-img2img/00031_sd35_fp4_seed154_s30_g3.5_str0.3.png,fake,0.9489523768424988,0.5265963077545166,1,fake,patch_max
sd15_fp16,CLIP-D,patch_max,/media/CrispyMcMarkInc/fake-images-img2img/00048_sd15_fp16_seed171_s30_g3.5_str0.3.png,fake,0.9879557490348816,0.6375153064727783,1,fake,patch_max
sd3_fp16,CLIP-D,patch_max,/media/CrispyMcMarkInc/fake-images-img2img/00021_sd3_fp16_seed144_s30_g3.5_str0.3.png,fake,0.7020835280418396,0.5869379043579102,1,fake,patch_max
sd3_fp8,CLIP-D,patch_max,/media/CrispyMcMarkInc/fake-images-img2img/00012_sd3_fp8_seed135_s30_g3.5_str0.3.png,fake,0.8708788156509399,0.5311875343322754,1,fake,patch_max
sd15_fp16,CLIP-D,patch_max,/media/CrispyMcMarkInc/fake-images-img2img/00062_sd15_fp16_seed185_s30_g3.5_str0.3.png,fake,0.9601770639419556,0.5290863513946533,1,fake,patch_max
sd3_fp4,CLIP-D,patch_max,/media/CrispyMcMarkInc/fake-images-img2img/00005_sd3_fp4_seed128_s30_g3.5_str0.3.png,fake,0.9607287645339966,0.5869991779327393,1,fake,patch_max
sd35_fp16,CLIP-D,patch_max,/media/CrispyMcMarkInc/fake-images-img2img/00062_sd35_fp16_seed185_s30_g3.5_str0.3.png,fake,0.9817458391189576,0.6278359889984131,1,fake,patch_max
sd35_fp4,CLIP-D,patch_max,/media/CrispyMcMarkInc/fake-images-img2img/00066_sd35_fp4_seed189_s30_g3.5_str0.3.png,fake,0.8223792314529419,0.5023643970489502,1,fake,patch_max
sd15_fp8,CLIP-D,patch_max,/media/CrispyMcMarkInc/fake-images-img2img/00085_sd15_fp8_seed208_s30_g3.5_str0.3.png,fake,0.8620415925979614,0.4820890426635742,1,fake,patch_max
sd15_fp4,CLIP-D,patch_max,/media/CrispyMcMarkInc/fake-images-img2img/00074_sd15_fp4_seed197_s30_g3.5_str0.3.png,fake,0.989920735359192,0.5071258544921875,1,fake,patch_max
sd15_fp4,CLIP-D,patch_max,/media/CrispyMcMarkInc/fake-images-img2img/00023_sd15_fp4_seed146_s30_g3.5_str0.3.png,fake,0.8621100783348083,0.4876368045806885,1,fake,patch_max
sd35_fp4,CLIP-D,patch_max,/media/CrispyMcMarkInc/fake-images-img2img/00077_sd35_fp4_seed200_s30_g3.5_str0.3.png,fake,0.989177405834198,0.4872972965240478,1,fake,patch_max
sd35_fp4,CLIP-D,patch_max,/media/CrispyMcMarkInc/fake-images-img2img/00096_sd35_fp4_seed219_s30_g3.5_str0.3.png,fake,0.8383733034133911,0.4925305843353271,1,fake,patch_max
sd15_fp4,CLIP-D,patch_max,/media/CrispyMcMarkInc/fake-images-img2img/00096_sd15_fp4_seed219_s30_g3.5_str0.3.png,fake,0.8629773855209351,0.4852948188781738,1,fake,patch_max
sd35_fp4,CLIP-D,patch_max,/media/CrispyMcMarkInc/fake-images-img2img/00025_sd35_fp4_seed148_s30_g3.5_str0.3.png,fake,0.795288622379303,0.488452672958374,1,fake,patch_max
sd15_fp8,CLIP-D,patch_max,/media/CrispyMcMarkInc/fake-images-img2img/00069_sd15_fp8_seed192_s30_g3.5_str0.3.png,fake,0.934260368347168,0.4785332679748535,1,fake,patch_max
sd35_fp8,CLIP-D,patch_max,/media/CrispyMcMarkInc/fake-images-img2img/00025_sd35_fp8_seed148_s30_g3.5_str0.3.png,fake,0.7667558193206787,0.482532262802124,1,fake,patch_max
sd3_fp8,CLIP-D,patch_max,/media/CrispyMcMarkInc/fake-images-img2img/00098_sd3_fp8_seed221_s30_g3.5_str0.3.png,fake,0.8323442935943604,0.4817318916320801,1,fake,patch_max
sd3_fp8,CLIP-D,patch_max,/media/CrispyMcMarkInc/fake-images-img2img/00064_sd3_fp8_seed187_s30_g3.5_str0.3.png,fake,0.6746389865875244,0.4809091091156006,1,fake,patch_max
sd3_fp4,CLIP-D,patch_max,/media/CrispyMcMarkInc/fake-images-img2img/00036_sd3_fp4_seed159_s30_g3.5_str0.3.png,fake,0.9878159165382384,0.4768931865692138,1,fake,patch_max
sd15_fp16,CLIP-D,patch_max,/media/CrispyMcMarkInc/fake-images-img2img/00060_sd15_fp16_seed183_s30_g3.5_str0.3.png,fake,0.9154422283172609,0.4848237037658691,1,fake,patch_max
sd3_fp8,CLIP-D,patch_max,/media/CrispyMcMarkInc/fake-images-img2img/00003_sd3_fp8_seed126_s30_g3.5_str0.3.png,fake,0.9934070110321044,0.5064787864685059,1,fake,patch_max
sd3_fp16,CLIP-D,patch_max,/media/CrispyMcMarkInc/fake-images-img2img/00043_sd3_fp16_seed166_s30_g3.5_str0.3.png,fake,0.9823729991912842,0.4775238037109375,1,fake,patch_max
sd35_fp8,CLIP-D,patch_max,/media/CrispyMcMarkInc/fake-images-img2img/00030_sd35_fp8_seed153_s30_g3.5_str0.3.png,fake,0.9912987351417542,0.4803781509399414,1,fake,patch_max
sd15_fp8,CLIP-D,patch_max,/media/CrispyMcMarkInc/fake-images-img2img/00045_sd15_fp8_seed168_s30_g3.5_str0.3.png,fake,0.9018514156341552,0.5082314014434814,1,fake,patch_max
sd15_fp4,CLIP-D,patch_max,/media/CrispyMcMarkInc/fake-images-img2img/00046_sd15_fp4_seed169_s30_g3.5_str0.3.png,fake,0.8069800734519958,0.5290179252624512,1,fake,patch_max
sd35_fp4,CLIP-D,patch_max,/media/CrispyMcMarkInc/fake-images-img2img/00056_sd35_fp4_seed179_s30_g3.5_str0.3.png,fake,0.9763849973678588,0.639009952545166,1,fake,patch_max
sd35_fp16,CLIP-D,patch_max,/media/CrispyMcMarkInc/fake-images-img2img/00091_sd35_fp16_seed214_s30_g3.5_str0.3.png,fake,0.9902253746986388,0.6460220813751221,1,fake,patch_max
sd15_fp16,CLIP-D,patch_max,/media/CrispyMcMarkInc/fake-images-img2img/00040_sd15_fp16_seed163_s30_g3.5_str0.3.png,fake,0.9832799434661864,0.6307845115661621,1,fake,patch_max
sd35_fp16,CLIP-D,patch_max,/media/CrispyMcMarkInc/fake-images-img2img/00071_sd35_fp16_seed194_s30_g3.5_str0.3.png,fake,0.9093713760375975,0.552790641784668,1,fake,patch_max
sd3_fp16,CLIP-D,patch_max,/media/CrispyMcMarkInc/fake-images-img2img/00048_sd3_fp16_seed171_s30_g3.5_str0.3.png,fake,0.9944025874137878,0.4984223842620849,1,fake,patch_max
sd35_fp8,CLIP-D,patch_max,/media/CrispyMcMarkInc/fake-images-img2img/00044_sd35_fp8_seed167_s30_g3.5_str0.3.png,fake,0.9412490129470824,0.4941356182098388,1,fake,patch_max
sd3_fp4,CLIP-D,patch_max,/media/CrispyMcMarkInc/fake-images-img2img/00016_sd3_fp4_seed139_s30_g3.5_str0.3.png,fake,0.9400354027748108,0.5021405220031738,1,fake,patch_max
sd35_fp4,CLIP-D,patch_max,/media/CrispyMcMarkInc/fake-images-img2img/00048_sd35_fp4_seed171_s30_g3.5_str0.3.png,fake,0.9876076579093932,0.5019216537475586,1,fake,patch_max
sd35_fp16,CLIP-D,patch_max,/media/CrispyMcMarkInc/fake-images-img2img/00096_sd35_fp16_seed219_s30_g3.5_str0.3.png,fake,0.8633348941802979,0.522841215133667,1,fake,patch_max
sd35_fp16,CLIP-D,patch_max,/media/CrispyMcMarkInc/fake-images-img2img/00060_sd35_fp16_seed183_s30_g3.5_str0.3.png,fake,0.9488293528556824,0.4948158264160156,1,fake,patch_max
sd35_fp8,CLIP-D,patch_max,/media/CrispyMcMarkInc/fake-images-img2img/00045_sd35_fp8_seed168_s30_g3.5_str0.3.png,fake,0.5019054412841797,0.499340295791626,1,fake,patch_max
sd35_fp4,CLIP-D,patch_max,/media/CrispyMcMarkInc/fake-images-img2img/00023_sd35_fp4_seed146_s30_g3.5_str0.3.png,fake,0.7864319086074829,0.5171303749084473,1,fake,patch_max
sd35_fp16,CLIP-D,patch_max,/media/CrispyMcMarkInc/fake-images-img2img/00077_sd35_fp16_seed200_s30_g3.5_str0.3.png,fake,0.9839761257171632,0.479335069656372,1,fake,patch_max
sd3_fp16,CLIP-D,patch_max,/media/CrispyMcMarkInc/fake-images-img2img/00034_sd3_fp16_seed157_s30_g3.5_str0.3.png,fake,0.83228600025177,0.4841485023498535,1,fake,patch_max
sd35_fp16,CLIP-D,patch_max,/media/CrispyMcMarkInc/fake-images-img2img/00084_sd35_fp16_seed207_s30_g3.5_str0.3.png,fake,0.8215688467025757,0.4825241565704345,1,fake,patch_max
sd35_fp16,CLIP-D,patch_max,/media/CrispyMcMarkInc/fake-images-img2img/00003_sd35_fp16_seed126_s30_g3.5_str0.3.png,fake,0.9931407570838928,0.4821021556854248,1,fake,patch_max
sd3_fp16,CLIP-D,patch_max,/media/CrispyMcMarkInc/fake-images-img2img/00056_sd3_fp16_seed179_s30_g3.5_str0.3.png,fake,0.9163944721221924,0.4835214614868164,1,fake,patch_max
sd3_fp8,CLIP-D,patch_max,/media/CrispyMcMarkInc/fake-images-img2img/00082_sd3_fp8_seed205_s30_g3.5_str0.3.png,fake,0.949442446231842,0.4750525951385498,1,fake,patch_max
sd3_fp16,CLIP-D,patch_max,/media/CrispyMcMarkInc/fake-images-img2img/00085_sd3_fp16_seed208_s30_g3.5_str0.3.png,fake,0.949477195739746,0.4770169258117676,1,fake,patch_max
sd3_fp16,CLIP-D,patch_max,/media/CrispyMcMarkInc/fake-images-img2img/00019_sd3_fp16_seed142_s30_g3.5_str0.3.png,fake,0.8278769254684448,0.4777522087097168,1,fake,patch_max
sd15_fp8,CLIP-D,patch_max,/media/CrispyMcMarkInc/fake-images-img2img/00000_sd15_fp8_seed123_s30_g3.5_str0.3.png,fake,0.9087241291999816,0.4839341640472412,1,fake,patch_max
sd3_fp8,CLIP-D,patch_max,/media/CrispyMcMarkInc/fake-images-img2img/00047_sd3_fp8_seed170_s30_g3.5_str0.3.png,fake,0.998507559299469,0.4957971572875976,1,fake,patch_max
sd15_fp4,CLIP-D,patch_max,/media/CrispyMcMarkInc/fake-images-img2img/00080_sd15_fp4_seed203_s30_g3.5_str0.3.png,fake,0.9937180280685424,0.5071725845336914,1,fake,patch_max
sd3_fp8,CLIP-D,patch_max,/media/CrispyMcMarkInc/fake-images-img2img/00039_sd3_fp8_seed162_s30_g3.5_str0.3.png,fake,0.9031164646148682,0.5024211406707764,1,fake,patch_max
sd15_fp16,CLIP-D,patch_max,/media/CrispyMcMarkInc/fake-images-img2img/00028_sd15_fp16_seed151_s30_g3.5_str0.3.png,fake,0.9669007062911988,0.4981255531311035,1,fake,patch_max
sd3_fp16,CLIP-D,patch_max,/media/CrispyMcMarkInc/fake-images-img2img/00036_sd3_fp16_seed159_s30_g3.5_str0.3.png,fake,0.9611454010009766,0.5090255737304688,1,fake,patch_max
sd15_fp8,CLIP-D,patch_max,/media/CrispyMcMarkInc/fake-images-img2img/00014_sd15_fp8_seed137_s30_g3.5_str0.3.png,fake,0.8487141132354736,0.5018916130065918,1,fake,patch_max
sd35_fp16,CLIP-D,patch_max,/media/CrispyMcMarkInc/fake-images-img2img/00031_sd35_fp16_seed154_s30_g3.5_str0.3.png,fake,0.9416451454162598,0.4934670925140381,1,fake,patch_max
sd35_fp16,CLIP-D,patch_max,/media/CrispyMcMarkInc/fake-images-img2img/00048_sd35_fp16_seed171_s30_g3.5_str0.3.png,fake,0.9961485862731934,0.4999654293060303,1,fake,patch_max
sd15_fp8,CLIP-D,patch_max,/media/CrispyMcMarkInc/fake-images-img2img/00007_sd15_fp8_seed130_s30_g3.5_str0.3.png,fake,0.977119505405426,0.5062954425811768,1,fake,patch_max
sd35_fp4,CLIP-D,patch_max,/media/CrispyMcMarkInc/fake-images-img2img/00098_sd35_fp4_seed221_s30_g3.5_str0.3.png,fake,0.9085560441017152,0.5054950714111328,1,fake,patch_max
sd35_fp16,CLIP-D,patch_max,/media/CrispyMcMarkInc/fake-images-img2img/00065_sd35_fp16_seed188_s30_g3.5_str0.3.png,fake,0.9609376192092896,0.500896692276001,1,fake,patch_max
sd3_fp8,CLIP-D,patch_max,/media/CrispyMcMarkInc/fake-images-img2img/00054_sd3_fp8_seed177_s30_g3.5_str0.3.png,fake,0.8948736190795898,0.4985988140106201,1,fake,patch_max
sd3_fp16,CLIP-D,patch_max,/media/CrispyMcMarkInc/fake-images-img2img/00077_sd3_fp16_seed200_s30_g3.5_str0.3.png,fake,0.9839022755622864,0.4932231903076172,1,fake,patch_max
sd3_fp8,CLIP-D,patch_max,/media/CrispyMcMarkInc/fake-images-img2img/00076_sd3_fp8_seed199_s30_g3.5_str0.3.png,fake,0.788774847984314,0.4915084838867187,1,fake,patch_max
sd35_fp16,CLIP-D,patch_max,/media/CrispyMcMarkInc/fake-images-img2img/00004_sd35_fp16_seed127_s30_g3.5_str0.3.png,real,0.4595511555671692,0.5000710487365723,1,fake,patch_max
sd35_fp8,CLIP-D,patch_max,/media/CrispyMcMarkInc/fake-images-img2img/00018_sd35_fp8_seed141_s30_g3.5_str0.3.png,fake,0.8695477247238159,0.4957127571105957,1,fake,patch_max
sd3_fp8,CLIP-D,patch_max,/media/CrispyMcMarkInc/fake-images-img2img/00020_sd3_fp8_seed143_s30_g3.5_str0.3.png,fake,0.5284120440483093,0.4890925884246826,1,fake,patch_max
sd3_fp4,CLIP-D,patch_max,/media/CrispyMcMarkInc/fake-images-img2img/00007_sd3_fp4_seed130_s30_g3.5_str0.3.png,fake,0.9397609829902648,0.4846274852752685,1,fake,patch_max
sd35_fp16,CLIP-D,patch_max,/media/CrispyMcMarkInc/fake-images-img2img/00080_sd35_fp16_seed203_s30_g3.5_str0.3.png,fake,0.988139510154724,0.4856259822845459,1,fake,patch_max
sd3_fp4,CLIP-D,patch_max,/media/CrispyMcMarkInc/fake-images-img2img/00011_sd3_fp4_seed134_s30_g3.5_str0.3.png,fake,0.9691196084022522,0.4944336414337158,1,fake,patch_max
sd35_fp4,CLIP-D,patch_max,/media/CrispyMcMarkInc/fake-images-img2img/00080_sd35_fp4_seed203_s30_g3.5_str0.3.png,fake,0.9985560774803162,0.5313069820404053,1,fake,patch_max
sd15_fp8,CLIP-D,patch_max,/media/CrispyMcMarkInc/fake-images-img2img/00093_sd15_fp8_seed216_s30_g3.5_str0.3.png,fake,0.9603887796401978,0.5325524806976318,1,fake,patch_max
sd35_fp16,CLIP-D,patch_max,/media/CrispyMcMarkInc/fake-images-img2img/00022_sd35_fp16_seed145_s30_g3.5_str0.3.png,fake,0.5621353983879089,0.5357785224914551,1,fake,patch_max
sd15_fp4,CLIP-D,patch_max,/media/CrispyMcMarkInc/fake-images-img2img/00081_sd15_fp4_seed204_s30_g3.5_str0.3.png,fake,0.968081831932068,0.6510918140411377,1,fake,patch_max
sd15_fp16,CLIP-D,patch_max,/media/CrispyMcMarkInc/fake-images-img2img/00029_sd15_fp16_seed152_s30_g3.5_str0.3.png,fake,0.9782816767692566,0.5351300239562988,1,fake,patch_max
sd15_fp16,CLIP-D,patch_max,/media/CrispyMcMarkInc/fake-images-img2img/00094_sd15_fp16_seed217_s30_g3.5_str0.3.png,fake,0.9893468022346495,0.6330163478851318,1,fake,patch_max
sd15_fp8,CLIP-D,patch_max,/media/CrispyMcMarkInc/fake-images-img2img/00016_sd15_fp8_seed139_s30_g3.5_str0.3.png,fake,0.8714218139648438,0.522089958190918,1,fake,patch_max
sd35_fp8,CLIP-D,patch_max,/media/CrispyMcMarkInc/fake-images-img2img/00058_sd35_fp8_seed181_s30_g3.5_str0.3.png,fake,0.9830218553543092,0.48895263671875,1,fake,patch_max
sd3_fp4,CLIP-D,patch_max,/media/CrispyMcMarkInc/fake-images-img2img/00079_sd3_fp4_seed202_s30_g3.5_str0.3.png,fake,0.9879071116447448,0.5072240829467773,1,fake,patch_max
sd35_fp8,CLIP-D,patch_max,/media/CrispyMcMarkInc/fake-images-img2img/00078_sd35_fp8_seed201_s30_g3.5_str0.3.png,fake,0.9981234669685364,0.4919650554656982,1,fake,patch_max
sd35_fp16,CLIP-D,patch_max,/media/CrispyMcMarkInc/fake-images-img2img/00033_sd35_fp16_seed156_s30_g3.5_str0.3.png,fake,0.991888463497162,0.510218620300293,1,fake,patch_max
sd3_fp4,CLIP-D,patch_max,/media/CrispyMcMarkInc/fake-images-img2img/00042_sd3_fp4_seed165_s30_g3.5_str0.3.png,fake,0.90896075963974,0.4955098628997803,1,fake,patch_max
sd3_fp4,CLIP-D,patch_max,/media/CrispyMcMarkInc/fake-images-img2img/00006_sd3_fp4_seed129_s30_g3.5_str0.3.png,fake,0.8147691488265991,0.4866285324096679,1,fake,patch_max
sd35_fp4,CLIP-D,patch_max,/media/CrispyMcMarkInc/fake-images-img2img/00078_sd35_fp4_seed201_s30_g3.5_str0.3.png,fake,0.9968210458755492,0.4856874942779541,1,fake,patch_max
sd15_fp16,CLIP-D,patch_max,/media/CrispyMcMarkInc/fake-images-img2img/00001_sd15_fp16_seed124_s30_g3.5_str0.3.png,fake,0.9771645665168762,0.5100743770599365,1,fake,patch_max
sd3_fp8,CLIP-D,patch_max,/media/CrispyMcMarkInc/fake-images-img2img/00071_sd3_fp8_seed194_s30_g3.5_str0.3.png,fake,0.9043496251106262,0.4835891723632812,1,fake,patch_max
sd3_fp8,CLIP-D,patch_max,/media/CrispyMcMarkInc/fake-images-img2img/00023_sd3_fp8_seed146_s30_g3.5_str0.3.png,fake,0.9331322312355042,0.4891159534454345,1,fake,patch_max
sd15_fp4,CLIP-D,patch_max,/media/CrispyMcMarkInc/fake-images-img2img/00078_sd15_fp4_seed201_s30_g3.5_str0.3.png,fake,0.9826205372810364,0.4886610507965088,1,fake,patch_max
sd3_fp4,CLIP-D,patch_max,/media/CrispyMcMarkInc/fake-images-img2img/00041_sd3_fp4_seed164_s30_g3.5_str0.3.png,fake,0.9467253088951112,0.4767162799835205,1,fake,patch_max
sd35_fp4,CLIP-D,patch_max,/media/CrispyMcMarkInc/fake-images-img2img/00094_sd35_fp4_seed217_s30_g3.5_str0.3.png,fake,0.9962183833122252,0.478114366531372,1,fake,patch_max
sd3_fp8,CLIP-D,patch_max,/media/CrispyMcMarkInc/fake-images-img2img/00087_sd3_fp8_seed210_s30_g3.5_str0.3.png,fake,0.9926740527153016,0.4770894050598144,1,fake,patch_max
sd3_fp4,CLIP-D,patch_max,/media/CrispyMcMarkInc/fake-images-img2img/00097_sd3_fp4_seed220_s30_g3.5_str0.3.png,fake,0.99679297208786,0.4816110134124756,1,fake,patch_max
sd3_fp8,CLIP-D,patch_max,/media/CrispyMcMarkInc/fake-images-img2img/00049_sd3_fp8_seed172_s30_g3.5_str0.3.png,fake,0.9919480681419371,0.4778077602386474,1,fake,patch_max
sd15_fp16,CLIP-D,patch_max,/media/CrispyMcMarkInc/fake-images-img2img/00061_sd15_fp16_seed184_s30_g3.5_str0.3.png,fake,0.9532554745674132,0.4821009635925293,1,fake,patch_max
sd3_fp4,CLIP-D,patch_max,/media/CrispyMcMarkInc/fake-images-img2img/00052_sd3_fp4_seed175_s30_g3.5_str0.3.png,fake,0.953337013721466,0.4844286441802978,1,fake,patch_max
sd15_fp4,CLIP-D,patch_max,/media/CrispyMcMarkInc/fake-images-img2img/00019_sd15_fp4_seed142_s30_g3.5_str0.3.png,fake,0.8782680630683899,0.4871766567230224,1,fake,patch_max
sd3_fp4,CLIP-D,patch_max,/media/CrispyMcMarkInc/fake-images-img2img/00047_sd3_fp4_seed170_s30_g3.5_str0.3.png,fake,0.9982289671897888,0.499347448348999,1,fake,patch_max
sd35_fp8,CLIP-D,patch_max,/media/CrispyMcMarkInc/fake-images-img2img/00064_sd35_fp8_seed187_s30_g3.5_str0.3.png,fake,0.6301827430725098,0.5028040409088135,1,fake,patch_max
sd3_fp8,CLIP-D,patch_max,/media/CrispyMcMarkInc/fake-images-img2img/00000_sd3_fp8_seed123_s30_g3.5_str0.3.png,fake,0.9755810499191284,0.4994056224822998,1,fake,patch_max
sd15_fp4,CLIP-D,patch_max,/media/CrispyMcMarkInc/fake-images-img2img/00049_sd15_fp4_seed172_s30_g3.5_str0.3.png,fake,0.9829665422439576,0.4993090629577636,1,fake,patch_max
sd15_fp4,CLIP-D,patch_max,/media/CrispyMcMarkInc/fake-images-img2img/00009_sd15_fp4_seed132_s30_g3.5_str0.3.png,fake,0.7979148626327515,0.4840805530548095,1,fake,patch_max
sd15_fp16,CLIP-D,patch_max,/media/CrispyMcMarkInc/fake-images-img2img/00050_sd15_fp16_seed173_s30_g3.5_str0.3.png,fake,0.9088396430015564,0.4719216823577881,1,fake,patch_max
sd35_fp16,CLIP-D,patch_max,/media/CrispyMcMarkInc/fake-images-img2img/00059_sd35_fp16_seed182_s30_g3.5_str0.3.png,fake,0.5328126549720764,0.4827001094818115,1,fake,patch_max
sd3_fp4,CLIP-D,patch_max,/media/CrispyMcMarkInc/fake-images-img2img/00017_sd3_fp4_seed140_s30_g3.5_str0.3.png,fake,0.9947105646133424,0.4802608489990234,1,fake,patch_max
sd15_fp16,CLIP-D,patch_max,/media/CrispyMcMarkInc/fake-images-img2img/00037_sd15_fp16_seed160_s30_g3.5_str0.3.png,fake,0.975843906402588,0.5189483165740967,1,fake,patch_max
sd35_fp8,CLIP-D,patch_max,/media/CrispyMcMarkInc/fake-images-img2img/00037_sd35_fp8_seed160_s30_g3.5_str0.3.png,fake,0.9038257002830504,0.6428439617156982,1,fake,patch_max
sd15_fp4,CLIP-D,patch_max,/media/CrispyMcMarkInc/fake-images-img2img/00089_sd15_fp4_seed212_s30_g3.5_str0.3.png,fake,0.8688384294509888,0.6521542072296143,1,fake,patch_max
sd35_fp16,CLIP-D,patch_max,/media/CrispyMcMarkInc/fake-images-img2img/00056_sd35_fp16_seed179_s30_g3.5_str0.3.png,fake,0.9572383761405944,0.5162875652313232,1,fake,patch_max
sd3_fp8,CLIP-D,patch_max,/media/CrispyMcMarkInc/fake-images-img2img/00091_sd3_fp8_seed214_s30_g3.5_str0.3.png,fake,0.9817059636116028,0.5215590000152588,1,fake,patch_max
sd35_fp8,CLIP-D,patch_max,/media/CrispyMcMarkInc/fake-images-img2img/00020_sd35_fp8_seed143_s30_g3.5_str0.3.png,fake,0.7225944399833679,0.5043036937713623,1,fake,patch_max
sd35_fp8,CLIP-D,patch_max,/media/CrispyMcMarkInc/fake-images-img2img/00070_sd35_fp8_seed193_s30_g3.5_str0.3.png,fake,0.9445934891700744,0.4956119060516357,1,fake,patch_max
sd3_fp8,CLIP-D,patch_max,/media/CrispyMcMarkInc/fake-images-img2img/00068_sd3_fp8_seed191_s30_g3.5_str0.3.png,fake,0.9802986979484558,0.4874899387359619,1,fake,patch_max
sd35_fp8,CLIP-D,patch_max,/media/CrispyMcMarkInc/fake-images-img2img/00002_sd35_fp8_seed125_s30_g3.5_str0.3.png,fake,0.968926727771759,0.4873566627502441,1,fake,patch_max
sd15_fp16,CLIP-D,patch_max,/media/CrispyMcMarkInc/fake-images-img2img/00067_sd15_fp16_seed190_s30_g3.5_str0.3.png,fake,0.9909645318984984,0.5259225368499756,1,fake,patch_max
sd3_fp16,CLIP-D,patch_max,/media/CrispyMcMarkInc/fake-images-img2img/00074_sd3_fp16_seed197_s30_g3.5_str0.3.png,fake,0.8349912166595459,0.5099594593048096,1,fake,patch_max
sd35_fp8,CLIP-D,patch_max,/media/CrispyMcMarkInc/fake-images-img2img/00057_sd35_fp8_seed180_s30_g3.5_str0.3.png,fake,0.6385636329650879,0.4983260631561279,1,fake,patch_max
sd3_fp8,CLIP-D,patch_max,/media/CrispyMcMarkInc/fake-images-img2img/00032_sd3_fp8_seed155_s30_g3.5_str0.3.png,fake,0.9607724547386168,0.5060312747955322,1,fake,patch_max
sd15_fp4,CLIP-D,patch_max,/media/CrispyMcMarkInc/fake-images-img2img/00087_sd15_fp4_seed210_s30_g3.5_str0.3.png,fake,0.9689114093780518,0.4853019714355469,1,fake,patch_max
sd3_fp8,CLIP-D,patch_max,/media/CrispyMcMarkInc/fake-images-img2img/00078_sd3_fp8_seed201_s30_g3.5_str0.3.png,fake,0.9884915351867676,0.4863836765289306,1,fake,patch_max
sd3_fp16,CLIP-D,patch_max,/media/CrispyMcMarkInc/fake-images-img2img/00007_sd3_fp16_seed130_s30_g3.5_str0.3.png,fake,0.8127486705780029,0.4789221286773681,1,fake,patch_max
sd35_fp16,CLIP-D,patch_max,/media/CrispyMcMarkInc/fake-images-img2img/00055_sd35_fp16_seed178_s30_g3.5_str0.3.png,fake,0.9394539594650269,0.4740025997161865,1,fake,patch_max
sd15_fp16,CLIP-D,patch_max,/media/CrispyMcMarkInc/fake-images-img2img/00085_sd15_fp16_seed208_s30_g3.5_str0.3.png,fake,0.8429185152053833,0.4801297187805176,1,fake,patch_max
sd15_fp4,CLIP-D,patch_max,/media/CrispyMcMarkInc/fake-images-img2img/00012_sd15_fp4_seed135_s30_g3.5_str0.3.png,fake,0.9630415439605712,0.48909592628479,1,fake,patch_max
sd35_fp8,CLIP-D,patch_max,/media/CrispyMcMarkInc/fake-images-img2img/00071_sd35_fp8_seed194_s30_g3.5_str0.3.png,fake,0.9161230325698853,0.4875390529632568,1,fake,patch_max
sd3_fp16,CLIP-D,patch_max,/media/CrispyMcMarkInc/fake-images-img2img/00054_sd3_fp16_seed177_s30_g3.5_str0.3.png,fake,0.8859950304031372,0.4799861907958984,1,fake,patch_max
sd3_fp8,CLIP-D,patch_max,/media/CrispyMcMarkInc/fake-images-img2img/00002_sd3_fp8_seed125_s30_g3.5_str0.3.png,fake,0.9030163884162904,0.47991943359375,1,fake,patch_max
sd15_fp16,CLIP-D,patch_max,/media/CrispyMcMarkInc/fake-images-img2img/00009_sd15_fp16_seed132_s30_g3.5_str0.3.png,fake,0.8124583959579468,0.4822835922241211,1,fake,patch_max
sd15_fp16,CLIP-D,patch_max,/media/CrispyMcMarkInc/fake-images-img2img/00016_sd15_fp16_seed139_s30_g3.5_str0.3.png,fake,0.8753150701522827,0.482142686843872,1,fake,patch_max
sd3_fp16,CLIP-D,patch_max,/media/CrispyMcMarkInc/fake-images-img2img/00087_sd3_fp16_seed210_s30_g3.5_str0.3.png,fake,0.98890882730484,0.4800851345062256,1,fake,patch_max
sd15_fp4,CLIP-D,patch_max,/media/CrispyMcMarkInc/fake-images-img2img/00002_sd15_fp4_seed125_s30_g3.5_str0.3.png,fake,0.9282572865486144,0.4849865436553955,1,fake,patch_max
sd3_fp16,CLIP-D,patch_max,/media/CrispyMcMarkInc/fake-images-img2img/00025_sd3_fp16_seed148_s30_g3.5_str0.3.png,fake,0.7074689865112305,0.4772777557373047,1,fake,patch_max
sd35_fp16,CLIP-D,patch_max,/media/CrispyMcMarkInc/fake-images-img2img/00099_sd35_fp16_seed222_s30_g3.5_str0.3.png,fake,0.9415811896324158,0.4873266220092773,1,fake,patch_max
sd35_fp4,CLIP-D,patch_max,/media/CrispyMcMarkInc/fake-images-img2img/00000_sd35_fp4_seed123_s30_g3.5_str0.3.png,fake,0.9900552034378052,0.4982690811157226,1,fake,patch_max
sd15_fp16,CLIP-D,patch_max,/media/CrispyMcMarkInc/fake-images-img2img/00066_sd15_fp16_seed189_s30_g3.5_str0.3.png,fake,0.9831566214561462,0.5009891986846924,1,fake,patch_max
sd35_fp8,CLIP-D,patch_max,/media/CrispyMcMarkInc/fake-images-img2img/00099_sd35_fp8_seed222_s30_g3.5_str0.3.png,fake,0.9537664651870728,0.4957394599914551,1,fake,patch_max
sd15_fp16,CLIP-D,patch_max,/media/CrispyMcMarkInc/fake-images-img2img/00002_sd15_fp16_seed125_s30_g3.5_str0.3.png,fake,0.8851249814033508,0.5085382461547852,1,fake,patch_max
sd15_fp8,CLIP-D,patch_max,/media/CrispyMcMarkInc/fake-images-img2img/00060_sd15_fp8_seed183_s30_g3.5_str0.3.png,fake,0.9171485304832458,0.5179529190063477,1,fake,patch_max
sd35_fp4,CLIP-D,patch_max,/media/CrispyMcMarkInc/fake-images-img2img/00044_sd35_fp4_seed167_s30_g3.5_str0.3.png,fake,0.9318050146102904,0.5049858093261719,1,fake,patch_max
sd15_fp16,CLIP-D,patch_max,/media/CrispyMcMarkInc/fake-images-img2img/00057_sd15_fp16_seed180_s30_g3.5_str0.3.png,fake,0.6536909341812134,0.5060219764709473,1,fake,patch_max
sd3_fp8,CLIP-D,patch_max,/media/CrispyMcMarkInc/fake-images-img2img/00040_sd3_fp8_seed163_s30_g3.5_str0.3.png,fake,0.9585044980049132,0.4970486164093017,1,fake,patch_max
sd15_fp4,CLIP-D,patch_max,/media/CrispyMcMarkInc/fake-images-img2img/00063_sd15_fp4_seed186_s30_g3.5_str0.3.png,fake,0.9651825428009032,0.4929955005645752,1,fake,patch_max
sd35_fp4,CLIP-D,patch_max,/media/CrispyMcMarkInc/fake-images-img2img/00065_sd35_fp4_seed188_s30_g3.5_str0.3.png,fake,0.988688051700592,0.4968876838684082,1,fake,patch_max
sd35_fp16,CLIP-D,patch_max,/media/CrispyMcMarkInc/fake-images-img2img/00044_sd35_fp16_seed167_s30_g3.5_str0.3.png,fake,0.9344944357872008,0.4904689788818359,1,fake,patch_max
sd35_fp8,CLIP-D,patch_max,/media/CrispyMcMarkInc/fake-images-img2img/00074_sd35_fp8_seed197_s30_g3.5_str0.3.png,fake,0.956904411315918,0.4951140880584717,1,fake,patch_max
sd15_fp4,CLIP-D,patch_max,/media/CrispyMcMarkInc/fake-images-img2img/00052_sd15_fp4_seed175_s30_g3.5_str0.3.png,fake,0.8989971280097961,0.4829392433166504,1,fake,patch_max
sd3_fp16,CLIP-D,patch_max,/media/CrispyMcMarkInc/fake-images-img2img/00084_sd3_fp16_seed207_s30_g3.5_str0.3.png,fake,0.6994304656982422,0.4924609661102295,1,fake,patch_max
sd15_fp4,CLIP-D,patch_max,/media/CrispyMcMarkInc/fake-images-img2img/00004_sd15_fp4_seed127_s30_g3.5_str0.3.png,fake,0.918328046798706,0.4995315074920654,1,fake,patch_max
sd3_fp4,CLIP-D,patch_max,/media/CrispyMcMarkInc/fake-images-img2img/00046_sd3_fp4_seed169_s30_g3.5_str0.3.png,fake,0.9167158007621764,0.501805305480957,1,fake,patch_max
sd15_fp4,CLIP-D,patch_max,/media/CrispyMcMarkInc/fake-images-img2img/00084_sd15_fp4_seed207_s30_g3.5_str0.3.png,fake,0.9574723839759828,0.5187840461730957,1,fake,patch_max
sd35_fp16,CLIP-D,patch_max,/media/CrispyMcMarkInc/fake-images-img2img/00070_sd35_fp16_seed193_s30_g3.5_str0.3.png,fake,0.9237303733825684,0.5030581951141357,1,fake,patch_max
sd3_fp8,CLIP-D,patch_max,/media/CrispyMcMarkInc/fake-images-img2img/00010_sd3_fp8_seed133_s30_g3.5_str0.3.png,fake,0.8959440588951111,0.4946827888488769,1,fake,patch_max
sd35_fp8,CLIP-D,patch_max,/media/CrispyMcMarkInc/fake-images-img2img/00082_sd35_fp8_seed205_s30_g3.5_str0.3.png,fake,0.9351688027381896,0.5010311603546143,1,fake,patch_max
sd3_fp8,CLIP-D,patch_max,/media/CrispyMcMarkInc/fake-images-img2img/00059_sd3_fp8_seed182_s30_g3.5_str0.3.png,fake,0.6870598793029785,0.4991321563720703,1,fake,patch_max
sd3_fp8,CLIP-D,patch_max,/media/CrispyMcMarkInc/fake-images-img2img/00067_sd3_fp8_seed190_s30_g3.5_str0.3.png,fake,0.9948256015777588,0.5004000663757324,1,fake,patch_max
sd3_fp8,CLIP-D,patch_max,/media/CrispyMcMarkInc/fake-images-img2img/00045_sd3_fp8_seed168_s30_g3.5_str0.3.png,fake,0.75160813331604,0.4924952983856201,1,fake,patch_max
sd15_fp4,CLIP-D,patch_max,/media/CrispyMcMarkInc/fake-images-img2img/00001_sd15_fp4_seed124_s30_g3.5_str0.3.png,fake,0.989324152469635,0.4918999671936035,1,fake,patch_max
sd3_fp8,CLIP-D,patch_max,/media/CrispyMcMarkInc/fake-images-img2img/00074_sd3_fp8_seed197_s30_g3.5_str0.3.png,fake,0.8454062938690186,0.5019083023071289,1,fake,patch_max
sd35_fp4,CLIP-D,patch_max,/media/CrispyMcMarkInc/fake-images-img2img/00089_sd35_fp4_seed212_s30_g3.5_str0.3.png,fake,0.9251137971878052,0.4892470836639404,1,fake,patch_max
sd15_fp4,CLIP-D,patch_max,/media/CrispyMcMarkInc/fake-images-img2img/00033_sd15_fp4_seed156_s30_g3.5_str0.3.png,fake,0.9479196071624756,0.5266103744506836,1,fake,patch_max
sd35_fp16,CLIP-D,patch_max,/media/CrispyMcMarkInc/fake-images-img2img/00013_sd35_fp16_seed136_s30_g3.5_str0.3.png,fake,0.8791955709457397,0.6293621063232422,1,fake,patch_max
sd3_fp8,CLIP-D,patch_max,/media/CrispyMcMarkInc/fake-images-img2img/00043_sd3_fp8_seed166_s30_g3.5_str0.3.png,fake,0.9957771301269532,0.5260639190673828,1,fake,patch_max
sd3_fp8,CLIP-D,patch_max,/media/CrispyMcMarkInc/fake-images-img2img/00080_sd3_fp8_seed203_s30_g3.5_str0.3.png,fake,0.9970988035202026,0.5267775058746338,1,fake,patch_max
sd3_fp4,CLIP-D,patch_max,/media/CrispyMcMarkInc/fake-images-img2img/00026_sd3_fp4_seed149_s30_g3.5_str0.3.png,fake,0.6231423616409302,0.534304141998291,1,fake,patch_max
sd35_fp8,CLIP-D,patch_max,/media/CrispyMcMarkInc/fake-images-img2img/00027_sd35_fp8_seed150_s30_g3.5_str0.3.png,fake,0.9746015667915344,0.537325382232666,1,fake,patch_max
sd35_fp4,CLIP-D,patch_max,/media/CrispyMcMarkInc/fake-images-img2img/00081_sd35_fp4_seed204_s30_g3.5_str0.3.png,real,0.4092986583709717,0.6439461708068848,1,fake,patch_max
sd15_fp16,CLIP-D,patch_max,/media/CrispyMcMarkInc/fake-images-img2img/00087_sd15_fp16_seed210_s30_g3.5_str0.3.png,fake,0.97025865316391,0.5637340545654297,1,fake,patch_max
sd15_fp16,CLIP-D,patch_max,/media/CrispyMcMarkInc/fake-images-img2img/00020_sd15_fp16_seed143_s30_g3.5_str0.3.png,fake,0.7528395056724548,0.4880809783935547,1,fake,patch_max
sd35_fp4,CLIP-D,patch_max,/media/CrispyMcMarkInc/fake-images-img2img/00095_sd35_fp4_seed218_s30_g3.5_str0.3.png,fake,0.9741256237030028,0.5002706050872803,1,fake,patch_max
sd15_fp8,CLIP-D,patch_max,/media/CrispyMcMarkInc/fake-images-img2img/00065_sd15_fp8_seed188_s30_g3.5_str0.3.png,fake,0.9875933527946472,0.4952616691589355,1,fake,patch_max
sd35_fp16,CLIP-D,patch_max,/media/CrispyMcMarkInc/fake-images-img2img/00068_sd35_fp16_seed191_s30_g3.5_str0.3.png,fake,0.9332994222640992,0.4938294887542724,1,fake,patch_max
sd35_fp16,CLIP-D,patch_max,/media/CrispyMcMarkInc/fake-images-img2img/00028_sd35_fp16_seed151_s30_g3.5_str0.3.png,fake,0.992972731590271,0.489992618560791,1,fake,patch_max
sd15_fp16,CLIP-D,patch_max,/media/CrispyMcMarkInc/fake-images-img2img/00081_sd15_fp16_seed204_s30_g3.5_str0.3.png,fake,0.9642710089683532,0.4887278079986572,1,fake,patch_max
sd35_fp4,CLIP-D,patch_max,/media/CrispyMcMarkInc/fake-images-img2img/00035_sd35_fp4_seed158_s30_g3.5_str0.3.png,fake,0.9190969467163086,0.4805326461791992,1,fake,patch_max
sd3_fp4,CLIP-D,patch_max,/media/CrispyMcMarkInc/fake-images-img2img/00003_sd3_fp4_seed126_s30_g3.5_str0.3.png,fake,0.9947746396064758,0.4796338081359863,1,fake,patch_max
sd35_fp8,CLIP-D,patch_max,/media/CrispyMcMarkInc/fake-images-img2img/00085_sd35_fp8_seed208_s30_g3.5_str0.3.png,fake,0.942478597164154,0.4770867824554443,1,fake,patch_max
sd35_fp16,CLIP-D,patch_max,/media/CrispyMcMarkInc/fake-images-img2img/00006_sd35_fp16_seed129_s30_g3.5_str0.3.png,fake,0.955141007900238,0.4889259338378906,1,fake,patch_max
sd3_fp8,CLIP-D,patch_max,/media/CrispyMcMarkInc/fake-images-img2img/00004_sd3_fp8_seed127_s30_g3.5_str0.3.png,fake,0.7419542074203491,0.4817228317260742,1,fake,patch_max
sd15_fp8,CLIP-D,patch_max,/media/CrispyMcMarkInc/fake-images-img2img/00027_sd15_fp8_seed150_s30_g3.5_str0.3.png,fake,0.9768331050872804,0.4771864414215088,1,fake,patch_max
sd3_fp4,CLIP-D,patch_max,/media/CrispyMcMarkInc/fake-images-img2img/00029_sd3_fp4_seed152_s30_g3.5_str0.3.png,fake,0.9965840578079224,0.4908537864685058,1,fake,patch_max
sd3_fp4,CLIP-D,patch_max,/media/CrispyMcMarkInc/fake-images-img2img/00092_sd3_fp4_seed215_s30_g3.5_str0.3.png,fake,0.9637868404388428,0.4800302982330322,1,fake,patch_max
sd3_fp16,CLIP-D,patch_max,/media/CrispyMcMarkInc/fake-images-img2img/00075_sd3_fp16_seed198_s30_g3.5_str0.3.png,fake,0.960870087146759,0.5051841735839844,1,fake,patch_max
sd15_fp8,CLIP-D,patch_max,/media/CrispyMcMarkInc/fake-images-img2img/00032_sd15_fp8_seed155_s30_g3.5_str0.3.png,fake,0.9893508553504944,0.5305981636047363,1,fake,patch_max
sd15_fp8,CLIP-D,patch_max,/media/CrispyMcMarkInc/fake-images-img2img/00066_sd15_fp8_seed189_s30_g3.5_str0.3.png,fake,0.9820804595947266,0.5821082592010498,1,fake,patch_max
sd15_fp8,CLIP-D,patch_max,/media/CrispyMcMarkInc/fake-images-img2img/00030_sd15_fp8_seed153_s30_g3.5_str0.3.png,fake,0.9765536785125732,0.641573429107666,1,fake,patch_max
sd15_fp16,CLIP-D,patch_max,/media/CrispyMcMarkInc/fake-images-img2img/00007_sd15_fp16_seed130_s30_g3.5_str0.3.png,fake,0.9790443778038024,0.5802865028381348,1,fake,patch_max
sd35_fp16,CLIP-D,patch_max,/media/CrispyMcMarkInc/fake-images-img2img/00029_sd35_fp16_seed152_s30_g3.5_str0.3.png,fake,0.9954376816749572,0.6400866508483887,1,fake,patch_max
sd15_fp16,CLIP-D,patch_max,/media/CrispyMcMarkInc/fake-images-img2img/00039_sd15_fp16_seed162_s30_g3.5_str0.3.png,fake,0.8585309386253357,0.5203311443328857,1,fake,patch_max
sd3_fp16,CLIP-D,patch_max,/media/CrispyMcMarkInc/fake-images-img2img/00066_sd3_fp16_seed189_s30_g3.5_str0.3.png,fake,0.8781587481498718,0.488544225692749,1,fake,patch_max
sd3_fp16,CLIP-D,patch_max,/media/CrispyMcMarkInc/fake-images-img2img/00065_sd3_fp16_seed188_s30_g3.5_str0.3.png,fake,0.9670163989067078,0.4890718460083008,1,fake,patch_max
sd15_fp4,CLIP-D,patch_max,/media/CrispyMcMarkInc/fake-images-img2img/00006_sd15_fp4_seed129_s30_g3.5_str0.3.png,fake,0.9299545884132384,0.4988536834716797,1,fake,patch_max
sd3_fp8,CLIP-D,patch_max,/media/CrispyMcMarkInc/fake-images-img2img/00027_sd3_fp8_seed150_s30_g3.5_str0.3.png,fake,0.9538846015930176,0.4972448348999023,1,fake,patch_max
sd3_fp16,CLIP-D,patch_max,/media/CrispyMcMarkInc/fake-images-img2img/00020_sd3_fp16_seed143_s30_g3.5_str0.3.png,real,0.4169357120990753,0.4898788928985595,1,fake,patch_max
sd35_fp16,CLIP-D,patch_max,/media/CrispyMcMarkInc/fake-images-img2img/00082_sd35_fp16_seed205_s30_g3.5_str0.3.png,fake,0.9164613485336304,0.4813783168792724,1,fake,patch_max
sd35_fp8,CLIP-D,patch_max,/media/CrispyMcMarkInc/fake-images-img2img/00019_sd35_fp8_seed142_s30_g3.5_str0.3.png,fake,0.8954789638519287,0.4920284748077392,1,fake,patch_max
sd35_fp4,CLIP-D,patch_max,/media/CrispyMcMarkInc/fake-images-img2img/00088_sd35_fp4_seed211_s30_g3.5_str0.3.png,fake,0.9642929434776306,0.5191435813903809,1,fake,patch_max
sd3_fp4,CLIP-D,patch_max,/media/CrispyMcMarkInc/fake-images-img2img/00095_sd3_fp4_seed218_s30_g3.5_str0.3.png,fake,0.987352967262268,0.4785676002502441,1,fake,patch_max
sd15_fp16,CLIP-D,patch_max,/media/CrispyMcMarkInc/fake-images-img2img/00074_sd15_fp16_seed197_s30_g3.5_str0.3.png,fake,0.9474773406982422,0.4771742820739746,1,fake,patch_max
sd15_fp8,CLIP-D,patch_max,/media/CrispyMcMarkInc/fake-images-img2img/00079_sd15_fp8_seed202_s30_g3.5_str0.3.png,fake,0.9156028628349304,0.4792444705963135,1,fake,patch_max
sd15_fp16,CLIP-D,patch_max,/media/CrispyMcMarkInc/fake-images-img2img/00035_sd15_fp16_seed158_s30_g3.5_str0.3.png,fake,0.9711912274360656,0.4799997806549072,1,fake,patch_max
sd3_fp4,CLIP-D,patch_max,/media/CrispyMcMarkInc/fake-images-img2img/00035_sd3_fp4_seed158_s30_g3.5_str0.3.png,fake,0.9611364006996156,0.4778535366058349,1,fake,patch_max
sd15_fp4,CLIP-D,patch_max,/media/CrispyMcMarkInc/fake-images-img2img/00010_sd15_fp4_seed133_s30_g3.5_str0.3.png,fake,0.9713513851165771,0.4785702228546142,1,fake,patch_max
sd3_fp4,CLIP-D,patch_max,/media/CrispyMcMarkInc/fake-images-img2img/00099_sd3_fp4_seed222_s30_g3.5_str0.3.png,fake,0.9942033886909484,0.4818272590637207,1,fake,patch_max
sd3_fp8,CLIP-D,patch_max,/media/CrispyMcMarkInc/fake-images-img2img/00058_sd3_fp8_seed181_s30_g3.5_str0.3.png,fake,0.9638760089874268,0.4888958930969238,1,fake,patch_max
sd35_fp16,CLIP-D,patch_max,/media/CrispyMcMarkInc/fake-images-img2img/00041_sd35_fp16_seed164_s30_g3.5_str0.3.png,fake,0.9600127935409546,0.4829425811767578,1,fake,patch_max
sd3_fp16,CLIP-D,patch_max,/media/CrispyMcMarkInc/fake-images-img2img/00042_sd3_fp16_seed165_s30_g3.5_str0.3.png,fake,0.8117950558662415,0.4965450763702392,1,fake,patch_max
sd15_fp8,CLIP-D,patch_max,/media/CrispyMcMarkInc/fake-images-img2img/00080_sd15_fp8_seed203_s30_g3.5_str0.3.png,fake,0.984522819519043,0.5026969909667969,1,fake,patch_max
sd35_fp16,CLIP-D,patch_max,/media/CrispyMcMarkInc/fake-images-img2img/00046_sd35_fp16_seed169_s30_g3.5_str0.3.png,fake,0.9404468536376952,0.4955739974975586,1,fake,patch_max
sd35_fp4,CLIP-D,patch_max,/media/CrispyMcMarkInc/fake-images-img2img/00019_sd35_fp4_seed142_s30_g3.5_str0.3.png,fake,0.9321557879447936,0.5014545917510986,1,fake,patch_max
sd3_fp4,CLIP-D,patch_max,/media/CrispyMcMarkInc/fake-images-img2img/00073_sd3_fp4_seed196_s30_g3.5_str0.3.png,fake,0.9795538187026978,0.4868392944335937,1,fake,patch_max
sd3_fp16,CLIP-D,patch_max,/media/CrispyMcMarkInc/fake-images-img2img/00015_sd3_fp16_seed138_s30_g3.5_str0.3.png,fake,0.8748266100883484,0.5137438774108887,1,fake,patch_max
sd3_fp4,CLIP-D,patch_max,/media/CrispyMcMarkInc/fake-images-img2img/00025_sd3_fp4_seed148_s30_g3.5_str0.3.png,fake,0.9454163908958436,0.4931867122650146,1,fake,patch_max
sd3_fp8,CLIP-D,patch_max,/media/CrispyMcMarkInc/fake-images-img2img/00057_sd3_fp8_seed180_s30_g3.5_str0.3.png,fake,0.8897018432617188,0.5125143527984619,1,fake,patch_max
sd15_fp8,CLIP-D,patch_max,/media/CrispyMcMarkInc/fake-images-img2img/00092_sd15_fp8_seed215_s30_g3.5_str0.3.png,fake,0.9594363570213318,0.5012907981872559,1,fake,patch_max
sd3_fp16,CLIP-D,patch_max,/media/CrispyMcMarkInc/fake-images-img2img/00000_sd3_fp16_seed123_s30_g3.5_str0.3.png,fake,0.9864740967750548,0.5009784698486328,1,fake,patch_max
sd35_fp4,CLIP-D,patch_max,/media/CrispyMcMarkInc/fake-images-img2img/00029_sd35_fp4_seed152_s30_g3.5_str0.3.png,fake,0.9961228966712952,0.5353634357452393,1,fake,patch_max
sd3_fp8,CLIP-D,patch_max,/media/CrispyMcMarkInc/fake-images-img2img/00016_sd3_fp8_seed139_s30_g3.5_str0.3.png,fake,0.8688900470733643,0.6422250270843506,1,fake,patch_max
sd3_fp8,CLIP-D,patch_max,/media/CrispyMcMarkInc/fake-images-img2img/00006_sd3_fp8_seed129_s30_g3.5_str0.3.png,fake,0.8763360977172852,0.5361297130584717,1,fake,patch_max
sd35_fp8,CLIP-D,patch_max,/media/CrispyMcMarkInc/fake-images-img2img/00090_sd35_fp8_seed213_s30_g3.5_str0.3.png,fake,0.7926996946334839,0.6182377338409424,1,fake,patch_max
sd35_fp8,CLIP-D,patch_max,/media/CrispyMcMarkInc/fake-images-img2img/00059_sd35_fp8_seed182_s30_g3.5_str0.3.png,fake,0.5876567363739014,0.6479260921478271,1,fake,patch_max
sd3_fp16,CLIP-D,patch_max,/media/CrispyMcMarkInc/fake-images-img2img/00092_sd3_fp16_seed215_s30_g3.5_str0.3.png,fake,0.8926968574523926,0.5011274814605713,1,fake,patch_max
sd15_fp16,CLIP-D,patch_max,/media/CrispyMcMarkInc/fake-images-img2img/00072_sd15_fp16_seed195_s30_g3.5_str0.3.png,fake,0.9982183575630188,0.5035767555236816,1,fake,patch_max
sd35_fp4,CLIP-D,patch_max,/media/CrispyMcMarkInc/fake-images-img2img/00072_sd35_fp4_seed195_s30_g3.5_str0.3.png,fake,0.9900270104408264,0.495337963104248,1,fake,patch_max
sd15_fp16,CLIP-D,patch_max,/media/CrispyMcMarkInc/fake-images-img2img/00005_sd15_fp16_seed128_s30_g3.5_str0.3.png,fake,0.9275449514389038,0.4936764240264892,1,fake,patch_max
sd35_fp4,CLIP-D,patch_max,/media/CrispyMcMarkInc/fake-images-img2img/00070_sd35_fp4_seed193_s30_g3.5_str0.3.png,fake,0.9475275278091432,0.4918477535247803,1,fake,patch_max
sd3_fp16,CLIP-D,patch_max,/media/CrispyMcMarkInc/fake-images-img2img/00003_sd3_fp16_seed126_s30_g3.5_str0.3.png,fake,0.9964461922645568,0.5245323181152344,1,fake,patch_max
sd35_fp16,CLIP-D,patch_max,/media/CrispyMcMarkInc/fake-images-img2img/00067_sd35_fp16_seed190_s30_g3.5_str0.3.png,fake,0.933322548866272,0.4805281162261963,1,fake,patch_max
sd35_fp8,CLIP-D,patch_max,/media/CrispyMcMarkInc/fake-images-img2img/00053_sd35_fp8_seed176_s30_g3.5_str0.3.png,fake,0.8616234064102173,0.4798345565795898,1,fake,patch_max
sd15_fp16,CLIP-D,patch_max,/media/CrispyMcMarkInc/fake-images-img2img/00076_sd15_fp16_seed199_s30_g3.5_str0.3.png,fake,0.7101693153381348,0.4805095195770263,1,fake,patch_max
sd3_fp4,CLIP-D,patch_max,/media/CrispyMcMarkInc/fake-images-img2img/00001_sd3_fp4_seed124_s30_g3.5_str0.3.png,fake,0.9913256764411926,0.4790809154510498,1,fake,patch_max
sd15_fp16,CLIP-D,patch_max,/media/CrispyMcMarkInc/fake-images-img2img/00090_sd15_fp16_seed213_s30_g3.5_str0.3.png,fake,0.8584343791007996,0.4842305183410644,1,fake,patch_max
sd35_fp4,CLIP-D,patch_max,/media/CrispyMcMarkInc/fake-images-img2img/00084_sd35_fp4_seed207_s30_g3.5_str0.3.png,fake,0.8264457583427429,0.482447862625122,1,fake,patch_max
sd35_fp4,CLIP-D,patch_max,/media/CrispyMcMarkInc/fake-images-img2img/00052_sd35_fp4_seed175_s30_g3.5_str0.3.png,fake,0.8607659339904785,0.4878065586090088,1,fake,patch_max
sd35_fp8,CLIP-D,patch_max,/media/CrispyMcMarkInc/fake-images-img2img/00042_sd35_fp8_seed165_s30_g3.5_str0.3.png,fake,0.8402462005615234,0.4832987785339355,1,fake,patch_max
sd15_fp16,CLIP-D,patch_max,/media/CrispyMcMarkInc/fake-images-img2img/00047_sd15_fp16_seed170_s30_g3.5_str0.3.png,fake,0.994118332862854,0.497664213180542,1,fake,patch_max
sd35_fp8,CLIP-D,patch_max,/media/CrispyMcMarkInc/fake-images-img2img/00068_sd35_fp8_seed191_s30_g3.5_str0.3.png,fake,0.9803285002708436,0.4981615543365478,1,fake,patch_max
sd3_fp16,CLIP-D,patch_max,/media/CrispyMcMarkInc/fake-images-img2img/00090_sd3_fp16_seed213_s30_g3.5_str0.3.png,fake,0.731845498085022,0.500295877456665,1,fake,patch_max
sd15_fp16,CLIP-D,patch_max,/media/CrispyMcMarkInc/fake-images-img2img/00012_sd15_fp16_seed135_s30_g3.5_str0.3.png,fake,0.9758260846138,0.4973747730255127,1,fake,patch_max
sd35_fp4,CLIP-D,patch_max,/media/CrispyMcMarkInc/fake-images-img2img/00045_sd35_fp4_seed168_s30_g3.5_str0.3.png,fake,0.6212478876113892,0.4974725246429443,1,fake,patch_max
sd15_fp4,CLIP-D,patch_max,/media/CrispyMcMarkInc/fake-images-img2img/00021_sd15_fp4_seed144_s30_g3.5_str0.3.png,fake,0.9700857400894164,0.503148078918457,1,fake,patch_max
sd3_fp16,CLIP-D,patch_max,/media/CrispyMcMarkInc/fake-images-img2img/00005_sd3_fp16_seed128_s30_g3.5_str0.3.png,fake,0.8531234860420227,0.499882698059082,1,fake,patch_max
sd35_fp4,CLIP-D,patch_max,/media/CrispyMcMarkInc/fake-images-img2img/00082_sd35_fp4_seed205_s30_g3.5_str0.3.png,fake,0.977429747581482,0.4972643852233886,1,fake,patch_max
sd15_fp8,CLIP-D,patch_max,/media/CrispyMcMarkInc/fake-images-img2img/00002_sd15_fp8_seed125_s30_g3.5_str0.3.png,fake,0.9110336899757384,0.4773321151733398,1,fake,patch_max
sd3_fp8,CLIP-D,patch_max,/media/CrispyMcMarkInc/fake-images-img2img/00044_sd3_fp8_seed167_s30_g3.5_str0.3.png,fake,0.9622902274131776,0.4896492958068847,1,fake,patch_max
sd35_fp4,CLIP-D,patch_max,/media/CrispyMcMarkInc/fake-images-img2img/00099_sd35_fp4_seed222_s30_g3.5_str0.3.png,fake,0.951124906539917,0.5206899642944336,1,fake,patch_max
sd15_fp16,CLIP-D,patch_max,/media/CrispyMcMarkInc/fake-images-img2img/00065_sd15_fp16_seed188_s30_g3.5_str0.3.png,fake,0.986335277557373,0.5308988094329834,1,fake,patch_max
sd35_fp16,CLIP-D,patch_max,/media/CrispyMcMarkInc/fake-images-img2img/00000_sd35_fp16_seed123_s30_g3.5_str0.3.png,fake,0.9821157455444336,0.522860050201416,1,fake,patch_max
sd35_fp4,CLIP-D,patch_max,/media/CrispyMcMarkInc/fake-images-img2img/00015_sd35_fp4_seed138_s30_g3.5_str0.3.png,fake,0.9250478744506836,0.6287713050842285,1,fake,patch_max
sd15_fp4,CLIP-D,patch_max,/media/CrispyMcMarkInc/fake-images-img2img/00017_sd15_fp4_seed140_s30_g3.5_str0.3.png,fake,0.942703902721405,0.512537956237793,1,fake,patch_max
sd35_fp8,CLIP-D,patch_max,/media/CrispyMcMarkInc/fake-images-img2img/00054_sd35_fp8_seed177_s30_g3.5_str0.3.png,fake,0.9497182965278624,0.4894905090332031,1,fake,patch_max
sd15_fp8,CLIP-D,patch_max,/media/CrispyMcMarkInc/fake-images-img2img/00052_sd15_fp8_seed175_s30_g3.5_str0.3.png,fake,0.841179609298706,0.490222692489624,1,fake,patch_max
sd35_fp8,CLIP-D,patch_max,/media/CrispyMcMarkInc/fake-images-img2img/00095_sd35_fp8_seed218_s30_g3.5_str0.3.png,fake,0.9858418107032776,0.4943575859069824,1,fake,patch_max
sd15_fp8,CLIP-D,patch_max,/media/CrispyMcMarkInc/fake-images-img2img/00057_sd15_fp8_seed180_s30_g3.5_str0.3.png,fake,0.6181496381759644,0.487584114074707,1,fake,patch_max
sd3_fp8,CLIP-D,patch_max,/media/CrispyMcMarkInc/fake-images-img2img/00073_sd3_fp8_seed196_s30_g3.5_str0.3.png,fake,0.8589587211608887,0.4842123985290527,1,fake,patch_max
sd35_fp8,CLIP-D,patch_max,/media/CrispyMcMarkInc/fake-images-img2img/00050_sd35_fp8_seed173_s30_g3.5_str0.3.png,fake,0.853676974773407,0.479694128036499,1,fake,patch_max
sd3_fp4,CLIP-D,patch_max,/media/CrispyMcMarkInc/fake-images-img2img/00049_sd3_fp4_seed172_s30_g3.5_str0.3.png,fake,0.994520902633667,0.4914584159851074,1,fake,patch_max
sd15_fp8,CLIP-D,patch_max,/media/CrispyMcMarkInc/fake-images-img2img/00026_sd15_fp8_seed149_s30_g3.5_str0.3.png,fake,0.88876873254776,0.4755089282989502,1,fake,patch_max
sd35_fp8,CLIP-D,patch_max,/media/CrispyMcMarkInc/fake-images-img2img/00097_sd35_fp8_seed220_s30_g3.5_str0.3.png,fake,0.9938202500343324,0.4752364158630371,1,fake,patch_max
sd15_fp16,CLIP-D,patch_max,/media/CrispyMcMarkInc/fake-images-img2img/00051_sd15_fp16_seed174_s30_g3.5_str0.3.png,fake,0.943418264389038,0.4795432090759277,1,fake,patch_max
sd15_fp8,CLIP-D,patch_max,/media/CrispyMcMarkInc/fake-images-img2img/00054_sd15_fp8_seed177_s30_g3.5_str0.3.png,fake,0.8903582096099854,0.4793698787689209,1,fake,patch_max
sd3_fp4,CLIP-D,patch_max,/media/CrispyMcMarkInc/fake-images-img2img/00093_sd3_fp4_seed216_s30_g3.5_str0.3.png,fake,0.9851853847503662,0.4830057621002197,1,fake,patch_max
sd3_fp16,CLIP-D,patch_max,/media/CrispyMcMarkInc/fake-images-img2img/00096_sd3_fp16_seed219_s30_g3.5_str0.3.png,fake,0.9129323959350586,0.473578929901123,1,fake,patch_max
sd35_fp4,CLIP-D,patch_max,/media/CrispyMcMarkInc/fake-images-img2img/00064_sd35_fp4_seed187_s30_g3.5_str0.3.png,fake,0.6872668862342834,0.4766542911529541,1,fake,patch_max
sd35_fp4,CLIP-D,patch_max,/media/CrispyMcMarkInc/fake-images-img2img/00060_sd35_fp4_seed183_s30_g3.5_str0.3.png,fake,0.9507649540901184,0.4807898998260498,1,fake,patch_max
sd35_fp16,CLIP-D,patch_max,/media/CrispyMcMarkInc/fake-images-img2img/00089_sd35_fp16_seed212_s30_g3.5_str0.3.png,fake,0.7530044913291931,0.483309268951416,1,fake,patch_max
sd35_fp16,CLIP-D,patch_max,/media/CrispyMcMarkInc/fake-images-img2img/00086_sd35_fp16_seed209_s30_g3.5_str0.3.png,fake,0.8359870910644531,0.4873256683349609,1,fake,patch_max
sd3_fp4,CLIP-D,patch_max,/media/CrispyMcMarkInc/fake-images-img2img/00062_sd3_fp4_seed185_s30_g3.5_str0.3.png,fake,0.991401731967926,0.4789395332336426,1,fake,patch_max
sd15_fp16,CLIP-D,patch_max,/media/CrispyMcMarkInc/fake-images-img2img/00026_sd15_fp16_seed149_s30_g3.5_str0.3.png,fake,0.8989180326461792,0.4787719249725342,1,fake,patch_max
sd3_fp4,CLIP-D,patch_max,/media/CrispyMcMarkInc/fake-images-img2img/00059_sd3_fp4_seed182_s30_g3.5_str0.3.png,fake,0.957434892654419,0.478161096572876,1,fake,patch_max
sd15_fp8,CLIP-D,patch_max,/media/CrispyMcMarkInc/fake-images-img2img/00070_sd15_fp8_seed193_s30_g3.5_str0.3.png,fake,0.956086814403534,0.5271339416503906,1,fake,patch_max
sd35_fp4,CLIP-D,patch_max,/media/CrispyMcMarkInc/fake-images-img2img/00006_sd35_fp4_seed129_s30_g3.5_str0.3.png,fake,0.9643819332122804,0.5223429203033447,1,fake,patch_max
sd35_fp16,CLIP-D,patch_max,/media/CrispyMcMarkInc/fake-images-img2img/00015_sd35_fp16_seed138_s30_g3.5_str0.3.png,fake,0.88644939661026,0.5179421901702881,1,fake,patch_max
sd3_fp8,CLIP-D,patch_max,/media/CrispyMcMarkInc/fake-images-img2img/00075_sd3_fp8_seed198_s30_g3.5_str0.3.png,fake,0.934934675693512,0.6399822235107422,1,fake,patch_max
sd3_fp8,CLIP-D,patch_max,/media/CrispyMcMarkInc/fake-images-img2img/00025_sd3_fp8_seed148_s30_g3.5_str0.3.png,fake,0.8022156953811646,0.510028600692749,1,fake,patch_max
sd15_fp8,CLIP-D,patch_max,/media/CrispyMcMarkInc/fake-images-img2img/00089_sd15_fp8_seed212_s30_g3.5_str0.3.png,fake,0.9016034007072448,0.4917404651641845,1,fake,patch_max
sd15_fp16,CLIP-D,patch_max,/media/CrispyMcMarkInc/fake-images-img2img/00045_sd15_fp16_seed168_s30_g3.5_str0.3.png,fake,0.9001346826553345,0.4861853122711181,1,fake,patch_max
sd15_fp16,CLIP-D,patch_max,/media/CrispyMcMarkInc/fake-images-img2img/00099_sd15_fp16_seed222_s30_g3.5_str0.3.png,fake,0.8595647811889648,0.4939830303192138,1,fake,patch_max
sd35_fp4,CLIP-D,patch_max,/media/CrispyMcMarkInc/fake-images-img2img/00020_sd35_fp4_seed143_s30_g3.5_str0.3.png,fake,0.6713019609451294,0.4898872375488281,1,fake,patch_max
sd15_fp8,CLIP-D,patch_max,/media/CrispyMcMarkInc/fake-images-img2img/00009_sd15_fp8_seed132_s30_g3.5_str0.3.png,fake,0.8029286861419678,0.4894778728485107,1,fake,patch_max
sd35_fp16,CLIP-D,patch_max,/media/CrispyMcMarkInc/fake-images-img2img/00087_sd35_fp16_seed210_s30_g3.5_str0.3.png,fake,0.99372535943985,0.5060405731201172,1,fake,patch_max
sd3_fp4,CLIP-D,patch_max,/media/CrispyMcMarkInc/fake-images-img2img/00009_sd3_fp4_seed132_s30_g3.5_str0.3.png,fake,0.9111324548721312,0.4833688735961914,1,fake,patch_max
sd35_fp16,CLIP-D,patch_max,/media/CrispyMcMarkInc/fake-images-img2img/00030_sd35_fp16_seed153_s30_g3.5_str0.3.png,fake,0.982569456100464,0.4829967021942138,1,fake,patch_max
sd35_fp8,CLIP-D,patch_max,/media/CrispyMcMarkInc/fake-images-img2img/00047_sd35_fp8_seed170_s30_g3.5_str0.3.png,fake,0.9988295435905457,0.4783294200897217,1,fake,patch_max
sd3_fp4,CLIP-D,patch_max,/media/CrispyMcMarkInc/fake-images-img2img/00054_sd3_fp4_seed177_s30_g3.5_str0.3.png,fake,0.9705902934074402,0.4730856418609619,1,fake,patch_max
sd35_fp8,CLIP-D,patch_max,/media/CrispyMcMarkInc/fake-images-img2img/00028_sd35_fp8_seed151_s30_g3.5_str0.3.png,fake,0.995348870754242,0.476102352142334,1,fake,patch_max
sd35_fp16,CLIP-D,patch_max,/media/CrispyMcMarkInc/fake-images-img2img/00010_sd35_fp16_seed133_s30_g3.5_str0.3.png,fake,0.9485101103782654,0.4767289161682129,1,fake,patch_max
sd15_fp8,CLIP-D,patch_max,/media/CrispyMcMarkInc/fake-images-img2img/00047_sd15_fp8_seed170_s30_g3.5_str0.3.png,fake,0.994441568851471,0.4754266738891601,1,fake,patch_max
sd15_fp4,CLIP-D,patch_max,/media/CrispyMcMarkInc/fake-images-img2img/00082_sd15_fp4_seed205_s30_g3.5_str0.3.png,fake,0.9744631052017212,0.5117967128753662,1,fake,patch_max
sd3_fp8,CLIP-D,patch_max,/media/CrispyMcMarkInc/fake-images-img2img/00008_sd3_fp8_seed131_s30_g3.5_str0.3.png,fake,0.7641588449478149,0.4830501079559326,1,fake,patch_max
sd15_fp4,CLIP-D,patch_max,/media/CrispyMcMarkInc/fake-images-img2img/00051_sd15_fp4_seed174_s30_g3.5_str0.3.png,fake,0.9392088651657104,0.4942302703857422,1,fake,patch_max
sd15_fp16,CLIP-D,patch_max,/media/CrispyMcMarkInc/fake-images-img2img/00018_sd15_fp16_seed141_s30_g3.5_str0.3.png,fake,0.9529467225074768,0.5004165172576904,1,fake,patch_max
sd3_fp4,CLIP-D,patch_max,/media/CrispyMcMarkInc/fake-images-img2img/00002_sd3_fp4_seed125_s30_g3.5_str0.3.png,fake,0.9872495532035828,0.488452672958374,1,fake,patch_max
sd15_fp4,CLIP-D,patch_max,/media/CrispyMcMarkInc/fake-images-img2img/00005_sd15_fp4_seed128_s30_g3.5_str0.3.png,fake,0.9364569187164308,0.481952428817749,1,fake,patch_max
sd35_fp4,CLIP-D,patch_max,/media/CrispyMcMarkInc/fake-images-img2img/00040_sd35_fp4_seed163_s30_g3.5_str0.3.png,fake,0.9898713231086732,0.4737589359283447,1,fake,patch_max
sd3_fp8,CLIP-D,patch_max,/media/CrispyMcMarkInc/fake-images-img2img/00034_sd3_fp8_seed157_s30_g3.5_str0.3.png,fake,0.881138801574707,0.4788613319396972,1,fake,patch_max
sd3_fp8,CLIP-D,patch_max,/media/CrispyMcMarkInc/fake-images-img2img/00077_sd3_fp8_seed200_s30_g3.5_str0.3.png,fake,0.9823933839797974,0.4841833114624023,1,fake,patch_max
sd3_fp4,CLIP-D,patch_max,/media/CrispyMcMarkInc/fake-images-img2img/00084_sd3_fp4_seed207_s30_g3.5_str0.3.png,fake,0.8872514963150024,0.4807686805725097,1,fake,patch_max
sd15_fp8,CLIP-D,patch_max,/media/CrispyMcMarkInc/fake-images-img2img/00011_sd15_fp8_seed134_s30_g3.5_str0.3.png,fake,0.9328629970550536,0.4885976314544678,1,fake,patch_max
sd15_fp4,CLIP-D,patch_max,/media/CrispyMcMarkInc/fake-images-img2img/00028_sd15_fp4_seed151_s30_g3.5_str0.3.png,fake,0.9798390865325928,0.4778616428375244,1,fake,patch_max
sd35_fp4,CLIP-D,patch_max,/media/CrispyMcMarkInc/fake-images-img2img/00047_sd35_fp4_seed170_s30_g3.5_str0.3.png,fake,0.9990949630737304,0.477135419845581,1,fake,patch_max
sd3_fp8,CLIP-D,patch_max,/media/CrispyMcMarkInc/fake-images-img2img/00092_sd3_fp8_seed215_s30_g3.5_str0.3.png,fake,0.9277010560035706,0.508197546005249,1,fake,patch_max
sd35_fp8,CLIP-D,patch_max,/media/CrispyMcMarkInc/fake-images-img2img/00076_sd35_fp8_seed199_s30_g3.5_str0.3.png,fake,0.9733354449272156,0.5272789001464844,1,fake,patch_max
sd3_fp8,CLIP-D,patch_max,/media/CrispyMcMarkInc/fake-images-img2img/00066_sd3_fp8_seed189_s30_g3.5_str0.3.png,fake,0.8646959066390991,0.5182695388793945,1,fake,patch_max
sd35_fp8,CLIP-D,patch_max,/media/CrispyMcMarkInc/fake-images-img2img/00011_sd35_fp8_seed134_s30_g3.5_str0.3.png,fake,0.8672734498977661,0.5204689502716064,1,fake,patch_max
sd15_fp8,CLIP-D,patch_max,/media/CrispyMcMarkInc/fake-images-img2img/00020_sd15_fp8_seed143_s30_g3.5_str0.3.png,fake,0.7330803275108337,0.5257339477539062,1,fake,patch_max
sd15_fp4,CLIP-D,patch_max,/media/CrispyMcMarkInc/fake-images-img2img/00075_sd15_fp4_seed198_s30_g3.5_str0.3.png,fake,0.8231986165046692,0.5179972648620605,1,fake,patch_max
sd35_fp4,CLIP-D,patch_max,/media/CrispyMcMarkInc/fake-images-img2img/00079_sd35_fp4_seed202_s30_g3.5_str0.3.png,fake,0.8325324058532715,0.6270251274108887,1,fake,patch_max
sd3_fp16,CLIP-D,patch_max,/media/CrispyMcMarkInc/fake-images-img2img/00095_sd3_fp16_seed218_s30_g3.5_str0.3.png,fake,0.9789851903915404,0.5141506195068359,1,fake,patch_max
sd15_fp8,CLIP-D,patch_max,/media/CrispyMcMarkInc/fake-images-img2img/00029_sd15_fp8_seed152_s30_g3.5_str0.3.png,fake,0.979762852191925,0.4854471683502197,1,fake,patch_max
sd3_fp4,CLIP-D,patch_max,/media/CrispyMcMarkInc/fake-images-img2img/00043_sd3_fp4_seed166_s30_g3.5_str0.3.png,fake,0.9897281527519226,0.5142924785614014,1,fake,patch_max
sd15_fp16,CLIP-D,patch_max,/media/CrispyMcMarkInc/fake-images-img2img/00053_sd15_fp16_seed176_s30_g3.5_str0.3.png,fake,0.9028737545013428,0.4970026016235351,1,fake,patch_max
sd15_fp8,CLIP-D,patch_max,/media/CrispyMcMarkInc/fake-images-img2img/00003_sd15_fp8_seed126_s30_g3.5_str0.3.png,fake,0.977339804172516,0.4893631935119629,1,fake,patch_max
sd15_fp8,CLIP-D,patch_max,/media/CrispyMcMarkInc/fake-images-img2img/00021_sd15_fp8_seed144_s30_g3.5_str0.3.png,fake,0.9544852375984192,0.4832446575164795,1,fake,patch_max
sd15_fp16,CLIP-D,patch_max,/media/CrispyMcMarkInc/fake-images-img2img/00058_sd15_fp16_seed181_s30_g3.5_str0.3.png,fake,0.9635114073753356,0.4907553195953369,1,fake,patch_max
sd35_fp4,CLIP-D,patch_max,/media/CrispyMcMarkInc/fake-images-img2img/00043_sd35_fp4_seed166_s30_g3.5_str0.3.png,fake,0.9885060787200928,0.5021970272064209,1,fake,patch_max
sd3_fp4,CLIP-D,patch_max,/media/CrispyMcMarkInc/fake-images-img2img/00088_sd3_fp4_seed211_s30_g3.5_str0.3.png,fake,0.9851952791213988,0.4821317195892334,1,fake,patch_max
sd3_fp4,CLIP-D,patch_max,/media/CrispyMcMarkInc/fake-images-img2img/00030_sd3_fp4_seed153_s30_g3.5_str0.3.png,fake,0.9855729937553406,0.4795222282409668,1,fake,patch_max
sd35_fp8,CLIP-D,patch_max,/media/CrispyMcMarkInc/fake-images-img2img/00039_sd35_fp8_seed162_s30_g3.5_str0.3.png,fake,0.779948890209198,0.4773344993591308,1,fake,patch_max
sd15_fp8,CLIP-D,patch_max,/media/CrispyMcMarkInc/fake-images-img2img/00072_sd15_fp8_seed195_s30_g3.5_str0.3.png,fake,0.99795001745224,0.4759628772735595,1,fake,patch_max
sd3_fp8,CLIP-D,patch_max,/media/CrispyMcMarkInc/fake-images-img2img/00042_sd3_fp8_seed165_s30_g3.5_str0.3.png,fake,0.6862490177154541,0.4750478267669678,1,fake,patch_max
sd35_fp4,CLIP-D,patch_max,/media/CrispyMcMarkInc/fake-images-img2img/00087_sd35_fp4_seed210_s30_g3.5_str0.3.png,fake,0.9784638285636902,0.4774525165557861,1,fake,patch_max
sd3_fp16,CLIP-D,patch_max,/media/CrispyMcMarkInc/fake-images-img2img/00079_sd3_fp16_seed202_s30_g3.5_str0.3.png,fake,0.936669647693634,0.4816756248474121,1,fake,patch_max
sd35_fp16,CLIP-D,patch_max,/media/CrispyMcMarkInc/fake-images-img2img/00081_sd35_fp16_seed204_s30_g3.5_str0.3.png,real,0.3386094272136688,0.4765901565551758,1,fake,patch_max
sd35_fp8,CLIP-D,patch_max,/media/CrispyMcMarkInc/fake-images-img2img/00052_sd35_fp8_seed175_s30_g3.5_str0.3.png,fake,0.9388886094093324,0.4810173511505127,1,fake,patch_max
sd35_fp16,CLIP-D,patch_max,/media/CrispyMcMarkInc/fake-images-img2img/00020_sd35_fp16_seed143_s30_g3.5_str0.3.png,fake,0.5836067199707031,0.482738733291626,1,fake,patch_max
sd15_fp4,CLIP-D,patch_max,/media/CrispyMcMarkInc/fake-images-img2img/00064_sd15_fp4_seed187_s30_g3.5_str0.3.png,fake,0.8168463110923767,0.4868967533111572,1,fake,patch_max
sd15_fp4,CLIP-D,patch_max,/media/CrispyMcMarkInc/fake-images-img2img/00025_sd15_fp4_seed148_s30_g3.5_str0.3.png,fake,0.9676649570465088,0.4869081974029541,1,fake,patch_max
sd3_fp16,CLIP-D,patch_max,/media/CrispyMcMarkInc/fake-images-img2img/00037_sd3_fp16_seed160_s30_g3.5_str0.3.png,fake,0.9143700003623962,0.4803018569946289,1,fake,patch_max
sd3_fp16,CLIP-D,patch_max,/media/CrispyMcMarkInc/fake-images-img2img/00050_sd3_fp16_seed173_s30_g3.5_str0.3.png,fake,0.984628677368164,0.4803626537322998,1,fake,patch_max
sd15_fp16,CLIP-D,patch_max,/media/CrispyMcMarkInc/fake-images-img2img/00093_sd15_fp16_seed216_s30_g3.5_str0.3.png,fake,0.9558106064796448,0.4848077297210693,1,fake,patch_max
sd3_fp16,CLIP-D,patch_max,/media/CrispyMcMarkInc/fake-images-img2img/00061_sd3_fp16_seed184_s30_g3.5_str0.3.png,fake,0.9158684015274048,0.4955458641052246,1,fake,patch_max
sd15_fp16,CLIP-D,patch_max,/media/CrispyMcMarkInc/fake-images-img2img/00006_sd15_fp16_seed129_s30_g3.5_str0.3.png,fake,0.9137460589408876,0.4928257465362549,1,fake,patch_max
sd35_fp8,CLIP-D,patch_max,/media/CrispyMcMarkInc/fake-images-img2img/00036_sd35_fp8_seed159_s30_g3.5_str0.3.png,fake,0.986628532409668,0.4834733009338379,1,fake,patch_max
sd15_fp8,CLIP-D,patch_max,/media/CrispyMcMarkInc/fake-images-img2img/00078_sd15_fp8_seed201_s30_g3.5_str0.3.png,fake,0.9697181582450868,0.4858245849609375,1,fake,patch_max
sd15_fp16,CLIP-D,patch_max,/media/CrispyMcMarkInc/fake-images-img2img/00041_sd15_fp16_seed164_s30_g3.5_str0.3.png,fake,0.8235024809837341,0.4775376319885254,1,fake,patch_max
sd15_fp4,CLIP-D,patch_max,/media/CrispyMcMarkInc/fake-images-img2img/00055_sd15_fp4_seed178_s30_g3.5_str0.3.png,fake,0.914925217628479,0.4810917377471924,1,fake,patch_max
sd35_fp16,CLIP-D,patch_max,/media/CrispyMcMarkInc/fake-images-img2img/00083_sd35_fp16_seed206_s30_g3.5_str0.3.png,fake,0.9948370456695556,0.5045573711395264,1,fake,patch_max
sd35_fp8,CLIP-D,patch_max,/media/CrispyMcMarkInc/fake-images-img2img/00048_sd35_fp8_seed171_s30_g3.5_str0.3.png,fake,0.993847906589508,0.5220654010772705,1,fake,patch_max
sd35_fp4,CLIP-D,patch_max,/media/CrispyMcMarkInc/fake-images-img2img/00030_sd35_fp4_seed153_s30_g3.5_str0.3.png,fake,0.978587567806244,0.522597074508667,1,fake,patch_max
sd3_fp8,CLIP-D,patch_max,/media/CrispyMcMarkInc/fake-images-img2img/00046_sd3_fp8_seed169_s30_g3.5_str0.3.png,fake,0.9051793813705444,0.6425516605377197,1,fake,patch_max
sd15_fp4,CLIP-D,patch_max,/media/CrispyMcMarkInc/fake-images-img2img/00071_sd15_fp4_seed194_s30_g3.5_str0.3.png,fake,0.9401581287384032,0.5139462947845459,1,fake,patch_max
sd3_fp8,CLIP-D,patch_max,/media/CrispyMcMarkInc/fake-images-img2img/00061_sd3_fp8_seed184_s30_g3.5_str0.3.png,fake,0.9043315052986144,0.4898364543914795,1,fake,patch_max
sd35_fp16,CLIP-D,patch_max,/media/CrispyMcMarkInc/fake-images-img2img/00027_sd35_fp16_seed150_s30_g3.5_str0.3.png,fake,0.973564088344574,0.5081429481506348,1,fake,patch_max
sd35_fp8,CLIP-D,patch_max,/media/CrispyMcMarkInc/fake-images-img2img/00065_sd35_fp8_seed188_s30_g3.5_str0.3.png,fake,0.9923772811889648,0.4925992488861084,1,fake,patch_max
sd35_fp16,CLIP-D,patch_max,/media/CrispyMcMarkInc/fake-images-img2img/00009_sd35_fp16_seed132_s30_g3.5_str0.3.png,fake,0.6332365870475769,0.4820766448974609,1,fake,patch_max
sd3_fp16,CLIP-D,patch_max,/media/CrispyMcMarkInc/fake-images-img2img/00004_sd3_fp16_seed127_s30_g3.5_str0.3.png,fake,0.6028090119361877,0.4986045360565185,1,fake,patch_max
sd3_fp16,CLIP-D,patch_max,/media/CrispyMcMarkInc/fake-images-img2img/00049_sd3_fp16_seed172_s30_g3.5_str0.3.png,fake,0.9880317449569702,0.49660325050354,1,fake,patch_max
sd35_fp16,CLIP-D,patch_max,/media/CrispyMcMarkInc/fake-images-img2img/00052_sd35_fp16_seed175_s30_g3.5_str0.3.png,fake,0.8253936767578125,0.4847345352172851,1,fake,patch_max
sd15_fp16,CLIP-D,patch_max,/media/CrispyMcMarkInc/fake-images-img2img/00034_sd15_fp16_seed157_s30_g3.5_str0.3.png,fake,0.9088396430015564,0.4694750308990478,1,fake,patch_max
sd15_fp8,CLIP-D,patch_max,/media/CrispyMcMarkInc/fake-images-img2img/00086_sd15_fp8_seed209_s30_g3.5_str0.3.png,fake,0.8873467445373535,0.4874396324157715,1,fake,patch_max
sd3_fp16,CLIP-D,patch_max,/media/CrispyMcMarkInc/fake-images-img2img/00028_sd3_fp16_seed151_s30_g3.5_str0.3.png,fake,0.989404797554016,0.4799680709838867,1,fake,patch_max
sd3_fp8,CLIP-D,patch_max,/media/CrispyMcMarkInc/fake-images-img2img/00022_sd3_fp8_seed145_s30_g3.5_str0.3.png,fake,0.7014368772506714,0.4756433963775635,1,fake,patch_max
sd35_fp16,CLIP-D,patch_max,/media/CrispyMcMarkInc/fake-images-img2img/00024_sd35_fp16_seed147_s30_g3.5_str0.3.png,fake,0.9905237555503844,0.4789841175079345,1,fake,patch_max
sd15_fp8,CLIP-D,patch_max,/media/CrispyMcMarkInc/fake-images-img2img/00084_sd15_fp8_seed207_s30_g3.5_str0.3.png,fake,0.9499500393867492,0.4781773090362549,1,fake,patch_max
sd15_fp4,CLIP-D,patch_max,/media/CrispyMcMarkInc/fake-images-img2img/00057_sd15_fp4_seed180_s30_g3.5_str0.3.png,fake,0.6524317860603333,0.4793915748596191,1,fake,patch_max
sd3_fp16,CLIP-D,patch_max,/media/CrispyMcMarkInc/fake-images-img2img/00006_sd3_fp16_seed129_s30_g3.5_str0.3.png,fake,0.8880636096000671,0.4836306571960449,1,fake,patch_max
sd3_fp8,CLIP-D,patch_max,/media/CrispyMcMarkInc/fake-images-img2img/00029_sd3_fp8_seed152_s30_g3.5_str0.3.png,fake,0.9980304837226868,0.4873077869415283,1,fake,patch_max
sd35_fp16,CLIP-D,patch_max,/media/CrispyMcMarkInc/fake-images-img2img/00032_sd35_fp16_seed155_s30_g3.5_str0.3.png,fake,0.9630821347236632,0.484250545501709,1,fake,patch_max
sd3_fp16,CLIP-D,patch_max,/media/CrispyMcMarkInc/fake-images-img2img/00069_sd3_fp16_seed192_s30_g3.5_str0.3.png,fake,0.9642987251281738,0.4785709381103515,1,fake,patch_max
sd3_fp16,CLIP-D,patch_max,/media/CrispyMcMarkInc/fake-images-img2img/00083_sd3_fp16_seed206_s30_g3.5_str0.3.png,fake,0.995028793811798,0.481860876083374,1,fake,patch_max
sd15_fp8,CLIP-D,patch_max,/media/CrispyMcMarkInc/fake-images-img2img/00008_sd15_fp8_seed131_s30_g3.5_str0.3.png,fake,0.8167670965194702,0.4940829277038574,1,fake,patch_max
sd15_fp8,CLIP-D,patch_max,/media/CrispyMcMarkInc/fake-images-img2img/00064_sd15_fp8_seed187_s30_g3.5_str0.3.png,fake,0.8182290196418762,0.4877090454101562,1,fake,patch_max
sd3_fp4,CLIP-D,patch_max,/media/CrispyMcMarkInc/fake-images-img2img/00031_sd3_fp4_seed154_s30_g3.5_str0.3.png,fake,0.9626255631446838,0.4900534152984619,1,fake,patch_max
sd35_fp4,CLIP-D,patch_max,/media/CrispyMcMarkInc/fake-images-img2img/00041_sd35_fp4_seed164_s30_g3.5_str0.3.png,fake,0.9683143496513368,0.4780702590942383,1,fake,patch_max
sd15_fp16,CLIP-D,patch_max,/media/CrispyMcMarkInc/fake-images-img2img/00068_sd15_fp16_seed191_s30_g3.5_str0.3.png,fake,0.9096951484680176,0.4815289974212646,1,fake,patch_max
sd15_fp8,CLIP-D,patch_max,/media/CrispyMcMarkInc/fake-images-img2img/00055_sd15_fp8_seed178_s30_g3.5_str0.3.png,fake,0.9352715611457824,0.5194847583770752,1,fake,patch_max
sd15_fp16,CLIP-D,patch_max,/media/CrispyMcMarkInc/fake-images-img2img/00044_sd15_fp16_seed167_s30_g3.5_str0.3.png,fake,0.9899135828018188,0.5201845169067383,1,fake,patch_max
sd15_fp8,CLIP-D,patch_max,/media/CrispyMcMarkInc/fake-images-img2img/00004_sd15_fp8_seed127_s30_g3.5_str0.3.png,fake,0.8809804916381836,0.6261177062988281,1,fake,patch_max
sd15_fp8,CLIP-D,patch_max,/media/CrispyMcMarkInc/fake-images-img2img/00053_sd15_fp8_seed176_s30_g3.5_str0.3.png,fake,0.8816969990730286,0.5215260982513428,1,fake,patch_max
sd3_fp4,CLIP-D,patch_max,/media/CrispyMcMarkInc/fake-images-img2img/00024_sd3_fp4_seed147_s30_g3.5_str0.3.png,fake,0.9972437620162964,0.5249483585357666,1,fake,patch_max
sd35_fp16,CLIP-D,patch_max,/media/CrispyMcMarkInc/fake-images-img2img/00050_sd35_fp16_seed173_s30_g3.5_str0.3.png,fake,0.9779813885688782,0.4889545440673828,1,fake,patch_max
sd3_fp16,CLIP-D,patch_max,/media/CrispyMcMarkInc/fake-images-img2img/00088_sd3_fp16_seed211_s30_g3.5_str0.3.png,fake,0.9335535764694214,0.4863865375518799,1,fake,patch_max
sd35_fp8,CLIP-D,patch_max,/media/CrispyMcMarkInc/fake-images-img2img/00056_sd35_fp8_seed179_s30_g3.5_str0.3.png,fake,0.959846019744873,0.4833214282989502,1,fake,patch_max
sd15_fp4,CLIP-D,patch_max,/media/CrispyMcMarkInc/fake-images-img2img/00003_sd15_fp4_seed126_s30_g3.5_str0.3.png,fake,0.971074402332306,0.5113723278045654,1,fake,patch_max
sd3_fp16,CLIP-D,patch_max,/media/CrispyMcMarkInc/fake-images-img2img/00011_sd3_fp16_seed134_s30_g3.5_str0.3.png,fake,0.9197575449943542,0.4831066131591797,1,fake,patch_max
sd3_fp4,CLIP-D,patch_max,/media/CrispyMcMarkInc/fake-images-img2img/00090_sd3_fp4_seed213_s30_g3.5_str0.3.png,fake,0.974388837814331,0.4744548797607422,1,fake,patch_max
sd15_fp8,CLIP-D,patch_max,/media/CrispyMcMarkInc/fake-images-img2img/00061_sd15_fp8_seed184_s30_g3.5_str0.3.png,fake,0.9586312174797058,0.4869184494018554,1,fake,patch_max
sd3_fp8,CLIP-D,patch_max,/media/CrispyMcMarkInc/fake-images-img2img/00028_sd3_fp8_seed151_s30_g3.5_str0.3.png,fake,0.992002010345459,0.4826028347015381,1,fake,patch_max
sd15_fp4,CLIP-D,patch_max,/media/CrispyMcMarkInc/fake-images-img2img/00014_sd15_fp4_seed137_s30_g3.5_str0.3.png,fake,0.8557415008544922,0.4801483154296875,1,fake,patch_max
sd15_fp4,CLIP-D,patch_max,/media/CrispyMcMarkInc/fake-images-img2img/00040_sd15_fp4_seed163_s30_g3.5_str0.3.png,fake,0.983467161655426,0.4759864807128906,1,fake,patch_max
sd35_fp4,CLIP-D,patch_max,/media/CrispyMcMarkInc/fake-images-img2img/00034_sd35_fp4_seed157_s30_g3.5_str0.3.png,fake,0.853646457195282,0.4784221649169922,1,fake,patch_max
sd15_fp4,CLIP-D,patch_max,/media/CrispyMcMarkInc/fake-images-img2img/00020_sd15_fp4_seed143_s30_g3.5_str0.3.png,fake,0.7609825730323792,0.4750685691833496,1,fake,patch_max
sd35_fp8,CLIP-D,patch_max,/media/CrispyMcMarkInc/fake-images-img2img/00093_sd35_fp8_seed216_s30_g3.5_str0.3.png,fake,0.9758200645446776,0.4871869087219238,1,fake,patch_max
sd15_fp8,CLIP-D,patch_max,/media/CrispyMcMarkInc/fake-images-img2img/00090_sd15_fp8_seed213_s30_g3.5_str0.3.png,fake,0.8577702641487122,0.4826996326446533,1,fake,patch_max
sd35_fp8,CLIP-D,patch_max,/media/CrispyMcMarkInc/fake-images-img2img/00088_sd35_fp8_seed211_s30_g3.5_str0.3.png,fake,0.9273750185966492,0.4808392524719238,1,fake,patch_max
sd3_fp4,CLIP-D,patch_max,/media/CrispyMcMarkInc/fake-images-img2img/00015_sd3_fp4_seed138_s30_g3.5_str0.3.png,fake,0.9496363401412964,0.5178413391113281,1,fake,patch_max
sd15_fp16,CLIP-D,patch_max,/media/CrispyMcMarkInc/fake-images-img2img/00024_sd15_fp16_seed147_s30_g3.5_str0.3.png,fake,0.9261829257011414,0.5292437076568604,1,fake,patch_max
sd35_fp16,CLIP-D,patch_max,/media/CrispyMcMarkInc/fake-images-img2img/00019_sd35_fp16_seed142_s30_g3.5_str0.3.png,fake,0.9193180203437804,0.5230381488800049,1,fake,patch_max
sd35_fp4,CLIP-D,patch_max,/media/CrispyMcMarkInc/fake-images-img2img/00067_sd35_fp4_seed190_s30_g3.5_str0.3.png,fake,0.991304874420166,0.5278892517089844,1,fake,patch_max
sd3_fp8,CLIP-D,patch_max,/media/CrispyMcMarkInc/fake-images-img2img/00017_sd3_fp8_seed140_s30_g3.5_str0.3.png,fake,0.985383927822113,0.5225229263305664,1,fake,patch_max
sd15_fp16,CLIP-D,patch_max,/media/CrispyMcMarkInc/fake-images-img2img/00010_sd15_fp16_seed133_s30_g3.5_str0.3.png,fake,0.966486394405365,0.6318454742431641,1,fake,patch_max
sd15_fp4,CLIP-D,patch_max,/media/CrispyMcMarkInc/fake-images-img2img/00015_sd15_fp4_seed138_s30_g3.5_str0.3.png,fake,0.7102130651473999,0.5070896148681641,1,fake,patch_max
sd35_fp4,CLIP-D,patch_max,/media/CrispyMcMarkInc/fake-images-img2img/00075_sd35_fp4_seed198_s30_g3.5_str0.3.png,fake,0.9827929735183716,0.4804201126098633,1,fake,patch_max
sd3_fp16,CLIP-D,patch_max,/media/CrispyMcMarkInc/fake-images-img2img/00008_sd3_fp16_seed131_s30_g3.5_str0.3.png,fake,0.526242733001709,0.5055620670318604,1,fake,patch_max
sd3_fp4,CLIP-D,patch_max,/media/CrispyMcMarkInc/fake-images-img2img/00086_sd3_fp4_seed209_s30_g3.5_str0.3.png,fake,0.9848192930221558,0.4967553615570068,1,fake,patch_max
sd3_fp8,CLIP-D,patch_max,/media/CrispyMcMarkInc/fake-images-img2img/00079_sd3_fp8_seed202_s30_g3.5_str0.3.png,fake,0.875821590423584,0.4784939289093017,1,fake,patch_max
sd35_fp8,CLIP-D,patch_max,/media/CrispyMcMarkInc/fake-images-img2img/00003_sd35_fp8_seed126_s30_g3.5_str0.3.png,fake,0.9955676198005676,0.4755368232727051,1,fake,patch_max
sd35_fp4,CLIP-D,patch_max,/media/CrispyMcMarkInc/fake-images-img2img/00050_sd35_fp4_seed173_s30_g3.5_str0.3.png,fake,0.9261006116867064,0.4920425415039062,1,fake,patch_max
sd35_fp8,CLIP-D,patch_max,/media/CrispyMcMarkInc/fake-images-img2img/00051_sd35_fp8_seed174_s30_g3.5_str0.3.png,fake,0.9888398051261902,0.4922771453857422,1,fake,patch_max
sd15_fp4,CLIP-D,patch_max,/media/CrispyMcMarkInc/fake-images-img2img/00038_sd15_fp4_seed161_s30_g3.5_str0.3.png,fake,0.990946888923645,0.4889476299285888,1,fake,patch_max
sd3_fp8,CLIP-D,patch_max,/media/CrispyMcMarkInc/fake-images-img2img/00094_sd3_fp8_seed217_s30_g3.5_str0.3.png,fake,0.9867969751358032,0.4819738864898681,1,fake,patch_max
sd15_fp4,CLIP-D,patch_max,/media/CrispyMcMarkInc/fake-images-img2img/00097_sd15_fp4_seed220_s30_g3.5_str0.3.png,fake,0.9973201155662536,0.4888484477996826,1,fake,patch_max
sd3_fp4,CLIP-D,patch_max,/media/CrispyMcMarkInc/fake-images-img2img/00020_sd3_fp4_seed143_s30_g3.5_str0.3.png,fake,0.7586443424224854,0.477992296218872,1,fake,patch_max
sd35_fp8,CLIP-D,patch_max,/media/CrispyMcMarkInc/fake-images-img2img/00089_sd35_fp8_seed212_s30_g3.5_str0.3.png,fake,0.8912801742553711,0.4775187969207763,1,fake,patch_max
sd35_fp8,CLIP-D,patch_max,/media/CrispyMcMarkInc/fake-images-img2img/00091_sd35_fp8_seed214_s30_g3.5_str0.3.png,fake,0.9921430349349976,0.4741544723510742,1,fake,patch_max
sd35_fp4,CLIP-D,patch_max,/media/CrispyMcMarkInc/fake-images-img2img/00003_sd35_fp4_seed126_s30_g3.5_str0.3.png,fake,0.9927736520767212,0.4776802062988281,1,fake,patch_max
sd3_fp16,CLIP-D,patch_max,/media/CrispyMcMarkInc/fake-images-img2img/00012_sd3_fp16_seed135_s30_g3.5_str0.3.png,fake,0.8824137449264526,0.4823842048645019,1,fake,patch_max
sd35_fp8,CLIP-D,patch_max,/media/CrispyMcMarkInc/fake-images-img2img/00034_sd35_fp8_seed157_s30_g3.5_str0.3.png,fake,0.900913655757904,0.4830353260040283,1,fake,patch_max
sd35_fp8,CLIP-D,patch_max,/media/CrispyMcMarkInc/fake-images-img2img/00009_sd35_fp8_seed132_s30_g3.5_str0.3.png,fake,0.9124242067337036,0.4797649383544922,1,fake,patch_max
sd15_fp8,CLIP-D,patch_max,/media/CrispyMcMarkInc/fake-images-img2img/00005_sd15_fp8_seed128_s30_g3.5_str0.3.png,fake,0.9373477101325988,0.485511302947998,1,fake,patch_max
sd15_fp4,CLIP-D,patch_max,/media/CrispyMcMarkInc/fake-images-img2img/00056_sd15_fp4_seed179_s30_g3.5_str0.3.png,fake,0.9682761430740356,0.4891431331634521,1,fake,patch_max
sd3_fp16,CLIP-D,patch_max,/media/CrispyMcMarkInc/fake-images-img2img/00098_sd3_fp16_seed221_s30_g3.5_str0.3.png,fake,0.8543088436126709,0.4899249076843261,1,fake,patch_max
sd3_fp4,CLIP-D,patch_max,/media/CrispyMcMarkInc/fake-images-img2img/00033_sd3_fp4_seed156_s30_g3.5_str0.3.png,fake,0.9962624907493592,0.4837064743041992,1,fake,patch_max
sd35_fp16,CLIP-D,patch_max,/media/CrispyMcMarkInc/fake-images-img2img/00025_sd35_fp16_seed148_s30_g3.5_str0.3.png,fake,0.6694008111953735,0.4828889369964599,1,fake,patch_max
sd35_fp4,CLIP-D,patch_max,/media/CrispyMcMarkInc/fake-images-img2img/00090_sd35_fp4_seed213_s30_g3.5_str0.3.png,fake,0.9384731650352478,0.4816553592681885,1,fake,patch_max
sd15_fp16,CLIP-D,patch_max,/media/CrispyMcMarkInc/fake-images-img2img/00043_sd15_fp16_seed166_s30_g3.5_str0.3.png,fake,0.9936829805374146,0.4846425056457519,1,fake,patch_max
sd35_fp4,CLIP-D,patch_max,/media/CrispyMcMarkInc/fake-images-img2img/00086_sd35_fp4_seed209_s30_g3.5_str0.3.png,fake,0.9550544619560242,0.5219779014587402,1,fake,patch_max
sd35_fp8,CLIP-D,patch_max,/media/CrispyMcMarkInc/fake-images-img2img/00073_sd35_fp8_seed196_s30_g3.5_str0.3.png,fake,0.9002639055252075,0.5221896171569824,1,fake,patch_max
sd35_fp4,CLIP-D,patch_max,/media/CrispyMcMarkInc/fake-images-img2img/00018_sd35_fp4_seed141_s30_g3.5_str0.3.png,fake,0.8907907605171204,0.5209457874298096,1,fake,patch_max
sd15_fp4,CLIP-D,patch_max,/media/CrispyMcMarkInc/fake-images-img2img/00030_sd15_fp4_seed153_s30_g3.5_str0.3.png,fake,0.9718604683876038,0.6335139274597168,1,fake,patch_max
sd3_fp4,CLIP-D,patch_max,/media/CrispyMcMarkInc/fake-images-img2img/00082_sd3_fp4_seed205_s30_g3.5_str0.3.png,fake,0.9234198331832886,0.57037353515625,1,fake,patch_max
sd15_fp4,CLIP-D,patch_max,/media/CrispyMcMarkInc/fake-images-img2img/00093_sd15_fp4_seed216_s30_g3.5_str0.3.png,fake,0.9556132555007936,0.4897584915161133,1,fake,patch_max
sd3_fp16,CLIP-D,patch_max,/media/CrispyMcMarkInc/fake-images-img2img/00072_sd3_fp16_seed195_s30_g3.5_str0.3.png,fake,0.9930830001831056,0.5207657814025879,1,fake,patch_max
sd3_fp16,CLIP-D,patch_max,/media/CrispyMcMarkInc/fake-images-img2img/00062_sd3_fp16_seed185_s30_g3.5_str0.3.png,fake,0.9854806065559388,0.5048613548278809,1,fake,patch_max
sd15_fp4,CLIP-D,patch_max,/media/CrispyMcMarkInc/fake-images-img2img/00007_sd15_fp4_seed130_s30_g3.5_str0.3.png,fake,0.9823779463768004,0.4936892986297607,1,fake,patch_max
sd3_fp16,CLIP-D,patch_max,/media/CrispyMcMarkInc/fake-images-img2img/00053_sd3_fp16_seed176_s30_g3.5_str0.3.png,real,0.3894752264022827,0.4809479713439941,1,fake,patch_max
sd15_fp4,CLIP-D,patch_max,/media/CrispyMcMarkInc/fake-images-img2img/00039_sd15_fp4_seed162_s30_g3.5_str0.3.png,fake,0.8534473180770874,0.4830067157745361,1,fake,patch_max
sd3_fp8,CLIP-D,patch_max,/media/CrispyMcMarkInc/fake-images-img2img/00052_sd3_fp8_seed175_s30_g3.5_str0.3.png,fake,0.8306001424789429,0.5166361331939697,1,fake,patch_max
sd3_fp8,CLIP-D,patch_max,/media/CrispyMcMarkInc/fake-images-img2img/00021_sd3_fp8_seed144_s30_g3.5_str0.3.png,fake,0.8179082870483398,0.4926557540893554,1,fake,patch_max
sd35_fp16,CLIP-D,patch_max,/media/CrispyMcMarkInc/fake-images-img2img/00054_sd35_fp16_seed177_s30_g3.5_str0.3.png,fake,0.9271459579467772,0.4772157669067383,1,fake,patch_max
sd15_fp16,CLIP-D,patch_max,/media/CrispyMcMarkInc/fake-images-img2img/00096_sd15_fp16_seed219_s30_g3.5_str0.3.png,fake,0.7918983101844788,0.4817302227020263,1,fake,patch_max
sd15_fp16,CLIP-D,patch_max,/media/CrispyMcMarkInc/fake-images-img2img/00079_sd15_fp16_seed202_s30_g3.5_str0.3.png,fake,0.9065024852752686,0.4777212142944336,1,fake,patch_max
sd3_fp16,CLIP-D,patch_max,/media/CrispyMcMarkInc/fake-images-img2img/00010_sd3_fp16_seed133_s30_g3.5_str0.3.png,fake,0.898672878742218,0.4796147346496582,1,fake,patch_max
sd15_fp8,CLIP-D,patch_max,/media/CrispyMcMarkInc/fake-images-img2img/00096_sd15_fp8_seed219_s30_g3.5_str0.3.png,fake,0.8009389042854309,0.4809951782226562,1,fake,patch_max
sd3_fp4,CLIP-D,patch_max,/media/CrispyMcMarkInc/fake-images-img2img/00022_sd3_fp4_seed145_s30_g3.5_str0.3.png,fake,0.9645989537239076,0.4778816699981689,1,fake,patch_max
sd15_fp8,CLIP-D,patch_max,/media/CrispyMcMarkInc/fake-images-img2img/00039_sd15_fp8_seed162_s30_g3.5_str0.3.png,fake,0.8520199060440063,0.4812021255493164,1,fake,patch_max
sd15_fp16,CLIP-D,patch_max,/media/CrispyMcMarkInc/fake-images-img2img/00091_sd15_fp16_seed214_s30_g3.5_str0.3.png,fake,0.9863476753234864,0.4942784309387207,1,fake,patch_max
sd3_fp8,CLIP-D,patch_max,/media/CrispyMcMarkInc/fake-images-img2img/00031_sd3_fp8_seed154_s30_g3.5_str0.3.png,fake,0.7931366562843323,0.483349084854126,1,fake,patch_max
sd3_fp8,CLIP-D,patch_max,/media/CrispyMcMarkInc/fake-images-img2img/00037_sd3_fp8_seed160_s30_g3.5_str0.3.png,fake,0.8703525066375732,0.4786233901977539,1,fake,patch_max
sd15_fp16,CLIP-D,patch_max,/media/CrispyMcMarkInc/fake-images-img2img/00030_sd15_fp16_seed153_s30_g3.5_str0.3.png,fake,0.9766075015068054,0.4787871837615967,1,fake,patch_max
sd35_fp4,CLIP-D,patch_max,/media/CrispyMcMarkInc/fake-images-img2img/00001_sd35_fp4_seed124_s30_g3.5_str0.3.png,fake,0.9867963790893556,0.508836030960083,1,fake,patch_max
sd15_fp8,CLIP-D,patch_max,/media/CrispyMcMarkInc/fake-images-img2img/00073_sd15_fp8_seed196_s30_g3.5_str0.3.png,fake,0.8892748355865479,0.5218603610992432,1,fake,patch_max
sd3_fp4,CLIP-D,patch_max,/media/CrispyMcMarkInc/fake-images-img2img/00053_sd3_fp4_seed176_s30_g3.5_str0.3.png,fake,0.9524068236351012,0.5263538360595703,1,fake,patch_max
sd15_fp4,CLIP-D,patch_max,/media/CrispyMcMarkInc/fake-images-img2img/00083_sd15_fp4_seed206_s30_g3.5_str0.3.png,fake,0.9849018454551696,0.6299638748168945,1,fake,patch_max
sd15_fp8,CLIP-D,patch_max,/media/CrispyMcMarkInc/fake-images-img2img/00063_sd15_fp8_seed186_s30_g3.5_str0.3.png,fake,0.9130287766456604,0.512298583984375,1,fake,patch_max
sd3_fp4,CLIP-D,patch_max,/media/CrispyMcMarkInc/fake-images-img2img/00070_sd3_fp4_seed193_s30_g3.5_str0.3.png,fake,0.9802768230438232,0.4940531253814697,1,fake,patch_max
sd15_fp16,CLIP-D,patch_max,/media/CrispyMcMarkInc/fake-images-img2img/00032_sd15_fp16_seed155_s30_g3.5_str0.3.png,fake,0.9909949898719788,0.4975810050964355,1,fake,patch_max
sd3_fp4,CLIP-D,patch_max,/media/CrispyMcMarkInc/fake-images-img2img/00021_sd3_fp4_seed144_s30_g3.5_str0.3.png,fake,0.9890174865722656,0.4934349060058594,1,fake,patch_max
sd15_fp4,CLIP-D,patch_max,/media/CrispyMcMarkInc/fake-images-img2img/00065_sd15_fp4_seed188_s30_g3.5_str0.3.png,fake,0.9872517585754396,0.4939990043640136,1,fake,patch_max
sd3_fp4,CLIP-D,patch_max,/media/CrispyMcMarkInc/fake-images-img2img/00019_sd3_fp4_seed142_s30_g3.5_str0.3.png,fake,0.9382672905921936,0.4782412052154541,1,fake,patch_max
sd3_fp8,CLIP-D,patch_max,/media/CrispyMcMarkInc/fake-images-img2img/00018_sd3_fp8_seed141_s30_g3.5_str0.3.png,fake,0.8216638565063477,0.4906895160675049,1,fake,patch_max
sd3_fp8,CLIP-D,patch_max,/media/CrispyMcMarkInc/fake-images-img2img/00041_sd3_fp8_seed164_s30_g3.5_str0.3.png,fake,0.9498207569122314,0.4786956310272217,1,fake,patch_max
sd15_fp16,CLIP-D,patch_max,/media/CrispyMcMarkInc/fake-images-img2img/00088_sd15_fp16_seed211_s30_g3.5_str0.3.png,fake,0.9595222473144532,0.4889554977416992,1,fake,patch_max
sd15_fp4,CLIP-D,patch_max,/media/CrispyMcMarkInc/fake-images-img2img/00099_sd15_fp4_seed222_s30_g3.5_str0.3.png,fake,0.851423978805542,0.4765329360961914,1,fake,patch_max
sd35_fp16,CLIP-D,patch_max,/media/CrispyMcMarkInc/fake-images-img2img/00072_sd35_fp16_seed195_s30_g3.5_str0.3.png,fake,0.9974270462989808,0.4840612411499023,1,fake,patch_max
sd15_fp16,CLIP-D,patch_max,/media/CrispyMcMarkInc/fake-images-img2img/00086_sd15_fp16_seed209_s30_g3.5_str0.3.png,fake,0.8947891592979431,0.4837696552276611,1,fake,patch_max
sd15_fp4,CLIP-D,patch_max,/media/CrispyMcMarkInc/fake-images-img2img/00094_sd15_fp4_seed217_s30_g3.5_str0.3.png,fake,0.991455376148224,0.4854750633239746,1,fake,patch_max
sd35_fp8,CLIP-D,patch_max,/media/CrispyMcMarkInc/fake-images-img2img/00004_sd35_fp8_seed127_s30_g3.5_str0.3.png,fake,0.6620630025863647,0.4817013740539551,1,fake,patch_max
sd3_fp4,CLIP-D,patch_max,/media/CrispyMcMarkInc/fake-images-img2img/00072_sd3_fp4_seed195_s30_g3.5_str0.3.png,fake,0.9956834316253662,0.4758656024932861,1,fake,patch_max
sd15_fp4,CLIP-D,patch_max,/media/CrispyMcMarkInc/fake-images-img2img/00024_sd15_fp4_seed147_s30_g3.5_str0.3.png,fake,0.9496748447418212,0.4823756217956543,1,fake,patch_max
sd35_fp8,CLIP-D,patch_max,/media/CrispyMcMarkInc/fake-images-img2img/00005_sd35_fp8_seed128_s30_g3.5_str0.3.png,fake,0.9166857600212096,0.4860379695892334,1,fake,patch_max
sd15_fp4,CLIP-D,patch_max,/media/CrispyMcMarkInc/fake-images-img2img/00062_sd15_fp4_seed185_s30_g3.5_str0.3.png,fake,0.9555358290672302,0.4895143508911133,1,fake,patch_max
sd35_fp4,CLIP-D,patch_max,/media/CrispyMcMarkInc/fake-images-img2img/00069_sd35_fp4_seed192_s30_g3.5_str0.3.png,fake,0.9789233803749084,0.4893724918365478,1,fake,patch_max
sd15_fp4,CLIP-D,patch_max,/media/CrispyMcMarkInc/fake-images-img2img/00061_sd15_fp4_seed184_s30_g3.5_str0.3.png,fake,0.9531497359275818,0.4875590801239013,1,fake,patch_max
sd3_fp4,CLIP-D,patch_max,/media/CrispyMcMarkInc/fake-images-img2img/00098_sd3_fp4_seed221_s30_g3.5_str0.3.png,fake,0.9237411618232728,0.481433629989624,1,fake,patch_max
sd15_fp8,CLIP-D,patch_max,/media/CrispyMcMarkInc/fake-images-img2img/00081_sd15_fp8_seed204_s30_g3.5_str0.3.png,fake,0.9569047689437866,0.4931106567382812,1,fake,patch_max
sd35_fp8,CLIP-D,patch_max,/media/CrispyMcMarkInc/fake-images-img2img/00066_sd35_fp8_seed189_s30_g3.5_str0.3.png,fake,0.7387887835502625,0.488748550415039,1,fake,patch_max
sd3_fp4,CLIP-D,patch_max,/media/CrispyMcMarkInc/fake-images-img2img/00080_sd3_fp4_seed203_s30_g3.5_str0.3.png,fake,0.9986230134963988,0.4771568775177002,1,fake,patch_max
sd15_fp8,CLIP-D,patch_max,/media/CrispyMcMarkInc/fake-images-img2img/00097_sd15_fp8_seed220_s30_g3.5_str0.3.png,fake,0.9974971413612366,0.4835140705108642,1,fake,patch_max
sd15_fp8,CLIP-D,patch_max,/media/CrispyMcMarkInc/fake-images-img2img/00028_sd15_fp8_seed151_s30_g3.5_str0.3.png,fake,0.9715025424957277,0.4806630611419678,1,fake,patch_max
sd15_fp4,CLIP-D,patch_max,/media/CrispyMcMarkInc/fake-images-img2img/00011_sd15_fp4_seed134_s30_g3.5_str0.3.png,fake,0.9574785232543944,0.4818201065063476,1,fake,patch_max
sd15_fp8,CLIP-D,patch_max,/media/CrispyMcMarkInc/fake-images-img2img/00023_sd15_fp8_seed146_s30_g3.5_str0.3.png,fake,0.8834312558174133,0.482907772064209,1,fake,patch_max
sd15_fp4,CLIP-D,patch_max,/media/CrispyMcMarkInc/fake-images-img2img/00031_sd15_fp4_seed154_s30_g3.5_str0.3.png,fake,0.7561715245246887,0.5211145877838135,1,fake,patch_max
sd35_fp16,CLIP-D,patch_max,/media/CrispyMcMarkInc/fake-images-img2img/00078_sd35_fp16_seed201_s30_g3.5_str0.3.png,fake,0.9963994026184082,0.5231151580810547,1,fake,patch_max
sd3_fp8,CLIP-D,patch_max,/media/CrispyMcMarkInc/fake-images-img2img/00069_sd3_fp8_seed192_s30_g3.5_str0.3.png,fake,0.9691104292869568,0.5199236869812012,1,fake,patch_max
sd35_fp16,CLIP-D,patch_max,/media/CrispyMcMarkInc/fake-images-img2img/00012_sd35_fp16_seed135_s30_g3.5_str0.3.png,fake,0.9524459838867188,0.6270959377288818,1,fake,patch_max
sd35_fp8,CLIP-D,patch_max,/media/CrispyMcMarkInc/fake-images-img2img/00000_sd35_fp8_seed123_s30_g3.5_str0.3.png,fake,0.988907754421234,0.5163140296936035,1,fake,patch_max
sd35_fp4,CLIP-D,patch_max,/media/CrispyMcMarkInc/fake-images-img2img/00012_sd35_fp4_seed135_s30_g3.5_str0.3.png,fake,0.9748200178146362,0.4834206104278564,1,fake,patch_max
sd3_fp16,CLIP-D,patch_max,/media/CrispyMcMarkInc/fake-images-img2img/00044_sd3_fp16_seed167_s30_g3.5_str0.3.png,fake,0.9492726922035216,0.4822609424591064,1,fake,patch_max
sd3_fp16,CLIP-D,patch_max,/media/CrispyMcMarkInc/fake-images-img2img/00073_sd3_fp16_seed196_s30_g3.5_str0.3.png,fake,0.8719563484191895,0.5015895366668701,1,fake,patch_max
sd35_fp8,CLIP-D,patch_max,/media/CrispyMcMarkInc/fake-images-img2img/00043_sd35_fp8_seed166_s30_g3.5_str0.3.png,fake,0.9947190284729004,0.4936432838439941,1,fake,patch_max
sd35_fp16,CLIP-D,patch_max,/media/CrispyMcMarkInc/fake-images-img2img/00076_sd35_fp16_seed199_s30_g3.5_str0.3.png,fake,0.9532710313796996,0.490917444229126,1,fake,patch_max
sd15_fp4,CLIP-D,patch_max,/media/CrispyMcMarkInc/fake-images-img2img/00076_sd15_fp4_seed199_s30_g3.5_str0.3.png,fake,0.779280424118042,0.4880094528198242,1,fake,patch_max
sd3_fp4,CLIP-D,patch_max,/media/CrispyMcMarkInc/fake-images-img2img/00096_sd3_fp4_seed219_s30_g3.5_str0.3.png,fake,0.9810115098953248,0.5129995346069336,1,fake,patch_max
sd3_fp16,CLIP-D,patch_max,/media/CrispyMcMarkInc/fake-images-img2img/00068_sd3_fp16_seed191_s30_g3.5_str0.3.png,fake,0.953138828277588,0.4805831909179687,1,fake,patch_max
sd15_fp4,CLIP-D,patch_max,/media/CrispyMcMarkInc/fake-images-img2img/00035_sd15_fp4_seed158_s30_g3.5_str0.3.png,fake,0.9851985573768616,0.4785423278808594,1,fake,patch_max
sd3_fp8,CLIP-D,patch_max,/media/CrispyMcMarkInc/fake-images-img2img/00035_sd3_fp8_seed158_s30_g3.5_str0.3.png,fake,0.8720165491104126,0.4778261184692383,1,fake,patch_max
sd15_fp8,CLIP-D,patch_max,/media/CrispyMcMarkInc/fake-images-img2img/00018_sd15_fp8_seed141_s30_g3.5_str0.3.png,fake,0.9634529948234558,0.4809861183166504,1,fake,patch_max
sd15_fp16,CLIP-D,patch_max,/media/CrispyMcMarkInc/fake-images-img2img/00022_sd15_fp16_seed145_s30_g3.5_str0.3.png,fake,0.6214079856872559,0.4894897937774658,1,fake,patch_max
sd35_fp4,CLIP-D,patch_max,/media/CrispyMcMarkInc/fake-images-img2img/00083_sd35_fp4_seed206_s30_g3.5_str0.3.png,fake,0.993780791759491,0.473201036453247,1,fake,patch_max
sd15_fp16,CLIP-D,patch_max,/media/CrispyMcMarkInc/fake-images-img2img/00015_sd15_fp16_seed138_s30_g3.5_str0.3.png,fake,0.7226224541664124,0.4780492782592773,1,fake,patch_max
sd15_fp16,CLIP-D,patch_max,/media/CrispyMcMarkInc/fake-images-img2img/00038_sd15_fp16_seed161_s30_g3.5_str0.3.png,fake,0.983331561088562,0.4771466255187988,1,fake,patch_max
sd35_fp4,CLIP-D,patch_max,/media/CrispyMcMarkInc/fake-images-img2img/00008_sd35_fp4_seed131_s30_g3.5_str0.3.png,real,0.4568674862384796,0.4825646877288818,1,fake,patch_max
sd3_fp8,CLIP-D,patch_max,/media/CrispyMcMarkInc/fake-images-img2img/00062_sd3_fp8_seed185_s30_g3.5_str0.3.png,fake,0.9904696345329284,0.4963736534118652,1,fake,patch_max
sd35_fp4,CLIP-D,patch_max,/media/CrispyMcMarkInc/fake-images-img2img/00059_sd35_fp4_seed182_s30_g3.5_str0.3.png,fake,0.6760968565940857,0.4863629341125488,1,fake,patch_max
sd3_fp4,CLIP-D,patch_max,/media/CrispyMcMarkInc/fake-images-img2img/00010_sd3_fp4_seed133_s30_g3.5_str0.3.png,fake,0.9323527812957764,0.4888920783996582,1,fake,patch_max
sd35_fp16,CLIP-D,patch_max,/media/CrispyMcMarkInc/fake-images-img2img/00011_sd35_fp16_seed134_s30_g3.5_str0.3.png,fake,0.8472438454627991,0.4841125011444092,1,fake,patch_max
sd35_fp8,CLIP-D,patch_max,/media/CrispyMcMarkInc/fake-images-img2img/00015_sd35_fp8_seed138_s30_g3.5_str0.3.png,fake,0.9280952215194702,0.4868700504302978,1,fake,patch_max
sd3_fp16,CLIP-D,patch_max,/media/CrispyMcMarkInc/fake-images-img2img/00078_sd3_fp16_seed201_s30_g3.5_str0.3.png,fake,0.9816864728927612,0.5202808380126953,1,fake,patch_max
sd35_fp16,CLIP-D,patch_max,/media/CrispyMcMarkInc/fake-images-img2img/00014_sd35_fp16_seed137_s30_g3.5_str0.3.png,fake,0.8819599747657776,0.5223560333251953,1,fake,patch_max
sd3_fp16,CLIP-D,patch_max,/media/CrispyMcMarkInc/fake-images-img2img/00039_sd3_fp16_seed162_s30_g3.5_str0.3.png,fake,0.8686728477478027,0.5852985382080078,1,fake,patch_max
sd15_fp4,CLIP-D,patch_max,/media/CrispyMcMarkInc/fake-images-img2img/00027_sd15_fp4_seed150_s30_g3.5_str0.3.png,fake,0.9789157509803772,0.6317431926727295,1,fake,patch_max
sd3_fp8,CLIP-D,patch_max,/media/CrispyMcMarkInc/fake-images-img2img/00093_sd3_fp8_seed216_s30_g3.5_str0.3.png,fake,0.9559186697006226,0.516864538192749,1,fake,patch_max
sd15_fp8,CLIP-D,patch_max,/media/CrispyMcMarkInc/fake-images-img2img/00074_sd15_fp8_seed197_s30_g3.5_str0.3.png,fake,0.9562299847602844,0.4918470382690429,1,fake,patch_max
sd35_fp8,CLIP-D,patch_max,/media/CrispyMcMarkInc/fake-images-img2img/00013_sd35_fp8_seed136_s30_g3.5_str0.3.png,fake,0.9011035561561584,0.4871442317962646,1,fake,patch_max
sd3_fp8,CLIP-D,patch_max,/media/CrispyMcMarkInc/fake-images-img2img/00055_sd3_fp8_seed178_s30_g3.5_str0.3.png,fake,0.9155527949333192,0.4992251396179199,1,fake,patch_max
sd35_fp4,CLIP-D,patch_max,/media/CrispyMcMarkInc/fake-images-img2img/00053_sd35_fp4_seed176_s30_g3.5_str0.3.png,fake,0.7274548411369324,0.483539342880249,1,fake,patch_max
sd3_fp16,CLIP-D,patch_max,/media/CrispyMcMarkInc/fake-images-img2img/00001_sd3_fp16_seed124_s30_g3.5_str0.3.png,fake,0.9589608907699584,0.4746448993682861,1,fake,patch_max
sd15_fp8,CLIP-D,patch_max,/media/CrispyMcMarkInc/fake-images-img2img/00049_sd15_fp8_seed172_s30_g3.5_str0.3.png,fake,0.9870206117630004,0.4871044158935547,1,fake,patch_max
sd3_fp8,CLIP-D,patch_max,/media/CrispyMcMarkInc/fake-images-img2img/00033_sd3_fp8_seed156_s30_g3.5_str0.3.png,fake,0.99256694316864,0.4925668239593506,1,fake,patch_max
sd15_fp4,CLIP-D,patch_max,/media/CrispyMcMarkInc/fake-images-img2img/00037_sd15_fp4_seed160_s30_g3.5_str0.3.png,fake,0.962960958480835,0.4832947254180908,1,fake,patch_max
sd15_fp8,CLIP-D,patch_max,/media/CrispyMcMarkInc/fake-images-img2img/00046_sd15_fp8_seed169_s30_g3.5_str0.3.png,fake,0.7569542527198792,0.4865376949310303,1,fake,patch_max
sd3_fp8,CLIP-D,patch_max,/media/CrispyMcMarkInc/fake-images-img2img/00005_sd3_fp8_seed128_s30_g3.5_str0.3.png,fake,0.8033407926559448,0.488088846206665,1,fake,patch_max
sd15_fp8,CLIP-D,patch_max,/media/CrispyMcMarkInc/fake-images-img2img/00031_sd15_fp8_seed154_s30_g3.5_str0.3.png,fake,0.7914963960647583,0.4799187183380127,1,fake,patch_max
sd35_fp8,CLIP-D,patch_max,/media/CrispyMcMarkInc/fake-images-img2img/00084_sd35_fp8_seed207_s30_g3.5_str0.3.png,fake,0.887262761592865,0.4748768806457519,1,fake,patch_max
sd35_fp4,CLIP-D,patch_max,/media/CrispyMcMarkInc/fake-images-img2img/00073_sd35_fp4_seed196_s30_g3.5_str0.3.png,fake,0.9243702292442322,0.4777746200561523,1,fake,patch_max
sd15_fp16,CLIP-D,patch_max,/media/CrispyMcMarkInc/fake-images-img2img/00056_sd15_fp16_seed179_s30_g3.5_str0.3.png,fake,0.9592078924179076,0.4785628318786621,1,fake,patch_max
sd15_fp8,CLIP-D,patch_max,/media/CrispyMcMarkInc/fake-images-img2img/00034_sd15_fp8_seed157_s30_g3.5_str0.3.png,fake,0.9088396430015564,0.4601325988769531,1,fake,patch_max
sd3_fp4,CLIP-D,patch_max,/media/CrispyMcMarkInc/fake-images-img2img/00050_sd3_fp4_seed173_s30_g3.5_str0.3.png,fake,0.936186671257019,0.4760503768920898,1,fake,patch_max
sd35_fp8,CLIP-D,patch_max,/media/CrispyMcMarkInc/fake-images-img2img/00046_sd35_fp8_seed169_s30_g3.5_str0.3.png,fake,0.696994423866272,0.478306770324707,1,fake,patch_max
sd15_fp8,CLIP-D,patch_max,/media/CrispyMcMarkInc/fake-images-img2img/00040_sd15_fp8_seed163_s30_g3.5_str0.3.png,fake,0.9768798351287842,0.4809131622314453,1,fake,patch_max
sd3_fp8,CLIP-D,patch_max,/media/CrispyMcMarkInc/fake-images-img2img/00013_sd3_fp8_seed136_s30_g3.5_str0.3.png,fake,0.9355923533439636,0.4762570858001709,1,fake,patch_max
sd3_fp16,CLIP-D,patch_max,/media/CrispyMcMarkInc/fake-images-img2img/00035_sd3_fp16_seed158_s30_g3.5_str0.3.png,fake,0.8662434220314026,0.4878761768341064,1,fake,patch_max
sd3_fp4,CLIP-D,patch_max,/media/CrispyMcMarkInc/fake-images-img2img/00066_sd3_fp4_seed189_s30_g3.5_str0.3.png,fake,0.9402601718902588,0.4830965995788574,1,fake,patch_max
sd3_fp16,CLIP-D,patch_max,/media/CrispyMcMarkInc/fake-images-img2img/00018_sd3_fp16_seed141_s30_g3.5_str0.3.png,fake,0.8257233500480652,0.4789032936096191,1,fake,patch_max
sd3_fp4,CLIP-D,patch_max,/media/CrispyMcMarkInc/fake-images-img2img/00023_sd3_fp4_seed146_s30_g3.5_str0.3.png,fake,0.9262135028839112,0.4816195964813232,1,fake,patch_max
sd15_fp8,CLIP-D,patch_max,/media/CrispyMcMarkInc/fake-images-img2img/00067_sd15_fp8_seed190_s30_g3.5_str0.3.png,fake,0.9879441261291504,0.5234048366546631,1,fake,patch_max
sd15_fp8,CLIP-D,patch_max,/media/CrispyMcMarkInc/fake-images-img2img/00048_sd15_fp8_seed171_s30_g3.5_str0.3.png,fake,0.9878323078155518,0.5271017551422119,1,fake,patch_max
sd15_fp8,CLIP-D,patch_max,/media/CrispyMcMarkInc/fake-images-img2img/00044_sd15_fp8_seed167_s30_g3.5_str0.3.png,fake,0.9908459782600404,0.632190465927124,1,fake,patch_max
sd3_fp16,CLIP-D,patch_max,/media/CrispyMcMarkInc/fake-images-img2img/00099_sd3_fp16_seed222_s30_g3.5_str0.3.png,fake,0.9623717069625854,0.5072860717773438,1,fake,patch_max
sd35_fp4,CLIP-D,patch_max,/media/CrispyMcMarkInc/fake-images-img2img/00013_sd35_fp4_seed136_s30_g3.5_str0.3.png,fake,0.9407454133033752,0.4916849136352539,1,fake,patch_max
sd35_fp16,CLIP-D,patch_max,/media/CrispyMcMarkInc/fake-images-img2img/00085_sd35_fp16_seed208_s30_g3.5_str0.3.png,fake,0.9317149519920348,0.5125012397766113,1,fake,patch_max
sd15_fp16,CLIP-D,patch_max,/media/CrispyMcMarkInc/fake-images-img2img/00097_sd15_fp16_seed220_s30_g3.5_str0.3.png,fake,0.9977349042892456,0.4976706504821777,1,fake,patch_max
sd15_fp16,CLIP-D,patch_max,/media/CrispyMcMarkInc/fake-images-img2img/00000_sd15_fp16_seed123_s30_g3.5_str0.3.png,fake,0.9216886162757874,0.4903073310852051,1,fake,patch_max
sd35_fp16,CLIP-D,patch_max,/media/CrispyMcMarkInc/fake-images-img2img/00017_sd35_fp16_seed140_s30_g3.5_str0.3.png,fake,0.9937663078308104,0.4986231327056885,1,fake,patch_max
sd35_fp4,CLIP-D,patch_max,/media/CrispyMcMarkInc/fake-images-img2img/00057_sd35_fp4_seed180_s30_g3.5_str0.3.png,fake,0.6910927295684814,0.4845471382141113,1,fake,patch_max
sd3_fp8,CLIP-D,patch_max,/media/CrispyMcMarkInc/fake-images-img2img/00014_sd3_fp8_seed137_s30_g3.5_str0.3.png,fake,0.7568420767784119,0.4720766544342041,1,fake,patch_max
sd35_fp4,CLIP-D,patch_max,/media/CrispyMcMarkInc/fake-images-img2img/00016_sd35_fp4_seed139_s30_g3.5_str0.3.png,fake,0.7713832259178162,0.4777357578277588,1,fake,patch_max
sd15_fp4,CLIP-D,patch_max,/media/CrispyMcMarkInc/fake-images-img2img/00034_sd15_fp4_seed157_s30_g3.5_str0.3.png,fake,0.9088396430015564,0.4597504138946533,1,fake,patch_max
sd3_fp16,CLIP-D,patch_max,/media/CrispyMcMarkInc/fake-images-img2img/00041_sd3_fp16_seed164_s30_g3.5_str0.3.png,fake,0.8858005404472351,0.4775550365447998,1,fake,patch_max
sd3_fp8,CLIP-D,patch_max,/media/CrispyMcMarkInc/fake-images-img2img/00048_sd3_fp8_seed171_s30_g3.5_str0.3.png,fake,0.9953952431678772,0.4767704010009765,1,fake,patch_max
sd3_fp8,CLIP-D,patch_max,/media/CrispyMcMarkInc/fake-images-img2img/00085_sd3_fp8_seed208_s30_g3.5_str0.3.png,fake,0.946674644947052,0.4814832210540771,1,fake,patch_max
sd35_fp8,CLIP-D,patch_max,/media/CrispyMcMarkInc/fake-images-img2img/00087_sd35_fp8_seed210_s30_g3.5_str0.3.png,fake,0.9953898191452026,0.4768128395080566,1,fake,patch_max
sd35_fp8,CLIP-D,patch_max,/media/CrispyMcMarkInc/fake-images-img2img/00060_sd35_fp8_seed183_s30_g3.5_str0.3.png,fake,0.9685006141662598,0.4847915172576904,1,fake,patch_max
sd35_fp4,CLIP-D,patch_max,/media/CrispyMcMarkInc/fake-images-img2img/00063_sd35_fp4_seed186_s30_g3.5_str0.3.png,fake,0.994178295135498,0.4944002628326416,1,fake,patch_max
sd35_fp8,CLIP-D,patch_max,/media/CrispyMcMarkInc/fake-images-img2img/00012_sd35_fp8_seed135_s30_g3.5_str0.3.png,fake,0.975336730480194,0.4831888675689697,1,fake,patch_max
sd35_fp16,CLIP-D,patch_max,/media/CrispyMcMarkInc/fake-images-img2img/00040_sd35_fp16_seed163_s30_g3.5_str0.3.png,fake,0.9844048619270324,0.4817605018615722,1,fake,patch_max
sd15_fp4,CLIP-D,patch_max,/media/CrispyMcMarkInc/fake-images-img2img/00059_sd15_fp4_seed182_s30_g3.5_str0.3.png,fake,0.8029084801673889,0.5172176361083984,1,fake,patch_max
sd3_fp16,CLIP-D,patch_max,/media/CrispyMcMarkInc/fake-images-img2img/00031_sd3_fp16_seed154_s30_g3.5_str0.3.png,fake,0.8930514454841614,0.5272035598754883,1,fake,patch_max
sd35_fp4,CLIP-D,patch_max,/media/CrispyMcMarkInc/fake-images-img2img/00054_sd35_fp4_seed177_s30_g3.5_str0.3.png,fake,0.9567316770553588,0.5254395008087158,1,fake,patch_max
sd15_fp8,CLIP-D,patch_max,/media/CrispyMcMarkInc/fake-images-img2img/00033_sd15_fp8_seed156_s30_g3.5_str0.3.png,fake,0.9512084126472472,0.519768476486206,1,fake,patch_max
sd3_fp8,CLIP-D,patch_max,/media/CrispyMcMarkInc/fake-images-img2img/00053_sd3_fp8_seed176_s30_g3.5_str0.3.png,fake,0.6407204270362854,0.5198357105255127,1,fake,patch_max
sd15_fp16,CLIP-D,patch_max,/media/CrispyMcMarkInc/fake-images-img2img/00084_sd15_fp16_seed207_s30_g3.5_str0.3.png,fake,0.9666349291801452,0.5293703079223633,1,fake,patch_max
sd3_fp16,CLIP-D,patch_max,/media/CrispyMcMarkInc/fake-images-img2img/00027_sd3_fp16_seed150_s30_g3.5_str0.3.png,fake,0.972610592842102,0.5308027267456055,1,fake,patch_max
sd35_fp8,CLIP-D,patch_max,/media/CrispyMcMarkInc/fake-images-img2img/00083_sd35_fp8_seed206_s30_g3.5_str0.3.png,fake,0.9915521144866944,0.6292629241943359,1,fake,patch_max
sd35_fp4,CLIP-D,patch_max,/media/CrispyMcMarkInc/fake-images-img2img/00010_sd35_fp4_seed133_s30_g3.5_str0.3.png,fake,0.9857749938964844,0.5055367946624756,1,fake,patch_max
sd15_fp8,CLIP-D,patch_max,/media/CrispyMcMarkInc/fake-images-img2img/00015_sd15_fp8_seed138_s30_g3.5_str0.3.png,fake,0.7204784750938416,0.4960353374481201,1,fake,patch_max
sd15_fp8,CLIP-D,patch_max,/media/CrispyMcMarkInc/fake-images-img2img/00068_sd15_fp8_seed191_s30_g3.5_str0.3.png,fake,0.9268559217453004,0.4987578392028808,1,fake,patch_max
sd3_fp16,CLIP-D,patch_max,/media/CrispyMcMarkInc/fake-images-img2img/00059_sd3_fp16_seed182_s30_g3.5_str0.3.png,fake,0.5997507572174072,0.4828295707702636,1,fake,patch_max
sd3_fp8,CLIP-D,patch_max,/media/CrispyMcMarkInc/fake-images-img2img/00096_sd3_fp8_seed219_s30_g3.5_str0.3.png,fake,0.7617009282112122,0.4854931831359863,1,fake,patch_max
sd15_fp4,CLIP-D,patch_max,/media/CrispyMcMarkInc/fake-images-img2img/00073_sd15_fp4_seed196_s30_g3.5_str0.3.png,fake,0.9400227665901184,0.4880590438842773,1,fake,patch_max
sd3_fp16,CLIP-D,patch_max,/media/CrispyMcMarkInc/fake-images-img2img/00057_sd3_fp16_seed180_s30_g3.5_str0.3.png,fake,0.7126050591468811,0.4814541339874267,1,fake,patch_max
99,CLIP-D,patch_max,/media/CrispyMcMarkInc/Real_cropped_1024/00099.jpg,fake,0.9434181451797484,9.833699703216553,0,real,patch_max
26,CLIP-D,patch_max,/media/CrispyMcMarkInc/Real_cropped_1024/00026.jpg,fake,0.713660717010498,9.368024587631226,0,real,patch_max
29,CLIP-D,patch_max,/media/CrispyMcMarkInc/Real_cropped_1024/00029.jpg,fake,0.9536052346229552,6.711397647857666,0,real,patch_max
40,CLIP-D,patch_max,/media/CrispyMcMarkInc/Real_cropped_1024/00040.jpg,fake,0.9933269023895264,8.65738844871521,0,real,patch_max
95,CLIP-D,patch_max,/media/CrispyMcMarkInc/Real_cropped_1024/00095.jpg,fake,0.9872746467590332,8.731921195983887,0,real,patch_max
94,CLIP-D,patch_max,/media/CrispyMcMarkInc/Real_cropped_1024/00094.jpg,fake,0.9971228241920472,0.8143472671508789,0,real,patch_max
77,CLIP-D,patch_max,/media/CrispyMcMarkInc/Real_cropped_1024/00077.jpg,fake,0.9592455625534058,0.8552825450897217,0,real,patch_max
76,CLIP-D,patch_max,/media/CrispyMcMarkInc/Real_cropped_1024/00076.jpg,fake,0.9287525415420532,5.31703782081604,0,real,patch_max
37,CLIP-D,patch_max,/media/CrispyMcMarkInc/Real_cropped_1024/00037.jpg,fake,0.9829657673835754,0.650029182434082,0,real,patch_max
74,CLIP-D,patch_max,/media/CrispyMcMarkInc/Real_cropped_1024/00074.jpg,fake,0.9542996883392334,9.912228107452393,0,real,patch_max
1,CLIP-D,patch_max,/media/CrispyMcMarkInc/Real_cropped_1024/00001.jpg,fake,0.9794304370880128,0.5545003414154053,0,real,patch_max
5,CLIP-D,patch_max,/media/CrispyMcMarkInc/Real_cropped_1024/00005.jpg,fake,0.9766026735305786,3.824901342391968,0,real,patch_max
98,CLIP-D,patch_max,/media/CrispyMcMarkInc/Real_cropped_1024/00098.jpg,fake,0.9626623392105104,0.6696667671203613,0,real,patch_max
46,CLIP-D,patch_max,/media/CrispyMcMarkInc/Real_cropped_1024/00046.jpg,fake,0.7838261127471924,1.1929752826690674,0,real,patch_max
79,CLIP-D,patch_max,/media/CrispyMcMarkInc/Real_cropped_1024/00079.jpg,fake,0.9415441155433656,0.6078243255615234,0,real,patch_max
90,CLIP-D,patch_max,/media/CrispyMcMarkInc/Real_cropped_1024/00090.jpg,real,0.4715323746204376,1.1004276275634766,0,real,patch_max
85,CLIP-D,patch_max,/media/CrispyMcMarkInc/Real_cropped_1024/00085.jpg,fake,0.973834216594696,1.940327882766724,0,real,patch_max
71,CLIP-D,patch_max,/media/CrispyMcMarkInc/Real_cropped_1024/00071.jpg,fake,0.8193259239196777,0.703087568283081,0,real,patch_max
70,CLIP-D,patch_max,/media/CrispyMcMarkInc/Real_cropped_1024/00070.jpg,fake,0.935363233089447,0.8941495418548584,0,real,patch_max
47,CLIP-D,patch_max,/media/CrispyMcMarkInc/Real_cropped_1024/00047.jpg,fake,0.993374526500702,0.4785230159759521,0,real,patch_max
42,CLIP-D,patch_max,/media/CrispyMcMarkInc/Real_cropped_1024/00042.jpg,fake,0.8959348201751709,1.4370737075805664,0,real,patch_max
3,CLIP-D,patch_max,/media/CrispyMcMarkInc/Real_cropped_1024/00003.jpg,fake,0.9890623688697816,0.7564561367034912,0,real,patch_max
68,CLIP-D,patch_max,/media/CrispyMcMarkInc/Real_cropped_1024/00068.jpg,fake,0.9792572259902954,0.5740516185760498,0,real,patch_max
62,CLIP-D,patch_max,/media/CrispyMcMarkInc/Real_cropped_1024/00062.jpg,fake,0.9335201978683472,0.606644868850708,0,real,patch_max
24,CLIP-D,patch_max,/media/CrispyMcMarkInc/Real_cropped_1024/00024.jpg,fake,0.975470244884491,0.4870500564575195,0,real,patch_max
10,CLIP-D,patch_max,/media/CrispyMcMarkInc/Real_cropped_1024/00010.jpg,fake,0.9896966218948364,0.8190269470214844,0,real,patch_max
11,CLIP-D,patch_max,/media/CrispyMcMarkInc/Real_cropped_1024/00011.jpg,fake,0.8022293448448181,3.2784130573272705,0,real,patch_max
89,CLIP-D,patch_max,/media/CrispyMcMarkInc/Real_cropped_1024/00089.jpg,fake,0.9135885834693908,0.585291862487793,0,real,patch_max
55,CLIP-D,patch_max,/media/CrispyMcMarkInc/Real_cropped_1024/00055.jpg,fake,0.9189823865890504,0.5105419158935547,0,real,patch_max
16,CLIP-D,patch_max,/media/CrispyMcMarkInc/Real_cropped_1024/00016.jpg,fake,0.8522170782089233,7.674417972564697,0,real,patch_max
93,CLIP-D,patch_max,/media/CrispyMcMarkInc/Real_cropped_1024/00093.jpg,fake,0.983458399772644,1.28678297996521,0,real,patch_max
86,CLIP-D,patch_max,/media/CrispyMcMarkInc/Real_cropped_1024/00086.jpg,fake,0.9765563011169434,0.4721975326538086,0,real,patch_max
23,CLIP-D,patch_max,/media/CrispyMcMarkInc/Real_cropped_1024/00023.jpg,fake,0.968109965324402,0.7125766277313232,0,real,patch_max
20,CLIP-D,patch_max,/media/CrispyMcMarkInc/Real_cropped_1024/00020.jpg,fake,0.813226044178009,0.729745626449585,0,real,patch_max
32,CLIP-D,patch_max,/media/CrispyMcMarkInc/Real_cropped_1024/00032.jpg,fake,0.9940308928489684,0.582597017288208,0,real,patch_max
48,CLIP-D,patch_max,/media/CrispyMcMarkInc/Real_cropped_1024/00048.jpg,fake,0.9713860154151917,0.9614849090576172,0,real,patch_max
44,CLIP-D,patch_max,/media/CrispyMcMarkInc/Real_cropped_1024/00044.jpg,fake,0.9673965573310852,0.6582911014556885,0,real,patch_max
4,CLIP-D,patch_max,/media/CrispyMcMarkInc/Real_cropped_1024/00004.jpg,fake,0.8772807121276855,0.815683126449585,0,real,patch_max
53,CLIP-D,patch_max,/media/CrispyMcMarkInc/Real_cropped_1024/00053.jpg,fake,0.8144299983978271,0.8884258270263672,0,real,patch_max
14,CLIP-D,patch_max,/media/CrispyMcMarkInc/Real_cropped_1024/00014.jpg,fake,0.8785408139228821,0.5373075008392334,0,real,patch_max
80,CLIP-D,patch_max,/media/CrispyMcMarkInc/Real_cropped_1024/00080.jpg,fake,0.9954324960708618,0.6093413829803467,0,real,patch_max
15,CLIP-D,patch_max,/media/CrispyMcMarkInc/Real_cropped_1024/00015.jpg,fake,0.937450110912323,1.1703498363494873,0,real,patch_max
35,CLIP-D,patch_max,/media/CrispyMcMarkInc/Real_cropped_1024/00035.jpg,fake,0.9842246770858764,0.5066413879394531,0,real,patch_max
75,CLIP-D,patch_max,/media/CrispyMcMarkInc/Real_cropped_1024/00075.jpg,fake,0.924151599407196,0.4933881759643554,0,real,patch_max
64,CLIP-D,patch_max,/media/CrispyMcMarkInc/Real_cropped_1024/00064.jpg,fake,0.9172961115837096,0.5948038101196289,0,real,patch_max
69,CLIP-D,patch_max,/media/CrispyMcMarkInc/Real_cropped_1024/00069.jpg,fake,0.9620012044906616,0.4949429035186767,0,real,patch_max
96,CLIP-D,patch_max,/media/CrispyMcMarkInc/Real_cropped_1024/00096.jpg,fake,0.9813434481620787,9.277905464172363,0,real,patch_max
78,CLIP-D,patch_max,/media/CrispyMcMarkInc/Real_cropped_1024/00078.jpg,fake,0.9958290457725524,0.7233278751373291,0,real,patch_max
60,CLIP-D,patch_max,/media/CrispyMcMarkInc/Real_cropped_1024/00060.jpg,fake,0.9288533926010132,0.6884093284606934,0,real,patch_max
28,CLIP-D,patch_max,/media/CrispyMcMarkInc/Real_cropped_1024/00028.jpg,fake,0.9479299783706664,3.8016762733459473,0,real,patch_max
18,CLIP-D,patch_max,/media/CrispyMcMarkInc/Real_cropped_1024/00018.jpg,fake,0.9816693663597108,0.7254672050476074,0,real,patch_max
31,CLIP-D,patch_max,/media/CrispyMcMarkInc/Real_cropped_1024/00031.jpg,fake,0.928050935268402,0.4829156398773193,0,real,patch_max
52,CLIP-D,patch_max,/media/CrispyMcMarkInc/Real_cropped_1024/00052.jpg,fake,0.9776039123535156,0.5194456577301025,0,real,patch_max
19,CLIP-D,patch_max,/media/CrispyMcMarkInc/Real_cropped_1024/00019.jpg,fake,0.963827908039093,1.9563946723937988,0,real,patch_max
65,CLIP-D,patch_max,/media/CrispyMcMarkInc/Real_cropped_1024/00065.jpg,fake,0.8755461573600769,0.5656938552856445,0,real,patch_max
82,CLIP-D,patch_max,/media/CrispyMcMarkInc/Real_cropped_1024/00082.jpg,fake,0.9699043035507202,0.7188291549682617,0,real,patch_max
25,CLIP-D,patch_max,/media/CrispyMcMarkInc/Real_cropped_1024/00025.jpg,fake,0.9655745029449464,0.5366148948669434,0,real,patch_max
83,CLIP-D,patch_max,/media/CrispyMcMarkInc/Real_cropped_1024/00083.jpg,fake,0.944404125213623,0.6891651153564453,0,real,patch_max
59,CLIP-D,patch_max,/media/CrispyMcMarkInc/Real_cropped_1024/00059.jpg,fake,0.7562500238418579,1.0200691223144531,0,real,patch_max
92,CLIP-D,patch_max,/media/CrispyMcMarkInc/Real_cropped_1024/00092.jpg,fake,0.8424230813980103,0.5878307819366455,0,real,patch_max
88,CLIP-D,patch_max,/media/CrispyMcMarkInc/Real_cropped_1024/00088.jpg,fake,0.953616738319397,0.724614143371582,0,real,patch_max
56,CLIP-D,patch_max,/media/CrispyMcMarkInc/Real_cropped_1024/00056.jpg,fake,0.9809864163398744,0.545365571975708,0,real,patch_max
9,CLIP-D,patch_max,/media/CrispyMcMarkInc/Real_cropped_1024/00009.jpg,fake,0.9173102974891664,0.6014680862426758,0,real,patch_max
91,CLIP-D,patch_max,/media/CrispyMcMarkInc/Real_cropped_1024/00091.jpg,fake,0.9902948141098022,0.48067307472229,0,real,patch_max
7,CLIP-D,patch_max,/media/CrispyMcMarkInc/Real_cropped_1024/00007.jpg,fake,0.9534605741500854,0.4841103553771972,0,real,patch_max
67,CLIP-D,patch_max,/media/CrispyMcMarkInc/Real_cropped_1024/00067.jpg,fake,0.97575443983078,0.8065245151519775,0,real,patch_max
66,CLIP-D,patch_max,/media/CrispyMcMarkInc/Real_cropped_1024/00066.jpg,fake,0.8684388995170593,0.6221363544464111,0,real,patch_max
0,CLIP-D,patch_max,/media/CrispyMcMarkInc/Real_cropped_1024/00000.jpg,fake,0.9463996291160583,0.7728843688964844,0,real,patch_max
54,CLIP-D,patch_max,/media/CrispyMcMarkInc/Real_cropped_1024/00054.jpg,fake,0.8912598490715027,0.4976506233215332,0,real,patch_max
2,CLIP-D,patch_max,/media/CrispyMcMarkInc/Real_cropped_1024/00002.jpg,fake,0.9791168570518494,0.8423616886138916,0,real,patch_max
72,CLIP-D,patch_max,/media/CrispyMcMarkInc/Real_cropped_1024/00072.jpg,fake,0.8004286289215088,1.3728723526000977,0,real,patch_max
36,CLIP-D,patch_max,/media/CrispyMcMarkInc/Real_cropped_1024/00036.jpg,fake,0.9421623945236206,0.5172328948974609,0,real,patch_max
84,CLIP-D,patch_max,/media/CrispyMcMarkInc/Real_cropped_1024/00084.jpg,fake,0.957111120223999,0.5139932632446289,0,real,patch_max
8,CLIP-D,patch_max,/media/CrispyMcMarkInc/Real_cropped_1024/00008.jpg,fake,0.6290557980537415,7.120703220367432,0,real,patch_max
49,CLIP-D,patch_max,/media/CrispyMcMarkInc/Real_cropped_1024/00049.jpg,fake,0.9886239767074584,0.9013385772705078,0,real,patch_max
38,CLIP-D,patch_max,/media/CrispyMcMarkInc/Real_cropped_1024/00038.jpg,fake,0.8951928615570068,1.7641849517822266,0,real,patch_max
39,CLIP-D,patch_max,/media/CrispyMcMarkInc/Real_cropped_1024/00039.jpg,fake,0.9484520554542542,0.4701504707336426,0,real,patch_max
6,CLIP-D,patch_max,/media/CrispyMcMarkInc/Real_cropped_1024/00006.jpg,fake,0.9564428329467772,0.4904015064239502,0,real,patch_max
41,CLIP-D,patch_max,/media/CrispyMcMarkInc/Real_cropped_1024/00041.jpg,fake,0.9860582947731018,0.5230095386505127,0,real,patch_max
87,CLIP-D,patch_max,/media/CrispyMcMarkInc/Real_cropped_1024/00087.jpg,fake,0.9902095794677734,0.4891059398651123,0,real,patch_max
21,CLIP-D,patch_max,/media/CrispyMcMarkInc/Real_cropped_1024/00021.jpg,fake,0.8602796792984009,5.17889142036438,0,real,patch_max
45,CLIP-D,patch_max,/media/CrispyMcMarkInc/Real_cropped_1024/00045.jpg,fake,0.7136446833610535,1.3886613845825195,0,real,patch_max
81,CLIP-D,patch_max,/media/CrispyMcMarkInc/Real_cropped_1024/00081.jpg,fake,0.9366583228111268,0.5999195575714111,0,real,patch_max
13,CLIP-D,patch_max,/media/CrispyMcMarkInc/Real_cropped_1024/00013.jpg,fake,0.9593947529792786,1.1974194049835205,0,real,patch_max
34,CLIP-D,patch_max,/media/CrispyMcMarkInc/Real_cropped_1024/00034.jpg,fake,0.9642723202705384,0.6124212741851807,0,real,patch_max
17,CLIP-D,patch_max,/media/CrispyMcMarkInc/Real_cropped_1024/00017.jpg,fake,0.8326671719551086,1.051342248916626,0,real,patch_max
22,CLIP-D,patch_max,/media/CrispyMcMarkInc/Real_cropped_1024/00022.jpg,fake,0.8249077200889587,1.0334525108337402,0,real,patch_max
12,CLIP-D,patch_max,/media/CrispyMcMarkInc/Real_cropped_1024/00012.jpg,fake,0.9456941485404968,0.5796458721160889,0,real,patch_max
57,CLIP-D,patch_max,/media/CrispyMcMarkInc/Real_cropped_1024/00057.jpg,fake,0.8772210478782654,1.6547796726226809,0,real,patch_max
97,CLIP-D,patch_max,/media/CrispyMcMarkInc/Real_cropped_1024/00097.jpg,fake,0.9629690051078796,0.4653244018554687,0,real,patch_max
51,CLIP-D,patch_max,/media/CrispyMcMarkInc/Real_cropped_1024/00051.jpg,fake,0.7717653512954712,0.4683969020843506,0,real,patch_max
27,CLIP-D,patch_max,/media/CrispyMcMarkInc/Real_cropped_1024/00027.jpg,fake,0.9819127321243286,0.4674062728881836,0,real,patch_max
43,CLIP-D,patch_max,/media/CrispyMcMarkInc/Real_cropped_1024/00043.jpg,fake,0.9959301352500916,0.4581222534179687,0,real,patch_max
73,CLIP-D,patch_max,/media/CrispyMcMarkInc/Real_cropped_1024/00073.jpg,fake,0.9337974786758424,0.4569146633148193,0,real,patch_max
33,CLIP-D,patch_max,/media/CrispyMcMarkInc/Real_cropped_1024/00033.jpg,fake,0.9415355324745178,0.5453147888183594,0,real,patch_max
30,CLIP-D,patch_max,/media/CrispyMcMarkInc/Real_cropped_1024/00030.jpg,fake,0.986957311630249,0.4707789421081543,0,real,patch_max
61,CLIP-D,patch_max,/media/CrispyMcMarkInc/Real_cropped_1024/00061.jpg,fake,0.9025686979293824,0.8047568798065186,0,real,patch_max
63,CLIP-D,patch_max,/media/CrispyMcMarkInc/Real_cropped_1024/00063.jpg,fake,0.9953933954238892,0.453465461730957,0,real,patch_max
50,CLIP-D,patch_max,/media/CrispyMcMarkInc/Real_cropped_1024/00050.jpg,fake,0.9373915195465088,0.4449951648712158,0,real,patch_max
58,CLIP-D,patch_max,/media/CrispyMcMarkInc/Real_cropped_1024/00058.jpg,fake,0.962784230709076,0.4520497322082519,0,real,patch_max
sd35_fp16,CLIP-D,patch_majority,/media/CrispyMcMarkInc/fake-images-img2img/00005_sd35_fp16_seed128_s30_g3.5_str0.3.png,real,0.0,0.5364298820495605,1,fake,patch_majority
sd35_fp8,CLIP-D,patch_majority,/media/CrispyMcMarkInc/fake-images-img2img/00014_sd35_fp8_seed137_s30_g3.5_str0.3.png,fake,1.0,0.5417385101318359,1,fake,patch_majority
sd35_fp4,CLIP-D,patch_majority,/media/CrispyMcMarkInc/fake-images-img2img/00002_sd35_fp4_seed125_s30_g3.5_str0.3.png,real,0.0,0.5402083396911621,1,fake,patch_majority
sd35_fp8,CLIP-D,patch_majority,/media/CrispyMcMarkInc/fake-images-img2img/00086_sd35_fp8_seed209_s30_g3.5_str0.3.png,real,0.0,0.6511225700378418,1,fake,patch_majority
sd35_fp4,CLIP-D,patch_majority,/media/CrispyMcMarkInc/fake-images-img2img/00068_sd35_fp4_seed191_s30_g3.5_str0.3.png,real,0.0,0.7388036251068115,1,fake,patch_majority
sd35_fp16,CLIP-D,patch_majority,/media/CrispyMcMarkInc/fake-images-img2img/00018_sd35_fp16_seed141_s30_g3.5_str0.3.png,real,0.0,0.481579065322876,1,fake,patch_majority
sd35_fp4,CLIP-D,patch_majority,/media/CrispyMcMarkInc/fake-images-img2img/00024_sd35_fp4_seed147_s30_g3.5_str0.3.png,real,0.0,0.5063872337341309,1,fake,patch_majority
sd35_fp8,CLIP-D,patch_majority,/media/CrispyMcMarkInc/fake-images-img2img/00021_sd35_fp8_seed144_s30_g3.5_str0.3.png,real,0.0,0.4877614974975586,1,fake,patch_majority
sd3_fp4,CLIP-D,patch_majority,/media/CrispyMcMarkInc/fake-images-img2img/00055_sd3_fp4_seed178_s30_g3.5_str0.3.png,fake,1.0,0.4799015522003174,1,fake,patch_majority
sd3_fp4,CLIP-D,patch_majority,/media/CrispyMcMarkInc/fake-images-img2img/00085_sd3_fp4_seed208_s30_g3.5_str0.3.png,fake,1.0,0.4806602001190185,1,fake,patch_majority
sd15_fp4,CLIP-D,patch_majority,/media/CrispyMcMarkInc/fake-images-img2img/00092_sd15_fp4_seed215_s30_g3.5_str0.3.png,real,0.0,0.5032846927642822,1,fake,patch_majority
sd35_fp16,CLIP-D,patch_majority,/media/CrispyMcMarkInc/fake-images-img2img/00036_sd35_fp16_seed159_s30_g3.5_str0.3.png,fake,1.0,0.4819893836975097,1,fake,patch_majority
sd35_fp4,CLIP-D,patch_majority,/media/CrispyMcMarkInc/fake-images-img2img/00058_sd35_fp4_seed181_s30_g3.5_str0.3.png,fake,1.0,0.4986729621887207,1,fake,patch_majority
sd3_fp4,CLIP-D,patch_majority,/media/CrispyMcMarkInc/fake-images-img2img/00087_sd3_fp4_seed210_s30_g3.5_str0.3.png,fake,1.0,0.4734792709350586,1,fake,patch_majority
sd3_fp8,CLIP-D,patch_majority,/media/CrispyMcMarkInc/fake-images-img2img/00051_sd3_fp8_seed174_s30_g3.5_str0.3.png,fake,1.0,0.4742953777313232,1,fake,patch_majority
sd15_fp8,CLIP-D,patch_majority,/media/CrispyMcMarkInc/fake-images-img2img/00088_sd15_fp8_seed211_s30_g3.5_str0.3.png,fake,1.0,0.4751143455505371,1,fake,patch_majority
sd3_fp16,CLIP-D,patch_majority,/media/CrispyMcMarkInc/fake-images-img2img/00089_sd3_fp16_seed212_s30_g3.5_str0.3.png,real,0.0,0.4736883640289306,1,fake,patch_majority
sd3_fp4,CLIP-D,patch_majority,/media/CrispyMcMarkInc/fake-images-img2img/00008_sd3_fp4_seed131_s30_g3.5_str0.3.png,real,0.0,0.475170373916626,1,fake,patch_majority
sd3_fp16,CLIP-D,patch_majority,/media/CrispyMcMarkInc/fake-images-img2img/00094_sd3_fp16_seed217_s30_g3.5_str0.3.png,fake,1.0,0.4770209789276123,1,fake,patch_majority
sd3_fp8,CLIP-D,patch_majority,/media/CrispyMcMarkInc/fake-images-img2img/00050_sd3_fp8_seed173_s30_g3.5_str0.3.png,real,0.0,0.4712004661560058,1,fake,patch_majority
sd15_fp4,CLIP-D,patch_majority,/media/CrispyMcMarkInc/fake-images-img2img/00069_sd15_fp4_seed192_s30_g3.5_str0.3.png,real,0.0,0.4742219448089599,1,fake,patch_majority
sd15_fp8,CLIP-D,patch_majority,/media/CrispyMcMarkInc/fake-images-img2img/00094_sd15_fp8_seed217_s30_g3.5_str0.3.png,fake,1.0,0.4746222496032715,1,fake,patch_majority
sd15_fp4,CLIP-D,patch_majority,/media/CrispyMcMarkInc/fake-images-img2img/00067_sd15_fp4_seed190_s30_g3.5_str0.3.png,fake,1.0,0.4816839694976806,1,fake,patch_majority
sd15_fp16,CLIP-D,patch_majority,/media/CrispyMcMarkInc/fake-images-img2img/00004_sd15_fp16_seed127_s30_g3.5_str0.3.png,real,0.0,0.4761536121368408,1,fake,patch_majority
sd3_fp8,CLIP-D,patch_majority,/media/CrispyMcMarkInc/fake-images-img2img/00072_sd3_fp8_seed195_s30_g3.5_str0.3.png,fake,1.0,0.4732077121734619,1,fake,patch_majority
sd35_fp4,CLIP-D,patch_majority,/media/CrispyMcMarkInc/fake-images-img2img/00092_sd35_fp4_seed215_s30_g3.5_str0.3.png,real,0.0,0.4777860641479492,1,fake,patch_majority
sd3_fp4,CLIP-D,patch_majority,/media/CrispyMcMarkInc/fake-images-img2img/00064_sd3_fp4_seed187_s30_g3.5_str0.3.png,real,0.0,0.4776809215545654,1,fake,patch_majority
sd3_fp4,CLIP-D,patch_majority,/media/CrispyMcMarkInc/fake-images-img2img/00032_sd3_fp4_seed155_s30_g3.5_str0.3.png,real,0.0,0.4746074676513672,1,fake,patch_majority
sd35_fp8,CLIP-D,patch_majority,/media/CrispyMcMarkInc/fake-images-img2img/00040_sd35_fp8_seed163_s30_g3.5_str0.3.png,fake,1.0,0.4714856147766113,1,fake,patch_majority
sd3_fp4,CLIP-D,patch_majority,/media/CrispyMcMarkInc/fake-images-img2img/00081_sd3_fp4_seed204_s30_g3.5_str0.3.png,real,0.0,0.4745564460754394,1,fake,patch_majority
sd3_fp4,CLIP-D,patch_majority,/media/CrispyMcMarkInc/fake-images-img2img/00018_sd3_fp4_seed141_s30_g3.5_str0.3.png,real,0.0,0.4769742488861084,1,fake,patch_majority
sd15_fp16,CLIP-D,patch_majority,/media/CrispyMcMarkInc/fake-images-img2img/00083_sd15_fp16_seed206_s30_g3.5_str0.3.png,real,0.0,0.4753875732421875,1,fake,patch_majority
sd3_fp16,CLIP-D,patch_majority,/media/CrispyMcMarkInc/fake-images-img2img/00030_sd3_fp16_seed153_s30_g3.5_str0.3.png,fake,1.0,0.4847748279571533,1,fake,patch_majority
sd3_fp8,CLIP-D,patch_majority,/media/CrispyMcMarkInc/fake-images-img2img/00090_sd3_fp8_seed213_s30_g3.5_str0.3.png,real,0.0,0.4752771854400635,1,fake,patch_majority
sd35_fp8,CLIP-D,patch_majority,/media/CrispyMcMarkInc/fake-images-img2img/00017_sd35_fp8_seed140_s30_g3.5_str0.3.png,real,0.0,0.475069522857666,1,fake,patch_majority
sd15_fp16,CLIP-D,patch_majority,/media/CrispyMcMarkInc/fake-images-img2img/00092_sd15_fp16_seed215_s30_g3.5_str0.3.png,real,0.0,0.4762279987335205,1,fake,patch_majority
sd15_fp16,CLIP-D,patch_majority,/media/CrispyMcMarkInc/fake-images-img2img/00078_sd15_fp16_seed201_s30_g3.5_str0.3.png,fake,1.0,0.4764993190765381,1,fake,patch_majority
sd15_fp4,CLIP-D,patch_majority,/media/CrispyMcMarkInc/fake-images-img2img/00042_sd15_fp4_seed165_s30_g3.5_str0.3.png,fake,1.0,0.4794175624847412,1,fake,patch_majority
sd3_fp4,CLIP-D,patch_majority,/media/CrispyMcMarkInc/fake-images-img2img/00037_sd3_fp4_seed160_s30_g3.5_str0.3.png,fake,1.0,0.4747223854064941,1,fake,patch_majority
sd15_fp8,CLIP-D,patch_majority,/media/CrispyMcMarkInc/fake-images-img2img/00091_sd15_fp8_seed214_s30_g3.5_str0.3.png,fake,1.0,0.4898035526275635,1,fake,patch_majority
sd3_fp8,CLIP-D,patch_majority,/media/CrispyMcMarkInc/fake-images-img2img/00024_sd3_fp8_seed147_s30_g3.5_str0.3.png,real,0.0,0.4734392166137695,1,fake,patch_majority
sd35_fp8,CLIP-D,patch_majority,/media/CrispyMcMarkInc/fake-images-img2img/00081_sd35_fp8_seed204_s30_g3.5_str0.3.png,real,0.0,0.475879430770874,1,fake,patch_majority
sd3_fp4,CLIP-D,patch_majority,/media/CrispyMcMarkInc/fake-images-img2img/00077_sd3_fp4_seed200_s30_g3.5_str0.3.png,fake,1.0,0.4759035110473633,1,fake,patch_majority
sd15_fp4,CLIP-D,patch_majority,/media/CrispyMcMarkInc/fake-images-img2img/00041_sd15_fp4_seed164_s30_g3.5_str0.3.png,real,0.0,0.4729897975921631,1,fake,patch_majority
sd3_fp16,CLIP-D,patch_majority,/media/CrispyMcMarkInc/fake-images-img2img/00091_sd3_fp16_seed214_s30_g3.5_str0.3.png,fake,1.0,0.4759743213653564,1,fake,patch_majority
sd3_fp8,CLIP-D,patch_majority,/media/CrispyMcMarkInc/fake-images-img2img/00036_sd3_fp8_seed159_s30_g3.5_str0.3.png,real,0.0,0.4763514995574951,1,fake,patch_majority
sd15_fp4,CLIP-D,patch_majority,/media/CrispyMcMarkInc/fake-images-img2img/00066_sd15_fp4_seed189_s30_g3.5_str0.3.png,fake,1.0,0.4804177284240722,1,fake,patch_majority
sd3_fp4,CLIP-D,patch_majority,/media/CrispyMcMarkInc/fake-images-img2img/00060_sd3_fp4_seed183_s30_g3.5_str0.3.png,real,0.0,0.473301887512207,1,fake,patch_majority
sd15_fp16,CLIP-D,patch_majority,/media/CrispyMcMarkInc/fake-images-img2img/00070_sd15_fp16_seed193_s30_g3.5_str0.3.png,real,0.0,0.4770858287811279,1,fake,patch_majority
sd15_fp8,CLIP-D,patch_majority,/media/CrispyMcMarkInc/fake-images-img2img/00012_sd15_fp8_seed135_s30_g3.5_str0.3.png,fake,1.0,0.4788353443145752,1,fake,patch_majority
sd35_fp8,CLIP-D,patch_majority,/media/CrispyMcMarkInc/fake-images-img2img/00062_sd35_fp8_seed185_s30_g3.5_str0.3.png,fake,1.0,0.4740774631500244,1,fake,patch_majority
sd15_fp4,CLIP-D,patch_majority,/media/CrispyMcMarkInc/fake-images-img2img/00050_sd15_fp4_seed173_s30_g3.5_str0.3.png,real,0.0,0.4736390113830566,1,fake,patch_majority
sd3_fp4,CLIP-D,patch_majority,/media/CrispyMcMarkInc/fake-images-img2img/00045_sd3_fp4_seed168_s30_g3.5_str0.3.png,real,0.0,0.4736940860748291,1,fake,patch_majority
sd3_fp8,CLIP-D,patch_majority,/media/CrispyMcMarkInc/fake-images-img2img/00007_sd3_fp8_seed130_s30_g3.5_str0.3.png,real,0.0,0.4784605503082275,1,fake,patch_majority
sd3_fp16,CLIP-D,patch_majority,/media/CrispyMcMarkInc/fake-images-img2img/00022_sd3_fp16_seed145_s30_g3.5_str0.3.png,real,0.0,0.4715449810028076,1,fake,patch_majority
sd15_fp4,CLIP-D,patch_majority,/media/CrispyMcMarkInc/fake-images-img2img/00029_sd15_fp4_seed152_s30_g3.5_str0.3.png,fake,1.0,0.4745652675628662,1,fake,patch_majority
sd35_fp16,CLIP-D,patch_majority,/media/CrispyMcMarkInc/fake-images-img2img/00039_sd35_fp16_seed162_s30_g3.5_str0.3.png,real,0.0,0.4749863147735595,1,fake,patch_majority
sd35_fp8,CLIP-D,patch_majority,/media/CrispyMcMarkInc/fake-images-img2img/00041_sd35_fp8_seed164_s30_g3.5_str0.3.png,real,0.0,0.4754641056060791,1,fake,patch_majority
sd35_fp4,CLIP-D,patch_majority,/media/CrispyMcMarkInc/fake-images-img2img/00061_sd35_fp4_seed184_s30_g3.5_str0.3.png,real,0.0,0.477536678314209,1,fake,patch_majority
sd35_fp8,CLIP-D,patch_majority,/media/CrispyMcMarkInc/fake-images-img2img/00079_sd35_fp8_seed202_s30_g3.5_str0.3.png,real,0.0,0.4763710498809814,1,fake,patch_majority
sd15_fp4,CLIP-D,patch_majority,/media/CrispyMcMarkInc/fake-images-img2img/00022_sd15_fp4_seed145_s30_g3.5_str0.3.png,real,0.0,0.4735479354858398,1,fake,patch_majority
sd15_fp4,CLIP-D,patch_majority,/media/CrispyMcMarkInc/fake-images-img2img/00044_sd15_fp4_seed167_s30_g3.5_str0.3.png,fake,1.0,0.4789154529571533,1,fake,patch_majority
sd3_fp16,CLIP-D,patch_majority,/media/CrispyMcMarkInc/fake-images-img2img/00045_sd3_fp16_seed168_s30_g3.5_str0.3.png,real,0.0,0.477104902267456,1,fake,patch_majority
sd15_fp8,CLIP-D,patch_majority,/media/CrispyMcMarkInc/fake-images-img2img/00036_sd15_fp8_seed159_s30_g3.5_str0.3.png,fake,1.0,0.473388671875,1,fake,patch_majority
sd3_fp16,CLIP-D,patch_majority,/media/CrispyMcMarkInc/fake-images-img2img/00047_sd3_fp16_seed170_s30_g3.5_str0.3.png,fake,1.0,0.4733748435974121,1,fake,patch_majority
sd15_fp16,CLIP-D,patch_majority,/media/CrispyMcMarkInc/fake-images-img2img/00027_sd15_fp16_seed150_s30_g3.5_str0.3.png,fake,1.0,0.4787805080413818,1,fake,patch_majority
sd3_fp4,CLIP-D,patch_majority,/media/CrispyMcMarkInc/fake-images-img2img/00061_sd3_fp4_seed184_s30_g3.5_str0.3.png,real,0.0,0.4766180515289306,1,fake,patch_majority
sd15_fp16,CLIP-D,patch_majority,/media/CrispyMcMarkInc/fake-images-img2img/00036_sd15_fp16_seed159_s30_g3.5_str0.3.png,fake,1.0,0.4747445583343506,1,fake,patch_majority
sd3_fp4,CLIP-D,patch_majority,/media/CrispyMcMarkInc/fake-images-img2img/00057_sd3_fp4_seed180_s30_g3.5_str0.3.png,real,0.0,0.4782652854919433,1,fake,patch_majority
sd35_fp8,CLIP-D,patch_majority,/media/CrispyMcMarkInc/fake-images-img2img/00006_sd35_fp8_seed129_s30_g3.5_str0.3.png,real,0.0,0.4787766933441162,1,fake,patch_majority
sd35_fp16,CLIP-D,patch_majority,/media/CrispyMcMarkInc/fake-images-img2img/00079_sd35_fp16_seed202_s30_g3.5_str0.3.png,real,0.0,0.4741332530975342,1,fake,patch_majority
sd15_fp4,CLIP-D,patch_majority,/media/CrispyMcMarkInc/fake-images-img2img/00000_sd15_fp4_seed123_s30_g3.5_str0.3.png,fake,1.0,0.4782946109771728,1,fake,patch_majority
sd35_fp16,CLIP-D,patch_majority,/media/CrispyMcMarkInc/fake-images-img2img/00016_sd35_fp16_seed139_s30_g3.5_str0.3.png,real,0.0,0.4764726161956787,1,fake,patch_majority
sd15_fp4,CLIP-D,patch_majority,/media/CrispyMcMarkInc/fake-images-img2img/00045_sd15_fp4_seed168_s30_g3.5_str0.3.png,real,0.0,0.4759078025817871,1,fake,patch_majority
sd35_fp8,CLIP-D,patch_majority,/media/CrispyMcMarkInc/fake-images-img2img/00033_sd35_fp8_seed156_s30_g3.5_str0.3.png,fake,1.0,0.4721071720123291,1,fake,patch_majority
sd35_fp16,CLIP-D,patch_majority,/media/CrispyMcMarkInc/fake-images-img2img/00043_sd35_fp16_seed166_s30_g3.5_str0.3.png,fake,1.0,0.4706270694732666,1,fake,patch_majority
sd35_fp16,CLIP-D,patch_majority,/media/CrispyMcMarkInc/fake-images-img2img/00092_sd35_fp16_seed215_s30_g3.5_str0.3.png,real,0.0,0.4754140377044678,1,fake,patch_majority
sd3_fp16,CLIP-D,patch_majority,/media/CrispyMcMarkInc/fake-images-img2img/00076_sd3_fp16_seed199_s30_g3.5_str0.3.png,real,0.0,0.474327802658081,1,fake,patch_majority
sd15_fp8,CLIP-D,patch_majority,/media/CrispyMcMarkInc/fake-images-img2img/00006_sd15_fp8_seed129_s30_g3.5_str0.3.png,real,0.0,0.4769749641418457,1,fake,patch_majority
sd35_fp16,CLIP-D,patch_majority,/media/CrispyMcMarkInc/fake-images-img2img/00074_sd35_fp16_seed197_s30_g3.5_str0.3.png,real,0.0,0.4719300270080566,1,fake,patch_majority
sd15_fp4,CLIP-D,patch_majority,/media/CrispyMcMarkInc/fake-images-img2img/00018_sd15_fp4_seed141_s30_g3.5_str0.3.png,real,0.0,0.4740486145019531,1,fake,patch_majority
sd15_fp8,CLIP-D,patch_majority,/media/CrispyMcMarkInc/fake-images-img2img/00056_sd15_fp8_seed179_s30_g3.5_str0.3.png,fake,1.0,0.4746420383453369,1,fake,patch_majority
sd15_fp16,CLIP-D,patch_majority,/media/CrispyMcMarkInc/fake-images-img2img/00017_sd15_fp16_seed140_s30_g3.5_str0.3.png,real,0.0,0.4802134037017822,1,fake,patch_majority
sd35_fp4,CLIP-D,patch_majority,/media/CrispyMcMarkInc/fake-images-img2img/00091_sd35_fp4_seed214_s30_g3.5_str0.3.png,fake,1.0,0.4743978977203369,1,fake,patch_majority
sd3_fp16,CLIP-D,patch_majority,/media/CrispyMcMarkInc/fake-images-img2img/00067_sd3_fp16_seed190_s30_g3.5_str0.3.png,real,0.0,0.4756577014923095,1,fake,patch_majority
sd3_fp16,CLIP-D,patch_majority,/media/CrispyMcMarkInc/fake-images-img2img/00058_sd3_fp16_seed181_s30_g3.5_str0.3.png,fake,1.0,0.4762868881225586,1,fake,patch_majority
sd35_fp8,CLIP-D,patch_majority,/media/CrispyMcMarkInc/fake-images-img2img/00092_sd35_fp8_seed215_s30_g3.5_str0.3.png,real,0.0,0.4710917472839355,1,fake,patch_majority
sd3_fp8,CLIP-D,patch_majority,/media/CrispyMcMarkInc/fake-images-img2img/00065_sd3_fp8_seed188_s30_g3.5_str0.3.png,real,0.0,0.4783270359039306,1,fake,patch_majority
sd35_fp16,CLIP-D,patch_majority,/media/CrispyMcMarkInc/fake-images-img2img/00088_sd35_fp16_seed211_s30_g3.5_str0.3.png,real,0.0,0.4813542366027832,1,fake,patch_majority
sd15_fp16,CLIP-D,patch_majority,/media/CrispyMcMarkInc/fake-images-img2img/00011_sd15_fp16_seed134_s30_g3.5_str0.3.png,real,0.0,0.4766898155212402,1,fake,patch_majority
sd35_fp4,CLIP-D,patch_majority,/media/CrispyMcMarkInc/fake-images-img2img/00046_sd35_fp4_seed169_s30_g3.5_str0.3.png,real,0.0,0.481032133102417,1,fake,patch_majority
sd35_fp8,CLIP-D,patch_majority,/media/CrispyMcMarkInc/fake-images-img2img/00031_sd35_fp8_seed154_s30_g3.5_str0.3.png,real,0.0,0.4782702922821045,1,fake,patch_majority
sd35_fp4,CLIP-D,patch_majority,/media/CrispyMcMarkInc/fake-images-img2img/00007_sd35_fp4_seed130_s30_g3.5_str0.3.png,real,0.0,0.4747626781463623,1,fake,patch_majority
sd3_fp8,CLIP-D,patch_majority,/media/CrispyMcMarkInc/fake-images-img2img/00030_sd3_fp8_seed153_s30_g3.5_str0.3.png,fake,1.0,0.470095157623291,1,fake,patch_majority
sd15_fp16,CLIP-D,patch_majority,/media/CrispyMcMarkInc/fake-images-img2img/00014_sd15_fp16_seed137_s30_g3.5_str0.3.png,fake,1.0,0.4714851379394531,1,fake,patch_majority
sd15_fp16,CLIP-D,patch_majority,/media/CrispyMcMarkInc/fake-images-img2img/00042_sd15_fp16_seed165_s30_g3.5_str0.3.png,real,0.0,0.4812438488006592,1,fake,patch_majority
sd15_fp8,CLIP-D,patch_majority,/media/CrispyMcMarkInc/fake-images-img2img/00024_sd15_fp8_seed147_s30_g3.5_str0.3.png,real,0.0,0.4735949039459228,1,fake,patch_majority
sd3_fp4,CLIP-D,patch_majority,/media/CrispyMcMarkInc/fake-images-img2img/00068_sd3_fp4_seed191_s30_g3.5_str0.3.png,fake,1.0,0.4755213260650635,1,fake,patch_majority
sd35_fp16,CLIP-D,patch_majority,/media/CrispyMcMarkInc/fake-images-img2img/00090_sd35_fp16_seed213_s30_g3.5_str0.3.png,real,0.0,0.4764564037322998,1,fake,patch_majority
sd3_fp16,CLIP-D,patch_majority,/media/CrispyMcMarkInc/fake-images-img2img/00017_sd3_fp16_seed140_s30_g3.5_str0.3.png,real,0.0,0.4799034595489502,1,fake,patch_majority
sd3_fp4,CLIP-D,patch_majority,/media/CrispyMcMarkInc/fake-images-img2img/00078_sd3_fp4_seed201_s30_g3.5_str0.3.png,fake,1.0,0.4799923896789551,1,fake,patch_majority
sd3_fp4,CLIP-D,patch_majority,/media/CrispyMcMarkInc/fake-images-img2img/00089_sd3_fp4_seed212_s30_g3.5_str0.3.png,real,0.0,0.4716145992279053,1,fake,patch_majority
sd15_fp8,CLIP-D,patch_majority,/media/CrispyMcMarkInc/fake-images-img2img/00042_sd15_fp8_seed165_s30_g3.5_str0.3.png,real,0.0,0.4820568561553955,1,fake,patch_majority
sd3_fp8,CLIP-D,patch_majority,/media/CrispyMcMarkInc/fake-images-img2img/00001_sd3_fp8_seed124_s30_g3.5_str0.3.png,real,0.0,0.4718163013458252,1,fake,patch_majority
sd35_fp16,CLIP-D,patch_majority,/media/CrispyMcMarkInc/fake-images-img2img/00037_sd35_fp16_seed160_s30_g3.5_str0.3.png,real,0.0,0.4836962223052978,1,fake,patch_majority
sd3_fp4,CLIP-D,patch_majority,/media/CrispyMcMarkInc/fake-images-img2img/00039_sd3_fp4_seed162_s30_g3.5_str0.3.png,fake,1.0,0.4763698577880859,1,fake,patch_majority
sd15_fp8,CLIP-D,patch_majority,/media/CrispyMcMarkInc/fake-images-img2img/00077_sd15_fp8_seed200_s30_g3.5_str0.3.png,fake,1.0,0.4755165576934814,1,fake,patch_majority
sd15_fp4,CLIP-D,patch_majority,/media/CrispyMcMarkInc/fake-images-img2img/00032_sd15_fp4_seed155_s30_g3.5_str0.3.png,fake,1.0,0.4762918949127197,1,fake,patch_majority
sd3_fp4,CLIP-D,patch_majority,/media/CrispyMcMarkInc/fake-images-img2img/00069_sd3_fp4_seed192_s30_g3.5_str0.3.png,fake,1.0,0.4711611270904541,1,fake,patch_majority
sd3_fp16,CLIP-D,patch_majority,/media/CrispyMcMarkInc/fake-images-img2img/00024_sd3_fp16_seed147_s30_g3.5_str0.3.png,real,0.0,0.4730744361877441,1,fake,patch_majority
sd3_fp4,CLIP-D,patch_majority,/media/CrispyMcMarkInc/fake-images-img2img/00012_sd3_fp4_seed135_s30_g3.5_str0.3.png,real,0.0,0.4759101867675781,1,fake,patch_majority
sd35_fp16,CLIP-D,patch_majority,/media/CrispyMcMarkInc/fake-images-img2img/00066_sd35_fp16_seed189_s30_g3.5_str0.3.png,real,0.0,0.4751126766204834,1,fake,patch_majority
sd15_fp16,CLIP-D,patch_majority,/media/CrispyMcMarkInc/fake-images-img2img/00023_sd15_fp16_seed146_s30_g3.5_str0.3.png,fake,1.0,0.4725604057312011,1,fake,patch_majority
sd35_fp8,CLIP-D,patch_majority,/media/CrispyMcMarkInc/fake-images-img2img/00098_sd35_fp8_seed221_s30_g3.5_str0.3.png,real,0.0,0.4767863750457763,1,fake,patch_majority
sd3_fp16,CLIP-D,patch_majority,/media/CrispyMcMarkInc/fake-images-img2img/00086_sd3_fp16_seed209_s30_g3.5_str0.3.png,fake,1.0,0.4726650714874267,1,fake,patch_majority
sd35_fp8,CLIP-D,patch_majority,/media/CrispyMcMarkInc/fake-images-img2img/00067_sd35_fp8_seed190_s30_g3.5_str0.3.png,real,0.0,0.5106871128082275,1,fake,patch_majority
sd35_fp8,CLIP-D,patch_majority,/media/CrispyMcMarkInc/fake-images-img2img/00055_sd35_fp8_seed178_s30_g3.5_str0.3.png,real,0.0,0.4728555679321289,1,fake,patch_majority
sd15_fp8,CLIP-D,patch_majority,/media/CrispyMcMarkInc/fake-images-img2img/00001_sd15_fp8_seed124_s30_g3.5_str0.3.png,fake,1.0,0.4749026298522949,1,fake,patch_majority
sd35_fp4,CLIP-D,patch_majority,/media/CrispyMcMarkInc/fake-images-img2img/00071_sd35_fp4_seed194_s30_g3.5_str0.3.png,real,0.0,0.4753425121307373,1,fake,patch_majority
sd3_fp8,CLIP-D,patch_majority,/media/CrispyMcMarkInc/fake-images-img2img/00070_sd3_fp8_seed193_s30_g3.5_str0.3.png,real,0.0,0.4729030132293701,1,fake,patch_majority
sd3_fp4,CLIP-D,patch_majority,/media/CrispyMcMarkInc/fake-images-img2img/00034_sd3_fp4_seed157_s30_g3.5_str0.3.png,real,0.0,0.4781475067138672,1,fake,patch_majority
sd15_fp8,CLIP-D,patch_majority,/media/CrispyMcMarkInc/fake-images-img2img/00051_sd15_fp8_seed174_s30_g3.5_str0.3.png,real,0.0,0.4765133857727051,1,fake,patch_majority
sd15_fp8,CLIP-D,patch_majority,/media/CrispyMcMarkInc/fake-images-img2img/00019_sd15_fp8_seed142_s30_g3.5_str0.3.png,fake,1.0,0.4787442684173584,1,fake,patch_majority
sd15_fp8,CLIP-D,patch_majority,/media/CrispyMcMarkInc/fake-images-img2img/00059_sd15_fp8_seed182_s30_g3.5_str0.3.png,real,0.0,0.4770441055297851,1,fake,patch_majority
sd3_fp16,CLIP-D,patch_majority,/media/CrispyMcMarkInc/fake-images-img2img/00055_sd3_fp16_seed178_s30_g3.5_str0.3.png,real,0.0,0.4757936000823974,1,fake,patch_majority
sd3_fp16,CLIP-D,patch_majority,/media/CrispyMcMarkInc/fake-images-img2img/00093_sd3_fp16_seed216_s30_g3.5_str0.3.png,fake,1.0,0.4776318073272705,1,fake,patch_majority
sd35_fp16,CLIP-D,patch_majority,/media/CrispyMcMarkInc/fake-images-img2img/00026_sd35_fp16_seed149_s30_g3.5_str0.3.png,real,0.0,0.4736020565032959,1,fake,patch_majority
sd15_fp4,CLIP-D,patch_majority,/media/CrispyMcMarkInc/fake-images-img2img/00095_sd15_fp4_seed218_s30_g3.5_str0.3.png,fake,1.0,0.4760448932647705,1,fake,patch_majority
sd3_fp4,CLIP-D,patch_majority,/media/CrispyMcMarkInc/fake-images-img2img/00075_sd3_fp4_seed198_s30_g3.5_str0.3.png,fake,1.0,0.4737017154693603,1,fake,patch_majority
sd3_fp16,CLIP-D,patch_majority,/media/CrispyMcMarkInc/fake-images-img2img/00009_sd3_fp16_seed132_s30_g3.5_str0.3.png,real,0.0,0.4726178646087646,1,fake,patch_majority
sd15_fp8,CLIP-D,patch_majority,/media/CrispyMcMarkInc/fake-images-img2img/00082_sd15_fp8_seed205_s30_g3.5_str0.3.png,fake,1.0,0.4730546474456787,1,fake,patch_majority
sd3_fp16,CLIP-D,patch_majority,/media/CrispyMcMarkInc/fake-images-img2img/00029_sd3_fp16_seed152_s30_g3.5_str0.3.png,fake,1.0,0.4746870994567871,1,fake,patch_majority
sd15_fp16,CLIP-D,patch_majority,/media/CrispyMcMarkInc/fake-images-img2img/00075_sd15_fp16_seed198_s30_g3.5_str0.3.png,real,0.0,0.4725446701049804,1,fake,patch_majority
sd15_fp8,CLIP-D,patch_majority,/media/CrispyMcMarkInc/fake-images-img2img/00071_sd15_fp8_seed194_s30_g3.5_str0.3.png,fake,1.0,0.4768986701965332,1,fake,patch_majority
sd3_fp16,CLIP-D,patch_majority,/media/CrispyMcMarkInc/fake-images-img2img/00060_sd3_fp16_seed183_s30_g3.5_str0.3.png,real,0.0,0.4754045009613037,1,fake,patch_majority
sd35_fp16,CLIP-D,patch_majority,/media/CrispyMcMarkInc/fake-images-img2img/00008_sd35_fp16_seed131_s30_g3.5_str0.3.png,real,0.0,0.4768776893615722,1,fake,patch_majority
sd15_fp16,CLIP-D,patch_majority,/media/CrispyMcMarkInc/fake-images-img2img/00089_sd15_fp16_seed212_s30_g3.5_str0.3.png,real,0.0,0.4757411479949951,1,fake,patch_majority
sd35_fp8,CLIP-D,patch_majority,/media/CrispyMcMarkInc/fake-images-img2img/00061_sd35_fp8_seed184_s30_g3.5_str0.3.png,real,0.0,0.4733533859252929,1,fake,patch_majority
sd15_fp4,CLIP-D,patch_majority,/media/CrispyMcMarkInc/fake-images-img2img/00008_sd15_fp4_seed131_s30_g3.5_str0.3.png,real,0.0,0.4775793552398681,1,fake,patch_majority
sd35_fp4,CLIP-D,patch_majority,/media/CrispyMcMarkInc/fake-images-img2img/00055_sd35_fp4_seed178_s30_g3.5_str0.3.png,real,0.0,0.4749526977539062,1,fake,patch_majority
sd3_fp8,CLIP-D,patch_majority,/media/CrispyMcMarkInc/fake-images-img2img/00060_sd3_fp8_seed183_s30_g3.5_str0.3.png,real,0.0,0.4774453639984131,1,fake,patch_majority
sd35_fp4,CLIP-D,patch_majority,/media/CrispyMcMarkInc/fake-images-img2img/00097_sd35_fp4_seed220_s30_g3.5_str0.3.png,fake,1.0,0.4719009399414062,1,fake,patch_majority
sd3_fp4,CLIP-D,patch_majority,/media/CrispyMcMarkInc/fake-images-img2img/00058_sd3_fp4_seed181_s30_g3.5_str0.3.png,fake,1.0,0.475489854812622,1,fake,patch_majority
sd3_fp16,CLIP-D,patch_majority,/media/CrispyMcMarkInc/fake-images-img2img/00016_sd3_fp16_seed139_s30_g3.5_str0.3.png,real,0.0,0.4771156311035156,1,fake,patch_majority
sd15_fp8,CLIP-D,patch_majority,/media/CrispyMcMarkInc/fake-images-img2img/00050_sd15_fp8_seed173_s30_g3.5_str0.3.png,fake,1.0,0.4583501815795898,1,fake,patch_majority
sd15_fp8,CLIP-D,patch_majority,/media/CrispyMcMarkInc/fake-images-img2img/00076_sd15_fp8_seed199_s30_g3.5_str0.3.png,real,0.0,0.4765326976776123,1,fake,patch_majority
sd3_fp4,CLIP-D,patch_majority,/media/CrispyMcMarkInc/fake-images-img2img/00014_sd3_fp4_seed137_s30_g3.5_str0.3.png,real,0.0,0.4723353385925293,1,fake,patch_majority
sd35_fp4,CLIP-D,patch_majority,/media/CrispyMcMarkInc/fake-images-img2img/00042_sd35_fp4_seed165_s30_g3.5_str0.3.png,real,0.0,0.477762222290039,1,fake,patch_majority
sd35_fp4,CLIP-D,patch_majority,/media/CrispyMcMarkInc/fake-images-img2img/00074_sd35_fp4_seed197_s30_g3.5_str0.3.png,real,0.0,0.4765825271606445,1,fake,patch_majority
sd15_fp8,CLIP-D,patch_majority,/media/CrispyMcMarkInc/fake-images-img2img/00013_sd15_fp8_seed136_s30_g3.5_str0.3.png,real,0.0,0.4771738052368164,1,fake,patch_majority
sd35_fp8,CLIP-D,patch_majority,/media/CrispyMcMarkInc/fake-images-img2img/00026_sd35_fp8_seed149_s30_g3.5_str0.3.png,real,0.0,0.4759604930877685,1,fake,patch_majority
sd35_fp16,CLIP-D,patch_majority,/media/CrispyMcMarkInc/fake-images-img2img/00002_sd35_fp16_seed125_s30_g3.5_str0.3.png,real,0.0,0.4784672260284424,1,fake,patch_majority
sd35_fp8,CLIP-D,patch_majority,/media/CrispyMcMarkInc/fake-images-img2img/00024_sd35_fp8_seed147_s30_g3.5_str0.3.png,real,0.0,0.508873701095581,1,fake,patch_majority
sd35_fp4,CLIP-D,patch_majority,/media/CrispyMcMarkInc/fake-images-img2img/00038_sd35_fp4_seed161_s30_g3.5_str0.3.png,real,0.0,0.4728724956512451,1,fake,patch_majority
sd15_fp16,CLIP-D,patch_majority,/media/CrispyMcMarkInc/fake-images-img2img/00095_sd15_fp16_seed218_s30_g3.5_str0.3.png,fake,1.0,0.4723055362701416,1,fake,patch_majority
sd3_fp16,CLIP-D,patch_majority,/media/CrispyMcMarkInc/fake-images-img2img/00080_sd3_fp16_seed203_s30_g3.5_str0.3.png,real,0.0,0.474639892578125,1,fake,patch_majority
sd15_fp4,CLIP-D,patch_majority,/media/CrispyMcMarkInc/fake-images-img2img/00088_sd15_fp4_seed211_s30_g3.5_str0.3.png,fake,1.0,0.4757735729217529,1,fake,patch_majority
sd35_fp8,CLIP-D,patch_majority,/media/CrispyMcMarkInc/fake-images-img2img/00022_sd35_fp8_seed145_s30_g3.5_str0.3.png,real,0.0,0.4752485752105713,1,fake,patch_majority
sd15_fp16,CLIP-D,patch_majority,/media/CrispyMcMarkInc/fake-images-img2img/00021_sd15_fp16_seed144_s30_g3.5_str0.3.png,real,0.0,0.4745948314666748,1,fake,patch_majority
sd35_fp4,CLIP-D,patch_majority,/media/CrispyMcMarkInc/fake-images-img2img/00009_sd35_fp4_seed132_s30_g3.5_str0.3.png,real,0.0,0.4735989570617676,1,fake,patch_majority
sd3_fp16,CLIP-D,patch_majority,/media/CrispyMcMarkInc/fake-images-img2img/00063_sd3_fp16_seed186_s30_g3.5_str0.3.png,fake,1.0,0.4759805202484131,1,fake,patch_majority
sd15_fp4,CLIP-D,patch_majority,/media/CrispyMcMarkInc/fake-images-img2img/00043_sd15_fp4_seed166_s30_g3.5_str0.3.png,fake,1.0,0.5003945827484131,1,fake,patch_majority
sd35_fp16,CLIP-D,patch_majority,/media/CrispyMcMarkInc/fake-images-img2img/00038_sd35_fp16_seed161_s30_g3.5_str0.3.png,real,0.0,0.4759221076965332,1,fake,patch_majority
sd15_fp8,CLIP-D,patch_majority,/media/CrispyMcMarkInc/fake-images-img2img/00010_sd15_fp8_seed133_s30_g3.5_str0.3.png,fake,1.0,0.4802172183990478,1,fake,patch_majority
sd3_fp8,CLIP-D,patch_majority,/media/CrispyMcMarkInc/fake-images-img2img/00083_sd3_fp8_seed206_s30_g3.5_str0.3.png,real,0.0,0.508723258972168,1,fake,patch_majority
sd35_fp4,CLIP-D,patch_majority,/media/CrispyMcMarkInc/fake-images-img2img/00011_sd35_fp4_seed134_s30_g3.5_str0.3.png,real,0.0,0.4795424938201904,1,fake,patch_majority
sd3_fp8,CLIP-D,patch_majority,/media/CrispyMcMarkInc/fake-images-img2img/00099_sd3_fp8_seed222_s30_g3.5_str0.3.png,real,0.0,0.4746880531311035,1,fake,patch_majority
sd3_fp8,CLIP-D,patch_majority,/media/CrispyMcMarkInc/fake-images-img2img/00088_sd3_fp8_seed211_s30_g3.5_str0.3.png,real,0.0,0.4752049446105957,1,fake,patch_majority
sd35_fp8,CLIP-D,patch_majority,/media/CrispyMcMarkInc/fake-images-img2img/00096_sd35_fp8_seed219_s30_g3.5_str0.3.png,real,0.0,0.4741437435150146,1,fake,patch_majority
sd15_fp8,CLIP-D,patch_majority,/media/CrispyMcMarkInc/fake-images-img2img/00037_sd15_fp8_seed160_s30_g3.5_str0.3.png,fake,1.0,0.4776558876037597,1,fake,patch_majority
sd3_fp16,CLIP-D,patch_majority,/media/CrispyMcMarkInc/fake-images-img2img/00023_sd3_fp16_seed146_s30_g3.5_str0.3.png,real,0.0,0.4731905460357666,1,fake,patch_majority
sd35_fp8,CLIP-D,patch_majority,/media/CrispyMcMarkInc/fake-images-img2img/00023_sd35_fp8_seed146_s30_g3.5_str0.3.png,real,0.0,0.4731645584106445,1,fake,patch_majority
sd35_fp16,CLIP-D,patch_majority,/media/CrispyMcMarkInc/fake-images-img2img/00035_sd35_fp16_seed158_s30_g3.5_str0.3.png,real,0.0,0.477107286453247,1,fake,patch_majority
sd3_fp8,CLIP-D,patch_majority,/media/CrispyMcMarkInc/fake-images-img2img/00056_sd3_fp8_seed179_s30_g3.5_str0.3.png,real,0.0,0.4746270179748535,1,fake,patch_majority
sd35_fp8,CLIP-D,patch_majority,/media/CrispyMcMarkInc/fake-images-img2img/00001_sd35_fp8_seed124_s30_g3.5_str0.3.png,real,0.0,0.4711122512817383,1,fake,patch_majority
sd15_fp16,CLIP-D,patch_majority,/media/CrispyMcMarkInc/fake-images-img2img/00077_sd15_fp16_seed200_s30_g3.5_str0.3.png,fake,1.0,0.478266954421997,1,fake,patch_majority
sd3_fp16,CLIP-D,patch_majority,/media/CrispyMcMarkInc/fake-images-img2img/00040_sd3_fp16_seed163_s30_g3.5_str0.3.png,real,0.0,0.476050853729248,1,fake,patch_majority
sd35_fp16,CLIP-D,patch_majority,/media/CrispyMcMarkInc/fake-images-img2img/00042_sd35_fp16_seed165_s30_g3.5_str0.3.png,real,0.0,0.4743466377258301,1,fake,patch_majority
sd15_fp16,CLIP-D,patch_majority,/media/CrispyMcMarkInc/fake-images-img2img/00071_sd15_fp16_seed194_s30_g3.5_str0.3.png,real,0.0,0.4743258953094482,1,fake,patch_majority
sd3_fp4,CLIP-D,patch_majority,/media/CrispyMcMarkInc/fake-images-img2img/00013_sd3_fp4_seed136_s30_g3.5_str0.3.png,fake,1.0,0.4733381271362304,1,fake,patch_majority
sd35_fp4,CLIP-D,patch_majority,/media/CrispyMcMarkInc/fake-images-img2img/00017_sd35_fp4_seed140_s30_g3.5_str0.3.png,real,0.0,0.4734194278717041,1,fake,patch_majority
sd15_fp4,CLIP-D,patch_majority,/media/CrispyMcMarkInc/fake-images-img2img/00079_sd15_fp4_seed202_s30_g3.5_str0.3.png,fake,1.0,0.4733328819274902,1,fake,patch_majority
sd35_fp4,CLIP-D,patch_majority,/media/CrispyMcMarkInc/fake-images-img2img/00062_sd35_fp4_seed185_s30_g3.5_str0.3.png,fake,1.0,0.4850273132324219,1,fake,patch_majority
sd15_fp16,CLIP-D,patch_majority,/media/CrispyMcMarkInc/fake-images-img2img/00003_sd15_fp16_seed126_s30_g3.5_str0.3.png,fake,1.0,0.4723737239837646,1,fake,patch_majority
sd15_fp4,CLIP-D,patch_majority,/media/CrispyMcMarkInc/fake-images-img2img/00070_sd15_fp4_seed193_s30_g3.5_str0.3.png,real,0.0,0.4746577739715576,1,fake,patch_majority
sd35_fp16,CLIP-D,patch_majority,/media/CrispyMcMarkInc/fake-images-img2img/00057_sd35_fp16_seed180_s30_g3.5_str0.3.png,real,0.0,0.4751415252685547,1,fake,patch_majority
sd3_fp16,CLIP-D,patch_majority,/media/CrispyMcMarkInc/fake-images-img2img/00013_sd3_fp16_seed136_s30_g3.5_str0.3.png,real,0.0,0.4713428020477295,1,fake,patch_majority
sd15_fp8,CLIP-D,patch_majority,/media/CrispyMcMarkInc/fake-images-img2img/00099_sd15_fp8_seed222_s30_g3.5_str0.3.png,real,0.0,0.4751741886138916,1,fake,patch_majority
sd35_fp16,CLIP-D,patch_majority,/media/CrispyMcMarkInc/fake-images-img2img/00045_sd35_fp16_seed168_s30_g3.5_str0.3.png,real,0.0,0.4753375053405761,1,fake,patch_majority
sd15_fp16,CLIP-D,patch_majority,/media/CrispyMcMarkInc/fake-images-img2img/00069_sd15_fp16_seed192_s30_g3.5_str0.3.png,real,0.0,0.4764678478240967,1,fake,patch_majority
sd35_fp4,CLIP-D,patch_majority,/media/CrispyMcMarkInc/fake-images-img2img/00026_sd35_fp4_seed149_s30_g3.5_str0.3.png,real,0.0,0.4927494525909424,1,fake,patch_majority
sd15_fp16,CLIP-D,patch_majority,/media/CrispyMcMarkInc/fake-images-img2img/00025_sd15_fp16_seed148_s30_g3.5_str0.3.png,real,0.0,0.4751696586608886,1,fake,patch_majority
sd3_fp8,CLIP-D,patch_majority,/media/CrispyMcMarkInc/fake-images-img2img/00063_sd3_fp8_seed186_s30_g3.5_str0.3.png,fake,1.0,0.4709131717681885,1,fake,patch_majority
sd35_fp16,CLIP-D,patch_majority,/media/CrispyMcMarkInc/fake-images-img2img/00098_sd35_fp16_seed221_s30_g3.5_str0.3.png,real,0.0,0.4739789962768554,1,fake,patch_majority
sd3_fp16,CLIP-D,patch_majority,/media/CrispyMcMarkInc/fake-images-img2img/00014_sd3_fp16_seed137_s30_g3.5_str0.3.png,real,0.0,0.478285551071167,1,fake,patch_majority
sd15_fp4,CLIP-D,patch_majority,/media/CrispyMcMarkInc/fake-images-img2img/00085_sd15_fp4_seed208_s30_g3.5_str0.3.png,real,0.0,0.5072026252746582,1,fake,patch_majority
sd3_fp16,CLIP-D,patch_majority,/media/CrispyMcMarkInc/fake-images-img2img/00051_sd3_fp16_seed174_s30_g3.5_str0.3.png,fake,1.0,0.4911024570465088,1,fake,patch_majority
sd35_fp16,CLIP-D,patch_majority,/media/CrispyMcMarkInc/fake-images-img2img/00051_sd35_fp16_seed174_s30_g3.5_str0.3.png,fake,1.0,0.4921975135803222,1,fake,patch_majority
sd35_fp8,CLIP-D,patch_majority,/media/CrispyMcMarkInc/fake-images-img2img/00010_sd35_fp8_seed133_s30_g3.5_str0.3.png,fake,1.0,0.4858062267303467,1,fake,patch_majority
sd35_fp8,CLIP-D,patch_majority,/media/CrispyMcMarkInc/fake-images-img2img/00075_sd35_fp8_seed198_s30_g3.5_str0.3.png,real,0.0,0.4728515148162842,1,fake,patch_majority
sd15_fp4,CLIP-D,patch_majority,/media/CrispyMcMarkInc/fake-images-img2img/00026_sd15_fp4_seed149_s30_g3.5_str0.3.png,real,0.0,0.4799733161926269,1,fake,patch_majority
sd15_fp8,CLIP-D,patch_majority,/media/CrispyMcMarkInc/fake-images-img2img/00075_sd15_fp8_seed198_s30_g3.5_str0.3.png,real,0.0,0.4814181327819824,1,fake,patch_majority
sd3_fp4,CLIP-D,patch_majority,/media/CrispyMcMarkInc/fake-images-img2img/00063_sd3_fp4_seed186_s30_g3.5_str0.3.png,fake,1.0,0.4755022525787353,1,fake,patch_majority
sd15_fp16,CLIP-D,patch_majority,/media/CrispyMcMarkInc/fake-images-img2img/00033_sd15_fp16_seed156_s30_g3.5_str0.3.png,fake,1.0,0.4917831420898437,1,fake,patch_majority
sd15_fp16,CLIP-D,patch_majority,/media/CrispyMcMarkInc/fake-images-img2img/00098_sd15_fp16_seed221_s30_g3.5_str0.3.png,real,0.0,0.5094599723815918,1,fake,patch_majority
sd15_fp16,CLIP-D,patch_majority,/media/CrispyMcMarkInc/fake-images-img2img/00052_sd15_fp16_seed175_s30_g3.5_str0.3.png,real,0.0,0.5084974765777588,1,fake,patch_majority
sd3_fp8,CLIP-D,patch_majority,/media/CrispyMcMarkInc/fake-images-img2img/00086_sd3_fp8_seed209_s30_g3.5_str0.3.png,fake,1.0,0.4825294017791748,1,fake,patch_majority
sd35_fp8,CLIP-D,patch_majority,/media/CrispyMcMarkInc/fake-images-img2img/00008_sd35_fp8_seed131_s30_g3.5_str0.3.png,real,0.0,0.4822919368743896,1,fake,patch_majority
sd15_fp4,CLIP-D,patch_majority,/media/CrispyMcMarkInc/fake-images-img2img/00058_sd15_fp4_seed181_s30_g3.5_str0.3.png,real,0.0,0.4888136386871338,1,fake,patch_majority
sd35_fp8,CLIP-D,patch_majority,/media/CrispyMcMarkInc/fake-images-img2img/00035_sd35_fp8_seed158_s30_g3.5_str0.3.png,real,0.0,0.4786791801452636,1,fake,patch_majority
sd15_fp8,CLIP-D,patch_majority,/media/CrispyMcMarkInc/fake-images-img2img/00017_sd15_fp8_seed140_s30_g3.5_str0.3.png,real,0.0,0.4880237579345703,1,fake,patch_majority
sd15_fp8,CLIP-D,patch_majority,/media/CrispyMcMarkInc/fake-images-img2img/00041_sd15_fp8_seed164_s30_g3.5_str0.3.png,real,0.0,0.487931489944458,1,fake,patch_majority
sd35_fp4,CLIP-D,patch_majority,/media/CrispyMcMarkInc/fake-images-img2img/00032_sd35_fp4_seed155_s30_g3.5_str0.3.png,real,0.0,0.4830584526062011,1,fake,patch_majority
sd35_fp16,CLIP-D,patch_majority,/media/CrispyMcMarkInc/fake-images-img2img/00061_sd35_fp16_seed184_s30_g3.5_str0.3.png,real,0.0,0.4851329326629638,1,fake,patch_majority
sd3_fp16,CLIP-D,patch_majority,/media/CrispyMcMarkInc/fake-images-img2img/00070_sd3_fp16_seed193_s30_g3.5_str0.3.png,real,0.0,0.4826736450195312,1,fake,patch_majority
sd15_fp16,CLIP-D,patch_majority,/media/CrispyMcMarkInc/fake-images-img2img/00013_sd15_fp16_seed136_s30_g3.5_str0.3.png,real,0.0,0.4864368438720703,1,fake,patch_majority
sd35_fp4,CLIP-D,patch_majority,/media/CrispyMcMarkInc/fake-images-img2img/00014_sd35_fp4_seed137_s30_g3.5_str0.3.png,real,0.0,0.4798417091369629,1,fake,patch_majority
sd3_fp4,CLIP-D,patch_majority,/media/CrispyMcMarkInc/fake-images-img2img/00067_sd3_fp4_seed190_s30_g3.5_str0.3.png,fake,1.0,0.4997727870941162,1,fake,patch_majority
sd35_fp16,CLIP-D,patch_majority,/media/CrispyMcMarkInc/fake-images-img2img/00073_sd35_fp16_seed196_s30_g3.5_str0.3.png,fake,1.0,0.501246452331543,1,fake,patch_majority
sd35_fp8,CLIP-D,patch_majority,/media/CrispyMcMarkInc/fake-images-img2img/00007_sd35_fp8_seed130_s30_g3.5_str0.3.png,real,0.0,0.5172784328460693,1,fake,patch_majority
sd15_fp8,CLIP-D,patch_majority,/media/CrispyMcMarkInc/fake-images-img2img/00038_sd15_fp8_seed161_s30_g3.5_str0.3.png,fake,1.0,0.5125794410705566,1,fake,patch_majority
sd15_fp4,CLIP-D,patch_majority,/media/CrispyMcMarkInc/fake-images-img2img/00090_sd15_fp4_seed213_s30_g3.5_str0.3.png,real,0.0,0.4853127002716064,1,fake,patch_majority
sd35_fp8,CLIP-D,patch_majority,/media/CrispyMcMarkInc/fake-images-img2img/00069_sd35_fp8_seed192_s30_g3.5_str0.3.png,fake,1.0,0.4797608852386474,1,fake,patch_majority
sd3_fp8,CLIP-D,patch_majority,/media/CrispyMcMarkInc/fake-images-img2img/00009_sd3_fp8_seed132_s30_g3.5_str0.3.png,real,0.0,0.4810667037963867,1,fake,patch_majority
sd15_fp16,CLIP-D,patch_majority,/media/CrispyMcMarkInc/fake-images-img2img/00082_sd15_fp16_seed205_s30_g3.5_str0.3.png,fake,1.0,0.483116865158081,1,fake,patch_majority
sd35_fp8,CLIP-D,patch_majority,/media/CrispyMcMarkInc/fake-images-img2img/00063_sd35_fp8_seed186_s30_g3.5_str0.3.png,fake,1.0,0.4947450160980224,1,fake,patch_majority
sd35_fp4,CLIP-D,patch_majority,/media/CrispyMcMarkInc/fake-images-img2img/00049_sd35_fp4_seed172_s30_g3.5_str0.3.png,fake,1.0,0.4835844039916992,1,fake,patch_majority
sd15_fp4,CLIP-D,patch_majority,/media/CrispyMcMarkInc/fake-images-img2img/00048_sd15_fp4_seed171_s30_g3.5_str0.3.png,fake,1.0,0.482278823852539,1,fake,patch_majority
sd3_fp16,CLIP-D,patch_majority,/media/CrispyMcMarkInc/fake-images-img2img/00071_sd3_fp16_seed194_s30_g3.5_str0.3.png,real,0.0,0.4894030094146728,1,fake,patch_majority
sd35_fp8,CLIP-D,patch_majority,/media/CrispyMcMarkInc/fake-images-img2img/00032_sd35_fp8_seed155_s30_g3.5_str0.3.png,real,0.0,0.4952685832977295,1,fake,patch_majority
sd35_fp4,CLIP-D,patch_majority,/media/CrispyMcMarkInc/fake-images-img2img/00022_sd35_fp4_seed145_s30_g3.5_str0.3.png,real,0.0,0.510871410369873,1,fake,patch_majority
sd35_fp16,CLIP-D,patch_majority,/media/CrispyMcMarkInc/fake-images-img2img/00001_sd35_fp16_seed124_s30_g3.5_str0.3.png,real,0.0,0.4848682880401611,1,fake,patch_majority
sd15_fp4,CLIP-D,patch_majority,/media/CrispyMcMarkInc/fake-images-img2img/00086_sd15_fp4_seed209_s30_g3.5_str0.3.png,fake,1.0,0.4996464252471924,1,fake,patch_majority
sd15_fp8,CLIP-D,patch_majority,/media/CrispyMcMarkInc/fake-images-img2img/00062_sd15_fp8_seed185_s30_g3.5_str0.3.png,real,0.0,0.4825804233551025,1,fake,patch_majority
sd3_fp4,CLIP-D,patch_majority,/media/CrispyMcMarkInc/fake-images-img2img/00004_sd3_fp4_seed127_s30_g3.5_str0.3.png,real,0.0,0.4960916042327881,1,fake,patch_majority
sd15_fp4,CLIP-D,patch_majority,/media/CrispyMcMarkInc/fake-images-img2img/00077_sd15_fp4_seed200_s30_g3.5_str0.3.png,fake,1.0,0.4854261875152588,1,fake,patch_majority
sd15_fp16,CLIP-D,patch_majority,/media/CrispyMcMarkInc/fake-images-img2img/00019_sd15_fp16_seed142_s30_g3.5_str0.3.png,fake,1.0,0.4738821983337402,1,fake,patch_majority
sd35_fp16,CLIP-D,patch_majority,/media/CrispyMcMarkInc/fake-images-img2img/00023_sd35_fp16_seed146_s30_g3.5_str0.3.png,real,0.0,0.510563850402832,1,fake,patch_majority
sd3_fp4,CLIP-D,patch_majority,/media/CrispyMcMarkInc/fake-images-img2img/00071_sd3_fp4_seed194_s30_g3.5_str0.3.png,fake,1.0,0.4932200908660888,1,fake,patch_majority
sd35_fp16,CLIP-D,patch_majority,/media/CrispyMcMarkInc/fake-images-img2img/00007_sd35_fp16_seed130_s30_g3.5_str0.3.png,real,0.0,0.4786069393157959,1,fake,patch_majority
sd35_fp16,CLIP-D,patch_majority,/media/CrispyMcMarkInc/fake-images-img2img/00047_sd35_fp16_seed170_s30_g3.5_str0.3.png,fake,1.0,0.4799461364746094,1,fake,patch_majority
sd3_fp4,CLIP-D,patch_majority,/media/CrispyMcMarkInc/fake-images-img2img/00094_sd3_fp4_seed217_s30_g3.5_str0.3.png,fake,1.0,0.4892520904541015,1,fake,patch_majority
sd35_fp4,CLIP-D,patch_majority,/media/CrispyMcMarkInc/fake-images-img2img/00027_sd35_fp4_seed150_s30_g3.5_str0.3.png,fake,1.0,0.4820370674133301,1,fake,patch_majority
sd3_fp8,CLIP-D,patch_majority,/media/CrispyMcMarkInc/fake-images-img2img/00089_sd3_fp8_seed212_s30_g3.5_str0.3.png,real,0.0,0.480790376663208,1,fake,patch_majority
sd3_fp8,CLIP-D,patch_majority,/media/CrispyMcMarkInc/fake-images-img2img/00097_sd3_fp8_seed220_s30_g3.5_str0.3.png,fake,1.0,0.4783108234405517,1,fake,patch_majority
sd35_fp16,CLIP-D,patch_majority,/media/CrispyMcMarkInc/fake-images-img2img/00069_sd35_fp16_seed192_s30_g3.5_str0.3.png,fake,1.0,0.4795675277709961,1,fake,patch_majority
sd3_fp16,CLIP-D,patch_majority,/media/CrispyMcMarkInc/fake-images-img2img/00097_sd3_fp16_seed220_s30_g3.5_str0.3.png,fake,1.0,0.484044075012207,1,fake,patch_majority
sd15_fp8,CLIP-D,patch_majority,/media/CrispyMcMarkInc/fake-images-img2img/00095_sd15_fp8_seed218_s30_g3.5_str0.3.png,fake,1.0,0.4866869449615478,1,fake,patch_majority
sd3_fp8,CLIP-D,patch_majority,/media/CrispyMcMarkInc/fake-images-img2img/00015_sd3_fp8_seed138_s30_g3.5_str0.3.png,real,0.0,0.487926721572876,1,fake,patch_majority
sd3_fp16,CLIP-D,patch_majority,/media/CrispyMcMarkInc/fake-images-img2img/00064_sd3_fp16_seed187_s30_g3.5_str0.3.png,real,0.0,0.4889590740203857,1,fake,patch_majority
sd35_fp16,CLIP-D,patch_majority,/media/CrispyMcMarkInc/fake-images-img2img/00097_sd35_fp16_seed220_s30_g3.5_str0.3.png,real,0.0,0.5228271484375,1,fake,patch_majority
sd15_fp16,CLIP-D,patch_majority,/media/CrispyMcMarkInc/fake-images-img2img/00031_sd15_fp16_seed154_s30_g3.5_str0.3.png,real,0.0,0.5199675559997559,1,fake,patch_majority
sd15_fp16,CLIP-D,patch_majority,/media/CrispyMcMarkInc/fake-images-img2img/00049_sd15_fp16_seed172_s30_g3.5_str0.3.png,fake,1.0,0.5387203693389893,1,fake,patch_majority
sd3_fp8,CLIP-D,patch_majority,/media/CrispyMcMarkInc/fake-images-img2img/00026_sd3_fp8_seed149_s30_g3.5_str0.3.png,real,0.0,0.5482406616210938,1,fake,patch_majority
sd35_fp16,CLIP-D,patch_majority,/media/CrispyMcMarkInc/fake-images-img2img/00021_sd35_fp16_seed144_s30_g3.5_str0.3.png,real,0.0,0.5601992607116699,1,fake,patch_majority
sd35_fp8,CLIP-D,patch_majority,/media/CrispyMcMarkInc/fake-images-img2img/00077_sd35_fp8_seed200_s30_g3.5_str0.3.png,fake,1.0,0.6438076496124268,1,fake,patch_majority
sd3_fp16,CLIP-D,patch_majority,/media/CrispyMcMarkInc/fake-images-img2img/00002_sd3_fp16_seed125_s30_g3.5_str0.3.png,real,0.0,0.5460238456726074,1,fake,patch_majority
sd15_fp8,CLIP-D,patch_majority,/media/CrispyMcMarkInc/fake-images-img2img/00083_sd15_fp8_seed206_s30_g3.5_str0.3.png,real,0.0,0.5745854377746582,1,fake,patch_majority
sd3_fp8,CLIP-D,patch_majority,/media/CrispyMcMarkInc/fake-images-img2img/00038_sd3_fp8_seed161_s30_g3.5_str0.3.png,real,0.0,0.6062994003295898,1,fake,patch_majority
sd15_fp4,CLIP-D,patch_majority,/media/CrispyMcMarkInc/fake-images-img2img/00098_sd15_fp4_seed221_s30_g3.5_str0.3.png,real,0.0,0.5682764053344727,1,fake,patch_majority
sd3_fp4,CLIP-D,patch_majority,/media/CrispyMcMarkInc/fake-images-img2img/00051_sd3_fp4_seed174_s30_g3.5_str0.3.png,fake,1.0,0.5544626712799072,1,fake,patch_majority
sd35_fp8,CLIP-D,patch_majority,/media/CrispyMcMarkInc/fake-images-img2img/00016_sd35_fp8_seed139_s30_g3.5_str0.3.png,real,0.0,0.4853978157043457,1,fake,patch_majority
sd3_fp16,CLIP-D,patch_majority,/media/CrispyMcMarkInc/fake-images-img2img/00038_sd3_fp16_seed161_s30_g3.5_str0.3.png,real,0.0,0.4853637218475342,1,fake,patch_majority
sd35_fp4,CLIP-D,patch_majority,/media/CrispyMcMarkInc/fake-images-img2img/00004_sd35_fp4_seed127_s30_g3.5_str0.3.png,real,0.0,0.5158910751342773,1,fake,patch_majority
sd3_fp4,CLIP-D,patch_majority,/media/CrispyMcMarkInc/fake-images-img2img/00091_sd3_fp4_seed214_s30_g3.5_str0.3.png,fake,1.0,0.4791274070739746,1,fake,patch_majority
sd3_fp16,CLIP-D,patch_majority,/media/CrispyMcMarkInc/fake-images-img2img/00033_sd3_fp16_seed156_s30_g3.5_str0.3.png,fake,1.0,0.4836502075195312,1,fake,patch_majority
sd3_fp4,CLIP-D,patch_majority,/media/CrispyMcMarkInc/fake-images-img2img/00056_sd3_fp4_seed179_s30_g3.5_str0.3.png,fake,1.0,0.4783840179443359,1,fake,patch_majority
sd35_fp16,CLIP-D,patch_majority,/media/CrispyMcMarkInc/fake-images-img2img/00064_sd35_fp16_seed187_s30_g3.5_str0.3.png,real,0.0,0.4868707656860351,1,fake,patch_majority
sd35_fp16,CLIP-D,patch_majority,/media/CrispyMcMarkInc/fake-images-img2img/00049_sd35_fp16_seed172_s30_g3.5_str0.3.png,fake,1.0,0.4876713752746582,1,fake,patch_majority
sd15_fp8,CLIP-D,patch_majority,/media/CrispyMcMarkInc/fake-images-img2img/00025_sd15_fp8_seed148_s30_g3.5_str0.3.png,real,0.0,0.4818916320800781,1,fake,patch_majority
sd15_fp16,CLIP-D,patch_majority,/media/CrispyMcMarkInc/fake-images-img2img/00008_sd15_fp16_seed131_s30_g3.5_str0.3.png,real,0.0,0.4860227108001709,1,fake,patch_majority
sd15_fp4,CLIP-D,patch_majority,/media/CrispyMcMarkInc/fake-images-img2img/00091_sd15_fp4_seed214_s30_g3.5_str0.3.png,fake,1.0,0.4922547340393066,1,fake,patch_majority
sd35_fp8,CLIP-D,patch_majority,/media/CrispyMcMarkInc/fake-images-img2img/00080_sd35_fp8_seed203_s30_g3.5_str0.3.png,real,0.0,0.4799776077270508,1,fake,patch_majority
sd15_fp16,CLIP-D,patch_majority,/media/CrispyMcMarkInc/fake-images-img2img/00059_sd15_fp16_seed182_s30_g3.5_str0.3.png,real,0.0,0.4963428974151611,1,fake,patch_majority
sd35_fp4,CLIP-D,patch_majority,/media/CrispyMcMarkInc/fake-images-img2img/00076_sd35_fp4_seed199_s30_g3.5_str0.3.png,real,0.0,0.5214412212371826,1,fake,patch_majority
sd3_fp4,CLIP-D,patch_majority,/media/CrispyMcMarkInc/fake-images-img2img/00028_sd3_fp4_seed151_s30_g3.5_str0.3.png,real,0.0,0.5198352336883545,1,fake,patch_majority
sd3_fp16,CLIP-D,patch_majority,/media/CrispyMcMarkInc/fake-images-img2img/00081_sd3_fp16_seed204_s30_g3.5_str0.3.png,real,0.0,0.5237255096435547,1,fake,patch_majority
sd35_fp4,CLIP-D,patch_majority,/media/CrispyMcMarkInc/fake-images-img2img/00033_sd35_fp4_seed156_s30_g3.5_str0.3.png,fake,1.0,0.53094482421875,1,fake,patch_majority
sd35_fp8,CLIP-D,patch_majority,/media/CrispyMcMarkInc/fake-images-img2img/00038_sd35_fp8_seed161_s30_g3.5_str0.3.png,real,0.0,0.6643097400665283,1,fake,patch_majority
sd15_fp16,CLIP-D,patch_majority,/media/CrispyMcMarkInc/fake-images-img2img/00063_sd15_fp16_seed186_s30_g3.5_str0.3.png,fake,1.0,0.6277580261230469,1,fake,patch_majority
sd35_fp4,CLIP-D,patch_majority,/media/CrispyMcMarkInc/fake-images-img2img/00036_sd35_fp4_seed159_s30_g3.5_str0.3.png,fake,1.0,0.6671812534332275,1,fake,patch_majority
sd35_fp16,CLIP-D,patch_majority,/media/CrispyMcMarkInc/fake-images-img2img/00063_sd35_fp16_seed186_s30_g3.5_str0.3.png,fake,1.0,0.5926752090454102,1,fake,patch_majority
sd35_fp16,CLIP-D,patch_majority,/media/CrispyMcMarkInc/fake-images-img2img/00093_sd35_fp16_seed216_s30_g3.5_str0.3.png,fake,1.0,0.5293982028961182,1,fake,patch_majority
sd3_fp4,CLIP-D,patch_majority,/media/CrispyMcMarkInc/fake-images-img2img/00000_sd3_fp4_seed123_s30_g3.5_str0.3.png,fake,1.0,0.6613621711730957,1,fake,patch_majority
sd35_fp8,CLIP-D,patch_majority,/media/CrispyMcMarkInc/fake-images-img2img/00094_sd35_fp8_seed217_s30_g3.5_str0.3.png,fake,1.0,0.541860818862915,1,fake,patch_majority
sd35_fp16,CLIP-D,patch_majority,/media/CrispyMcMarkInc/fake-images-img2img/00094_sd35_fp16_seed217_s30_g3.5_str0.3.png,fake,1.0,0.5083694458007812,1,fake,patch_majority
sd3_fp8,CLIP-D,patch_majority,/media/CrispyMcMarkInc/fake-images-img2img/00095_sd3_fp8_seed218_s30_g3.5_str0.3.png,fake,1.0,0.4873166084289551,1,fake,patch_majority
sd35_fp4,CLIP-D,patch_majority,/media/CrispyMcMarkInc/fake-images-img2img/00051_sd35_fp4_seed174_s30_g3.5_str0.3.png,fake,1.0,0.5030121803283691,1,fake,patch_majority
sd15_fp4,CLIP-D,patch_majority,/media/CrispyMcMarkInc/fake-images-img2img/00047_sd15_fp4_seed170_s30_g3.5_str0.3.png,fake,1.0,0.4925389289855957,1,fake,patch_majority
sd15_fp16,CLIP-D,patch_majority,/media/CrispyMcMarkInc/fake-images-img2img/00080_sd15_fp16_seed203_s30_g3.5_str0.3.png,real,0.0,0.4854297637939453,1,fake,patch_majority
sd3_fp16,CLIP-D,patch_majority,/media/CrispyMcMarkInc/fake-images-img2img/00046_sd3_fp16_seed169_s30_g3.5_str0.3.png,real,0.0,0.4788856506347656,1,fake,patch_majority
sd15_fp8,CLIP-D,patch_majority,/media/CrispyMcMarkInc/fake-images-img2img/00035_sd15_fp8_seed158_s30_g3.5_str0.3.png,fake,1.0,0.4852538108825683,1,fake,patch_majority
sd15_fp8,CLIP-D,patch_majority,/media/CrispyMcMarkInc/fake-images-img2img/00043_sd15_fp8_seed166_s30_g3.5_str0.3.png,fake,1.0,0.4918324947357178,1,fake,patch_majority
sd3_fp4,CLIP-D,patch_majority,/media/CrispyMcMarkInc/fake-images-img2img/00027_sd3_fp4_seed150_s30_g3.5_str0.3.png,fake,1.0,0.4774260520935058,1,fake,patch_majority
sd15_fp4,CLIP-D,patch_majority,/media/CrispyMcMarkInc/fake-images-img2img/00072_sd15_fp4_seed195_s30_g3.5_str0.3.png,fake,1.0,0.4789412021636963,1,fake,patch_majority
sd3_fp16,CLIP-D,patch_majority,/media/CrispyMcMarkInc/fake-images-img2img/00032_sd3_fp16_seed155_s30_g3.5_str0.3.png,real,0.0,0.4800386428833008,1,fake,patch_majority
sd3_fp4,CLIP-D,patch_majority,/media/CrispyMcMarkInc/fake-images-img2img/00048_sd3_fp4_seed171_s30_g3.5_str0.3.png,fake,1.0,0.4800846576690674,1,fake,patch_majority
sd3_fp8,CLIP-D,patch_majority,/media/CrispyMcMarkInc/fake-images-img2img/00011_sd3_fp8_seed134_s30_g3.5_str0.3.png,real,0.0,0.4761712551116943,1,fake,patch_majority
sd35_fp4,CLIP-D,patch_majority,/media/CrispyMcMarkInc/fake-images-img2img/00085_sd35_fp4_seed208_s30_g3.5_str0.3.png,fake,1.0,0.4776058197021484,1,fake,patch_majority
sd15_fp16,CLIP-D,patch_majority,/media/CrispyMcMarkInc/fake-images-img2img/00046_sd15_fp16_seed169_s30_g3.5_str0.3.png,real,0.0,0.4786500930786133,1,fake,patch_majority
sd3_fp4,CLIP-D,patch_majority,/media/CrispyMcMarkInc/fake-images-img2img/00076_sd3_fp4_seed199_s30_g3.5_str0.3.png,fake,1.0,0.4866478443145752,1,fake,patch_majority
sd35_fp16,CLIP-D,patch_majority,/media/CrispyMcMarkInc/fake-images-img2img/00053_sd35_fp16_seed176_s30_g3.5_str0.3.png,real,0.0,0.488823652267456,1,fake,patch_majority
sd15_fp8,CLIP-D,patch_majority,/media/CrispyMcMarkInc/fake-images-img2img/00087_sd15_fp8_seed210_s30_g3.5_str0.3.png,fake,1.0,0.4961328506469726,1,fake,patch_majority
sd3_fp4,CLIP-D,patch_majority,/media/CrispyMcMarkInc/fake-images-img2img/00074_sd3_fp4_seed197_s30_g3.5_str0.3.png,fake,1.0,0.520580530166626,1,fake,patch_majority
sd3_fp4,CLIP-D,patch_majority,/media/CrispyMcMarkInc/fake-images-img2img/00083_sd3_fp4_seed206_s30_g3.5_str0.3.png,fake,1.0,0.5089576244354248,1,fake,patch_majority
sd3_fp8,CLIP-D,patch_majority,/media/CrispyMcMarkInc/fake-images-img2img/00081_sd3_fp8_seed204_s30_g3.5_str0.3.png,real,0.0,0.5137591361999512,1,fake,patch_majority
sd15_fp16,CLIP-D,patch_majority,/media/CrispyMcMarkInc/fake-images-img2img/00073_sd15_fp16_seed196_s30_g3.5_str0.3.png,real,0.0,0.5400087833404541,1,fake,patch_majority
sd3_fp4,CLIP-D,patch_majority,/media/CrispyMcMarkInc/fake-images-img2img/00065_sd3_fp4_seed188_s30_g3.5_str0.3.png,fake,1.0,0.5358905792236328,1,fake,patch_majority
sd15_fp16,CLIP-D,patch_majority,/media/CrispyMcMarkInc/fake-images-img2img/00055_sd15_fp16_seed178_s30_g3.5_str0.3.png,fake,1.0,0.5328748226165771,1,fake,patch_majority
sd35_fp4,CLIP-D,patch_majority,/media/CrispyMcMarkInc/fake-images-img2img/00039_sd35_fp4_seed162_s30_g3.5_str0.3.png,real,0.0,0.5324509143829346,1,fake,patch_majority
sd35_fp8,CLIP-D,patch_majority,/media/CrispyMcMarkInc/fake-images-img2img/00072_sd35_fp8_seed195_s30_g3.5_str0.3.png,fake,1.0,0.5421829223632812,1,fake,patch_majority
sd3_fp4,CLIP-D,patch_majority,/media/CrispyMcMarkInc/fake-images-img2img/00044_sd3_fp4_seed167_s30_g3.5_str0.3.png,fake,1.0,0.5303845405578613,1,fake,patch_majority
sd3_fp8,CLIP-D,patch_majority,/media/CrispyMcMarkInc/fake-images-img2img/00019_sd3_fp8_seed142_s30_g3.5_str0.3.png,real,0.0,0.5367348194122314,1,fake,patch_majority
sd35_fp4,CLIP-D,patch_majority,/media/CrispyMcMarkInc/fake-images-img2img/00093_sd35_fp4_seed216_s30_g3.5_str0.3.png,fake,1.0,0.5402233600616455,1,fake,patch_majority
sd15_fp4,CLIP-D,patch_majority,/media/CrispyMcMarkInc/fake-images-img2img/00053_sd15_fp4_seed176_s30_g3.5_str0.3.png,real,0.0,0.5420064926147461,1,fake,patch_majority
sd35_fp4,CLIP-D,patch_majority,/media/CrispyMcMarkInc/fake-images-img2img/00005_sd35_fp4_seed128_s30_g3.5_str0.3.png,real,0.0,0.5477831363677979,1,fake,patch_majority
sd15_fp16,CLIP-D,patch_majority,/media/CrispyMcMarkInc/fake-images-img2img/00054_sd15_fp16_seed177_s30_g3.5_str0.3.png,real,0.0,0.5450501441955566,1,fake,patch_majority
sd15_fp8,CLIP-D,patch_majority,/media/CrispyMcMarkInc/fake-images-img2img/00098_sd15_fp8_seed221_s30_g3.5_str0.3.png,real,0.0,0.5463063716888428,1,fake,patch_majority
sd15_fp4,CLIP-D,patch_majority,/media/CrispyMcMarkInc/fake-images-img2img/00036_sd15_fp4_seed159_s30_g3.5_str0.3.png,fake,1.0,0.5294189453125,1,fake,patch_majority
sd15_fp4,CLIP-D,patch_majority,/media/CrispyMcMarkInc/fake-images-img2img/00060_sd15_fp4_seed183_s30_g3.5_str0.3.png,real,0.0,0.5456249713897705,1,fake,patch_majority
sd35_fp8,CLIP-D,patch_majority,/media/CrispyMcMarkInc/fake-images-img2img/00049_sd35_fp8_seed172_s30_g3.5_str0.3.png,fake,1.0,0.5446834564208984,1,fake,patch_majority
sd3_fp8,CLIP-D,patch_majority,/media/CrispyMcMarkInc/fake-images-img2img/00084_sd3_fp8_seed207_s30_g3.5_str0.3.png,real,0.0,0.5468103885650635,1,fake,patch_majority
sd15_fp4,CLIP-D,patch_majority,/media/CrispyMcMarkInc/fake-images-img2img/00068_sd15_fp4_seed191_s30_g3.5_str0.3.png,real,0.0,0.5846076011657715,1,fake,patch_majority
sd35_fp4,CLIP-D,patch_majority,/media/CrispyMcMarkInc/fake-images-img2img/00037_sd35_fp4_seed160_s30_g3.5_str0.3.png,real,0.0,0.6439189910888672,1,fake,patch_majority
sd15_fp16,CLIP-D,patch_majority,/media/CrispyMcMarkInc/fake-images-img2img/00064_sd15_fp16_seed187_s30_g3.5_str0.3.png,real,0.0,0.5496501922607422,1,fake,patch_majority
sd3_fp4,CLIP-D,patch_majority,/media/CrispyMcMarkInc/fake-images-img2img/00038_sd3_fp4_seed161_s30_g3.5_str0.3.png,real,0.0,0.5805132389068604,1,fake,patch_majority
sd15_fp8,CLIP-D,patch_majority,/media/CrispyMcMarkInc/fake-images-img2img/00022_sd15_fp8_seed145_s30_g3.5_str0.3.png,real,0.0,0.6137740612030029,1,fake,patch_majority
sd35_fp16,CLIP-D,patch_majority,/media/CrispyMcMarkInc/fake-images-img2img/00034_sd35_fp16_seed157_s30_g3.5_str0.3.png,fake,1.0,0.5313248634338379,1,fake,patch_majority
sd35_fp16,CLIP-D,patch_majority,/media/CrispyMcMarkInc/fake-images-img2img/00075_sd35_fp16_seed198_s30_g3.5_str0.3.png,real,0.0,0.5321269035339355,1,fake,patch_majority
sd3_fp16,CLIP-D,patch_majority,/media/CrispyMcMarkInc/fake-images-img2img/00026_sd3_fp16_seed149_s30_g3.5_str0.3.png,real,0.0,0.4829003810882568,1,fake,patch_majority
sd15_fp4,CLIP-D,patch_majority,/media/CrispyMcMarkInc/fake-images-img2img/00016_sd15_fp4_seed139_s30_g3.5_str0.3.png,real,0.0,0.4869122505187988,1,fake,patch_majority
sd3_fp4,CLIP-D,patch_majority,/media/CrispyMcMarkInc/fake-images-img2img/00040_sd3_fp4_seed163_s30_g3.5_str0.3.png,fake,1.0,0.4807980060577392,1,fake,patch_majority
sd35_fp16,CLIP-D,patch_majority,/media/CrispyMcMarkInc/fake-images-img2img/00058_sd35_fp16_seed181_s30_g3.5_str0.3.png,fake,1.0,0.5188243389129639,1,fake,patch_majority
sd3_fp16,CLIP-D,patch_majority,/media/CrispyMcMarkInc/fake-images-img2img/00082_sd3_fp16_seed205_s30_g3.5_str0.3.png,real,0.0,0.484121561050415,1,fake,patch_majority
sd35_fp8,CLIP-D,patch_majority,/media/CrispyMcMarkInc/fake-images-img2img/00029_sd35_fp8_seed152_s30_g3.5_str0.3.png,fake,1.0,0.4887287616729736,1,fake,patch_majority
sd15_fp4,CLIP-D,patch_majority,/media/CrispyMcMarkInc/fake-images-img2img/00054_sd15_fp4_seed177_s30_g3.5_str0.3.png,real,0.0,0.5189294815063477,1,fake,patch_majority
sd35_fp4,CLIP-D,patch_majority,/media/CrispyMcMarkInc/fake-images-img2img/00021_sd35_fp4_seed144_s30_g3.5_str0.3.png,real,0.0,0.4861862659454345,1,fake,patch_majority
sd35_fp16,CLIP-D,patch_majority,/media/CrispyMcMarkInc/fake-images-img2img/00095_sd35_fp16_seed218_s30_g3.5_str0.3.png,real,0.0,0.4802336692810058,1,fake,patch_majority
sd3_fp16,CLIP-D,patch_majority,/media/CrispyMcMarkInc/fake-images-img2img/00052_sd3_fp16_seed175_s30_g3.5_str0.3.png,real,0.0,0.4815402030944824,1,fake,patch_majority
sd35_fp4,CLIP-D,patch_majority,/media/CrispyMcMarkInc/fake-images-img2img/00028_sd35_fp4_seed151_s30_g3.5_str0.3.png,real,0.0,0.4831044673919678,1,fake,patch_majority
sd15_fp8,CLIP-D,patch_majority,/media/CrispyMcMarkInc/fake-images-img2img/00058_sd15_fp8_seed181_s30_g3.5_str0.3.png,real,0.0,0.4810407161712646,1,fake,patch_majority
sd15_fp4,CLIP-D,patch_majority,/media/CrispyMcMarkInc/fake-images-img2img/00013_sd15_fp4_seed136_s30_g3.5_str0.3.png,real,0.0,0.4839966297149658,1,fake,patch_majority
sd35_fp4,CLIP-D,patch_majority,/media/CrispyMcMarkInc/fake-images-img2img/00031_sd35_fp4_seed154_s30_g3.5_str0.3.png,real,0.0,0.482532262802124,1,fake,patch_majority
sd15_fp16,CLIP-D,patch_majority,/media/CrispyMcMarkInc/fake-images-img2img/00048_sd15_fp16_seed171_s30_g3.5_str0.3.png,fake,1.0,0.4899055957794189,1,fake,patch_majority
sd3_fp16,CLIP-D,patch_majority,/media/CrispyMcMarkInc/fake-images-img2img/00021_sd3_fp16_seed144_s30_g3.5_str0.3.png,real,0.0,0.480248212814331,1,fake,patch_majority
sd3_fp8,CLIP-D,patch_majority,/media/CrispyMcMarkInc/fake-images-img2img/00012_sd3_fp8_seed135_s30_g3.5_str0.3.png,real,0.0,0.492319107055664,1,fake,patch_majority
sd15_fp16,CLIP-D,patch_majority,/media/CrispyMcMarkInc/fake-images-img2img/00062_sd15_fp16_seed185_s30_g3.5_str0.3.png,real,0.0,0.4829897880554199,1,fake,patch_majority
sd3_fp4,CLIP-D,patch_majority,/media/CrispyMcMarkInc/fake-images-img2img/00005_sd3_fp4_seed128_s30_g3.5_str0.3.png,fake,1.0,0.4973452091217041,1,fake,patch_majority
sd35_fp16,CLIP-D,patch_majority,/media/CrispyMcMarkInc/fake-images-img2img/00062_sd35_fp16_seed185_s30_g3.5_str0.3.png,fake,1.0,0.5166366100311279,1,fake,patch_majority
sd35_fp4,CLIP-D,patch_majority,/media/CrispyMcMarkInc/fake-images-img2img/00066_sd35_fp4_seed189_s30_g3.5_str0.3.png,real,0.0,0.515038251876831,1,fake,patch_majority
sd15_fp8,CLIP-D,patch_majority,/media/CrispyMcMarkInc/fake-images-img2img/00085_sd15_fp8_seed208_s30_g3.5_str0.3.png,real,0.0,0.5276274681091309,1,fake,patch_majority
sd15_fp4,CLIP-D,patch_majority,/media/CrispyMcMarkInc/fake-images-img2img/00074_sd15_fp4_seed197_s30_g3.5_str0.3.png,fake,1.0,0.537078857421875,1,fake,patch_majority
sd15_fp4,CLIP-D,patch_majority,/media/CrispyMcMarkInc/fake-images-img2img/00023_sd15_fp4_seed146_s30_g3.5_str0.3.png,real,0.0,0.5370433330535889,1,fake,patch_majority
sd35_fp4,CLIP-D,patch_majority,/media/CrispyMcMarkInc/fake-images-img2img/00077_sd35_fp4_seed200_s30_g3.5_str0.3.png,fake,1.0,0.5365180969238281,1,fake,patch_majority
sd35_fp4,CLIP-D,patch_majority,/media/CrispyMcMarkInc/fake-images-img2img/00096_sd35_fp4_seed219_s30_g3.5_str0.3.png,real,0.0,0.5421159267425537,1,fake,patch_majority
sd15_fp4,CLIP-D,patch_majority,/media/CrispyMcMarkInc/fake-images-img2img/00096_sd15_fp4_seed219_s30_g3.5_str0.3.png,real,0.0,0.5718183517456055,1,fake,patch_majority
sd35_fp4,CLIP-D,patch_majority,/media/CrispyMcMarkInc/fake-images-img2img/00025_sd35_fp4_seed148_s30_g3.5_str0.3.png,real,0.0,0.5649068355560303,1,fake,patch_majority
sd15_fp8,CLIP-D,patch_majority,/media/CrispyMcMarkInc/fake-images-img2img/00069_sd15_fp8_seed192_s30_g3.5_str0.3.png,real,0.0,0.6618118286132812,1,fake,patch_majority
sd35_fp8,CLIP-D,patch_majority,/media/CrispyMcMarkInc/fake-images-img2img/00025_sd35_fp8_seed148_s30_g3.5_str0.3.png,real,0.0,0.6725082397460938,1,fake,patch_majority
sd3_fp8,CLIP-D,patch_majority,/media/CrispyMcMarkInc/fake-images-img2img/00098_sd3_fp8_seed221_s30_g3.5_str0.3.png,real,0.0,0.5531797409057617,1,fake,patch_majority
sd3_fp8,CLIP-D,patch_majority,/media/CrispyMcMarkInc/fake-images-img2img/00064_sd3_fp8_seed187_s30_g3.5_str0.3.png,real,0.0,0.4983274936676025,1,fake,patch_majority
sd3_fp4,CLIP-D,patch_majority,/media/CrispyMcMarkInc/fake-images-img2img/00036_sd3_fp4_seed159_s30_g3.5_str0.3.png,fake,1.0,0.4885909557342529,1,fake,patch_majority
sd15_fp16,CLIP-D,patch_majority,/media/CrispyMcMarkInc/fake-images-img2img/00060_sd15_fp16_seed183_s30_g3.5_str0.3.png,real,0.0,0.4827644824981689,1,fake,patch_majority
sd3_fp8,CLIP-D,patch_majority,/media/CrispyMcMarkInc/fake-images-img2img/00003_sd3_fp8_seed126_s30_g3.5_str0.3.png,fake,1.0,0.4883103370666504,1,fake,patch_majority
sd3_fp16,CLIP-D,patch_majority,/media/CrispyMcMarkInc/fake-images-img2img/00043_sd3_fp16_seed166_s30_g3.5_str0.3.png,fake,1.0,0.4984908103942871,1,fake,patch_majority
sd35_fp8,CLIP-D,patch_majority,/media/CrispyMcMarkInc/fake-images-img2img/00030_sd35_fp8_seed153_s30_g3.5_str0.3.png,fake,1.0,0.4879882335662842,1,fake,patch_majority
sd15_fp8,CLIP-D,patch_majority,/media/CrispyMcMarkInc/fake-images-img2img/00045_sd15_fp8_seed168_s30_g3.5_str0.3.png,real,0.0,0.5118343830108643,1,fake,patch_majority
sd15_fp4,CLIP-D,patch_majority,/media/CrispyMcMarkInc/fake-images-img2img/00046_sd15_fp4_seed169_s30_g3.5_str0.3.png,real,0.0,0.4811785221099853,1,fake,patch_majority
sd35_fp4,CLIP-D,patch_majority,/media/CrispyMcMarkInc/fake-images-img2img/00056_sd35_fp4_seed179_s30_g3.5_str0.3.png,fake,1.0,0.4839675426483154,1,fake,patch_majority
sd35_fp16,CLIP-D,patch_majority,/media/CrispyMcMarkInc/fake-images-img2img/00091_sd35_fp16_seed214_s30_g3.5_str0.3.png,fake,1.0,0.4848141670227051,1,fake,patch_majority
sd15_fp16,CLIP-D,patch_majority,/media/CrispyMcMarkInc/fake-images-img2img/00040_sd15_fp16_seed163_s30_g3.5_str0.3.png,fake,1.0,0.4756226539611816,1,fake,patch_majority
sd35_fp16,CLIP-D,patch_majority,/media/CrispyMcMarkInc/fake-images-img2img/00071_sd35_fp16_seed194_s30_g3.5_str0.3.png,real,0.0,0.4816768169403076,1,fake,patch_majority
sd3_fp16,CLIP-D,patch_majority,/media/CrispyMcMarkInc/fake-images-img2img/00048_sd3_fp16_seed171_s30_g3.5_str0.3.png,real,0.0,0.4836103916168213,1,fake,patch_majority
sd35_fp8,CLIP-D,patch_majority,/media/CrispyMcMarkInc/fake-images-img2img/00044_sd35_fp8_seed167_s30_g3.5_str0.3.png,real,0.0,0.4785895347595215,1,fake,patch_majority
sd3_fp4,CLIP-D,patch_majority,/media/CrispyMcMarkInc/fake-images-img2img/00016_sd3_fp4_seed139_s30_g3.5_str0.3.png,real,0.0,0.4853169918060303,1,fake,patch_majority
sd35_fp4,CLIP-D,patch_majority,/media/CrispyMcMarkInc/fake-images-img2img/00048_sd35_fp4_seed171_s30_g3.5_str0.3.png,real,0.0,0.4855329990386963,1,fake,patch_majority
sd35_fp16,CLIP-D,patch_majority,/media/CrispyMcMarkInc/fake-images-img2img/00096_sd35_fp16_seed219_s30_g3.5_str0.3.png,real,0.0,0.4816663265228271,1,fake,patch_majority
sd35_fp16,CLIP-D,patch_majority,/media/CrispyMcMarkInc/fake-images-img2img/00060_sd35_fp16_seed183_s30_g3.5_str0.3.png,real,0.0,0.4794018268585205,1,fake,patch_majority
sd35_fp8,CLIP-D,patch_majority,/media/CrispyMcMarkInc/fake-images-img2img/00045_sd35_fp8_seed168_s30_g3.5_str0.3.png,real,0.0,0.4810688495635986,1,fake,patch_majority
sd35_fp4,CLIP-D,patch_majority,/media/CrispyMcMarkInc/fake-images-img2img/00023_sd35_fp4_seed146_s30_g3.5_str0.3.png,real,0.0,0.5009229183197021,1,fake,patch_majority
sd35_fp16,CLIP-D,patch_majority,/media/CrispyMcMarkInc/fake-images-img2img/00077_sd35_fp16_seed200_s30_g3.5_str0.3.png,fake,1.0,0.5277814865112305,1,fake,patch_majority
sd3_fp16,CLIP-D,patch_majority,/media/CrispyMcMarkInc/fake-images-img2img/00034_sd3_fp16_seed157_s30_g3.5_str0.3.png,real,0.0,0.5424356460571289,1,fake,patch_majority
sd35_fp16,CLIP-D,patch_majority,/media/CrispyMcMarkInc/fake-images-img2img/00084_sd35_fp16_seed207_s30_g3.5_str0.3.png,real,0.0,0.5315520763397217,1,fake,patch_majority
sd35_fp16,CLIP-D,patch_majority,/media/CrispyMcMarkInc/fake-images-img2img/00003_sd35_fp16_seed126_s30_g3.5_str0.3.png,fake,1.0,0.528641939163208,1,fake,patch_majority
sd3_fp16,CLIP-D,patch_majority,/media/CrispyMcMarkInc/fake-images-img2img/00056_sd3_fp16_seed179_s30_g3.5_str0.3.png,real,0.0,0.511444091796875,1,fake,patch_majority
sd3_fp8,CLIP-D,patch_majority,/media/CrispyMcMarkInc/fake-images-img2img/00082_sd3_fp8_seed205_s30_g3.5_str0.3.png,real,0.0,0.5139150619506836,1,fake,patch_majority
sd3_fp16,CLIP-D,patch_majority,/media/CrispyMcMarkInc/fake-images-img2img/00085_sd3_fp16_seed208_s30_g3.5_str0.3.png,fake,1.0,0.5166521072387695,1,fake,patch_majority
sd3_fp16,CLIP-D,patch_majority,/media/CrispyMcMarkInc/fake-images-img2img/00019_sd3_fp16_seed142_s30_g3.5_str0.3.png,real,0.0,0.5195987224578857,1,fake,patch_majority
sd15_fp8,CLIP-D,patch_majority,/media/CrispyMcMarkInc/fake-images-img2img/00000_sd15_fp8_seed123_s30_g3.5_str0.3.png,fake,1.0,0.537024974822998,1,fake,patch_majority
sd3_fp8,CLIP-D,patch_majority,/media/CrispyMcMarkInc/fake-images-img2img/00047_sd3_fp8_seed170_s30_g3.5_str0.3.png,fake,1.0,0.5312478542327881,1,fake,patch_majority
sd15_fp4,CLIP-D,patch_majority,/media/CrispyMcMarkInc/fake-images-img2img/00080_sd15_fp4_seed203_s30_g3.5_str0.3.png,real,0.0,0.5426638126373291,1,fake,patch_majority
sd3_fp8,CLIP-D,patch_majority,/media/CrispyMcMarkInc/fake-images-img2img/00039_sd3_fp8_seed162_s30_g3.5_str0.3.png,real,0.0,0.5396053791046143,1,fake,patch_majority
sd15_fp16,CLIP-D,patch_majority,/media/CrispyMcMarkInc/fake-images-img2img/00028_sd15_fp16_seed151_s30_g3.5_str0.3.png,fake,1.0,0.5366833209991455,1,fake,patch_majority
sd3_fp16,CLIP-D,patch_majority,/media/CrispyMcMarkInc/fake-images-img2img/00036_sd3_fp16_seed159_s30_g3.5_str0.3.png,real,0.0,0.5326569080352783,1,fake,patch_majority
sd15_fp8,CLIP-D,patch_majority,/media/CrispyMcMarkInc/fake-images-img2img/00014_sd15_fp8_seed137_s30_g3.5_str0.3.png,real,0.0,0.5325872898101807,1,fake,patch_majority
sd35_fp16,CLIP-D,patch_majority,/media/CrispyMcMarkInc/fake-images-img2img/00031_sd35_fp16_seed154_s30_g3.5_str0.3.png,real,0.0,0.5363829135894775,1,fake,patch_majority
sd35_fp16,CLIP-D,patch_majority,/media/CrispyMcMarkInc/fake-images-img2img/00048_sd35_fp16_seed171_s30_g3.5_str0.3.png,real,0.0,0.5318117141723633,1,fake,patch_majority
sd15_fp8,CLIP-D,patch_majority,/media/CrispyMcMarkInc/fake-images-img2img/00007_sd15_fp8_seed130_s30_g3.5_str0.3.png,real,0.0,0.4984536170959472,1,fake,patch_majority
sd35_fp4,CLIP-D,patch_majority,/media/CrispyMcMarkInc/fake-images-img2img/00098_sd35_fp4_seed221_s30_g3.5_str0.3.png,real,0.0,0.4986665248870849,1,fake,patch_majority
sd35_fp16,CLIP-D,patch_majority,/media/CrispyMcMarkInc/fake-images-img2img/00065_sd35_fp16_seed188_s30_g3.5_str0.3.png,real,0.0,0.4883885383605957,1,fake,patch_majority
sd3_fp8,CLIP-D,patch_majority,/media/CrispyMcMarkInc/fake-images-img2img/00054_sd3_fp8_seed177_s30_g3.5_str0.3.png,real,0.0,0.4996547698974609,1,fake,patch_majority
sd3_fp16,CLIP-D,patch_majority,/media/CrispyMcMarkInc/fake-images-img2img/00077_sd3_fp16_seed200_s30_g3.5_str0.3.png,fake,1.0,0.5249049663543701,1,fake,patch_majority
sd3_fp8,CLIP-D,patch_majority,/media/CrispyMcMarkInc/fake-images-img2img/00076_sd3_fp8_seed199_s30_g3.5_str0.3.png,real,0.0,0.5394394397735596,1,fake,patch_majority
sd35_fp16,CLIP-D,patch_majority,/media/CrispyMcMarkInc/fake-images-img2img/00004_sd35_fp16_seed127_s30_g3.5_str0.3.png,real,0.0,0.5332579612731934,1,fake,patch_majority
sd35_fp8,CLIP-D,patch_majority,/media/CrispyMcMarkInc/fake-images-img2img/00018_sd35_fp8_seed141_s30_g3.5_str0.3.png,real,0.0,0.5370421409606934,1,fake,patch_majority
sd3_fp8,CLIP-D,patch_majority,/media/CrispyMcMarkInc/fake-images-img2img/00020_sd3_fp8_seed143_s30_g3.5_str0.3.png,real,0.0,0.5400657653808594,1,fake,patch_majority
sd3_fp4,CLIP-D,patch_majority,/media/CrispyMcMarkInc/fake-images-img2img/00007_sd3_fp4_seed130_s30_g3.5_str0.3.png,fake,1.0,0.5353050231933594,1,fake,patch_majority
sd35_fp16,CLIP-D,patch_majority,/media/CrispyMcMarkInc/fake-images-img2img/00080_sd35_fp16_seed203_s30_g3.5_str0.3.png,real,0.0,0.545508623123169,1,fake,patch_majority
sd3_fp4,CLIP-D,patch_majority,/media/CrispyMcMarkInc/fake-images-img2img/00011_sd3_fp4_seed134_s30_g3.5_str0.3.png,real,0.0,0.5390369892120361,1,fake,patch_majority
sd35_fp4,CLIP-D,patch_majority,/media/CrispyMcMarkInc/fake-images-img2img/00080_sd35_fp4_seed203_s30_g3.5_str0.3.png,real,0.0,0.5496423244476318,1,fake,patch_majority
sd15_fp8,CLIP-D,patch_majority,/media/CrispyMcMarkInc/fake-images-img2img/00093_sd15_fp8_seed216_s30_g3.5_str0.3.png,fake,1.0,0.5418767929077148,1,fake,patch_majority
sd35_fp16,CLIP-D,patch_majority,/media/CrispyMcMarkInc/fake-images-img2img/00022_sd35_fp16_seed145_s30_g3.5_str0.3.png,real,0.0,0.6529998779296875,1,fake,patch_majority
sd15_fp4,CLIP-D,patch_majority,/media/CrispyMcMarkInc/fake-images-img2img/00081_sd15_fp4_seed204_s30_g3.5_str0.3.png,real,0.0,0.57600998878479,1,fake,patch_majority
sd15_fp16,CLIP-D,patch_majority,/media/CrispyMcMarkInc/fake-images-img2img/00029_sd15_fp16_seed152_s30_g3.5_str0.3.png,fake,1.0,0.5743575096130371,1,fake,patch_majority
sd15_fp16,CLIP-D,patch_majority,/media/CrispyMcMarkInc/fake-images-img2img/00094_sd15_fp16_seed217_s30_g3.5_str0.3.png,fake,1.0,0.6062304973602295,1,fake,patch_majority
sd15_fp8,CLIP-D,patch_majority,/media/CrispyMcMarkInc/fake-images-img2img/00016_sd15_fp8_seed139_s30_g3.5_str0.3.png,real,0.0,0.4940536022186279,1,fake,patch_majority
sd35_fp8,CLIP-D,patch_majority,/media/CrispyMcMarkInc/fake-images-img2img/00058_sd35_fp8_seed181_s30_g3.5_str0.3.png,fake,1.0,0.5378656387329102,1,fake,patch_majority
sd3_fp4,CLIP-D,patch_majority,/media/CrispyMcMarkInc/fake-images-img2img/00079_sd3_fp4_seed202_s30_g3.5_str0.3.png,real,0.0,0.5417890548706055,1,fake,patch_majority
sd35_fp8,CLIP-D,patch_majority,/media/CrispyMcMarkInc/fake-images-img2img/00078_sd35_fp8_seed201_s30_g3.5_str0.3.png,fake,1.0,0.4971950054168701,1,fake,patch_majority
sd35_fp16,CLIP-D,patch_majority,/media/CrispyMcMarkInc/fake-images-img2img/00033_sd35_fp16_seed156_s30_g3.5_str0.3.png,fake,1.0,0.479870080947876,1,fake,patch_majority
sd3_fp4,CLIP-D,patch_majority,/media/CrispyMcMarkInc/fake-images-img2img/00042_sd3_fp4_seed165_s30_g3.5_str0.3.png,real,0.0,0.4943249225616455,1,fake,patch_majority
sd3_fp4,CLIP-D,patch_majority,/media/CrispyMcMarkInc/fake-images-img2img/00006_sd3_fp4_seed129_s30_g3.5_str0.3.png,real,0.0,0.4795429706573486,1,fake,patch_majority
sd35_fp4,CLIP-D,patch_majority,/media/CrispyMcMarkInc/fake-images-img2img/00078_sd35_fp4_seed201_s30_g3.5_str0.3.png,fake,1.0,0.4845399856567383,1,fake,patch_majority
sd15_fp16,CLIP-D,patch_majority,/media/CrispyMcMarkInc/fake-images-img2img/00001_sd15_fp16_seed124_s30_g3.5_str0.3.png,fake,1.0,0.49690842628479,1,fake,patch_majority
sd3_fp8,CLIP-D,patch_majority,/media/CrispyMcMarkInc/fake-images-img2img/00071_sd3_fp8_seed194_s30_g3.5_str0.3.png,real,0.0,0.4944391250610351,1,fake,patch_majority
sd3_fp8,CLIP-D,patch_majority,/media/CrispyMcMarkInc/fake-images-img2img/00023_sd3_fp8_seed146_s30_g3.5_str0.3.png,real,0.0,0.4820661544799804,1,fake,patch_majority
sd15_fp4,CLIP-D,patch_majority,/media/CrispyMcMarkInc/fake-images-img2img/00078_sd15_fp4_seed201_s30_g3.5_str0.3.png,fake,1.0,0.4871532917022705,1,fake,patch_majority
sd3_fp4,CLIP-D,patch_majority,/media/CrispyMcMarkInc/fake-images-img2img/00041_sd3_fp4_seed164_s30_g3.5_str0.3.png,fake,1.0,0.4847044944763183,1,fake,patch_majority
sd35_fp4,CLIP-D,patch_majority,/media/CrispyMcMarkInc/fake-images-img2img/00094_sd35_fp4_seed217_s30_g3.5_str0.3.png,fake,1.0,0.4857349395751953,1,fake,patch_majority
sd3_fp8,CLIP-D,patch_majority,/media/CrispyMcMarkInc/fake-images-img2img/00087_sd3_fp8_seed210_s30_g3.5_str0.3.png,fake,1.0,0.4863171577453613,1,fake,patch_majority
sd3_fp4,CLIP-D,patch_majority,/media/CrispyMcMarkInc/fake-images-img2img/00097_sd3_fp4_seed220_s30_g3.5_str0.3.png,fake,1.0,0.5210351943969727,1,fake,patch_majority
sd3_fp8,CLIP-D,patch_majority,/media/CrispyMcMarkInc/fake-images-img2img/00049_sd3_fp8_seed172_s30_g3.5_str0.3.png,fake,1.0,0.5185863971710205,1,fake,patch_majority
sd15_fp16,CLIP-D,patch_majority,/media/CrispyMcMarkInc/fake-images-img2img/00061_sd15_fp16_seed184_s30_g3.5_str0.3.png,fake,1.0,0.5372424125671387,1,fake,patch_majority
sd3_fp4,CLIP-D,patch_majority,/media/CrispyMcMarkInc/fake-images-img2img/00052_sd3_fp4_seed175_s30_g3.5_str0.3.png,real,0.0,0.6512973308563232,1,fake,patch_majority
sd15_fp4,CLIP-D,patch_majority,/media/CrispyMcMarkInc/fake-images-img2img/00019_sd15_fp4_seed142_s30_g3.5_str0.3.png,fake,1.0,0.5521478652954102,1,fake,patch_majority
sd3_fp4,CLIP-D,patch_majority,/media/CrispyMcMarkInc/fake-images-img2img/00047_sd3_fp4_seed170_s30_g3.5_str0.3.png,fake,1.0,0.5346620082855225,1,fake,patch_majority
sd35_fp8,CLIP-D,patch_majority,/media/CrispyMcMarkInc/fake-images-img2img/00064_sd35_fp8_seed187_s30_g3.5_str0.3.png,real,0.0,0.5169534683227539,1,fake,patch_majority
sd3_fp8,CLIP-D,patch_majority,/media/CrispyMcMarkInc/fake-images-img2img/00000_sd3_fp8_seed123_s30_g3.5_str0.3.png,fake,1.0,0.6198568344116211,1,fake,patch_majority
sd15_fp4,CLIP-D,patch_majority,/media/CrispyMcMarkInc/fake-images-img2img/00049_sd15_fp4_seed172_s30_g3.5_str0.3.png,fake,1.0,0.5843336582183838,1,fake,patch_majority
sd15_fp4,CLIP-D,patch_majority,/media/CrispyMcMarkInc/fake-images-img2img/00009_sd15_fp4_seed132_s30_g3.5_str0.3.png,real,0.0,0.4836394786834717,1,fake,patch_majority
sd15_fp16,CLIP-D,patch_majority,/media/CrispyMcMarkInc/fake-images-img2img/00050_sd15_fp16_seed173_s30_g3.5_str0.3.png,fake,1.0,0.4618828296661377,1,fake,patch_majority
sd35_fp16,CLIP-D,patch_majority,/media/CrispyMcMarkInc/fake-images-img2img/00059_sd35_fp16_seed182_s30_g3.5_str0.3.png,real,0.0,0.5004830360412598,1,fake,patch_majority
sd3_fp4,CLIP-D,patch_majority,/media/CrispyMcMarkInc/fake-images-img2img/00017_sd3_fp4_seed140_s30_g3.5_str0.3.png,fake,1.0,0.4815077781677246,1,fake,patch_majority
sd15_fp16,CLIP-D,patch_majority,/media/CrispyMcMarkInc/fake-images-img2img/00037_sd15_fp16_seed160_s30_g3.5_str0.3.png,fake,1.0,0.4840390682220459,1,fake,patch_majority
sd35_fp8,CLIP-D,patch_majority,/media/CrispyMcMarkInc/fake-images-img2img/00037_sd35_fp8_seed160_s30_g3.5_str0.3.png,real,0.0,0.4769959449768066,1,fake,patch_majority
sd15_fp4,CLIP-D,patch_majority,/media/CrispyMcMarkInc/fake-images-img2img/00089_sd15_fp4_seed212_s30_g3.5_str0.3.png,real,0.0,0.4902195930480957,1,fake,patch_majority
sd35_fp16,CLIP-D,patch_majority,/media/CrispyMcMarkInc/fake-images-img2img/00056_sd35_fp16_seed179_s30_g3.5_str0.3.png,real,0.0,0.4898459911346435,1,fake,patch_majority
sd3_fp8,CLIP-D,patch_majority,/media/CrispyMcMarkInc/fake-images-img2img/00091_sd3_fp8_seed214_s30_g3.5_str0.3.png,fake,1.0,0.4862403869628906,1,fake,patch_majority
sd35_fp8,CLIP-D,patch_majority,/media/CrispyMcMarkInc/fake-images-img2img/00020_sd35_fp8_seed143_s30_g3.5_str0.3.png,real,0.0,0.4832942485809326,1,fake,patch_majority
sd35_fp8,CLIP-D,patch_majority,/media/CrispyMcMarkInc/fake-images-img2img/00070_sd35_fp8_seed193_s30_g3.5_str0.3.png,real,0.0,0.4774494171142578,1,fake,patch_majority
sd3_fp8,CLIP-D,patch_majority,/media/CrispyMcMarkInc/fake-images-img2img/00068_sd3_fp8_seed191_s30_g3.5_str0.3.png,real,0.0,0.5189998149871826,1,fake,patch_majority
sd35_fp8,CLIP-D,patch_majority,/media/CrispyMcMarkInc/fake-images-img2img/00002_sd35_fp8_seed125_s30_g3.5_str0.3.png,real,0.0,0.4855785369873047,1,fake,patch_majority
sd15_fp16,CLIP-D,patch_majority,/media/CrispyMcMarkInc/fake-images-img2img/00067_sd15_fp16_seed190_s30_g3.5_str0.3.png,fake,1.0,0.4794762134552002,1,fake,patch_majority
sd3_fp16,CLIP-D,patch_majority,/media/CrispyMcMarkInc/fake-images-img2img/00074_sd3_fp16_seed197_s30_g3.5_str0.3.png,real,0.0,0.4798040390014648,1,fake,patch_majority
sd35_fp8,CLIP-D,patch_majority,/media/CrispyMcMarkInc/fake-images-img2img/00057_sd35_fp8_seed180_s30_g3.5_str0.3.png,real,0.0,0.4961304664611816,1,fake,patch_majority
sd3_fp8,CLIP-D,patch_majority,/media/CrispyMcMarkInc/fake-images-img2img/00032_sd3_fp8_seed155_s30_g3.5_str0.3.png,real,0.0,0.5133602619171143,1,fake,patch_majority
sd15_fp4,CLIP-D,patch_majority,/media/CrispyMcMarkInc/fake-images-img2img/00087_sd15_fp4_seed210_s30_g3.5_str0.3.png,fake,1.0,0.5262312889099121,1,fake,patch_majority
sd3_fp8,CLIP-D,patch_majority,/media/CrispyMcMarkInc/fake-images-img2img/00078_sd3_fp8_seed201_s30_g3.5_str0.3.png,fake,1.0,0.5264875888824463,1,fake,patch_majority
sd3_fp16,CLIP-D,patch_majority,/media/CrispyMcMarkInc/fake-images-img2img/00007_sd3_fp16_seed130_s30_g3.5_str0.3.png,real,0.0,0.5381877422332764,1,fake,patch_majority
sd35_fp16,CLIP-D,patch_majority,/media/CrispyMcMarkInc/fake-images-img2img/00055_sd35_fp16_seed178_s30_g3.5_str0.3.png,real,0.0,0.5305275917053223,1,fake,patch_majority
sd15_fp16,CLIP-D,patch_majority,/media/CrispyMcMarkInc/fake-images-img2img/00085_sd15_fp16_seed208_s30_g3.5_str0.3.png,real,0.0,0.5140526294708252,1,fake,patch_majority
sd15_fp4,CLIP-D,patch_majority,/media/CrispyMcMarkInc/fake-images-img2img/00012_sd15_fp4_seed135_s30_g3.5_str0.3.png,fake,1.0,0.5084338188171387,1,fake,patch_majority
sd35_fp8,CLIP-D,patch_majority,/media/CrispyMcMarkInc/fake-images-img2img/00071_sd35_fp8_seed194_s30_g3.5_str0.3.png,real,0.0,0.5331952571868896,1,fake,patch_majority
sd3_fp16,CLIP-D,patch_majority,/media/CrispyMcMarkInc/fake-images-img2img/00054_sd3_fp16_seed177_s30_g3.5_str0.3.png,real,0.0,0.4911565780639648,1,fake,patch_majority
sd3_fp8,CLIP-D,patch_majority,/media/CrispyMcMarkInc/fake-images-img2img/00002_sd3_fp8_seed125_s30_g3.5_str0.3.png,real,0.0,0.4983677864074707,1,fake,patch_majority
sd15_fp16,CLIP-D,patch_majority,/media/CrispyMcMarkInc/fake-images-img2img/00009_sd15_fp16_seed132_s30_g3.5_str0.3.png,real,0.0,0.5195577144622803,1,fake,patch_majority
sd15_fp16,CLIP-D,patch_majority,/media/CrispyMcMarkInc/fake-images-img2img/00016_sd15_fp16_seed139_s30_g3.5_str0.3.png,real,0.0,0.5502068996429443,1,fake,patch_majority
sd3_fp16,CLIP-D,patch_majority,/media/CrispyMcMarkInc/fake-images-img2img/00087_sd3_fp16_seed210_s30_g3.5_str0.3.png,fake,1.0,0.6457953453063965,1,fake,patch_majority
sd15_fp4,CLIP-D,patch_majority,/media/CrispyMcMarkInc/fake-images-img2img/00002_sd15_fp4_seed125_s30_g3.5_str0.3.png,real,0.0,0.5475521087646484,1,fake,patch_majority
sd3_fp16,CLIP-D,patch_majority,/media/CrispyMcMarkInc/fake-images-img2img/00025_sd3_fp16_seed148_s30_g3.5_str0.3.png,real,0.0,0.6407732963562012,1,fake,patch_majority
sd35_fp16,CLIP-D,patch_majority,/media/CrispyMcMarkInc/fake-images-img2img/00099_sd35_fp16_seed222_s30_g3.5_str0.3.png,real,0.0,0.5837085247039795,1,fake,patch_majority
sd35_fp4,CLIP-D,patch_majority,/media/CrispyMcMarkInc/fake-images-img2img/00000_sd35_fp4_seed123_s30_g3.5_str0.3.png,fake,1.0,0.4809544086456299,1,fake,patch_majority
sd15_fp16,CLIP-D,patch_majority,/media/CrispyMcMarkInc/fake-images-img2img/00066_sd15_fp16_seed189_s30_g3.5_str0.3.png,fake,1.0,0.4831953048706054,1,fake,patch_majority
sd35_fp8,CLIP-D,patch_majority,/media/CrispyMcMarkInc/fake-images-img2img/00099_sd35_fp8_seed222_s30_g3.5_str0.3.png,real,0.0,0.4915969371795654,1,fake,patch_majority
sd15_fp16,CLIP-D,patch_majority,/media/CrispyMcMarkInc/fake-images-img2img/00002_sd15_fp16_seed125_s30_g3.5_str0.3.png,real,0.0,0.4835836887359619,1,fake,patch_majority
sd15_fp8,CLIP-D,patch_majority,/media/CrispyMcMarkInc/fake-images-img2img/00060_sd15_fp8_seed183_s30_g3.5_str0.3.png,real,0.0,0.480255126953125,1,fake,patch_majority
sd35_fp4,CLIP-D,patch_majority,/media/CrispyMcMarkInc/fake-images-img2img/00044_sd35_fp4_seed167_s30_g3.5_str0.3.png,real,0.0,0.4879848957061767,1,fake,patch_majority
sd15_fp16,CLIP-D,patch_majority,/media/CrispyMcMarkInc/fake-images-img2img/00057_sd15_fp16_seed180_s30_g3.5_str0.3.png,real,0.0,0.4839212894439697,1,fake,patch_majority
sd3_fp8,CLIP-D,patch_majority,/media/CrispyMcMarkInc/fake-images-img2img/00040_sd3_fp8_seed163_s30_g3.5_str0.3.png,fake,1.0,0.4803485870361328,1,fake,patch_majority
sd15_fp4,CLIP-D,patch_majority,/media/CrispyMcMarkInc/fake-images-img2img/00063_sd15_fp4_seed186_s30_g3.5_str0.3.png,fake,1.0,0.4782524108886719,1,fake,patch_majority
sd35_fp4,CLIP-D,patch_majority,/media/CrispyMcMarkInc/fake-images-img2img/00065_sd35_fp4_seed188_s30_g3.5_str0.3.png,real,0.0,0.4796764850616455,1,fake,patch_majority
sd35_fp16,CLIP-D,patch_majority,/media/CrispyMcMarkInc/fake-images-img2img/00044_sd35_fp16_seed167_s30_g3.5_str0.3.png,real,0.0,0.4818432331085205,1,fake,patch_majority
sd35_fp8,CLIP-D,patch_majority,/media/CrispyMcMarkInc/fake-images-img2img/00074_sd35_fp8_seed197_s30_g3.5_str0.3.png,real,0.0,0.4805004596710205,1,fake,patch_majority
sd15_fp4,CLIP-D,patch_majority,/media/CrispyMcMarkInc/fake-images-img2img/00052_sd15_fp4_seed175_s30_g3.5_str0.3.png,real,0.0,0.495584487915039,1,fake,patch_majority
sd3_fp16,CLIP-D,patch_majority,/media/CrispyMcMarkInc/fake-images-img2img/00084_sd3_fp16_seed207_s30_g3.5_str0.3.png,real,0.0,0.526108980178833,1,fake,patch_majority
sd15_fp4,CLIP-D,patch_majority,/media/CrispyMcMarkInc/fake-images-img2img/00004_sd15_fp4_seed127_s30_g3.5_str0.3.png,real,0.0,0.5192198753356934,1,fake,patch_majority
sd3_fp4,CLIP-D,patch_majority,/media/CrispyMcMarkInc/fake-images-img2img/00046_sd3_fp4_seed169_s30_g3.5_str0.3.png,real,0.0,0.5210380554199219,1,fake,patch_majority
sd15_fp4,CLIP-D,patch_majority,/media/CrispyMcMarkInc/fake-images-img2img/00084_sd15_fp4_seed207_s30_g3.5_str0.3.png,fake,1.0,0.5235748291015625,1,fake,patch_majority
sd35_fp16,CLIP-D,patch_majority,/media/CrispyMcMarkInc/fake-images-img2img/00070_sd35_fp16_seed193_s30_g3.5_str0.3.png,real,0.0,0.5360684394836426,1,fake,patch_majority
sd3_fp8,CLIP-D,patch_majority,/media/CrispyMcMarkInc/fake-images-img2img/00010_sd3_fp8_seed133_s30_g3.5_str0.3.png,real,0.0,0.5375573635101318,1,fake,patch_majority
sd35_fp8,CLIP-D,patch_majority,/media/CrispyMcMarkInc/fake-images-img2img/00082_sd35_fp8_seed205_s30_g3.5_str0.3.png,real,0.0,0.5347371101379395,1,fake,patch_majority
sd3_fp8,CLIP-D,patch_majority,/media/CrispyMcMarkInc/fake-images-img2img/00059_sd3_fp8_seed182_s30_g3.5_str0.3.png,real,0.0,0.5368068218231201,1,fake,patch_majority
sd3_fp8,CLIP-D,patch_majority,/media/CrispyMcMarkInc/fake-images-img2img/00067_sd3_fp8_seed190_s30_g3.5_str0.3.png,real,0.0,0.534588098526001,1,fake,patch_majority
sd3_fp8,CLIP-D,patch_majority,/media/CrispyMcMarkInc/fake-images-img2img/00045_sd3_fp8_seed168_s30_g3.5_str0.3.png,real,0.0,0.5534932613372803,1,fake,patch_majority
sd15_fp4,CLIP-D,patch_majority,/media/CrispyMcMarkInc/fake-images-img2img/00001_sd15_fp4_seed124_s30_g3.5_str0.3.png,fake,1.0,0.5745136737823486,1,fake,patch_majority
sd3_fp8,CLIP-D,patch_majority,/media/CrispyMcMarkInc/fake-images-img2img/00074_sd3_fp8_seed197_s30_g3.5_str0.3.png,real,0.0,0.5405266284942627,1,fake,patch_majority
sd35_fp4,CLIP-D,patch_majority,/media/CrispyMcMarkInc/fake-images-img2img/00089_sd35_fp4_seed212_s30_g3.5_str0.3.png,real,0.0,0.6150431632995605,1,fake,patch_majority
sd15_fp4,CLIP-D,patch_majority,/media/CrispyMcMarkInc/fake-images-img2img/00033_sd15_fp4_seed156_s30_g3.5_str0.3.png,fake,1.0,0.4926800727844238,1,fake,patch_majority
sd35_fp16,CLIP-D,patch_majority,/media/CrispyMcMarkInc/fake-images-img2img/00013_sd35_fp16_seed136_s30_g3.5_str0.3.png,real,0.0,0.4784395694732666,1,fake,patch_majority
sd3_fp8,CLIP-D,patch_majority,/media/CrispyMcMarkInc/fake-images-img2img/00043_sd3_fp8_seed166_s30_g3.5_str0.3.png,fake,1.0,0.4834339618682861,1,fake,patch_majority
sd3_fp8,CLIP-D,patch_majority,/media/CrispyMcMarkInc/fake-images-img2img/00080_sd3_fp8_seed203_s30_g3.5_str0.3.png,real,0.0,0.480574369430542,1,fake,patch_majority
sd3_fp4,CLIP-D,patch_majority,/media/CrispyMcMarkInc/fake-images-img2img/00026_sd3_fp4_seed149_s30_g3.5_str0.3.png,real,0.0,0.481947660446167,1,fake,patch_majority
sd35_fp8,CLIP-D,patch_majority,/media/CrispyMcMarkInc/fake-images-img2img/00027_sd35_fp8_seed150_s30_g3.5_str0.3.png,real,0.0,0.4859743118286133,1,fake,patch_majority
sd35_fp4,CLIP-D,patch_majority,/media/CrispyMcMarkInc/fake-images-img2img/00081_sd35_fp4_seed204_s30_g3.5_str0.3.png,real,0.0,0.4831032752990722,1,fake,patch_majority
sd15_fp16,CLIP-D,patch_majority,/media/CrispyMcMarkInc/fake-images-img2img/00087_sd15_fp16_seed210_s30_g3.5_str0.3.png,fake,1.0,0.4792158603668213,1,fake,patch_majority
sd15_fp16,CLIP-D,patch_majority,/media/CrispyMcMarkInc/fake-images-img2img/00020_sd15_fp16_seed143_s30_g3.5_str0.3.png,real,0.0,0.4901666641235351,1,fake,patch_majority
sd35_fp4,CLIP-D,patch_majority,/media/CrispyMcMarkInc/fake-images-img2img/00095_sd35_fp4_seed218_s30_g3.5_str0.3.png,fake,1.0,0.4840478897094726,1,fake,patch_majority
sd15_fp8,CLIP-D,patch_majority,/media/CrispyMcMarkInc/fake-images-img2img/00065_sd15_fp8_seed188_s30_g3.5_str0.3.png,fake,1.0,0.4846119880676269,1,fake,patch_majority
sd35_fp16,CLIP-D,patch_majority,/media/CrispyMcMarkInc/fake-images-img2img/00068_sd35_fp16_seed191_s30_g3.5_str0.3.png,real,0.0,0.4791572093963623,1,fake,patch_majority
sd35_fp16,CLIP-D,patch_majority,/media/CrispyMcMarkInc/fake-images-img2img/00028_sd35_fp16_seed151_s30_g3.5_str0.3.png,real,0.0,0.4814891815185547,1,fake,patch_majority
sd15_fp16,CLIP-D,patch_majority,/media/CrispyMcMarkInc/fake-images-img2img/00081_sd15_fp16_seed204_s30_g3.5_str0.3.png,real,0.0,0.4816377162933349,1,fake,patch_majority
sd35_fp4,CLIP-D,patch_majority,/media/CrispyMcMarkInc/fake-images-img2img/00035_sd35_fp4_seed158_s30_g3.5_str0.3.png,real,0.0,0.4812729358673095,1,fake,patch_majority
sd3_fp4,CLIP-D,patch_majority,/media/CrispyMcMarkInc/fake-images-img2img/00003_sd3_fp4_seed126_s30_g3.5_str0.3.png,fake,1.0,0.479874849319458,1,fake,patch_majority
sd35_fp8,CLIP-D,patch_majority,/media/CrispyMcMarkInc/fake-images-img2img/00085_sd35_fp8_seed208_s30_g3.5_str0.3.png,fake,1.0,0.4827001094818115,1,fake,patch_majority
sd35_fp16,CLIP-D,patch_majority,/media/CrispyMcMarkInc/fake-images-img2img/00006_sd35_fp16_seed129_s30_g3.5_str0.3.png,real,0.0,0.4846668243408203,1,fake,patch_majority
sd3_fp8,CLIP-D,patch_majority,/media/CrispyMcMarkInc/fake-images-img2img/00004_sd3_fp8_seed127_s30_g3.5_str0.3.png,real,0.0,0.4848642349243164,1,fake,patch_majority
sd15_fp8,CLIP-D,patch_majority,/media/CrispyMcMarkInc/fake-images-img2img/00027_sd15_fp8_seed150_s30_g3.5_str0.3.png,fake,1.0,0.4903345108032226,1,fake,patch_majority
sd3_fp4,CLIP-D,patch_majority,/media/CrispyMcMarkInc/fake-images-img2img/00029_sd3_fp4_seed152_s30_g3.5_str0.3.png,fake,1.0,0.5095016956329346,1,fake,patch_majority
sd3_fp4,CLIP-D,patch_majority,/media/CrispyMcMarkInc/fake-images-img2img/00092_sd3_fp4_seed215_s30_g3.5_str0.3.png,real,0.0,0.513115644454956,1,fake,patch_majority
sd3_fp16,CLIP-D,patch_majority,/media/CrispyMcMarkInc/fake-images-img2img/00075_sd3_fp16_seed198_s30_g3.5_str0.3.png,real,0.0,0.5271177291870117,1,fake,patch_majority
sd15_fp8,CLIP-D,patch_majority,/media/CrispyMcMarkInc/fake-images-img2img/00032_sd15_fp8_seed155_s30_g3.5_str0.3.png,fake,1.0,0.525198221206665,1,fake,patch_majority
sd15_fp8,CLIP-D,patch_majority,/media/CrispyMcMarkInc/fake-images-img2img/00066_sd15_fp8_seed189_s30_g3.5_str0.3.png,fake,1.0,0.6334130764007568,1,fake,patch_majority
sd15_fp8,CLIP-D,patch_majority,/media/CrispyMcMarkInc/fake-images-img2img/00030_sd15_fp8_seed153_s30_g3.5_str0.3.png,fake,1.0,0.4780905246734619,1,fake,patch_majority
sd15_fp16,CLIP-D,patch_majority,/media/CrispyMcMarkInc/fake-images-img2img/00007_sd15_fp16_seed130_s30_g3.5_str0.3.png,real,0.0,0.4947457313537597,1,fake,patch_majority
sd35_fp16,CLIP-D,patch_majority,/media/CrispyMcMarkInc/fake-images-img2img/00029_sd35_fp16_seed152_s30_g3.5_str0.3.png,fake,1.0,0.491518497467041,1,fake,patch_majority
sd15_fp16,CLIP-D,patch_majority,/media/CrispyMcMarkInc/fake-images-img2img/00039_sd15_fp16_seed162_s30_g3.5_str0.3.png,real,0.0,0.4791641235351562,1,fake,patch_majority
sd3_fp16,CLIP-D,patch_majority,/media/CrispyMcMarkInc/fake-images-img2img/00066_sd3_fp16_seed189_s30_g3.5_str0.3.png,real,0.0,0.4790985584259033,1,fake,patch_majority
sd3_fp16,CLIP-D,patch_majority,/media/CrispyMcMarkInc/fake-images-img2img/00065_sd3_fp16_seed188_s30_g3.5_str0.3.png,real,0.0,0.4832203388214111,1,fake,patch_majority
sd15_fp4,CLIP-D,patch_majority,/media/CrispyMcMarkInc/fake-images-img2img/00006_sd15_fp4_seed129_s30_g3.5_str0.3.png,real,0.0,0.5354812145233154,1,fake,patch_majority
sd3_fp8,CLIP-D,patch_majority,/media/CrispyMcMarkInc/fake-images-img2img/00027_sd3_fp8_seed150_s30_g3.5_str0.3.png,fake,1.0,0.4824976921081543,1,fake,patch_majority
sd3_fp16,CLIP-D,patch_majority,/media/CrispyMcMarkInc/fake-images-img2img/00020_sd3_fp16_seed143_s30_g3.5_str0.3.png,real,0.0,0.4864664077758789,1,fake,patch_majority
sd35_fp16,CLIP-D,patch_majority,/media/CrispyMcMarkInc/fake-images-img2img/00082_sd35_fp16_seed205_s30_g3.5_str0.3.png,real,0.0,0.4876093864440918,1,fake,patch_majority
sd35_fp8,CLIP-D,patch_majority,/media/CrispyMcMarkInc/fake-images-img2img/00019_sd35_fp8_seed142_s30_g3.5_str0.3.png,real,0.0,0.4751880168914795,1,fake,patch_majority
sd35_fp4,CLIP-D,patch_majority,/media/CrispyMcMarkInc/fake-images-img2img/00088_sd35_fp4_seed211_s30_g3.5_str0.3.png,fake,1.0,0.4803965091705322,1,fake,patch_majority
sd3_fp4,CLIP-D,patch_majority,/media/CrispyMcMarkInc/fake-images-img2img/00095_sd3_fp4_seed218_s30_g3.5_str0.3.png,fake,1.0,0.4771771430969238,1,fake,patch_majority
sd15_fp16,CLIP-D,patch_majority,/media/CrispyMcMarkInc/fake-images-img2img/00074_sd15_fp16_seed197_s30_g3.5_str0.3.png,real,0.0,0.478417158126831,1,fake,patch_majority
sd15_fp8,CLIP-D,patch_majority,/media/CrispyMcMarkInc/fake-images-img2img/00079_sd15_fp8_seed202_s30_g3.5_str0.3.png,fake,1.0,0.4846706390380859,1,fake,patch_majority
sd15_fp16,CLIP-D,patch_majority,/media/CrispyMcMarkInc/fake-images-img2img/00035_sd15_fp16_seed158_s30_g3.5_str0.3.png,fake,1.0,0.4857838153839111,1,fake,patch_majority
sd3_fp4,CLIP-D,patch_majority,/media/CrispyMcMarkInc/fake-images-img2img/00035_sd3_fp4_seed158_s30_g3.5_str0.3.png,real,0.0,0.4826381206512451,1,fake,patch_majority
sd15_fp4,CLIP-D,patch_majority,/media/CrispyMcMarkInc/fake-images-img2img/00010_sd15_fp4_seed133_s30_g3.5_str0.3.png,fake,1.0,0.4855086803436279,1,fake,patch_majority
sd3_fp4,CLIP-D,patch_majority,/media/CrispyMcMarkInc/fake-images-img2img/00099_sd3_fp4_seed222_s30_g3.5_str0.3.png,real,0.0,0.477536678314209,1,fake,patch_majority
sd3_fp8,CLIP-D,patch_majority,/media/CrispyMcMarkInc/fake-images-img2img/00058_sd3_fp8_seed181_s30_g3.5_str0.3.png,fake,1.0,0.4938676357269287,1,fake,patch_majority
sd35_fp16,CLIP-D,patch_majority,/media/CrispyMcMarkInc/fake-images-img2img/00041_sd35_fp16_seed164_s30_g3.5_str0.3.png,real,0.0,0.5181131362915039,1,fake,patch_majority
sd3_fp16,CLIP-D,patch_majority,/media/CrispyMcMarkInc/fake-images-img2img/00042_sd3_fp16_seed165_s30_g3.5_str0.3.png,real,0.0,0.5228118896484375,1,fake,patch_majority
sd15_fp8,CLIP-D,patch_majority,/media/CrispyMcMarkInc/fake-images-img2img/00080_sd15_fp8_seed203_s30_g3.5_str0.3.png,real,0.0,0.5210757255554199,1,fake,patch_majority
sd35_fp16,CLIP-D,patch_majority,/media/CrispyMcMarkInc/fake-images-img2img/00046_sd35_fp16_seed169_s30_g3.5_str0.3.png,real,0.0,0.5831267833709717,1,fake,patch_majority
sd35_fp4,CLIP-D,patch_majority,/media/CrispyMcMarkInc/fake-images-img2img/00019_sd35_fp4_seed142_s30_g3.5_str0.3.png,real,0.0,0.5759186744689941,1,fake,patch_majority
sd3_fp4,CLIP-D,patch_majority,/media/CrispyMcMarkInc/fake-images-img2img/00073_sd3_fp4_seed196_s30_g3.5_str0.3.png,fake,1.0,0.515953779220581,1,fake,patch_majority
sd3_fp16,CLIP-D,patch_majority,/media/CrispyMcMarkInc/fake-images-img2img/00015_sd3_fp16_seed138_s30_g3.5_str0.3.png,real,0.0,0.5267903804779053,1,fake,patch_majority
sd3_fp4,CLIP-D,patch_majority,/media/CrispyMcMarkInc/fake-images-img2img/00025_sd3_fp4_seed148_s30_g3.5_str0.3.png,real,0.0,0.5242280960083008,1,fake,patch_majority
sd3_fp8,CLIP-D,patch_majority,/media/CrispyMcMarkInc/fake-images-img2img/00057_sd3_fp8_seed180_s30_g3.5_str0.3.png,real,0.0,0.5248391628265381,1,fake,patch_majority
sd15_fp8,CLIP-D,patch_majority,/media/CrispyMcMarkInc/fake-images-img2img/00092_sd15_fp8_seed215_s30_g3.5_str0.3.png,real,0.0,0.5804603099822998,1,fake,patch_majority
sd3_fp16,CLIP-D,patch_majority,/media/CrispyMcMarkInc/fake-images-img2img/00000_sd3_fp16_seed123_s30_g3.5_str0.3.png,fake,1.0,0.6373624801635742,1,fake,patch_majority
sd35_fp4,CLIP-D,patch_majority,/media/CrispyMcMarkInc/fake-images-img2img/00029_sd35_fp4_seed152_s30_g3.5_str0.3.png,fake,1.0,0.5772640705108643,1,fake,patch_majority
sd3_fp8,CLIP-D,patch_majority,/media/CrispyMcMarkInc/fake-images-img2img/00016_sd3_fp8_seed139_s30_g3.5_str0.3.png,real,0.0,0.4807155132293701,1,fake,patch_majority
sd3_fp8,CLIP-D,patch_majority,/media/CrispyMcMarkInc/fake-images-img2img/00006_sd3_fp8_seed129_s30_g3.5_str0.3.png,real,0.0,0.4954206943511963,1,fake,patch_majority
sd35_fp8,CLIP-D,patch_majority,/media/CrispyMcMarkInc/fake-images-img2img/00090_sd35_fp8_seed213_s30_g3.5_str0.3.png,real,0.0,0.4915969371795654,1,fake,patch_majority
sd35_fp8,CLIP-D,patch_majority,/media/CrispyMcMarkInc/fake-images-img2img/00059_sd35_fp8_seed182_s30_g3.5_str0.3.png,real,0.0,0.4924097061157226,1,fake,patch_majority
sd3_fp16,CLIP-D,patch_majority,/media/CrispyMcMarkInc/fake-images-img2img/00092_sd3_fp16_seed215_s30_g3.5_str0.3.png,real,0.0,0.4950788021087646,1,fake,patch_majority
sd15_fp16,CLIP-D,patch_majority,/media/CrispyMcMarkInc/fake-images-img2img/00072_sd15_fp16_seed195_s30_g3.5_str0.3.png,fake,1.0,0.4836211204528808,1,fake,patch_majority
sd35_fp4,CLIP-D,patch_majority,/media/CrispyMcMarkInc/fake-images-img2img/00072_sd35_fp4_seed195_s30_g3.5_str0.3.png,fake,1.0,0.4789695739746094,1,fake,patch_majority
sd15_fp16,CLIP-D,patch_majority,/media/CrispyMcMarkInc/fake-images-img2img/00005_sd15_fp16_seed128_s30_g3.5_str0.3.png,real,0.0,0.4836487770080566,1,fake,patch_majority
sd35_fp4,CLIP-D,patch_majority,/media/CrispyMcMarkInc/fake-images-img2img/00070_sd35_fp4_seed193_s30_g3.5_str0.3.png,fake,1.0,0.4846858978271484,1,fake,patch_majority
sd3_fp16,CLIP-D,patch_majority,/media/CrispyMcMarkInc/fake-images-img2img/00003_sd3_fp16_seed126_s30_g3.5_str0.3.png,fake,1.0,0.4822955131530761,1,fake,patch_majority
sd35_fp16,CLIP-D,patch_majority,/media/CrispyMcMarkInc/fake-images-img2img/00067_sd35_fp16_seed190_s30_g3.5_str0.3.png,real,0.0,0.489546537399292,1,fake,patch_majority
sd35_fp8,CLIP-D,patch_majority,/media/CrispyMcMarkInc/fake-images-img2img/00053_sd35_fp8_seed176_s30_g3.5_str0.3.png,real,0.0,0.5008788108825684,1,fake,patch_majority
sd15_fp16,CLIP-D,patch_majority,/media/CrispyMcMarkInc/fake-images-img2img/00076_sd15_fp16_seed199_s30_g3.5_str0.3.png,real,0.0,0.4831883907318115,1,fake,patch_majority
sd3_fp4,CLIP-D,patch_majority,/media/CrispyMcMarkInc/fake-images-img2img/00001_sd3_fp4_seed124_s30_g3.5_str0.3.png,fake,1.0,0.4767229557037353,1,fake,patch_majority
sd15_fp16,CLIP-D,patch_majority,/media/CrispyMcMarkInc/fake-images-img2img/00090_sd15_fp16_seed213_s30_g3.5_str0.3.png,real,0.0,0.4865291118621826,1,fake,patch_majority
sd35_fp4,CLIP-D,patch_majority,/media/CrispyMcMarkInc/fake-images-img2img/00084_sd35_fp4_seed207_s30_g3.5_str0.3.png,real,0.0,0.4807527065277099,1,fake,patch_majority
sd35_fp4,CLIP-D,patch_majority,/media/CrispyMcMarkInc/fake-images-img2img/00052_sd35_fp4_seed175_s30_g3.5_str0.3.png,real,0.0,0.481640100479126,1,fake,patch_majority
sd35_fp8,CLIP-D,patch_majority,/media/CrispyMcMarkInc/fake-images-img2img/00042_sd35_fp8_seed165_s30_g3.5_str0.3.png,real,0.0,0.4811747074127197,1,fake,patch_majority
sd15_fp16,CLIP-D,patch_majority,/media/CrispyMcMarkInc/fake-images-img2img/00047_sd15_fp16_seed170_s30_g3.5_str0.3.png,fake,1.0,0.4852962493896484,1,fake,patch_majority
sd35_fp8,CLIP-D,patch_majority,/media/CrispyMcMarkInc/fake-images-img2img/00068_sd35_fp8_seed191_s30_g3.5_str0.3.png,real,0.0,0.4827337265014648,1,fake,patch_majority
sd3_fp16,CLIP-D,patch_majority,/media/CrispyMcMarkInc/fake-images-img2img/00090_sd3_fp16_seed213_s30_g3.5_str0.3.png,real,0.0,0.4792931079864502,1,fake,patch_majority
sd15_fp16,CLIP-D,patch_majority,/media/CrispyMcMarkInc/fake-images-img2img/00012_sd15_fp16_seed135_s30_g3.5_str0.3.png,fake,1.0,0.4834351539611816,1,fake,patch_majority
sd35_fp4,CLIP-D,patch_majority,/media/CrispyMcMarkInc/fake-images-img2img/00045_sd35_fp4_seed168_s30_g3.5_str0.3.png,real,0.0,0.4983482360839844,1,fake,patch_majority
sd15_fp4,CLIP-D,patch_majority,/media/CrispyMcMarkInc/fake-images-img2img/00021_sd15_fp4_seed144_s30_g3.5_str0.3.png,real,0.0,0.520857572555542,1,fake,patch_majority
sd3_fp16,CLIP-D,patch_majority,/media/CrispyMcMarkInc/fake-images-img2img/00005_sd3_fp16_seed128_s30_g3.5_str0.3.png,real,0.0,0.5159573554992676,1,fake,patch_majority
sd35_fp4,CLIP-D,patch_majority,/media/CrispyMcMarkInc/fake-images-img2img/00082_sd35_fp4_seed205_s30_g3.5_str0.3.png,real,0.0,0.5222864151000977,1,fake,patch_majority
sd15_fp8,CLIP-D,patch_majority,/media/CrispyMcMarkInc/fake-images-img2img/00002_sd15_fp8_seed125_s30_g3.5_str0.3.png,real,0.0,0.5260875225067139,1,fake,patch_majority
sd3_fp8,CLIP-D,patch_majority,/media/CrispyMcMarkInc/fake-images-img2img/00044_sd3_fp8_seed167_s30_g3.5_str0.3.png,real,0.0,0.5176661014556885,1,fake,patch_majority
sd35_fp4,CLIP-D,patch_majority,/media/CrispyMcMarkInc/fake-images-img2img/00099_sd35_fp4_seed222_s30_g3.5_str0.3.png,real,0.0,0.5237674713134766,1,fake,patch_majority
sd15_fp16,CLIP-D,patch_majority,/media/CrispyMcMarkInc/fake-images-img2img/00065_sd15_fp16_seed188_s30_g3.5_str0.3.png,fake,1.0,0.5223484039306641,1,fake,patch_majority
sd35_fp16,CLIP-D,patch_majority,/media/CrispyMcMarkInc/fake-images-img2img/00000_sd35_fp16_seed123_s30_g3.5_str0.3.png,fake,1.0,0.5247843265533447,1,fake,patch_majority
sd35_fp4,CLIP-D,patch_majority,/media/CrispyMcMarkInc/fake-images-img2img/00015_sd35_fp4_seed138_s30_g3.5_str0.3.png,real,0.0,0.5246889591217041,1,fake,patch_majority
sd15_fp4,CLIP-D,patch_majority,/media/CrispyMcMarkInc/fake-images-img2img/00017_sd15_fp4_seed140_s30_g3.5_str0.3.png,fake,1.0,0.5271940231323242,1,fake,patch_majority
sd35_fp8,CLIP-D,patch_majority,/media/CrispyMcMarkInc/fake-images-img2img/00054_sd35_fp8_seed177_s30_g3.5_str0.3.png,real,0.0,0.5811123847961426,1,fake,patch_majority
sd15_fp8,CLIP-D,patch_majority,/media/CrispyMcMarkInc/fake-images-img2img/00052_sd15_fp8_seed175_s30_g3.5_str0.3.png,real,0.0,0.6199259757995605,1,fake,patch_majority
sd35_fp8,CLIP-D,patch_majority,/media/CrispyMcMarkInc/fake-images-img2img/00095_sd35_fp8_seed218_s30_g3.5_str0.3.png,fake,1.0,0.509423017501831,1,fake,patch_majority
sd15_fp8,CLIP-D,patch_majority,/media/CrispyMcMarkInc/fake-images-img2img/00057_sd15_fp8_seed180_s30_g3.5_str0.3.png,real,0.0,0.4864363670349121,1,fake,patch_majority
sd3_fp8,CLIP-D,patch_majority,/media/CrispyMcMarkInc/fake-images-img2img/00073_sd3_fp8_seed196_s30_g3.5_str0.3.png,real,0.0,0.4965503215789795,1,fake,patch_majority
sd35_fp8,CLIP-D,patch_majority,/media/CrispyMcMarkInc/fake-images-img2img/00050_sd35_fp8_seed173_s30_g3.5_str0.3.png,real,0.0,0.4747655391693115,1,fake,patch_majority
sd3_fp4,CLIP-D,patch_majority,/media/CrispyMcMarkInc/fake-images-img2img/00049_sd3_fp4_seed172_s30_g3.5_str0.3.png,fake,1.0,0.4860310554504394,1,fake,patch_majority
sd15_fp8,CLIP-D,patch_majority,/media/CrispyMcMarkInc/fake-images-img2img/00026_sd15_fp8_seed149_s30_g3.5_str0.3.png,real,0.0,0.4776575565338135,1,fake,patch_majority
sd35_fp8,CLIP-D,patch_majority,/media/CrispyMcMarkInc/fake-images-img2img/00097_sd35_fp8_seed220_s30_g3.5_str0.3.png,fake,1.0,0.4726159572601318,1,fake,patch_majority
sd15_fp16,CLIP-D,patch_majority,/media/CrispyMcMarkInc/fake-images-img2img/00051_sd15_fp16_seed174_s30_g3.5_str0.3.png,real,0.0,0.4801480770111084,1,fake,patch_majority
sd15_fp8,CLIP-D,patch_majority,/media/CrispyMcMarkInc/fake-images-img2img/00054_sd15_fp8_seed177_s30_g3.5_str0.3.png,real,0.0,0.50063157081604,1,fake,patch_majority
sd3_fp4,CLIP-D,patch_majority,/media/CrispyMcMarkInc/fake-images-img2img/00093_sd3_fp4_seed216_s30_g3.5_str0.3.png,fake,1.0,0.4782319068908691,1,fake,patch_majority
sd3_fp16,CLIP-D,patch_majority,/media/CrispyMcMarkInc/fake-images-img2img/00096_sd3_fp16_seed219_s30_g3.5_str0.3.png,real,0.0,0.4818518161773681,1,fake,patch_majority
sd35_fp4,CLIP-D,patch_majority,/media/CrispyMcMarkInc/fake-images-img2img/00064_sd35_fp4_seed187_s30_g3.5_str0.3.png,real,0.0,0.4795875549316406,1,fake,patch_majority
sd35_fp4,CLIP-D,patch_majority,/media/CrispyMcMarkInc/fake-images-img2img/00060_sd35_fp4_seed183_s30_g3.5_str0.3.png,real,0.0,0.483945369720459,1,fake,patch_majority
sd35_fp16,CLIP-D,patch_majority,/media/CrispyMcMarkInc/fake-images-img2img/00089_sd35_fp16_seed212_s30_g3.5_str0.3.png,real,0.0,0.4832954406738281,1,fake,patch_majority
sd35_fp16,CLIP-D,patch_majority,/media/CrispyMcMarkInc/fake-images-img2img/00086_sd35_fp16_seed209_s30_g3.5_str0.3.png,real,0.0,0.4821348190307617,1,fake,patch_majority
sd3_fp4,CLIP-D,patch_majority,/media/CrispyMcMarkInc/fake-images-img2img/00062_sd3_fp4_seed185_s30_g3.5_str0.3.png,fake,1.0,0.4819169044494629,1,fake,patch_majority
sd15_fp16,CLIP-D,patch_majority,/media/CrispyMcMarkInc/fake-images-img2img/00026_sd15_fp16_seed149_s30_g3.5_str0.3.png,real,0.0,0.4837210178375244,1,fake,patch_majority
sd3_fp4,CLIP-D,patch_majority,/media/CrispyMcMarkInc/fake-images-img2img/00059_sd3_fp4_seed182_s30_g3.5_str0.3.png,real,0.0,0.4774715900421142,1,fake,patch_majority
sd15_fp8,CLIP-D,patch_majority,/media/CrispyMcMarkInc/fake-images-img2img/00070_sd15_fp8_seed193_s30_g3.5_str0.3.png,real,0.0,0.4782557487487793,1,fake,patch_majority
sd35_fp4,CLIP-D,patch_majority,/media/CrispyMcMarkInc/fake-images-img2img/00006_sd35_fp4_seed129_s30_g3.5_str0.3.png,real,0.0,0.4902040958404541,1,fake,patch_majority
sd35_fp16,CLIP-D,patch_majority,/media/CrispyMcMarkInc/fake-images-img2img/00015_sd35_fp16_seed138_s30_g3.5_str0.3.png,real,0.0,0.5083107948303223,1,fake,patch_majority
sd3_fp8,CLIP-D,patch_majority,/media/CrispyMcMarkInc/fake-images-img2img/00075_sd3_fp8_seed198_s30_g3.5_str0.3.png,real,0.0,0.5264737606048584,1,fake,patch_majority
sd3_fp8,CLIP-D,patch_majority,/media/CrispyMcMarkInc/fake-images-img2img/00025_sd3_fp8_seed148_s30_g3.5_str0.3.png,real,0.0,0.575383186340332,1,fake,patch_majority
sd15_fp8,CLIP-D,patch_majority,/media/CrispyMcMarkInc/fake-images-img2img/00089_sd15_fp8_seed212_s30_g3.5_str0.3.png,real,0.0,0.5246827602386475,1,fake,patch_majority
sd15_fp16,CLIP-D,patch_majority,/media/CrispyMcMarkInc/fake-images-img2img/00045_sd15_fp16_seed168_s30_g3.5_str0.3.png,real,0.0,0.5282824039459229,1,fake,patch_majority
sd15_fp16,CLIP-D,patch_majority,/media/CrispyMcMarkInc/fake-images-img2img/00099_sd15_fp16_seed222_s30_g3.5_str0.3.png,real,0.0,0.5267982482910156,1,fake,patch_majority
sd35_fp4,CLIP-D,patch_majority,/media/CrispyMcMarkInc/fake-images-img2img/00020_sd35_fp4_seed143_s30_g3.5_str0.3.png,real,0.0,0.5304603576660156,1,fake,patch_majority
sd15_fp8,CLIP-D,patch_majority,/media/CrispyMcMarkInc/fake-images-img2img/00009_sd15_fp8_seed132_s30_g3.5_str0.3.png,real,0.0,0.525090217590332,1,fake,patch_majority
sd35_fp16,CLIP-D,patch_majority,/media/CrispyMcMarkInc/fake-images-img2img/00087_sd35_fp16_seed210_s30_g3.5_str0.3.png,fake,1.0,0.6320972442626953,1,fake,patch_majority
sd3_fp4,CLIP-D,patch_majority,/media/CrispyMcMarkInc/fake-images-img2img/00009_sd3_fp4_seed132_s30_g3.5_str0.3.png,real,0.0,0.5056955814361572,1,fake,patch_majority
sd35_fp16,CLIP-D,patch_majority,/media/CrispyMcMarkInc/fake-images-img2img/00030_sd35_fp16_seed153_s30_g3.5_str0.3.png,fake,1.0,0.4846067428588867,1,fake,patch_majority
sd35_fp8,CLIP-D,patch_majority,/media/CrispyMcMarkInc/fake-images-img2img/00047_sd35_fp8_seed170_s30_g3.5_str0.3.png,fake,1.0,0.4758729934692383,1,fake,patch_majority
sd3_fp4,CLIP-D,patch_majority,/media/CrispyMcMarkInc/fake-images-img2img/00054_sd3_fp4_seed177_s30_g3.5_str0.3.png,real,0.0,0.4936919212341308,1,fake,patch_majority
sd35_fp8,CLIP-D,patch_majority,/media/CrispyMcMarkInc/fake-images-img2img/00028_sd35_fp8_seed151_s30_g3.5_str0.3.png,real,0.0,0.4757041931152344,1,fake,patch_majority
sd35_fp16,CLIP-D,patch_majority,/media/CrispyMcMarkInc/fake-images-img2img/00010_sd35_fp16_seed133_s30_g3.5_str0.3.png,real,0.0,0.4798767566680908,1,fake,patch_majority
sd15_fp8,CLIP-D,patch_majority,/media/CrispyMcMarkInc/fake-images-img2img/00047_sd15_fp8_seed170_s30_g3.5_str0.3.png,fake,1.0,0.4838349819183349,1,fake,patch_majority
sd15_fp4,CLIP-D,patch_majority,/media/CrispyMcMarkInc/fake-images-img2img/00082_sd15_fp4_seed205_s30_g3.5_str0.3.png,fake,1.0,0.4828519821166992,1,fake,patch_majority
sd3_fp8,CLIP-D,patch_majority,/media/CrispyMcMarkInc/fake-images-img2img/00008_sd3_fp8_seed131_s30_g3.5_str0.3.png,real,0.0,0.4821686744689941,1,fake,patch_majority
sd15_fp4,CLIP-D,patch_majority,/media/CrispyMcMarkInc/fake-images-img2img/00051_sd15_fp4_seed174_s30_g3.5_str0.3.png,real,0.0,0.4832971096038818,1,fake,patch_majority
sd15_fp16,CLIP-D,patch_majority,/media/CrispyMcMarkInc/fake-images-img2img/00018_sd15_fp16_seed141_s30_g3.5_str0.3.png,real,0.0,0.4840121269226074,1,fake,patch_majority
sd3_fp4,CLIP-D,patch_majority,/media/CrispyMcMarkInc/fake-images-img2img/00002_sd3_fp4_seed125_s30_g3.5_str0.3.png,real,0.0,0.4813592433929443,1,fake,patch_majority
sd15_fp4,CLIP-D,patch_majority,/media/CrispyMcMarkInc/fake-images-img2img/00005_sd15_fp4_seed128_s30_g3.5_str0.3.png,real,0.0,0.4832081794738769,1,fake,patch_majority
sd35_fp4,CLIP-D,patch_majority,/media/CrispyMcMarkInc/fake-images-img2img/00040_sd35_fp4_seed163_s30_g3.5_str0.3.png,fake,1.0,0.4795031547546386,1,fake,patch_majority
sd3_fp8,CLIP-D,patch_majority,/media/CrispyMcMarkInc/fake-images-img2img/00034_sd3_fp8_seed157_s30_g3.5_str0.3.png,real,0.0,0.4809508323669433,1,fake,patch_majority
sd3_fp8,CLIP-D,patch_majority,/media/CrispyMcMarkInc/fake-images-img2img/00077_sd3_fp8_seed200_s30_g3.5_str0.3.png,fake,1.0,0.4845380783081054,1,fake,patch_majority
sd3_fp4,CLIP-D,patch_majority,/media/CrispyMcMarkInc/fake-images-img2img/00084_sd3_fp4_seed207_s30_g3.5_str0.3.png,fake,1.0,0.4816727638244629,1,fake,patch_majority
sd15_fp8,CLIP-D,patch_majority,/media/CrispyMcMarkInc/fake-images-img2img/00011_sd15_fp8_seed134_s30_g3.5_str0.3.png,real,0.0,0.4928991794586181,1,fake,patch_majority
sd15_fp4,CLIP-D,patch_majority,/media/CrispyMcMarkInc/fake-images-img2img/00028_sd15_fp4_seed151_s30_g3.5_str0.3.png,fake,1.0,0.5218710899353027,1,fake,patch_majority
sd35_fp4,CLIP-D,patch_majority,/media/CrispyMcMarkInc/fake-images-img2img/00047_sd35_fp4_seed170_s30_g3.5_str0.3.png,fake,1.0,0.6080193519592285,1,fake,patch_majority
sd3_fp8,CLIP-D,patch_majority,/media/CrispyMcMarkInc/fake-images-img2img/00092_sd3_fp8_seed215_s30_g3.5_str0.3.png,real,0.0,0.506629467010498,1,fake,patch_majority
sd35_fp8,CLIP-D,patch_majority,/media/CrispyMcMarkInc/fake-images-img2img/00076_sd35_fp8_seed199_s30_g3.5_str0.3.png,real,0.0,0.4927330017089844,1,fake,patch_majority
sd3_fp8,CLIP-D,patch_majority,/media/CrispyMcMarkInc/fake-images-img2img/00066_sd3_fp8_seed189_s30_g3.5_str0.3.png,real,0.0,0.4948301315307617,1,fake,patch_majority
sd35_fp8,CLIP-D,patch_majority,/media/CrispyMcMarkInc/fake-images-img2img/00011_sd35_fp8_seed134_s30_g3.5_str0.3.png,real,0.0,0.4818823337554931,1,fake,patch_majority
sd15_fp8,CLIP-D,patch_majority,/media/CrispyMcMarkInc/fake-images-img2img/00020_sd15_fp8_seed143_s30_g3.5_str0.3.png,real,0.0,0.4820051193237304,1,fake,patch_majority
sd15_fp4,CLIP-D,patch_majority,/media/CrispyMcMarkInc/fake-images-img2img/00075_sd15_fp4_seed198_s30_g3.5_str0.3.png,real,0.0,0.4850907325744629,1,fake,patch_majority
sd35_fp4,CLIP-D,patch_majority,/media/CrispyMcMarkInc/fake-images-img2img/00079_sd35_fp4_seed202_s30_g3.5_str0.3.png,real,0.0,0.483443021774292,1,fake,patch_majority
sd3_fp16,CLIP-D,patch_majority,/media/CrispyMcMarkInc/fake-images-img2img/00095_sd3_fp16_seed218_s30_g3.5_str0.3.png,fake,1.0,0.4845712184906006,1,fake,patch_majority
sd15_fp8,CLIP-D,patch_majority,/media/CrispyMcMarkInc/fake-images-img2img/00029_sd15_fp8_seed152_s30_g3.5_str0.3.png,fake,1.0,0.4846282005310058,1,fake,patch_majority
sd3_fp4,CLIP-D,patch_majority,/media/CrispyMcMarkInc/fake-images-img2img/00043_sd3_fp4_seed166_s30_g3.5_str0.3.png,fake,1.0,0.4766614437103271,1,fake,patch_majority
sd15_fp16,CLIP-D,patch_majority,/media/CrispyMcMarkInc/fake-images-img2img/00053_sd15_fp16_seed176_s30_g3.5_str0.3.png,real,0.0,0.4908771514892578,1,fake,patch_majority
sd15_fp8,CLIP-D,patch_majority,/media/CrispyMcMarkInc/fake-images-img2img/00003_sd15_fp8_seed126_s30_g3.5_str0.3.png,fake,1.0,0.4977946281433105,1,fake,patch_majority
sd15_fp8,CLIP-D,patch_majority,/media/CrispyMcMarkInc/fake-images-img2img/00021_sd15_fp8_seed144_s30_g3.5_str0.3.png,real,0.0,0.4840669631958008,1,fake,patch_majority
sd15_fp16,CLIP-D,patch_majority,/media/CrispyMcMarkInc/fake-images-img2img/00058_sd15_fp16_seed181_s30_g3.5_str0.3.png,real,0.0,0.4843015670776367,1,fake,patch_majority
sd35_fp4,CLIP-D,patch_majority,/media/CrispyMcMarkInc/fake-images-img2img/00043_sd35_fp4_seed166_s30_g3.5_str0.3.png,fake,1.0,0.4768478870391845,1,fake,patch_majority
sd3_fp4,CLIP-D,patch_majority,/media/CrispyMcMarkInc/fake-images-img2img/00088_sd3_fp4_seed211_s30_g3.5_str0.3.png,fake,1.0,0.4799330234527588,1,fake,patch_majority
sd3_fp4,CLIP-D,patch_majority,/media/CrispyMcMarkInc/fake-images-img2img/00030_sd3_fp4_seed153_s30_g3.5_str0.3.png,fake,1.0,0.4825961589813232,1,fake,patch_majority
sd35_fp8,CLIP-D,patch_majority,/media/CrispyMcMarkInc/fake-images-img2img/00039_sd35_fp8_seed162_s30_g3.5_str0.3.png,real,0.0,0.4814209938049316,1,fake,patch_majority
sd15_fp8,CLIP-D,patch_majority,/media/CrispyMcMarkInc/fake-images-img2img/00072_sd15_fp8_seed195_s30_g3.5_str0.3.png,fake,1.0,0.482637882232666,1,fake,patch_majority
sd3_fp8,CLIP-D,patch_majority,/media/CrispyMcMarkInc/fake-images-img2img/00042_sd3_fp8_seed165_s30_g3.5_str0.3.png,real,0.0,0.4824137687683105,1,fake,patch_majority
sd35_fp4,CLIP-D,patch_majority,/media/CrispyMcMarkInc/fake-images-img2img/00087_sd35_fp4_seed210_s30_g3.5_str0.3.png,fake,1.0,0.4781239032745361,1,fake,patch_majority
sd3_fp16,CLIP-D,patch_majority,/media/CrispyMcMarkInc/fake-images-img2img/00079_sd3_fp16_seed202_s30_g3.5_str0.3.png,real,0.0,0.4869353771209717,1,fake,patch_majority
sd35_fp16,CLIP-D,patch_majority,/media/CrispyMcMarkInc/fake-images-img2img/00081_sd35_fp16_seed204_s30_g3.5_str0.3.png,real,0.0,0.5235788822174072,1,fake,patch_majority
sd35_fp8,CLIP-D,patch_majority,/media/CrispyMcMarkInc/fake-images-img2img/00052_sd35_fp8_seed175_s30_g3.5_str0.3.png,real,0.0,0.5201015472412109,1,fake,patch_majority
sd35_fp16,CLIP-D,patch_majority,/media/CrispyMcMarkInc/fake-images-img2img/00020_sd35_fp16_seed143_s30_g3.5_str0.3.png,real,0.0,0.5265684127807617,1,fake,patch_majority
sd15_fp4,CLIP-D,patch_majority,/media/CrispyMcMarkInc/fake-images-img2img/00064_sd15_fp4_seed187_s30_g3.5_str0.3.png,real,0.0,0.5223808288574219,1,fake,patch_majority
sd15_fp4,CLIP-D,patch_majority,/media/CrispyMcMarkInc/fake-images-img2img/00025_sd15_fp4_seed148_s30_g3.5_str0.3.png,real,0.0,0.5199899673461914,1,fake,patch_majority
sd3_fp16,CLIP-D,patch_majority,/media/CrispyMcMarkInc/fake-images-img2img/00037_sd3_fp16_seed160_s30_g3.5_str0.3.png,real,0.0,0.5208649635314941,1,fake,patch_majority
sd3_fp16,CLIP-D,patch_majority,/media/CrispyMcMarkInc/fake-images-img2img/00050_sd3_fp16_seed173_s30_g3.5_str0.3.png,real,0.0,0.5216152667999268,1,fake,patch_majority
sd15_fp16,CLIP-D,patch_majority,/media/CrispyMcMarkInc/fake-images-img2img/00093_sd15_fp16_seed216_s30_g3.5_str0.3.png,fake,1.0,0.5578522682189941,1,fake,patch_majority
sd3_fp16,CLIP-D,patch_majority,/media/CrispyMcMarkInc/fake-images-img2img/00061_sd3_fp16_seed184_s30_g3.5_str0.3.png,real,0.0,0.6173450946807861,1,fake,patch_majority
sd15_fp16,CLIP-D,patch_majority,/media/CrispyMcMarkInc/fake-images-img2img/00006_sd15_fp16_seed129_s30_g3.5_str0.3.png,real,0.0,0.4820377826690674,1,fake,patch_majority
sd35_fp8,CLIP-D,patch_majority,/media/CrispyMcMarkInc/fake-images-img2img/00036_sd35_fp8_seed159_s30_g3.5_str0.3.png,fake,1.0,0.5010418891906738,1,fake,patch_majority
sd15_fp8,CLIP-D,patch_majority,/media/CrispyMcMarkInc/fake-images-img2img/00078_sd15_fp8_seed201_s30_g3.5_str0.3.png,fake,1.0,0.4818427562713623,1,fake,patch_majority
sd15_fp16,CLIP-D,patch_majority,/media/CrispyMcMarkInc/fake-images-img2img/00041_sd15_fp16_seed164_s30_g3.5_str0.3.png,real,0.0,0.4804387092590332,1,fake,patch_majority
sd15_fp4,CLIP-D,patch_majority,/media/CrispyMcMarkInc/fake-images-img2img/00055_sd15_fp4_seed178_s30_g3.5_str0.3.png,fake,1.0,0.4841406345367431,1,fake,patch_majority
sd35_fp16,CLIP-D,patch_majority,/media/CrispyMcMarkInc/fake-images-img2img/00083_sd35_fp16_seed206_s30_g3.5_str0.3.png,real,0.0,0.5003464221954346,1,fake,patch_majority
sd35_fp8,CLIP-D,patch_majority,/media/CrispyMcMarkInc/fake-images-img2img/00048_sd35_fp8_seed171_s30_g3.5_str0.3.png,real,0.0,0.4789910316467285,1,fake,patch_majority
sd35_fp4,CLIP-D,patch_majority,/media/CrispyMcMarkInc/fake-images-img2img/00030_sd35_fp4_seed153_s30_g3.5_str0.3.png,fake,1.0,0.4806342124938965,1,fake,patch_majority
sd3_fp8,CLIP-D,patch_majority,/media/CrispyMcMarkInc/fake-images-img2img/00046_sd3_fp8_seed169_s30_g3.5_str0.3.png,real,0.0,0.4794032573699951,1,fake,patch_majority
sd15_fp4,CLIP-D,patch_majority,/media/CrispyMcMarkInc/fake-images-img2img/00071_sd15_fp4_seed194_s30_g3.5_str0.3.png,fake,1.0,0.4918656349182129,1,fake,patch_majority
sd3_fp8,CLIP-D,patch_majority,/media/CrispyMcMarkInc/fake-images-img2img/00061_sd3_fp8_seed184_s30_g3.5_str0.3.png,real,0.0,0.4801638126373291,1,fake,patch_majority
sd35_fp16,CLIP-D,patch_majority,/media/CrispyMcMarkInc/fake-images-img2img/00027_sd35_fp16_seed150_s30_g3.5_str0.3.png,real,0.0,0.4825541973114013,1,fake,patch_majority
sd35_fp8,CLIP-D,patch_majority,/media/CrispyMcMarkInc/fake-images-img2img/00065_sd35_fp8_seed188_s30_g3.5_str0.3.png,real,0.0,0.4781723022460937,1,fake,patch_majority
sd35_fp16,CLIP-D,patch_majority,/media/CrispyMcMarkInc/fake-images-img2img/00009_sd35_fp16_seed132_s30_g3.5_str0.3.png,real,0.0,0.4818398952484131,1,fake,patch_majority
sd3_fp16,CLIP-D,patch_majority,/media/CrispyMcMarkInc/fake-images-img2img/00004_sd3_fp16_seed127_s30_g3.5_str0.3.png,real,0.0,0.4848396778106689,1,fake,patch_majority
sd3_fp16,CLIP-D,patch_majority,/media/CrispyMcMarkInc/fake-images-img2img/00049_sd3_fp16_seed172_s30_g3.5_str0.3.png,fake,1.0,0.4813072681427002,1,fake,patch_majority
sd35_fp16,CLIP-D,patch_majority,/media/CrispyMcMarkInc/fake-images-img2img/00052_sd35_fp16_seed175_s30_g3.5_str0.3.png,real,0.0,0.485187292098999,1,fake,patch_majority
sd15_fp16,CLIP-D,patch_majority,/media/CrispyMcMarkInc/fake-images-img2img/00034_sd15_fp16_seed157_s30_g3.5_str0.3.png,fake,1.0,0.4656643867492676,1,fake,patch_majority
sd15_fp8,CLIP-D,patch_majority,/media/CrispyMcMarkInc/fake-images-img2img/00086_sd15_fp8_seed209_s30_g3.5_str0.3.png,fake,1.0,0.4868135452270508,1,fake,patch_majority
sd3_fp16,CLIP-D,patch_majority,/media/CrispyMcMarkInc/fake-images-img2img/00028_sd3_fp16_seed151_s30_g3.5_str0.3.png,real,0.0,0.478266954421997,1,fake,patch_majority
sd3_fp8,CLIP-D,patch_majority,/media/CrispyMcMarkInc/fake-images-img2img/00022_sd3_fp8_seed145_s30_g3.5_str0.3.png,real,0.0,0.4884457588195801,1,fake,patch_majority
sd35_fp16,CLIP-D,patch_majority,/media/CrispyMcMarkInc/fake-images-img2img/00024_sd35_fp16_seed147_s30_g3.5_str0.3.png,real,0.0,0.5154078006744385,1,fake,patch_majority
sd15_fp8,CLIP-D,patch_majority,/media/CrispyMcMarkInc/fake-images-img2img/00084_sd15_fp8_seed207_s30_g3.5_str0.3.png,fake,1.0,0.522191047668457,1,fake,patch_majority
sd15_fp4,CLIP-D,patch_majority,/media/CrispyMcMarkInc/fake-images-img2img/00057_sd15_fp4_seed180_s30_g3.5_str0.3.png,real,0.0,0.6344988346099854,1,fake,patch_majority
sd3_fp16,CLIP-D,patch_majority,/media/CrispyMcMarkInc/fake-images-img2img/00006_sd3_fp16_seed129_s30_g3.5_str0.3.png,real,0.0,0.4858176708221435,1,fake,patch_majority
sd3_fp8,CLIP-D,patch_majority,/media/CrispyMcMarkInc/fake-images-img2img/00029_sd3_fp8_seed152_s30_g3.5_str0.3.png,fake,1.0,0.4877107143402099,1,fake,patch_majority
sd35_fp16,CLIP-D,patch_majority,/media/CrispyMcMarkInc/fake-images-img2img/00032_sd35_fp16_seed155_s30_g3.5_str0.3.png,real,0.0,0.4793646335601806,1,fake,patch_majority
sd3_fp16,CLIP-D,patch_majority,/media/CrispyMcMarkInc/fake-images-img2img/00069_sd3_fp16_seed192_s30_g3.5_str0.3.png,fake,1.0,0.482356309890747,1,fake,patch_majority
sd3_fp16,CLIP-D,patch_majority,/media/CrispyMcMarkInc/fake-images-img2img/00083_sd3_fp16_seed206_s30_g3.5_str0.3.png,real,0.0,0.4788038730621338,1,fake,patch_majority
sd15_fp8,CLIP-D,patch_majority,/media/CrispyMcMarkInc/fake-images-img2img/00008_sd15_fp8_seed131_s30_g3.5_str0.3.png,real,0.0,0.4842851161956787,1,fake,patch_majority
sd15_fp8,CLIP-D,patch_majority,/media/CrispyMcMarkInc/fake-images-img2img/00064_sd15_fp8_seed187_s30_g3.5_str0.3.png,real,0.0,0.4820020198822021,1,fake,patch_majority
sd3_fp4,CLIP-D,patch_majority,/media/CrispyMcMarkInc/fake-images-img2img/00031_sd3_fp4_seed154_s30_g3.5_str0.3.png,fake,1.0,0.4812893867492676,1,fake,patch_majority
sd35_fp4,CLIP-D,patch_majority,/media/CrispyMcMarkInc/fake-images-img2img/00041_sd35_fp4_seed164_s30_g3.5_str0.3.png,real,0.0,0.485595703125,1,fake,patch_majority
sd15_fp16,CLIP-D,patch_majority,/media/CrispyMcMarkInc/fake-images-img2img/00068_sd15_fp16_seed191_s30_g3.5_str0.3.png,real,0.0,0.5077793598175049,1,fake,patch_majority
sd15_fp8,CLIP-D,patch_majority,/media/CrispyMcMarkInc/fake-images-img2img/00055_sd15_fp8_seed178_s30_g3.5_str0.3.png,fake,1.0,0.4819457530975342,1,fake,patch_majority
sd15_fp16,CLIP-D,patch_majority,/media/CrispyMcMarkInc/fake-images-img2img/00044_sd15_fp16_seed167_s30_g3.5_str0.3.png,real,0.0,0.4821290969848633,1,fake,patch_majority
sd15_fp8,CLIP-D,patch_majority,/media/CrispyMcMarkInc/fake-images-img2img/00004_sd15_fp8_seed127_s30_g3.5_str0.3.png,real,0.0,0.4821362495422363,1,fake,patch_majority
sd15_fp8,CLIP-D,patch_majority,/media/CrispyMcMarkInc/fake-images-img2img/00053_sd15_fp8_seed176_s30_g3.5_str0.3.png,real,0.0,0.4801535606384277,1,fake,patch_majority
sd3_fp4,CLIP-D,patch_majority,/media/CrispyMcMarkInc/fake-images-img2img/00024_sd3_fp4_seed147_s30_g3.5_str0.3.png,real,0.0,0.4806053638458252,1,fake,patch_majority
sd35_fp16,CLIP-D,patch_majority,/media/CrispyMcMarkInc/fake-images-img2img/00050_sd35_fp16_seed173_s30_g3.5_str0.3.png,real,0.0,0.4778118133544922,1,fake,patch_majority
sd3_fp16,CLIP-D,patch_majority,/media/CrispyMcMarkInc/fake-images-img2img/00088_sd3_fp16_seed211_s30_g3.5_str0.3.png,real,0.0,0.4831912517547607,1,fake,patch_majority
sd35_fp8,CLIP-D,patch_majority,/media/CrispyMcMarkInc/fake-images-img2img/00056_sd35_fp8_seed179_s30_g3.5_str0.3.png,real,0.0,0.4762165546417236,1,fake,patch_majority
sd15_fp4,CLIP-D,patch_majority,/media/CrispyMcMarkInc/fake-images-img2img/00003_sd15_fp4_seed126_s30_g3.5_str0.3.png,fake,1.0,0.4809520244598388,1,fake,patch_majority
sd3_fp16,CLIP-D,patch_majority,/media/CrispyMcMarkInc/fake-images-img2img/00011_sd3_fp16_seed134_s30_g3.5_str0.3.png,real,0.0,0.4849450588226318,1,fake,patch_majority
sd3_fp4,CLIP-D,patch_majority,/media/CrispyMcMarkInc/fake-images-img2img/00090_sd3_fp4_seed213_s30_g3.5_str0.3.png,real,0.0,0.5111348628997803,1,fake,patch_majority
sd15_fp8,CLIP-D,patch_majority,/media/CrispyMcMarkInc/fake-images-img2img/00061_sd15_fp8_seed184_s30_g3.5_str0.3.png,fake,1.0,0.5241854190826416,1,fake,patch_majority
sd3_fp8,CLIP-D,patch_majority,/media/CrispyMcMarkInc/fake-images-img2img/00028_sd3_fp8_seed151_s30_g3.5_str0.3.png,real,0.0,0.5264968872070312,1,fake,patch_majority
sd15_fp4,CLIP-D,patch_majority,/media/CrispyMcMarkInc/fake-images-img2img/00014_sd15_fp4_seed137_s30_g3.5_str0.3.png,real,0.0,0.5288534164428711,1,fake,patch_majority
sd15_fp4,CLIP-D,patch_majority,/media/CrispyMcMarkInc/fake-images-img2img/00040_sd15_fp4_seed163_s30_g3.5_str0.3.png,fake,1.0,0.5278220176696777,1,fake,patch_majority
sd35_fp4,CLIP-D,patch_majority,/media/CrispyMcMarkInc/fake-images-img2img/00034_sd35_fp4_seed157_s30_g3.5_str0.3.png,real,0.0,0.5314867496490479,1,fake,patch_majority
sd15_fp4,CLIP-D,patch_majority,/media/CrispyMcMarkInc/fake-images-img2img/00020_sd15_fp4_seed143_s30_g3.5_str0.3.png,real,0.0,0.526505708694458,1,fake,patch_majority
sd35_fp8,CLIP-D,patch_majority,/media/CrispyMcMarkInc/fake-images-img2img/00093_sd35_fp8_seed216_s30_g3.5_str0.3.png,fake,1.0,0.531019926071167,1,fake,patch_majority
sd15_fp8,CLIP-D,patch_majority,/media/CrispyMcMarkInc/fake-images-img2img/00090_sd15_fp8_seed213_s30_g3.5_str0.3.png,real,0.0,0.5296087265014648,1,fake,patch_majority
sd35_fp8,CLIP-D,patch_majority,/media/CrispyMcMarkInc/fake-images-img2img/00088_sd35_fp8_seed211_s30_g3.5_str0.3.png,real,0.0,0.5263204574584961,1,fake,patch_majority
sd3_fp4,CLIP-D,patch_majority,/media/CrispyMcMarkInc/fake-images-img2img/00015_sd3_fp4_seed138_s30_g3.5_str0.3.png,real,0.0,0.5226261615753174,1,fake,patch_majority
sd15_fp16,CLIP-D,patch_majority,/media/CrispyMcMarkInc/fake-images-img2img/00024_sd15_fp16_seed147_s30_g3.5_str0.3.png,real,0.0,0.6284985542297363,1,fake,patch_majority
sd35_fp16,CLIP-D,patch_majority,/media/CrispyMcMarkInc/fake-images-img2img/00019_sd35_fp16_seed142_s30_g3.5_str0.3.png,real,0.0,0.4787142276763916,1,fake,patch_majority
sd35_fp4,CLIP-D,patch_majority,/media/CrispyMcMarkInc/fake-images-img2img/00067_sd35_fp4_seed190_s30_g3.5_str0.3.png,fake,1.0,0.4783329963684082,1,fake,patch_majority
sd3_fp8,CLIP-D,patch_majority,/media/CrispyMcMarkInc/fake-images-img2img/00017_sd3_fp8_seed140_s30_g3.5_str0.3.png,real,0.0,0.4987039566040039,1,fake,patch_majority
sd15_fp16,CLIP-D,patch_majority,/media/CrispyMcMarkInc/fake-images-img2img/00010_sd15_fp16_seed133_s30_g3.5_str0.3.png,fake,1.0,0.4802758693695068,1,fake,patch_majority
sd15_fp4,CLIP-D,patch_majority,/media/CrispyMcMarkInc/fake-images-img2img/00015_sd15_fp4_seed138_s30_g3.5_str0.3.png,real,0.0,0.481424331665039,1,fake,patch_majority
sd35_fp4,CLIP-D,patch_majority,/media/CrispyMcMarkInc/fake-images-img2img/00075_sd35_fp4_seed198_s30_g3.5_str0.3.png,real,0.0,0.4824802875518799,1,fake,patch_majority
sd3_fp16,CLIP-D,patch_majority,/media/CrispyMcMarkInc/fake-images-img2img/00008_sd3_fp16_seed131_s30_g3.5_str0.3.png,real,0.0,0.4803507328033447,1,fake,patch_majority
sd3_fp4,CLIP-D,patch_majority,/media/CrispyMcMarkInc/fake-images-img2img/00086_sd3_fp4_seed209_s30_g3.5_str0.3.png,fake,1.0,0.4833817481994629,1,fake,patch_majority
sd3_fp8,CLIP-D,patch_majority,/media/CrispyMcMarkInc/fake-images-img2img/00079_sd3_fp8_seed202_s30_g3.5_str0.3.png,real,0.0,0.4761250019073486,1,fake,patch_majority
sd35_fp8,CLIP-D,patch_majority,/media/CrispyMcMarkInc/fake-images-img2img/00003_sd35_fp8_seed126_s30_g3.5_str0.3.png,fake,1.0,0.4888267517089844,1,fake,patch_majority
sd35_fp4,CLIP-D,patch_majority,/media/CrispyMcMarkInc/fake-images-img2img/00050_sd35_fp4_seed173_s30_g3.5_str0.3.png,real,0.0,0.4769809246063232,1,fake,patch_majority
sd35_fp8,CLIP-D,patch_majority,/media/CrispyMcMarkInc/fake-images-img2img/00051_sd35_fp8_seed174_s30_g3.5_str0.3.png,fake,1.0,0.484968900680542,1,fake,patch_majority
sd15_fp4,CLIP-D,patch_majority,/media/CrispyMcMarkInc/fake-images-img2img/00038_sd15_fp4_seed161_s30_g3.5_str0.3.png,fake,1.0,0.4826300144195556,1,fake,patch_majority
sd3_fp8,CLIP-D,patch_majority,/media/CrispyMcMarkInc/fake-images-img2img/00094_sd3_fp8_seed217_s30_g3.5_str0.3.png,fake,1.0,0.4834969043731689,1,fake,patch_majority
sd15_fp4,CLIP-D,patch_majority,/media/CrispyMcMarkInc/fake-images-img2img/00097_sd15_fp4_seed220_s30_g3.5_str0.3.png,fake,1.0,0.4834878444671631,1,fake,patch_majority
sd3_fp4,CLIP-D,patch_majority,/media/CrispyMcMarkInc/fake-images-img2img/00020_sd3_fp4_seed143_s30_g3.5_str0.3.png,real,0.0,0.4828407764434814,1,fake,patch_majority
sd35_fp8,CLIP-D,patch_majority,/media/CrispyMcMarkInc/fake-images-img2img/00089_sd35_fp8_seed212_s30_g3.5_str0.3.png,real,0.0,0.4826271533966064,1,fake,patch_majority
sd35_fp8,CLIP-D,patch_majority,/media/CrispyMcMarkInc/fake-images-img2img/00091_sd35_fp8_seed214_s30_g3.5_str0.3.png,fake,1.0,0.4820253849029541,1,fake,patch_majority
sd35_fp4,CLIP-D,patch_majority,/media/CrispyMcMarkInc/fake-images-img2img/00003_sd35_fp4_seed126_s30_g3.5_str0.3.png,fake,1.0,0.4787261486053467,1,fake,patch_majority
sd3_fp16,CLIP-D,patch_majority,/media/CrispyMcMarkInc/fake-images-img2img/00012_sd3_fp16_seed135_s30_g3.5_str0.3.png,real,0.0,0.481804609298706,1,fake,patch_majority
sd35_fp8,CLIP-D,patch_majority,/media/CrispyMcMarkInc/fake-images-img2img/00034_sd35_fp8_seed157_s30_g3.5_str0.3.png,fake,1.0,0.4923057556152344,1,fake,patch_majority
sd35_fp8,CLIP-D,patch_majority,/media/CrispyMcMarkInc/fake-images-img2img/00009_sd35_fp8_seed132_s30_g3.5_str0.3.png,real,0.0,0.5082643032073975,1,fake,patch_majority
sd15_fp8,CLIP-D,patch_majority,/media/CrispyMcMarkInc/fake-images-img2img/00005_sd15_fp8_seed128_s30_g3.5_str0.3.png,real,0.0,0.5270602703094482,1,fake,patch_majority
sd15_fp4,CLIP-D,patch_majority,/media/CrispyMcMarkInc/fake-images-img2img/00056_sd15_fp4_seed179_s30_g3.5_str0.3.png,fake,1.0,0.5310239791870117,1,fake,patch_majority
sd3_fp16,CLIP-D,patch_majority,/media/CrispyMcMarkInc/fake-images-img2img/00098_sd3_fp16_seed221_s30_g3.5_str0.3.png,real,0.0,0.5523428916931152,1,fake,patch_majority
sd3_fp4,CLIP-D,patch_majority,/media/CrispyMcMarkInc/fake-images-img2img/00033_sd3_fp4_seed156_s30_g3.5_str0.3.png,fake,1.0,0.6083686351776123,1,fake,patch_majority
sd35_fp16,CLIP-D,patch_majority,/media/CrispyMcMarkInc/fake-images-img2img/00025_sd35_fp16_seed148_s30_g3.5_str0.3.png,real,0.0,0.4818944931030273,1,fake,patch_majority
sd35_fp4,CLIP-D,patch_majority,/media/CrispyMcMarkInc/fake-images-img2img/00090_sd35_fp4_seed213_s30_g3.5_str0.3.png,real,0.0,0.4917507171630859,1,fake,patch_majority
sd15_fp16,CLIP-D,patch_majority,/media/CrispyMcMarkInc/fake-images-img2img/00043_sd15_fp16_seed166_s30_g3.5_str0.3.png,fake,1.0,0.4954252243041992,1,fake,patch_majority
sd35_fp4,CLIP-D,patch_majority,/media/CrispyMcMarkInc/fake-images-img2img/00086_sd35_fp4_seed209_s30_g3.5_str0.3.png,fake,1.0,0.4853599071502685,1,fake,patch_majority
sd35_fp8,CLIP-D,patch_majority,/media/CrispyMcMarkInc/fake-images-img2img/00073_sd35_fp8_seed196_s30_g3.5_str0.3.png,fake,1.0,0.4803626537322998,1,fake,patch_majority
sd35_fp4,CLIP-D,patch_majority,/media/CrispyMcMarkInc/fake-images-img2img/00018_sd35_fp4_seed141_s30_g3.5_str0.3.png,real,0.0,0.4777438640594482,1,fake,patch_majority
sd15_fp4,CLIP-D,patch_majority,/media/CrispyMcMarkInc/fake-images-img2img/00030_sd15_fp4_seed153_s30_g3.5_str0.3.png,fake,1.0,0.4818532466888428,1,fake,patch_majority
sd3_fp4,CLIP-D,patch_majority,/media/CrispyMcMarkInc/fake-images-img2img/00082_sd3_fp4_seed205_s30_g3.5_str0.3.png,real,0.0,0.4775395393371582,1,fake,patch_majority
sd15_fp4,CLIP-D,patch_majority,/media/CrispyMcMarkInc/fake-images-img2img/00093_sd15_fp4_seed216_s30_g3.5_str0.3.png,fake,1.0,0.4869351387023926,1,fake,patch_majority
sd3_fp16,CLIP-D,patch_majority,/media/CrispyMcMarkInc/fake-images-img2img/00072_sd3_fp16_seed195_s30_g3.5_str0.3.png,fake,1.0,0.4833467006683349,1,fake,patch_majority
sd3_fp16,CLIP-D,patch_majority,/media/CrispyMcMarkInc/fake-images-img2img/00062_sd3_fp16_seed185_s30_g3.5_str0.3.png,real,0.0,0.4778890609741211,1,fake,patch_majority
sd15_fp4,CLIP-D,patch_majority,/media/CrispyMcMarkInc/fake-images-img2img/00007_sd15_fp4_seed130_s30_g3.5_str0.3.png,real,0.0,0.4812700748443603,1,fake,patch_majority
sd3_fp16,CLIP-D,patch_majority,/media/CrispyMcMarkInc/fake-images-img2img/00053_sd3_fp16_seed176_s30_g3.5_str0.3.png,real,0.0,0.4833965301513672,1,fake,patch_majority
sd15_fp4,CLIP-D,patch_majority,/media/CrispyMcMarkInc/fake-images-img2img/00039_sd15_fp4_seed162_s30_g3.5_str0.3.png,real,0.0,0.4788801670074463,1,fake,patch_majority
sd3_fp8,CLIP-D,patch_majority,/media/CrispyMcMarkInc/fake-images-img2img/00052_sd3_fp8_seed175_s30_g3.5_str0.3.png,real,0.0,0.4847226142883301,1,fake,patch_majority
sd3_fp8,CLIP-D,patch_majority,/media/CrispyMcMarkInc/fake-images-img2img/00021_sd3_fp8_seed144_s30_g3.5_str0.3.png,real,0.0,0.4765551090240478,1,fake,patch_majority
sd35_fp16,CLIP-D,patch_majority,/media/CrispyMcMarkInc/fake-images-img2img/00054_sd35_fp16_seed177_s30_g3.5_str0.3.png,real,0.0,0.4822731018066406,1,fake,patch_majority
sd15_fp16,CLIP-D,patch_majority,/media/CrispyMcMarkInc/fake-images-img2img/00096_sd15_fp16_seed219_s30_g3.5_str0.3.png,real,0.0,0.479825496673584,1,fake,patch_majority
sd15_fp16,CLIP-D,patch_majority,/media/CrispyMcMarkInc/fake-images-img2img/00079_sd15_fp16_seed202_s30_g3.5_str0.3.png,fake,1.0,0.4807655811309814,1,fake,patch_majority
sd3_fp16,CLIP-D,patch_majority,/media/CrispyMcMarkInc/fake-images-img2img/00010_sd3_fp16_seed133_s30_g3.5_str0.3.png,real,0.0,0.485975980758667,1,fake,patch_majority
sd15_fp8,CLIP-D,patch_majority,/media/CrispyMcMarkInc/fake-images-img2img/00096_sd15_fp8_seed219_s30_g3.5_str0.3.png,real,0.0,0.5055725574493408,1,fake,patch_majority
sd3_fp4,CLIP-D,patch_majority,/media/CrispyMcMarkInc/fake-images-img2img/00022_sd3_fp4_seed145_s30_g3.5_str0.3.png,real,0.0,0.517784833908081,1,fake,patch_majority
sd15_fp8,CLIP-D,patch_majority,/media/CrispyMcMarkInc/fake-images-img2img/00039_sd15_fp8_seed162_s30_g3.5_str0.3.png,real,0.0,0.5228297710418701,1,fake,patch_majority
sd15_fp16,CLIP-D,patch_majority,/media/CrispyMcMarkInc/fake-images-img2img/00091_sd15_fp16_seed214_s30_g3.5_str0.3.png,fake,1.0,0.5295045375823975,1,fake,patch_majority
sd3_fp8,CLIP-D,patch_majority,/media/CrispyMcMarkInc/fake-images-img2img/00031_sd3_fp8_seed154_s30_g3.5_str0.3.png,real,0.0,0.5248894691467285,1,fake,patch_majority
sd3_fp8,CLIP-D,patch_majority,/media/CrispyMcMarkInc/fake-images-img2img/00037_sd3_fp8_seed160_s30_g3.5_str0.3.png,real,0.0,0.5247249603271484,1,fake,patch_majority
sd15_fp16,CLIP-D,patch_majority,/media/CrispyMcMarkInc/fake-images-img2img/00030_sd15_fp16_seed153_s30_g3.5_str0.3.png,fake,1.0,0.5826756954193115,1,fake,patch_majority
sd35_fp4,CLIP-D,patch_majority,/media/CrispyMcMarkInc/fake-images-img2img/00001_sd35_fp4_seed124_s30_g3.5_str0.3.png,real,0.0,0.6276583671569824,1,fake,patch_majority
sd15_fp8,CLIP-D,patch_majority,/media/CrispyMcMarkInc/fake-images-img2img/00073_sd15_fp8_seed196_s30_g3.5_str0.3.png,real,0.0,0.5628273487091064,1,fake,patch_majority
sd3_fp4,CLIP-D,patch_majority,/media/CrispyMcMarkInc/fake-images-img2img/00053_sd3_fp4_seed176_s30_g3.5_str0.3.png,real,0.0,0.5041825771331787,1,fake,patch_majority
sd15_fp4,CLIP-D,patch_majority,/media/CrispyMcMarkInc/fake-images-img2img/00083_sd15_fp4_seed206_s30_g3.5_str0.3.png,fake,1.0,0.5151026248931885,1,fake,patch_majority
sd15_fp8,CLIP-D,patch_majority,/media/CrispyMcMarkInc/fake-images-img2img/00063_sd15_fp8_seed186_s30_g3.5_str0.3.png,fake,1.0,0.4786043167114258,1,fake,patch_majority
sd3_fp4,CLIP-D,patch_majority,/media/CrispyMcMarkInc/fake-images-img2img/00070_sd3_fp4_seed193_s30_g3.5_str0.3.png,fake,1.0,0.4832358360290527,1,fake,patch_majority
sd15_fp16,CLIP-D,patch_majority,/media/CrispyMcMarkInc/fake-images-img2img/00032_sd15_fp16_seed155_s30_g3.5_str0.3.png,fake,1.0,0.4854621887207031,1,fake,patch_majority
sd3_fp4,CLIP-D,patch_majority,/media/CrispyMcMarkInc/fake-images-img2img/00021_sd3_fp4_seed144_s30_g3.5_str0.3.png,real,0.0,0.481269359588623,1,fake,patch_majority
sd15_fp4,CLIP-D,patch_majority,/media/CrispyMcMarkInc/fake-images-img2img/00065_sd15_fp4_seed188_s30_g3.5_str0.3.png,fake,1.0,0.4892339706420898,1,fake,patch_majority
sd3_fp4,CLIP-D,patch_majority,/media/CrispyMcMarkInc/fake-images-img2img/00019_sd3_fp4_seed142_s30_g3.5_str0.3.png,real,0.0,0.483142614364624,1,fake,patch_majority
sd3_fp8,CLIP-D,patch_majority,/media/CrispyMcMarkInc/fake-images-img2img/00018_sd3_fp8_seed141_s30_g3.5_str0.3.png,real,0.0,0.4797568321228027,1,fake,patch_majority
sd3_fp8,CLIP-D,patch_majority,/media/CrispyMcMarkInc/fake-images-img2img/00041_sd3_fp8_seed164_s30_g3.5_str0.3.png,real,0.0,0.4819529056549072,1,fake,patch_majority
sd15_fp16,CLIP-D,patch_majority,/media/CrispyMcMarkInc/fake-images-img2img/00088_sd15_fp16_seed211_s30_g3.5_str0.3.png,fake,1.0,0.4851651191711426,1,fake,patch_majority
sd15_fp4,CLIP-D,patch_majority,/media/CrispyMcMarkInc/fake-images-img2img/00099_sd15_fp4_seed222_s30_g3.5_str0.3.png,real,0.0,0.4798867702484131,1,fake,patch_majority
sd35_fp16,CLIP-D,patch_majority,/media/CrispyMcMarkInc/fake-images-img2img/00072_sd35_fp16_seed195_s30_g3.5_str0.3.png,fake,1.0,0.484199047088623,1,fake,patch_majority
sd15_fp16,CLIP-D,patch_majority,/media/CrispyMcMarkInc/fake-images-img2img/00086_sd15_fp16_seed209_s30_g3.5_str0.3.png,fake,1.0,0.4851067066192627,1,fake,patch_majority
sd15_fp4,CLIP-D,patch_majority,/media/CrispyMcMarkInc/fake-images-img2img/00094_sd15_fp4_seed217_s30_g3.5_str0.3.png,fake,1.0,0.4822890758514404,1,fake,patch_majority
sd35_fp8,CLIP-D,patch_majority,/media/CrispyMcMarkInc/fake-images-img2img/00004_sd35_fp8_seed127_s30_g3.5_str0.3.png,real,0.0,0.4814150333404541,1,fake,patch_majority
sd3_fp4,CLIP-D,patch_majority,/media/CrispyMcMarkInc/fake-images-img2img/00072_sd3_fp4_seed195_s30_g3.5_str0.3.png,fake,1.0,0.4862997531890869,1,fake,patch_majority
sd15_fp4,CLIP-D,patch_majority,/media/CrispyMcMarkInc/fake-images-img2img/00024_sd15_fp4_seed147_s30_g3.5_str0.3.png,real,0.0,0.5057880878448486,1,fake,patch_majority
sd35_fp8,CLIP-D,patch_majority,/media/CrispyMcMarkInc/fake-images-img2img/00005_sd35_fp8_seed128_s30_g3.5_str0.3.png,real,0.0,0.5210559368133545,1,fake,patch_majority
sd15_fp4,CLIP-D,patch_majority,/media/CrispyMcMarkInc/fake-images-img2img/00062_sd15_fp4_seed185_s30_g3.5_str0.3.png,real,0.0,0.6334266662597656,1,fake,patch_majority
sd35_fp4,CLIP-D,patch_majority,/media/CrispyMcMarkInc/fake-images-img2img/00069_sd35_fp4_seed192_s30_g3.5_str0.3.png,fake,1.0,0.5307996273040771,1,fake,patch_majority
sd15_fp4,CLIP-D,patch_majority,/media/CrispyMcMarkInc/fake-images-img2img/00061_sd15_fp4_seed184_s30_g3.5_str0.3.png,fake,1.0,0.5071923732757568,1,fake,patch_majority
sd3_fp4,CLIP-D,patch_majority,/media/CrispyMcMarkInc/fake-images-img2img/00098_sd3_fp4_seed221_s30_g3.5_str0.3.png,real,0.0,0.4819767475128174,1,fake,patch_majority
sd15_fp8,CLIP-D,patch_majority,/media/CrispyMcMarkInc/fake-images-img2img/00081_sd15_fp8_seed204_s30_g3.5_str0.3.png,real,0.0,0.4885368347167969,1,fake,patch_majority
sd35_fp8,CLIP-D,patch_majority,/media/CrispyMcMarkInc/fake-images-img2img/00066_sd35_fp8_seed189_s30_g3.5_str0.3.png,real,0.0,0.5116603374481201,1,fake,patch_majority
sd3_fp4,CLIP-D,patch_majority,/media/CrispyMcMarkInc/fake-images-img2img/00080_sd3_fp4_seed203_s30_g3.5_str0.3.png,fake,1.0,0.5027062892913818,1,fake,patch_majority
sd15_fp8,CLIP-D,patch_majority,/media/CrispyMcMarkInc/fake-images-img2img/00097_sd15_fp8_seed220_s30_g3.5_str0.3.png,fake,1.0,0.4819626808166504,1,fake,patch_majority
sd15_fp8,CLIP-D,patch_majority,/media/CrispyMcMarkInc/fake-images-img2img/00028_sd15_fp8_seed151_s30_g3.5_str0.3.png,fake,1.0,0.4821500778198242,1,fake,patch_majority
sd15_fp4,CLIP-D,patch_majority,/media/CrispyMcMarkInc/fake-images-img2img/00011_sd15_fp4_seed134_s30_g3.5_str0.3.png,real,0.0,0.4791417121887207,1,fake,patch_majority
sd15_fp8,CLIP-D,patch_majority,/media/CrispyMcMarkInc/fake-images-img2img/00023_sd15_fp8_seed146_s30_g3.5_str0.3.png,real,0.0,0.4876508712768554,1,fake,patch_majority
sd15_fp4,CLIP-D,patch_majority,/media/CrispyMcMarkInc/fake-images-img2img/00031_sd15_fp4_seed154_s30_g3.5_str0.3.png,real,0.0,0.4801466464996338,1,fake,patch_majority
sd35_fp16,CLIP-D,patch_majority,/media/CrispyMcMarkInc/fake-images-img2img/00078_sd35_fp16_seed201_s30_g3.5_str0.3.png,fake,1.0,0.489053726196289,1,fake,patch_majority
sd3_fp8,CLIP-D,patch_majority,/media/CrispyMcMarkInc/fake-images-img2img/00069_sd3_fp8_seed192_s30_g3.5_str0.3.png,fake,1.0,0.4815254211425781,1,fake,patch_majority
sd35_fp16,CLIP-D,patch_majority,/media/CrispyMcMarkInc/fake-images-img2img/00012_sd35_fp16_seed135_s30_g3.5_str0.3.png,fake,1.0,0.4818644523620605,1,fake,patch_majority
sd35_fp8,CLIP-D,patch_majority,/media/CrispyMcMarkInc/fake-images-img2img/00000_sd35_fp8_seed123_s30_g3.5_str0.3.png,fake,1.0,0.485335111618042,1,fake,patch_majority
sd35_fp4,CLIP-D,patch_majority,/media/CrispyMcMarkInc/fake-images-img2img/00012_sd35_fp4_seed135_s30_g3.5_str0.3.png,fake,1.0,0.4758498668670654,1,fake,patch_majority
sd3_fp16,CLIP-D,patch_majority,/media/CrispyMcMarkInc/fake-images-img2img/00044_sd3_fp16_seed167_s30_g3.5_str0.3.png,real,0.0,0.4721050262451172,1,fake,patch_majority
sd3_fp16,CLIP-D,patch_majority,/media/CrispyMcMarkInc/fake-images-img2img/00073_sd3_fp16_seed196_s30_g3.5_str0.3.png,real,0.0,0.4658458232879638,1,fake,patch_majority
sd35_fp8,CLIP-D,patch_majority,/media/CrispyMcMarkInc/fake-images-img2img/00043_sd35_fp8_seed166_s30_g3.5_str0.3.png,fake,1.0,0.4695756435394287,1,fake,patch_majority
sd35_fp16,CLIP-D,patch_majority,/media/CrispyMcMarkInc/fake-images-img2img/00076_sd35_fp16_seed199_s30_g3.5_str0.3.png,real,0.0,0.4741685390472412,1,fake,patch_majority
sd15_fp4,CLIP-D,patch_majority,/media/CrispyMcMarkInc/fake-images-img2img/00076_sd15_fp4_seed199_s30_g3.5_str0.3.png,real,0.0,0.4722044467926025,1,fake,patch_majority
sd3_fp4,CLIP-D,patch_majority,/media/CrispyMcMarkInc/fake-images-img2img/00096_sd3_fp4_seed219_s30_g3.5_str0.3.png,real,0.0,0.4732987880706787,1,fake,patch_majority
sd3_fp16,CLIP-D,patch_majority,/media/CrispyMcMarkInc/fake-images-img2img/00068_sd3_fp16_seed191_s30_g3.5_str0.3.png,real,0.0,0.4747557640075683,1,fake,patch_majority
sd15_fp4,CLIP-D,patch_majority,/media/CrispyMcMarkInc/fake-images-img2img/00035_sd15_fp4_seed158_s30_g3.5_str0.3.png,fake,1.0,0.4841165542602539,1,fake,patch_majority
sd3_fp8,CLIP-D,patch_majority,/media/CrispyMcMarkInc/fake-images-img2img/00035_sd3_fp8_seed158_s30_g3.5_str0.3.png,real,0.0,0.5179252624511719,1,fake,patch_majority
sd15_fp8,CLIP-D,patch_majority,/media/CrispyMcMarkInc/fake-images-img2img/00018_sd15_fp8_seed141_s30_g3.5_str0.3.png,real,0.0,0.5202836990356445,1,fake,patch_majority
sd15_fp16,CLIP-D,patch_majority,/media/CrispyMcMarkInc/fake-images-img2img/00022_sd15_fp16_seed145_s30_g3.5_str0.3.png,real,0.0,0.5218894481658936,1,fake,patch_majority
sd35_fp4,CLIP-D,patch_majority,/media/CrispyMcMarkInc/fake-images-img2img/00083_sd35_fp4_seed206_s30_g3.5_str0.3.png,real,0.0,0.5175337791442871,1,fake,patch_majority
sd15_fp16,CLIP-D,patch_majority,/media/CrispyMcMarkInc/fake-images-img2img/00015_sd15_fp16_seed138_s30_g3.5_str0.3.png,real,0.0,0.5193495750427246,1,fake,patch_majority
sd15_fp16,CLIP-D,patch_majority,/media/CrispyMcMarkInc/fake-images-img2img/00038_sd15_fp16_seed161_s30_g3.5_str0.3.png,fake,1.0,0.5202693939208984,1,fake,patch_majority
sd35_fp4,CLIP-D,patch_majority,/media/CrispyMcMarkInc/fake-images-img2img/00008_sd35_fp4_seed131_s30_g3.5_str0.3.png,real,0.0,0.5197372436523438,1,fake,patch_majority
sd3_fp8,CLIP-D,patch_majority,/media/CrispyMcMarkInc/fake-images-img2img/00062_sd3_fp8_seed185_s30_g3.5_str0.3.png,real,0.0,0.515618085861206,1,fake,patch_majority
sd35_fp4,CLIP-D,patch_majority,/media/CrispyMcMarkInc/fake-images-img2img/00059_sd35_fp4_seed182_s30_g3.5_str0.3.png,real,0.0,0.5183506011962891,1,fake,patch_majority
sd3_fp4,CLIP-D,patch_majority,/media/CrispyMcMarkInc/fake-images-img2img/00010_sd3_fp4_seed133_s30_g3.5_str0.3.png,real,0.0,0.5156142711639404,1,fake,patch_majority
sd35_fp16,CLIP-D,patch_majority,/media/CrispyMcMarkInc/fake-images-img2img/00011_sd35_fp16_seed134_s30_g3.5_str0.3.png,real,0.0,0.5206387042999268,1,fake,patch_majority
sd35_fp8,CLIP-D,patch_majority,/media/CrispyMcMarkInc/fake-images-img2img/00015_sd35_fp8_seed138_s30_g3.5_str0.3.png,real,0.0,0.515141487121582,1,fake,patch_majority
sd3_fp16,CLIP-D,patch_majority,/media/CrispyMcMarkInc/fake-images-img2img/00078_sd3_fp16_seed201_s30_g3.5_str0.3.png,fake,1.0,0.5165538787841797,1,fake,patch_majority
sd35_fp16,CLIP-D,patch_majority,/media/CrispyMcMarkInc/fake-images-img2img/00014_sd35_fp16_seed137_s30_g3.5_str0.3.png,fake,1.0,0.5676326751708984,1,fake,patch_majority
sd3_fp16,CLIP-D,patch_majority,/media/CrispyMcMarkInc/fake-images-img2img/00039_sd3_fp16_seed162_s30_g3.5_str0.3.png,real,0.0,0.5923423767089844,1,fake,patch_majority
sd15_fp4,CLIP-D,patch_majority,/media/CrispyMcMarkInc/fake-images-img2img/00027_sd15_fp4_seed150_s30_g3.5_str0.3.png,fake,1.0,0.4827651977539062,1,fake,patch_majority
sd3_fp8,CLIP-D,patch_majority,/media/CrispyMcMarkInc/fake-images-img2img/00093_sd3_fp8_seed216_s30_g3.5_str0.3.png,fake,1.0,0.4823856353759765,1,fake,patch_majority
sd15_fp8,CLIP-D,patch_majority,/media/CrispyMcMarkInc/fake-images-img2img/00074_sd15_fp8_seed197_s30_g3.5_str0.3.png,real,0.0,0.4738361835479736,1,fake,patch_majority
sd35_fp8,CLIP-D,patch_majority,/media/CrispyMcMarkInc/fake-images-img2img/00013_sd35_fp8_seed136_s30_g3.5_str0.3.png,real,0.0,0.4697995185852051,1,fake,patch_majority
sd3_fp8,CLIP-D,patch_majority,/media/CrispyMcMarkInc/fake-images-img2img/00055_sd3_fp8_seed178_s30_g3.5_str0.3.png,real,0.0,0.4719436168670654,1,fake,patch_majority
sd35_fp4,CLIP-D,patch_majority,/media/CrispyMcMarkInc/fake-images-img2img/00053_sd35_fp4_seed176_s30_g3.5_str0.3.png,real,0.0,0.483048677444458,1,fake,patch_majority
sd3_fp16,CLIP-D,patch_majority,/media/CrispyMcMarkInc/fake-images-img2img/00001_sd3_fp16_seed124_s30_g3.5_str0.3.png,real,0.0,0.4974536895751953,1,fake,patch_majority
sd15_fp8,CLIP-D,patch_majority,/media/CrispyMcMarkInc/fake-images-img2img/00049_sd15_fp8_seed172_s30_g3.5_str0.3.png,fake,1.0,0.4749071598052978,1,fake,patch_majority
sd3_fp8,CLIP-D,patch_majority,/media/CrispyMcMarkInc/fake-images-img2img/00033_sd3_fp8_seed156_s30_g3.5_str0.3.png,fake,1.0,0.4676494598388672,1,fake,patch_majority
sd15_fp4,CLIP-D,patch_majority,/media/CrispyMcMarkInc/fake-images-img2img/00037_sd15_fp4_seed160_s30_g3.5_str0.3.png,fake,1.0,0.4700069427490234,1,fake,patch_majority
sd15_fp8,CLIP-D,patch_majority,/media/CrispyMcMarkInc/fake-images-img2img/00046_sd15_fp8_seed169_s30_g3.5_str0.3.png,real,0.0,0.4728090763092041,1,fake,patch_majority
sd3_fp8,CLIP-D,patch_majority,/media/CrispyMcMarkInc/fake-images-img2img/00005_sd3_fp8_seed128_s30_g3.5_str0.3.png,real,0.0,0.4678492546081543,1,fake,patch_majority
sd15_fp8,CLIP-D,patch_majority,/media/CrispyMcMarkInc/fake-images-img2img/00031_sd15_fp8_seed154_s30_g3.5_str0.3.png,real,0.0,0.4711124897003174,1,fake,patch_majority
sd35_fp8,CLIP-D,patch_majority,/media/CrispyMcMarkInc/fake-images-img2img/00084_sd35_fp8_seed207_s30_g3.5_str0.3.png,real,0.0,0.4691252708435058,1,fake,patch_majority
sd35_fp4,CLIP-D,patch_majority,/media/CrispyMcMarkInc/fake-images-img2img/00073_sd35_fp4_seed196_s30_g3.5_str0.3.png,fake,1.0,0.4673821926116943,1,fake,patch_majority
sd15_fp16,CLIP-D,patch_majority,/media/CrispyMcMarkInc/fake-images-img2img/00056_sd15_fp16_seed179_s30_g3.5_str0.3.png,fake,1.0,0.4716291427612304,1,fake,patch_majority
sd15_fp8,CLIP-D,patch_majority,/media/CrispyMcMarkInc/fake-images-img2img/00034_sd15_fp8_seed157_s30_g3.5_str0.3.png,fake,1.0,0.4557180404663086,1,fake,patch_majority
sd3_fp4,CLIP-D,patch_majority,/media/CrispyMcMarkInc/fake-images-img2img/00050_sd3_fp4_seed173_s30_g3.5_str0.3.png,real,0.0,0.488624095916748,1,fake,patch_majority
sd35_fp8,CLIP-D,patch_majority,/media/CrispyMcMarkInc/fake-images-img2img/00046_sd35_fp8_seed169_s30_g3.5_str0.3.png,real,0.0,0.5098533630371094,1,fake,patch_majority
sd15_fp8,CLIP-D,patch_majority,/media/CrispyMcMarkInc/fake-images-img2img/00040_sd15_fp8_seed163_s30_g3.5_str0.3.png,fake,1.0,0.5211038589477539,1,fake,patch_majority
sd3_fp8,CLIP-D,patch_majority,/media/CrispyMcMarkInc/fake-images-img2img/00013_sd3_fp8_seed136_s30_g3.5_str0.3.png,real,0.0,0.5148138999938965,1,fake,patch_majority
sd3_fp16,CLIP-D,patch_majority,/media/CrispyMcMarkInc/fake-images-img2img/00035_sd3_fp16_seed158_s30_g3.5_str0.3.png,real,0.0,0.5176253318786621,1,fake,patch_majority
sd3_fp4,CLIP-D,patch_majority,/media/CrispyMcMarkInc/fake-images-img2img/00066_sd3_fp4_seed189_s30_g3.5_str0.3.png,real,0.0,0.5162975788116455,1,fake,patch_majority
sd3_fp16,CLIP-D,patch_majority,/media/CrispyMcMarkInc/fake-images-img2img/00018_sd3_fp16_seed141_s30_g3.5_str0.3.png,real,0.0,0.5136857032775879,1,fake,patch_majority
sd3_fp4,CLIP-D,patch_majority,/media/CrispyMcMarkInc/fake-images-img2img/00023_sd3_fp4_seed146_s30_g3.5_str0.3.png,real,0.0,0.5957810878753662,1,fake,patch_majority
sd15_fp8,CLIP-D,patch_majority,/media/CrispyMcMarkInc/fake-images-img2img/00067_sd15_fp8_seed190_s30_g3.5_str0.3.png,fake,1.0,0.6072709560394287,1,fake,patch_majority
sd15_fp8,CLIP-D,patch_majority,/media/CrispyMcMarkInc/fake-images-img2img/00048_sd15_fp8_seed171_s30_g3.5_str0.3.png,fake,1.0,0.5377523899078369,1,fake,patch_majority
sd15_fp8,CLIP-D,patch_majority,/media/CrispyMcMarkInc/fake-images-img2img/00044_sd15_fp8_seed167_s30_g3.5_str0.3.png,real,0.0,0.4815835952758789,1,fake,patch_majority
sd3_fp16,CLIP-D,patch_majority,/media/CrispyMcMarkInc/fake-images-img2img/00099_sd3_fp16_seed222_s30_g3.5_str0.3.png,real,0.0,0.4750833511352539,1,fake,patch_majority
sd35_fp4,CLIP-D,patch_majority,/media/CrispyMcMarkInc/fake-images-img2img/00013_sd35_fp4_seed136_s30_g3.5_str0.3.png,real,0.0,0.4699423313140869,1,fake,patch_majority
sd35_fp16,CLIP-D,patch_majority,/media/CrispyMcMarkInc/fake-images-img2img/00085_sd35_fp16_seed208_s30_g3.5_str0.3.png,fake,1.0,0.469573974609375,1,fake,patch_majority
sd15_fp16,CLIP-D,patch_majority,/media/CrispyMcMarkInc/fake-images-img2img/00097_sd15_fp16_seed220_s30_g3.5_str0.3.png,fake,1.0,0.4752256870269775,1,fake,patch_majority
sd15_fp16,CLIP-D,patch_majority,/media/CrispyMcMarkInc/fake-images-img2img/00000_sd15_fp16_seed123_s30_g3.5_str0.3.png,fake,1.0,0.4817359447479248,1,fake,patch_majority
sd35_fp16,CLIP-D,patch_majority,/media/CrispyMcMarkInc/fake-images-img2img/00017_sd35_fp16_seed140_s30_g3.5_str0.3.png,real,0.0,0.4693536758422851,1,fake,patch_majority
sd35_fp4,CLIP-D,patch_majority,/media/CrispyMcMarkInc/fake-images-img2img/00057_sd35_fp4_seed180_s30_g3.5_str0.3.png,real,0.0,0.4665935039520263,1,fake,patch_majority
sd3_fp8,CLIP-D,patch_majority,/media/CrispyMcMarkInc/fake-images-img2img/00014_sd3_fp8_seed137_s30_g3.5_str0.3.png,real,0.0,0.464411973953247,1,fake,patch_majority
sd35_fp4,CLIP-D,patch_majority,/media/CrispyMcMarkInc/fake-images-img2img/00016_sd35_fp4_seed139_s30_g3.5_str0.3.png,real,0.0,0.4653081893920898,1,fake,patch_majority
sd3_fp16,CLIP-D,patch_majority,/media/CrispyMcMarkInc/fake-images-img2img/00041_sd3_fp16_seed164_s30_g3.5_str0.3.png,real,0.0,0.4622597694396972,1,fake,patch_majority
sd3_fp8,CLIP-D,patch_majority,/media/CrispyMcMarkInc/fake-images-img2img/00048_sd3_fp8_seed171_s30_g3.5_str0.3.png,real,0.0,0.4642579555511474,1,fake,patch_majority
sd3_fp8,CLIP-D,patch_majority,/media/CrispyMcMarkInc/fake-images-img2img/00085_sd3_fp8_seed208_s30_g3.5_str0.3.png,fake,1.0,0.4650781154632568,1,fake,patch_majority
sd35_fp8,CLIP-D,patch_majority,/media/CrispyMcMarkInc/fake-images-img2img/00087_sd35_fp8_seed210_s30_g3.5_str0.3.png,fake,1.0,0.4678421020507812,1,fake,patch_majority
sd35_fp8,CLIP-D,patch_majority,/media/CrispyMcMarkInc/fake-images-img2img/00060_sd35_fp8_seed183_s30_g3.5_str0.3.png,real,0.0,0.4713773727416992,1,fake,patch_majority
sd35_fp4,CLIP-D,patch_majority,/media/CrispyMcMarkInc/fake-images-img2img/00063_sd35_fp4_seed186_s30_g3.5_str0.3.png,fake,1.0,0.4649503231048584,1,fake,patch_majority
sd35_fp8,CLIP-D,patch_majority,/media/CrispyMcMarkInc/fake-images-img2img/00012_sd35_fp8_seed135_s30_g3.5_str0.3.png,fake,1.0,0.4656860828399658,1,fake,patch_majority
sd35_fp16,CLIP-D,patch_majority,/media/CrispyMcMarkInc/fake-images-img2img/00040_sd35_fp16_seed163_s30_g3.5_str0.3.png,real,0.0,0.464052677154541,1,fake,patch_majority
sd15_fp4,CLIP-D,patch_majority,/media/CrispyMcMarkInc/fake-images-img2img/00059_sd15_fp4_seed182_s30_g3.5_str0.3.png,real,0.0,0.4626345634460449,1,fake,patch_majority
sd3_fp16,CLIP-D,patch_majority,/media/CrispyMcMarkInc/fake-images-img2img/00031_sd3_fp16_seed154_s30_g3.5_str0.3.png,real,0.0,0.4666483402252197,1,fake,patch_majority
sd35_fp4,CLIP-D,patch_majority,/media/CrispyMcMarkInc/fake-images-img2img/00054_sd35_fp4_seed177_s30_g3.5_str0.3.png,real,0.0,0.4628138542175293,1,fake,patch_majority
sd15_fp8,CLIP-D,patch_majority,/media/CrispyMcMarkInc/fake-images-img2img/00033_sd15_fp8_seed156_s30_g3.5_str0.3.png,fake,1.0,0.4682881832122803,1,fake,patch_majority
sd3_fp8,CLIP-D,patch_majority,/media/CrispyMcMarkInc/fake-images-img2img/00053_sd3_fp8_seed176_s30_g3.5_str0.3.png,real,0.0,0.4659078121185303,1,fake,patch_majority
sd15_fp16,CLIP-D,patch_majority,/media/CrispyMcMarkInc/fake-images-img2img/00084_sd15_fp16_seed207_s30_g3.5_str0.3.png,fake,1.0,0.4635312557220459,1,fake,patch_majority
sd35_fp8,CLIP-D,patch_majority,/media/CrispyMcMarkInc/fake-images-img2img/00083_sd35_fp8_seed206_s30_g3.5_str0.3.png,real,0.0,0.4625675678253174,1,fake,patch_majority
sd35_fp4,CLIP-D,patch_majority,/media/CrispyMcMarkInc/fake-images-img2img/00010_sd35_fp4_seed133_s30_g3.5_str0.3.png,real,0.0,0.4654560089111328,1,fake,patch_majority
sd15_fp8,CLIP-D,patch_majority,/media/CrispyMcMarkInc/fake-images-img2img/00015_sd15_fp8_seed138_s30_g3.5_str0.3.png,real,0.0,0.4670009613037109,1,fake,patch_majority
sd15_fp8,CLIP-D,patch_majority,/media/CrispyMcMarkInc/fake-images-img2img/00068_sd15_fp8_seed191_s30_g3.5_str0.3.png,real,0.0,0.4637439250946045,1,fake,patch_majority
sd3_fp16,CLIP-D,patch_majority,/media/CrispyMcMarkInc/fake-images-img2img/00059_sd3_fp16_seed182_s30_g3.5_str0.3.png,real,0.0,0.4681100845336914,1,fake,patch_majority
sd3_fp16,CLIP-D,patch_majority,/media/CrispyMcMarkInc/fake-images-img2img/00057_sd3_fp16_seed180_s30_g3.5_str0.3.png,real,0.0,0.4671001434326172,1,fake,patch_majority
99,CLIP-D,patch_majority,/media/CrispyMcMarkInc/Real_cropped_1024/00099.jpg,fake,0.9434181451797484,9.833699703216553,0,real,patch_majority
26,CLIP-D,patch_majority,/media/CrispyMcMarkInc/Real_cropped_1024/00026.jpg,fake,0.713660717010498,9.368024587631226,0,real,patch_majority
29,CLIP-D,patch_majority,/media/CrispyMcMarkInc/Real_cropped_1024/00029.jpg,fake,0.9536052346229552,6.711397647857666,0,real,patch_majority
40,CLIP-D,patch_majority,/media/CrispyMcMarkInc/Real_cropped_1024/00040.jpg,fake,1.0,8.913211345672607,0,real,patch_majority
95,CLIP-D,patch_majority,/media/CrispyMcMarkInc/Real_cropped_1024/00095.jpg,real,0.0,0.6756293773651123,0,real,patch_majority
94,CLIP-D,patch_majority,/media/CrispyMcMarkInc/Real_cropped_1024/00094.jpg,fake,1.0,0.692401647567749,0,real,patch_majority
77,CLIP-D,patch_majority,/media/CrispyMcMarkInc/Real_cropped_1024/00077.jpg,fake,1.0,0.5153594017028809,0,real,patch_majority
76,CLIP-D,patch_majority,/media/CrispyMcMarkInc/Real_cropped_1024/00076.jpg,real,0.0,0.6571190357208252,0,real,patch_majority
37,CLIP-D,patch_majority,/media/CrispyMcMarkInc/Real_cropped_1024/00037.jpg,fake,1.0,4.743970632553101,0,real,patch_majority
74,CLIP-D,patch_majority,/media/CrispyMcMarkInc/Real_cropped_1024/00074.jpg,fake,1.0,1.254514455795288,0,real,patch_majority
1,CLIP-D,patch_majority,/media/CrispyMcMarkInc/Real_cropped_1024/00001.jpg,fake,1.0,10.393662452697754,0,real,patch_majority
5,CLIP-D,patch_majority,/media/CrispyMcMarkInc/Real_cropped_1024/00005.jpg,real,0.0,0.5445783138275146,0,real,patch_majority
98,CLIP-D,patch_majority,/media/CrispyMcMarkInc/Real_cropped_1024/00098.jpg,real,0.0,1.218353271484375,0,real,patch_majority
46,CLIP-D,patch_majority,/media/CrispyMcMarkInc/Real_cropped_1024/00046.jpg,real,0.0,0.7300207614898682,0,real,patch_majority
79,CLIP-D,patch_majority,/media/CrispyMcMarkInc/Real_cropped_1024/00079.jpg,real,0.0,0.6824872493743896,0,real,patch_majority
90,CLIP-D,patch_majority,/media/CrispyMcMarkInc/Real_cropped_1024/00090.jpg,real,0.0,0.6175272464752197,0,real,patch_majority
85,CLIP-D,patch_majority,/media/CrispyMcMarkInc/Real_cropped_1024/00085.jpg,fake,1.0,0.562457799911499,0,real,patch_majority
71,CLIP-D,patch_majority,/media/CrispyMcMarkInc/Real_cropped_1024/00071.jpg,real,0.0,0.476651668548584,0,real,patch_majority
70,CLIP-D,patch_majority,/media/CrispyMcMarkInc/Real_cropped_1024/00070.jpg,fake,1.0,0.944495677947998,0,real,patch_majority
47,CLIP-D,patch_majority,/media/CrispyMcMarkInc/Real_cropped_1024/00047.jpg,fake,1.0,0.5007772445678711,0,real,patch_majority
42,CLIP-D,patch_majority,/media/CrispyMcMarkInc/Real_cropped_1024/00042.jpg,fake,1.0,1.715630292892456,0,real,patch_majority
3,CLIP-D,patch_majority,/media/CrispyMcMarkInc/Real_cropped_1024/00003.jpg,fake,1.0,0.7275841236114502,0,real,patch_majority
68,CLIP-D,patch_majority,/media/CrispyMcMarkInc/Real_cropped_1024/00068.jpg,real,0.0,0.5687847137451172,0,real,patch_majority
62,CLIP-D,patch_majority,/media/CrispyMcMarkInc/Real_cropped_1024/00062.jpg,real,0.0,0.4834203720092773,0,real,patch_majority
24,CLIP-D,patch_majority,/media/CrispyMcMarkInc/Real_cropped_1024/00024.jpg,real,0.0,0.6116464138031006,0,real,patch_majority
10,CLIP-D,patch_majority,/media/CrispyMcMarkInc/Real_cropped_1024/00010.jpg,fake,1.0,0.9566307067871094,0,real,patch_majority
11,CLIP-D,patch_majority,/media/CrispyMcMarkInc/Real_cropped_1024/00011.jpg,real,0.0,0.8256454467773438,0,real,patch_majority
89,CLIP-D,patch_majority,/media/CrispyMcMarkInc/Real_cropped_1024/00089.jpg,real,0.0,0.926541805267334,0,real,patch_majority
55,CLIP-D,patch_majority,/media/CrispyMcMarkInc/Real_cropped_1024/00055.jpg,fake,1.0,1.2015140056610107,0,real,patch_majority
16,CLIP-D,patch_majority,/media/CrispyMcMarkInc/Real_cropped_1024/00016.jpg,fake,1.0,0.505962610244751,0,real,patch_majority
93,CLIP-D,patch_majority,/media/CrispyMcMarkInc/Real_cropped_1024/00093.jpg,fake,1.0,0.51883864402771,0,real,patch_majority
86,CLIP-D,patch_majority,/media/CrispyMcMarkInc/Real_cropped_1024/00086.jpg,fake,1.0,6.537677764892578,0,real,patch_majority
23,CLIP-D,patch_majority,/media/CrispyMcMarkInc/Real_cropped_1024/00023.jpg,fake,1.0,0.9696595668792723,0,real,patch_majority
20,CLIP-D,patch_majority,/media/CrispyMcMarkInc/Real_cropped_1024/00020.jpg,real,0.0,0.5301001071929932,0,real,patch_majority
32,CLIP-D,patch_majority,/media/CrispyMcMarkInc/Real_cropped_1024/00032.jpg,real,0.0,0.6534087657928467,0,real,patch_majority
48,CLIP-D,patch_majority,/media/CrispyMcMarkInc/Real_cropped_1024/00048.jpg,real,0.0,0.6024651527404785,0,real,patch_majority
44,CLIP-D,patch_majority,/media/CrispyMcMarkInc/Real_cropped_1024/00044.jpg,real,0.0,0.5580763816833496,0,real,patch_majority
4,CLIP-D,patch_majority,/media/CrispyMcMarkInc/Real_cropped_1024/00004.jpg,real,0.0,0.6232955455780029,0,real,patch_majority
53,CLIP-D,patch_majority,/media/CrispyMcMarkInc/Real_cropped_1024/00053.jpg,real,0.0,1.461538791656494,0,real,patch_majority
14,CLIP-D,patch_majority,/media/CrispyMcMarkInc/Real_cropped_1024/00014.jpg,fake,1.0,0.6326212882995605,0,real,patch_majority
80,CLIP-D,patch_majority,/media/CrispyMcMarkInc/Real_cropped_1024/00080.jpg,fake,1.0,0.6702756881713867,0,real,patch_majority
15,CLIP-D,patch_majority,/media/CrispyMcMarkInc/Real_cropped_1024/00015.jpg,real,0.0,0.6760025024414062,0,real,patch_majority
35,CLIP-D,patch_majority,/media/CrispyMcMarkInc/Real_cropped_1024/00035.jpg,fake,1.0,0.696324348449707,0,real,patch_majority
75,CLIP-D,patch_majority,/media/CrispyMcMarkInc/Real_cropped_1024/00075.jpg,real,0.0,1.222064733505249,0,real,patch_majority
64,CLIP-D,patch_majority,/media/CrispyMcMarkInc/Real_cropped_1024/00064.jpg,fake,1.0,0.5313634872436523,0,real,patch_majority
69,CLIP-D,patch_majority,/media/CrispyMcMarkInc/Real_cropped_1024/00069.jpg,fake,1.0,0.9295785427093506,0,real,patch_majority
96,CLIP-D,patch_majority,/media/CrispyMcMarkInc/Real_cropped_1024/00096.jpg,fake,1.0,0.6047239303588867,0,real,patch_majority
78,CLIP-D,patch_majority,/media/CrispyMcMarkInc/Real_cropped_1024/00078.jpg,fake,1.0,0.4756438732147217,0,real,patch_majority
60,CLIP-D,patch_majority,/media/CrispyMcMarkInc/Real_cropped_1024/00060.jpg,real,0.0,11.23263931274414,0,real,patch_majority
28,CLIP-D,patch_majority,/media/CrispyMcMarkInc/Real_cropped_1024/00028.jpg,real,0.0,0.6742432117462158,0,real,patch_majority
18,CLIP-D,patch_majority,/media/CrispyMcMarkInc/Real_cropped_1024/00018.jpg,real,0.0,0.569927453994751,0,real,patch_majority
31,CLIP-D,patch_majority,/media/CrispyMcMarkInc/Real_cropped_1024/00031.jpg,fake,1.0,1.3869435787200928,0,real,patch_majority
52,CLIP-D,patch_majority,/media/CrispyMcMarkInc/Real_cropped_1024/00052.jpg,real,0.0,0.5164034366607666,0,real,patch_majority
19,CLIP-D,patch_majority,/media/CrispyMcMarkInc/Real_cropped_1024/00019.jpg,fake,1.0,0.6153512001037598,0,real,patch_majority
65,CLIP-D,patch_majority,/media/CrispyMcMarkInc/Real_cropped_1024/00065.jpg,real,0.0,4.575922966003418,0,real,patch_majority
82,CLIP-D,patch_majority,/media/CrispyMcMarkInc/Real_cropped_1024/00082.jpg,fake,1.0,0.4933452606201172,0,real,patch_majority
25,CLIP-D,patch_majority,/media/CrispyMcMarkInc/Real_cropped_1024/00025.jpg,real,0.0,0.5286004543304443,0,real,patch_majority
83,CLIP-D,patch_majority,/media/CrispyMcMarkInc/Real_cropped_1024/00083.jpg,real,0.0,0.5264320373535156,0,real,patch_majority
59,CLIP-D,patch_majority,/media/CrispyMcMarkInc/Real_cropped_1024/00059.jpg,real,0.0,0.6471130847930908,0,real,patch_majority
92,CLIP-D,patch_majority,/media/CrispyMcMarkInc/Real_cropped_1024/00092.jpg,real,0.0,1.5119059085845947,0,real,patch_majority
88,CLIP-D,patch_majority,/media/CrispyMcMarkInc/Real_cropped_1024/00088.jpg,fake,1.0,0.4611937999725342,0,real,patch_majority
56,CLIP-D,patch_majority,/media/CrispyMcMarkInc/Real_cropped_1024/00056.jpg,fake,1.0,0.5000836849212646,0,real,patch_majority
9,CLIP-D,patch_majority,/media/CrispyMcMarkInc/Real_cropped_1024/00009.jpg,real,0.0,0.4697928428649902,0,real,patch_majority
91,CLIP-D,patch_majority,/media/CrispyMcMarkInc/Real_cropped_1024/00091.jpg,fake,1.0,0.5940532684326172,0,real,patch_majority
7,CLIP-D,patch_majority,/media/CrispyMcMarkInc/Real_cropped_1024/00007.jpg,fake,1.0,0.7007184028625488,0,real,patch_majority
67,CLIP-D,patch_majority,/media/CrispyMcMarkInc/Real_cropped_1024/00067.jpg,fake,1.0,1.5504441261291504,0,real,patch_majority
66,CLIP-D,patch_majority,/media/CrispyMcMarkInc/Real_cropped_1024/00066.jpg,real,0.0,0.4998071193695068,0,real,patch_majority
0,CLIP-D,patch_majority,/media/CrispyMcMarkInc/Real_cropped_1024/00000.jpg,fake,1.0,4.335176706314087,0,real,patch_majority
54,CLIP-D,patch_majority,/media/CrispyMcMarkInc/Real_cropped_1024/00054.jpg,fake,1.0,0.6513524055480957,0,real,patch_majority
2,CLIP-D,patch_majority,/media/CrispyMcMarkInc/Real_cropped_1024/00002.jpg,real,0.0,1.369776725769043,0,real,patch_majority
72,CLIP-D,patch_majority,/media/CrispyMcMarkInc/Real_cropped_1024/00072.jpg,real,0.0,0.9843571186065674,0,real,patch_majority
36,CLIP-D,patch_majority,/media/CrispyMcMarkInc/Real_cropped_1024/00036.jpg,fake,1.0,3.133577823638916,0,real,patch_majority
84,CLIP-D,patch_majority,/media/CrispyMcMarkInc/Real_cropped_1024/00084.jpg,fake,1.0,0.963538646697998,0,real,patch_majority
8,CLIP-D,patch_majority,/media/CrispyMcMarkInc/Real_cropped_1024/00008.jpg,real,0.0,0.7710914611816406,0,real,patch_majority
49,CLIP-D,patch_majority,/media/CrispyMcMarkInc/Real_cropped_1024/00049.jpg,fake,1.0,0.6171102523803711,0,real,patch_majority
38,CLIP-D,patch_majority,/media/CrispyMcMarkInc/Real_cropped_1024/00038.jpg,fake,1.0,0.7182798385620117,0,real,patch_majority
39,CLIP-D,patch_majority,/media/CrispyMcMarkInc/Real_cropped_1024/00039.jpg,real,0.0,0.67922043800354,0,real,patch_majority
6,CLIP-D,patch_majority,/media/CrispyMcMarkInc/Real_cropped_1024/00006.jpg,fake,1.0,0.7125999927520752,0,real,patch_majority
41,CLIP-D,patch_majority,/media/CrispyMcMarkInc/Real_cropped_1024/00041.jpg,fake,1.0,0.4715266227722168,0,real,patch_majority
87,CLIP-D,patch_majority,/media/CrispyMcMarkInc/Real_cropped_1024/00087.jpg,fake,1.0,0.4760849475860595,0,real,patch_majority
21,CLIP-D,patch_majority,/media/CrispyMcMarkInc/Real_cropped_1024/00021.jpg,real,0.0,1.0100364685058594,0,real,patch_majority
45,CLIP-D,patch_majority,/media/CrispyMcMarkInc/Real_cropped_1024/00045.jpg,real,0.0,5.20197343826294,0,real,patch_majority
81,CLIP-D,patch_majority,/media/CrispyMcMarkInc/Real_cropped_1024/00081.jpg,real,0.0,2.146972417831421,0,real,patch_majority
13,CLIP-D,patch_majority,/media/CrispyMcMarkInc/Real_cropped_1024/00013.jpg,real,0.0,0.5673627853393555,0,real,patch_majority
34,CLIP-D,patch_majority,/media/CrispyMcMarkInc/Real_cropped_1024/00034.jpg,fake,1.0,0.7534868717193604,0,real,patch_majority
17,CLIP-D,patch_majority,/media/CrispyMcMarkInc/Real_cropped_1024/00017.jpg,real,0.0,0.5466020107269287,0,real,patch_majority
22,CLIP-D,patch_majority,/media/CrispyMcMarkInc/Real_cropped_1024/00022.jpg,real,0.0,0.9117894172668456,0,real,patch_majority
12,CLIP-D,patch_majority,/media/CrispyMcMarkInc/Real_cropped_1024/00012.jpg,fake,1.0,0.6032378673553467,0,real,patch_majority
57,CLIP-D,patch_majority,/media/CrispyMcMarkInc/Real_cropped_1024/00057.jpg,real,0.0,0.5328516960144043,0,real,patch_majority
97,CLIP-D,patch_majority,/media/CrispyMcMarkInc/Real_cropped_1024/00097.jpg,real,0.0,0.512274980545044,0,real,patch_majority
51,CLIP-D,patch_majority,/media/CrispyMcMarkInc/Real_cropped_1024/00051.jpg,real,0.0,0.4756448268890381,0,real,patch_majority
27,CLIP-D,patch_majority,/media/CrispyMcMarkInc/Real_cropped_1024/00027.jpg,fake,1.0,0.4907457828521728,0,real,patch_majority
43,CLIP-D,patch_majority,/media/CrispyMcMarkInc/Real_cropped_1024/00043.jpg,fake,1.0,0.8031229972839355,0,real,patch_majority
73,CLIP-D,patch_majority,/media/CrispyMcMarkInc/Real_cropped_1024/00073.jpg,real,0.0,5.023853063583374,0,real,patch_majority
33,CLIP-D,patch_majority,/media/CrispyMcMarkInc/Real_cropped_1024/00033.jpg,fake,1.0,1.3293097019195557,0,real,patch_majority
30,CLIP-D,patch_majority,/media/CrispyMcMarkInc/Real_cropped_1024/00030.jpg,real,0.0,0.4816021919250488,0,real,patch_majority
61,CLIP-D,patch_majority,/media/CrispyMcMarkInc/Real_cropped_1024/00061.jpg,real,0.0,0.7154924869537354,0,real,patch_majority
63,CLIP-D,patch_majority,/media/CrispyMcMarkInc/Real_cropped_1024/00063.jpg,fake,1.0,0.4777579307556152,0,real,patch_majority
50,CLIP-D,patch_majority,/media/CrispyMcMarkInc/Real_cropped_1024/00050.jpg,fake,1.0,0.5663604736328125,0,real,patch_majority
58,CLIP-D,patch_majority,/media/CrispyMcMarkInc/Real_cropped_1024/00058.jpg,fake,1.0,0.4604694843292236,0,real,patch_majority
sd35_fp16,CLIP-D,grid_max,/media/CrispyMcMarkInc/fake-images-img2img/00048_sd35_fp16_seed171_s30_g3.5_str0.3.png,fake,0.9961485862731934,0.2230939865112304,1,fake,grid_max
sd15_fp8,CLIP-D,grid_max,/media/CrispyMcMarkInc/fake-images-img2img/00007_sd15_fp8_seed130_s30_g3.5_str0.3.png,fake,0.977119505405426,0.2867507934570312,1,fake,grid_max
sd35_fp4,CLIP-D,grid_max,/media/CrispyMcMarkInc/fake-images-img2img/00098_sd35_fp4_seed221_s30_g3.5_str0.3.png,fake,0.9085560441017152,0.263430118560791,1,fake,grid_max
sd35_fp16,CLIP-D,grid_max,/media/CrispyMcMarkInc/fake-images-img2img/00065_sd35_fp16_seed188_s30_g3.5_str0.3.png,fake,0.814006507396698,0.2275614738464355,1,fake,grid_max
sd3_fp8,CLIP-D,grid_max,/media/CrispyMcMarkInc/fake-images-img2img/00054_sd3_fp8_seed177_s30_g3.5_str0.3.png,fake,0.8198813796043396,0.3964645862579345,1,fake,grid_max
sd3_fp16,CLIP-D,grid_max,/media/CrispyMcMarkInc/fake-images-img2img/00077_sd3_fp16_seed200_s30_g3.5_str0.3.png,fake,0.9839022755622864,0.362825870513916,1,fake,grid_max
sd3_fp8,CLIP-D,grid_max,/media/CrispyMcMarkInc/fake-images-img2img/00076_sd3_fp8_seed199_s30_g3.5_str0.3.png,fake,0.7887747287750244,0.2257347106933593,1,fake,grid_max
sd35_fp16,CLIP-D,grid_max,/media/CrispyMcMarkInc/fake-images-img2img/00004_sd35_fp16_seed127_s30_g3.5_str0.3.png,real,0.4581835567951202,0.2232298851013183,1,fake,grid_max
sd35_fp8,CLIP-D,grid_max,/media/CrispyMcMarkInc/fake-images-img2img/00018_sd35_fp8_seed141_s30_g3.5_str0.3.png,fake,0.8695477247238159,0.2177088260650634,1,fake,grid_max
sd3_fp8,CLIP-D,grid_max,/media/CrispyMcMarkInc/fake-images-img2img/00020_sd3_fp8_seed143_s30_g3.5_str0.3.png,real,0.4518325924873352,0.216541051864624,1,fake,grid_max
sd3_fp4,CLIP-D,grid_max,/media/CrispyMcMarkInc/fake-images-img2img/00007_sd3_fp4_seed130_s30_g3.5_str0.3.png,fake,0.9397609829902648,0.2256507873535156,1,fake,grid_max
sd35_fp16,CLIP-D,grid_max,/media/CrispyMcMarkInc/fake-images-img2img/00080_sd35_fp16_seed203_s30_g3.5_str0.3.png,fake,0.988139510154724,0.2294762134552002,1,fake,grid_max
sd3_fp4,CLIP-D,grid_max,/media/CrispyMcMarkInc/fake-images-img2img/00011_sd3_fp4_seed134_s30_g3.5_str0.3.png,fake,0.94029039144516,0.2214441299438476,1,fake,grid_max
sd35_fp4,CLIP-D,grid_max,/media/CrispyMcMarkInc/fake-images-img2img/00080_sd35_fp4_seed203_s30_g3.5_str0.3.png,fake,0.9957703948020936,0.2099933624267578,1,fake,grid_max
sd15_fp8,CLIP-D,grid_max,/media/CrispyMcMarkInc/fake-images-img2img/00093_sd15_fp8_seed216_s30_g3.5_str0.3.png,fake,0.8485002517700195,0.2126262187957763,1,fake,grid_max
sd35_fp16,CLIP-D,grid_max,/media/CrispyMcMarkInc/fake-images-img2img/00022_sd35_fp16_seed145_s30_g3.5_str0.3.png,fake,0.5621353983879089,0.2457613945007324,1,fake,grid_max
sd15_fp4,CLIP-D,grid_max,/media/CrispyMcMarkInc/fake-images-img2img/00081_sd15_fp4_seed204_s30_g3.5_str0.3.png,fake,0.968081831932068,0.2238812446594238,1,fake,grid_max
sd15_fp16,CLIP-D,grid_max,/media/CrispyMcMarkInc/fake-images-img2img/00029_sd15_fp16_seed152_s30_g3.5_str0.3.png,fake,0.960632622241974,0.2201330661773681,1,fake,grid_max
sd15_fp16,CLIP-D,grid_max,/media/CrispyMcMarkInc/fake-images-img2img/00094_sd15_fp16_seed217_s30_g3.5_str0.3.png,fake,0.9861884713172911,0.2272992134094238,1,fake,grid_max
sd15_fp8,CLIP-D,grid_max,/media/CrispyMcMarkInc/fake-images-img2img/00016_sd15_fp8_seed139_s30_g3.5_str0.3.png,fake,0.7484373450279236,0.2237622737884521,1,fake,grid_max
sd35_fp8,CLIP-D,grid_max,/media/CrispyMcMarkInc/fake-images-img2img/00058_sd35_fp8_seed181_s30_g3.5_str0.3.png,fake,0.948591411113739,0.2320837974548339,1,fake,grid_max
sd3_fp4,CLIP-D,grid_max,/media/CrispyMcMarkInc/fake-images-img2img/00079_sd3_fp4_seed202_s30_g3.5_str0.3.png,fake,0.9879071116447448,0.2567746639251709,1,fake,grid_max
sd35_fp8,CLIP-D,grid_max,/media/CrispyMcMarkInc/fake-images-img2img/00078_sd35_fp8_seed201_s30_g3.5_str0.3.png,fake,0.997536301612854,0.2542459964752197,1,fake,grid_max
sd35_fp16,CLIP-D,grid_max,/media/CrispyMcMarkInc/fake-images-img2img/00033_sd35_fp16_seed156_s30_g3.5_str0.3.png,fake,0.991888463497162,0.3285055160522461,1,fake,grid_max
sd3_fp4,CLIP-D,grid_max,/media/CrispyMcMarkInc/fake-images-img2img/00042_sd3_fp4_seed165_s30_g3.5_str0.3.png,fake,0.8994343876838684,0.350259780883789,1,fake,grid_max
sd3_fp4,CLIP-D,grid_max,/media/CrispyMcMarkInc/fake-images-img2img/00006_sd3_fp4_seed129_s30_g3.5_str0.3.png,fake,0.8147691488265991,0.3380417823791504,1,fake,grid_max
sd35_fp4,CLIP-D,grid_max,/media/CrispyMcMarkInc/fake-images-img2img/00078_sd35_fp4_seed201_s30_g3.5_str0.3.png,fake,0.9968210458755492,0.3087258338928222,1,fake,grid_max
sd15_fp16,CLIP-D,grid_max,/media/CrispyMcMarkInc/fake-images-img2img/00001_sd15_fp16_seed124_s30_g3.5_str0.3.png,fake,0.9756154417991638,0.3192262649536133,1,fake,grid_max
sd3_fp8,CLIP-D,grid_max,/media/CrispyMcMarkInc/fake-images-img2img/00071_sd3_fp8_seed194_s30_g3.5_str0.3.png,fake,0.8347119688987732,0.2928404808044433,1,fake,grid_max
sd3_fp8,CLIP-D,grid_max,/media/CrispyMcMarkInc/fake-images-img2img/00023_sd3_fp8_seed146_s30_g3.5_str0.3.png,fake,0.8730822205543518,0.3055193424224853,1,fake,grid_max
sd15_fp4,CLIP-D,grid_max,/media/CrispyMcMarkInc/fake-images-img2img/00078_sd15_fp4_seed201_s30_g3.5_str0.3.png,fake,0.9826205372810364,0.2970011234283447,1,fake,grid_max
sd3_fp4,CLIP-D,grid_max,/media/CrispyMcMarkInc/fake-images-img2img/00041_sd3_fp4_seed164_s30_g3.5_str0.3.png,fake,0.9467254877090454,0.287919282913208,1,fake,grid_max
sd35_fp4,CLIP-D,grid_max,/media/CrispyMcMarkInc/fake-images-img2img/00094_sd35_fp4_seed217_s30_g3.5_str0.3.png,fake,0.9962183833122252,0.2911169528961181,1,fake,grid_max
sd3_fp8,CLIP-D,grid_max,/media/CrispyMcMarkInc/fake-images-img2img/00087_sd3_fp8_seed210_s30_g3.5_str0.3.png,fake,0.9926740527153016,0.3045330047607422,1,fake,grid_max
sd3_fp4,CLIP-D,grid_max,/media/CrispyMcMarkInc/fake-images-img2img/00097_sd3_fp4_seed220_s30_g3.5_str0.3.png,fake,0.99679297208786,0.3188307285308838,1,fake,grid_max
sd3_fp8,CLIP-D,grid_max,/media/CrispyMcMarkInc/fake-images-img2img/00049_sd3_fp8_seed172_s30_g3.5_str0.3.png,fake,0.991309404373169,0.3437795639038086,1,fake,grid_max
sd15_fp16,CLIP-D,grid_max,/media/CrispyMcMarkInc/fake-images-img2img/00061_sd15_fp16_seed184_s30_g3.5_str0.3.png,fake,0.9408925771713256,0.3124699592590332,1,fake,grid_max
sd3_fp4,CLIP-D,grid_max,/media/CrispyMcMarkInc/fake-images-img2img/00052_sd3_fp4_seed175_s30_g3.5_str0.3.png,fake,0.9462180137634276,0.3097820281982422,1,fake,grid_max
sd15_fp4,CLIP-D,grid_max,/media/CrispyMcMarkInc/fake-images-img2img/00019_sd15_fp4_seed142_s30_g3.5_str0.3.png,fake,0.875153124332428,0.2912530899047851,1,fake,grid_max
sd3_fp4,CLIP-D,grid_max,/media/CrispyMcMarkInc/fake-images-img2img/00047_sd3_fp4_seed170_s30_g3.5_str0.3.png,fake,0.9982289671897888,0.3039820194244385,1,fake,grid_max
sd35_fp8,CLIP-D,grid_max,/media/CrispyMcMarkInc/fake-images-img2img/00064_sd35_fp8_seed187_s30_g3.5_str0.3.png,fake,0.6233633160591125,0.3101136684417724,1,fake,grid_max
sd3_fp8,CLIP-D,grid_max,/media/CrispyMcMarkInc/fake-images-img2img/00000_sd3_fp8_seed123_s30_g3.5_str0.3.png,fake,0.9755810499191284,0.3303351402282715,1,fake,grid_max
sd15_fp4,CLIP-D,grid_max,/media/CrispyMcMarkInc/fake-images-img2img/00049_sd15_fp4_seed172_s30_g3.5_str0.3.png,fake,0.9768348336219788,0.331073522567749,1,fake,grid_max
sd15_fp4,CLIP-D,grid_max,/media/CrispyMcMarkInc/fake-images-img2img/00009_sd15_fp4_seed132_s30_g3.5_str0.3.png,fake,0.7151445746421814,0.3294715881347656,1,fake,grid_max
sd15_fp16,CLIP-D,grid_max,/media/CrispyMcMarkInc/fake-images-img2img/00050_sd15_fp16_seed173_s30_g3.5_str0.3.png,fake,0.9088396430015564,0.3007192611694336,1,fake,grid_max
sd35_fp16,CLIP-D,grid_max,/media/CrispyMcMarkInc/fake-images-img2img/00059_sd35_fp16_seed182_s30_g3.5_str0.3.png,fake,0.5283938050270081,0.2999403476715088,1,fake,grid_max
sd3_fp4,CLIP-D,grid_max,/media/CrispyMcMarkInc/fake-images-img2img/00017_sd3_fp4_seed140_s30_g3.5_str0.3.png,fake,0.9901707768440248,0.2898108959197998,1,fake,grid_max
sd15_fp16,CLIP-D,grid_max,/media/CrispyMcMarkInc/fake-images-img2img/00037_sd15_fp16_seed160_s30_g3.5_str0.3.png,fake,0.975843906402588,0.2932968139648437,1,fake,grid_max
sd35_fp8,CLIP-D,grid_max,/media/CrispyMcMarkInc/fake-images-img2img/00037_sd35_fp8_seed160_s30_g3.5_str0.3.png,fake,0.7808480858802795,0.2918665409088135,1,fake,grid_max
sd15_fp4,CLIP-D,grid_max,/media/CrispyMcMarkInc/fake-images-img2img/00089_sd15_fp4_seed212_s30_g3.5_str0.3.png,fake,0.8688384294509888,0.3118896484375,1,fake,grid_max
sd35_fp16,CLIP-D,grid_max,/media/CrispyMcMarkInc/fake-images-img2img/00056_sd35_fp16_seed179_s30_g3.5_str0.3.png,fake,0.9572383761405944,0.3243098258972168,1,fake,grid_max
sd3_fp8,CLIP-D,grid_max,/media/CrispyMcMarkInc/fake-images-img2img/00091_sd3_fp8_seed214_s30_g3.5_str0.3.png,fake,0.9817059636116028,0.3129963874816894,1,fake,grid_max
sd35_fp8,CLIP-D,grid_max,/media/CrispyMcMarkInc/fake-images-img2img/00020_sd35_fp8_seed143_s30_g3.5_str0.3.png,fake,0.6483200788497925,0.3075342178344726,1,fake,grid_max
sd35_fp8,CLIP-D,grid_max,/media/CrispyMcMarkInc/fake-images-img2img/00070_sd35_fp8_seed193_s30_g3.5_str0.3.png,fake,0.9445934891700744,0.3111281394958496,1,fake,grid_max
sd3_fp8,CLIP-D,grid_max,/media/CrispyMcMarkInc/fake-images-img2img/00068_sd3_fp8_seed191_s30_g3.5_str0.3.png,fake,0.9653252363204956,0.2994835376739502,1,fake,grid_max
sd35_fp8,CLIP-D,grid_max,/media/CrispyMcMarkInc/fake-images-img2img/00002_sd35_fp8_seed125_s30_g3.5_str0.3.png,fake,0.915740132331848,0.311769962310791,1,fake,grid_max
sd15_fp16,CLIP-D,grid_max,/media/CrispyMcMarkInc/fake-images-img2img/00067_sd15_fp16_seed190_s30_g3.5_str0.3.png,fake,0.971810817718506,0.3158807754516601,1,fake,grid_max
sd3_fp16,CLIP-D,grid_max,/media/CrispyMcMarkInc/fake-images-img2img/00074_sd3_fp16_seed197_s30_g3.5_str0.3.png,fake,0.8349907994270325,0.2997913360595703,1,fake,grid_max
sd35_fp8,CLIP-D,grid_max,/media/CrispyMcMarkInc/fake-images-img2img/00057_sd35_fp8_seed180_s30_g3.5_str0.3.png,fake,0.6385636329650879,0.2946035861968994,1,fake,grid_max
sd3_fp8,CLIP-D,grid_max,/media/CrispyMcMarkInc/fake-images-img2img/00032_sd3_fp8_seed155_s30_g3.5_str0.3.png,fake,0.9607724547386168,0.2862730026245117,1,fake,grid_max
sd15_fp4,CLIP-D,grid_max,/media/CrispyMcMarkInc/fake-images-img2img/00087_sd15_fp4_seed210_s30_g3.5_str0.3.png,fake,0.9689114093780518,0.2946946620941162,1,fake,grid_max
sd3_fp8,CLIP-D,grid_max,/media/CrispyMcMarkInc/fake-images-img2img/00078_sd3_fp8_seed201_s30_g3.5_str0.3.png,fake,0.9884915351867676,0.2924866676330566,1,fake,grid_max
sd3_fp16,CLIP-D,grid_max,/media/CrispyMcMarkInc/fake-images-img2img/00007_sd3_fp16_seed130_s30_g3.5_str0.3.png,fake,0.8127489686012268,0.2928423881530761,1,fake,grid_max
sd35_fp16,CLIP-D,grid_max,/media/CrispyMcMarkInc/fake-images-img2img/00055_sd35_fp16_seed178_s30_g3.5_str0.3.png,fake,0.9394540786743164,0.3283154964447021,1,fake,grid_max
sd15_fp16,CLIP-D,grid_max,/media/CrispyMcMarkInc/fake-images-img2img/00085_sd15_fp16_seed208_s30_g3.5_str0.3.png,fake,0.7696672081947327,0.317507266998291,1,fake,grid_max
sd15_fp4,CLIP-D,grid_max,/media/CrispyMcMarkInc/fake-images-img2img/00012_sd15_fp4_seed135_s30_g3.5_str0.3.png,fake,0.9630416631698608,0.2738523483276367,1,fake,grid_max
sd35_fp8,CLIP-D,grid_max,/media/CrispyMcMarkInc/fake-images-img2img/00071_sd35_fp8_seed194_s30_g3.5_str0.3.png,fake,0.75654536485672,0.3127696514129638,1,fake,grid_max
sd3_fp16,CLIP-D,grid_max,/media/CrispyMcMarkInc/fake-images-img2img/00054_sd3_fp16_seed177_s30_g3.5_str0.3.png,fake,0.8829342126846313,0.302330732345581,1,fake,grid_max
sd3_fp8,CLIP-D,grid_max,/media/CrispyMcMarkInc/fake-images-img2img/00002_sd3_fp8_seed125_s30_g3.5_str0.3.png,fake,0.8650318384170532,0.2984023094177246,1,fake,grid_max
sd15_fp16,CLIP-D,grid_max,/media/CrispyMcMarkInc/fake-images-img2img/00009_sd15_fp16_seed132_s30_g3.5_str0.3.png,fake,0.7306768298149109,0.2958230972290039,1,fake,grid_max
sd15_fp16,CLIP-D,grid_max,/media/CrispyMcMarkInc/fake-images-img2img/00016_sd15_fp16_seed139_s30_g3.5_str0.3.png,fake,0.7668386697769165,0.3088657855987549,1,fake,grid_max
sd3_fp16,CLIP-D,grid_max,/media/CrispyMcMarkInc/fake-images-img2img/00087_sd3_fp16_seed210_s30_g3.5_str0.3.png,fake,0.9885329008102416,0.2996189594268799,1,fake,grid_max
sd15_fp4,CLIP-D,grid_max,/media/CrispyMcMarkInc/fake-images-img2img/00002_sd15_fp4_seed125_s30_g3.5_str0.3.png,fake,0.806318998336792,0.3276329040527344,1,fake,grid_max
sd3_fp16,CLIP-D,grid_max,/media/CrispyMcMarkInc/fake-images-img2img/00025_sd3_fp16_seed148_s30_g3.5_str0.3.png,fake,0.6873546838760376,0.3059988021850586,1,fake,grid_max
sd35_fp16,CLIP-D,grid_max,/media/CrispyMcMarkInc/fake-images-img2img/00099_sd35_fp16_seed222_s30_g3.5_str0.3.png,fake,0.9203795790672302,0.2985401153564453,1,fake,grid_max
sd35_fp4,CLIP-D,grid_max,/media/CrispyMcMarkInc/fake-images-img2img/00000_sd35_fp4_seed123_s30_g3.5_str0.3.png,fake,0.9900552034378052,0.2846500873565674,1,fake,grid_max
sd15_fp16,CLIP-D,grid_max,/media/CrispyMcMarkInc/fake-images-img2img/00066_sd15_fp16_seed189_s30_g3.5_str0.3.png,fake,0.9831566214561462,0.2765471935272217,1,fake,grid_max
sd35_fp8,CLIP-D,grid_max,/media/CrispyMcMarkInc/fake-images-img2img/00099_sd35_fp8_seed222_s30_g3.5_str0.3.png,fake,0.9495081305503844,0.3095190525054931,1,fake,grid_max
sd15_fp16,CLIP-D,grid_max,/media/CrispyMcMarkInc/fake-images-img2img/00002_sd15_fp16_seed125_s30_g3.5_str0.3.png,fake,0.7776983976364136,0.3070318698883056,1,fake,grid_max
sd15_fp8,CLIP-D,grid_max,/media/CrispyMcMarkInc/fake-images-img2img/00060_sd15_fp8_seed183_s30_g3.5_str0.3.png,fake,0.9171485304832458,0.3114781379699707,1,fake,grid_max
sd35_fp4,CLIP-D,grid_max,/media/CrispyMcMarkInc/fake-images-img2img/00044_sd35_fp4_seed167_s30_g3.5_str0.3.png,fake,0.8345998525619507,0.3005044460296631,1,fake,grid_max
sd15_fp16,CLIP-D,grid_max,/media/CrispyMcMarkInc/fake-images-img2img/00057_sd15_fp16_seed180_s30_g3.5_str0.3.png,fake,0.6536909341812134,0.3188138008117676,1,fake,grid_max
sd3_fp8,CLIP-D,grid_max,/media/CrispyMcMarkInc/fake-images-img2img/00040_sd3_fp8_seed163_s30_g3.5_str0.3.png,fake,0.943593204021454,0.3592445850372314,1,fake,grid_max
sd15_fp4,CLIP-D,grid_max,/media/CrispyMcMarkInc/fake-images-img2img/00063_sd15_fp4_seed186_s30_g3.5_str0.3.png,fake,0.8987881541252136,0.2623617649078369,1,fake,grid_max
sd35_fp4,CLIP-D,grid_max,/media/CrispyMcMarkInc/fake-images-img2img/00065_sd35_fp4_seed188_s30_g3.5_str0.3.png,fake,0.9838248491287231,0.2874741554260254,1,fake,grid_max
sd35_fp16,CLIP-D,grid_max,/media/CrispyMcMarkInc/fake-images-img2img/00044_sd35_fp16_seed167_s30_g3.5_str0.3.png,fake,0.8692139387130737,0.3041231632232666,1,fake,grid_max
sd35_fp8,CLIP-D,grid_max,/media/CrispyMcMarkInc/fake-images-img2img/00074_sd35_fp8_seed197_s30_g3.5_str0.3.png,fake,0.956904411315918,0.3013861179351806,1,fake,grid_max
sd15_fp4,CLIP-D,grid_max,/media/CrispyMcMarkInc/fake-images-img2img/00052_sd15_fp4_seed175_s30_g3.5_str0.3.png,fake,0.8982449173927307,0.3167455196380615,1,fake,grid_max
sd3_fp16,CLIP-D,grid_max,/media/CrispyMcMarkInc/fake-images-img2img/00084_sd3_fp16_seed207_s30_g3.5_str0.3.png,fake,0.6088600158691406,0.2901058197021484,1,fake,grid_max
sd15_fp4,CLIP-D,grid_max,/media/CrispyMcMarkInc/fake-images-img2img/00004_sd15_fp4_seed127_s30_g3.5_str0.3.png,fake,0.918328046798706,0.2821500301361084,1,fake,grid_max
sd3_fp4,CLIP-D,grid_max,/media/CrispyMcMarkInc/fake-images-img2img/00046_sd3_fp4_seed169_s30_g3.5_str0.3.png,fake,0.9126349091529846,0.3057446479797363,1,fake,grid_max
sd15_fp4,CLIP-D,grid_max,/media/CrispyMcMarkInc/fake-images-img2img/00084_sd15_fp4_seed207_s30_g3.5_str0.3.png,fake,0.9330785870552064,0.3382799625396728,1,fake,grid_max
sd35_fp16,CLIP-D,grid_max,/media/CrispyMcMarkInc/fake-images-img2img/00070_sd35_fp16_seed193_s30_g3.5_str0.3.png,fake,0.923730492591858,0.3254594802856445,1,fake,grid_max
sd3_fp8,CLIP-D,grid_max,/media/CrispyMcMarkInc/fake-images-img2img/00010_sd3_fp8_seed133_s30_g3.5_str0.3.png,fake,0.8283921480178833,0.3011488914489746,1,fake,grid_max
sd35_fp8,CLIP-D,grid_max,/media/CrispyMcMarkInc/fake-images-img2img/00082_sd35_fp8_seed205_s30_g3.5_str0.3.png,fake,0.9339987635612488,0.3015642166137695,1,fake,grid_max
sd3_fp8,CLIP-D,grid_max,/media/CrispyMcMarkInc/fake-images-img2img/00059_sd3_fp8_seed182_s30_g3.5_str0.3.png,fake,0.6870598793029785,0.3011393547058105,1,fake,grid_max
sd3_fp8,CLIP-D,grid_max,/media/CrispyMcMarkInc/fake-images-img2img/00067_sd3_fp8_seed190_s30_g3.5_str0.3.png,fake,0.9824485182762146,0.292551040649414,1,fake,grid_max
sd3_fp8,CLIP-D,grid_max,/media/CrispyMcMarkInc/fake-images-img2img/00045_sd3_fp8_seed168_s30_g3.5_str0.3.png,fake,0.5041537284851074,0.3304719924926758,1,fake,grid_max
sd15_fp4,CLIP-D,grid_max,/media/CrispyMcMarkInc/fake-images-img2img/00001_sd15_fp4_seed124_s30_g3.5_str0.3.png,fake,0.9840657114982604,0.328303575515747,1,fake,grid_max
sd3_fp8,CLIP-D,grid_max,/media/CrispyMcMarkInc/fake-images-img2img/00074_sd3_fp8_seed197_s30_g3.5_str0.3.png,fake,0.8454073667526245,0.3074100017547607,1,fake,grid_max
sd35_fp4,CLIP-D,grid_max,/media/CrispyMcMarkInc/fake-images-img2img/00089_sd35_fp4_seed212_s30_g3.5_str0.3.png,fake,0.836573600769043,0.3056554794311523,1,fake,grid_max
sd15_fp4,CLIP-D,grid_max,/media/CrispyMcMarkInc/fake-images-img2img/00033_sd15_fp4_seed156_s30_g3.5_str0.3.png,fake,0.9397452473640442,0.2984695434570312,1,fake,grid_max
sd35_fp16,CLIP-D,grid_max,/media/CrispyMcMarkInc/fake-images-img2img/00013_sd35_fp16_seed136_s30_g3.5_str0.3.png,fake,0.8791955709457397,0.2938354015350342,1,fake,grid_max
sd3_fp8,CLIP-D,grid_max,/media/CrispyMcMarkInc/fake-images-img2img/00043_sd3_fp8_seed166_s30_g3.5_str0.3.png,fake,0.9957771301269532,0.3106706142425537,1,fake,grid_max
sd3_fp8,CLIP-D,grid_max,/media/CrispyMcMarkInc/fake-images-img2img/00080_sd3_fp8_seed203_s30_g3.5_str0.3.png,fake,0.9946586489677428,0.31758713722229,1,fake,grid_max
sd3_fp4,CLIP-D,grid_max,/media/CrispyMcMarkInc/fake-images-img2img/00026_sd3_fp4_seed149_s30_g3.5_str0.3.png,fake,0.5587125420570374,0.3134274482727051,1,fake,grid_max
sd35_fp8,CLIP-D,grid_max,/media/CrispyMcMarkInc/fake-images-img2img/00027_sd35_fp8_seed150_s30_g3.5_str0.3.png,fake,0.974601686000824,0.2910671234130859,1,fake,grid_max
sd35_fp4,CLIP-D,grid_max,/media/CrispyMcMarkInc/fake-images-img2img/00081_sd35_fp4_seed204_s30_g3.5_str0.3.png,real,0.3672681748867035,0.310760498046875,1,fake,grid_max
sd15_fp16,CLIP-D,grid_max,/media/CrispyMcMarkInc/fake-images-img2img/00087_sd15_fp16_seed210_s30_g3.5_str0.3.png,fake,0.9641899466514589,0.299556016921997,1,fake,grid_max
sd15_fp16,CLIP-D,grid_max,/media/CrispyMcMarkInc/fake-images-img2img/00020_sd15_fp16_seed143_s30_g3.5_str0.3.png,fake,0.7345976233482361,0.320425271987915,1,fake,grid_max
sd35_fp4,CLIP-D,grid_max,/media/CrispyMcMarkInc/fake-images-img2img/00095_sd35_fp4_seed218_s30_g3.5_str0.3.png,fake,0.9741256237030028,0.2929186820983886,1,fake,grid_max
sd15_fp8,CLIP-D,grid_max,/media/CrispyMcMarkInc/fake-images-img2img/00065_sd15_fp8_seed188_s30_g3.5_str0.3.png,fake,0.984250545501709,0.3080081939697265,1,fake,grid_max
sd35_fp16,CLIP-D,grid_max,/media/CrispyMcMarkInc/fake-images-img2img/00068_sd35_fp16_seed191_s30_g3.5_str0.3.png,fake,0.9332993030548096,0.3003671169281006,1,fake,grid_max
sd35_fp16,CLIP-D,grid_max,/media/CrispyMcMarkInc/fake-images-img2img/00028_sd35_fp16_seed151_s30_g3.5_str0.3.png,fake,0.992972731590271,0.311415433883667,1,fake,grid_max
sd15_fp16,CLIP-D,grid_max,/media/CrispyMcMarkInc/fake-images-img2img/00081_sd15_fp16_seed204_s30_g3.5_str0.3.png,fake,0.9642710089683532,0.2955837249755859,1,fake,grid_max
sd35_fp4,CLIP-D,grid_max,/media/CrispyMcMarkInc/fake-images-img2img/00035_sd35_fp4_seed158_s30_g3.5_str0.3.png,fake,0.9059966802597046,0.3156423568725586,1,fake,grid_max
sd3_fp4,CLIP-D,grid_max,/media/CrispyMcMarkInc/fake-images-img2img/00003_sd3_fp4_seed126_s30_g3.5_str0.3.png,fake,0.9947746396064758,0.3100733757019043,1,fake,grid_max
sd35_fp8,CLIP-D,grid_max,/media/CrispyMcMarkInc/fake-images-img2img/00085_sd35_fp8_seed208_s30_g3.5_str0.3.png,fake,0.942478597164154,0.3122258186340332,1,fake,grid_max
sd35_fp16,CLIP-D,grid_max,/media/CrispyMcMarkInc/fake-images-img2img/00006_sd35_fp16_seed129_s30_g3.5_str0.3.png,fake,0.9551411271095276,0.3133120536804199,1,fake,grid_max
sd3_fp8,CLIP-D,grid_max,/media/CrispyMcMarkInc/fake-images-img2img/00004_sd3_fp8_seed127_s30_g3.5_str0.3.png,fake,0.7419542074203491,0.3044872283935547,1,fake,grid_max
sd15_fp8,CLIP-D,grid_max,/media/CrispyMcMarkInc/fake-images-img2img/00027_sd15_fp8_seed150_s30_g3.5_str0.3.png,fake,0.9768040776252748,0.3061800003051758,1,fake,grid_max
sd3_fp4,CLIP-D,grid_max,/media/CrispyMcMarkInc/fake-images-img2img/00029_sd3_fp4_seed152_s30_g3.5_str0.3.png,fake,0.9965840578079224,0.3144898414611816,1,fake,grid_max
sd3_fp4,CLIP-D,grid_max,/media/CrispyMcMarkInc/fake-images-img2img/00092_sd3_fp4_seed215_s30_g3.5_str0.3.png,fake,0.9431944489479064,0.3022756576538086,1,fake,grid_max
sd3_fp16,CLIP-D,grid_max,/media/CrispyMcMarkInc/fake-images-img2img/00075_sd3_fp16_seed198_s30_g3.5_str0.3.png,fake,0.960870087146759,0.3019039630889892,1,fake,grid_max
sd15_fp8,CLIP-D,grid_max,/media/CrispyMcMarkInc/fake-images-img2img/00032_sd15_fp8_seed155_s30_g3.5_str0.3.png,fake,0.983171045780182,0.3074920177459717,1,fake,grid_max
sd15_fp8,CLIP-D,grid_max,/media/CrispyMcMarkInc/fake-images-img2img/00066_sd15_fp8_seed189_s30_g3.5_str0.3.png,fake,0.9814863801002502,0.2873735427856445,1,fake,grid_max
sd15_fp8,CLIP-D,grid_max,/media/CrispyMcMarkInc/fake-images-img2img/00030_sd15_fp8_seed153_s30_g3.5_str0.3.png,fake,0.9765535593032836,0.3041784763336181,1,fake,grid_max
sd15_fp16,CLIP-D,grid_max,/media/CrispyMcMarkInc/fake-images-img2img/00007_sd15_fp16_seed130_s30_g3.5_str0.3.png,fake,0.9772336483001708,0.3076918125152588,1,fake,grid_max
sd35_fp16,CLIP-D,grid_max,/media/CrispyMcMarkInc/fake-images-img2img/00029_sd35_fp16_seed152_s30_g3.5_str0.3.png,fake,0.9940524697303772,0.311643123626709,1,fake,grid_max
sd15_fp16,CLIP-D,grid_max,/media/CrispyMcMarkInc/fake-images-img2img/00039_sd15_fp16_seed162_s30_g3.5_str0.3.png,fake,0.7193253040313721,0.3244884014129638,1,fake,grid_max
sd3_fp16,CLIP-D,grid_max,/media/CrispyMcMarkInc/fake-images-img2img/00066_sd3_fp16_seed189_s30_g3.5_str0.3.png,fake,0.8781590461730957,0.3601217269897461,1,fake,grid_max
sd3_fp16,CLIP-D,grid_max,/media/CrispyMcMarkInc/fake-images-img2img/00065_sd3_fp16_seed188_s30_g3.5_str0.3.png,fake,0.8508118987083435,0.312324047088623,1,fake,grid_max
sd15_fp4,CLIP-D,grid_max,/media/CrispyMcMarkInc/fake-images-img2img/00006_sd15_fp4_seed129_s30_g3.5_str0.3.png,fake,0.8113986849784851,0.3350615501403808,1,fake,grid_max
sd3_fp8,CLIP-D,grid_max,/media/CrispyMcMarkInc/fake-images-img2img/00027_sd3_fp8_seed150_s30_g3.5_str0.3.png,fake,0.9538846015930176,0.3415310382843017,1,fake,grid_max
sd3_fp16,CLIP-D,grid_max,/media/CrispyMcMarkInc/fake-images-img2img/00020_sd3_fp16_seed143_s30_g3.5_str0.3.png,real,0.3920395374298095,0.2577605247497558,1,fake,grid_max
sd35_fp16,CLIP-D,grid_max,/media/CrispyMcMarkInc/fake-images-img2img/00082_sd35_fp16_seed205_s30_g3.5_str0.3.png,fake,0.9164613485336304,0.320636510848999,1,fake,grid_max
sd35_fp8,CLIP-D,grid_max,/media/CrispyMcMarkInc/fake-images-img2img/00019_sd35_fp8_seed142_s30_g3.5_str0.3.png,fake,0.8954790830612183,0.3472912311553955,1,fake,grid_max
sd35_fp4,CLIP-D,grid_max,/media/CrispyMcMarkInc/fake-images-img2img/00088_sd35_fp4_seed211_s30_g3.5_str0.3.png,fake,0.9642929434776306,0.3080978393554687,1,fake,grid_max
sd3_fp4,CLIP-D,grid_max,/media/CrispyMcMarkInc/fake-images-img2img/00095_sd3_fp4_seed218_s30_g3.5_str0.3.png,fake,0.9873530864715576,0.3057668209075928,1,fake,grid_max
sd15_fp16,CLIP-D,grid_max,/media/CrispyMcMarkInc/fake-images-img2img/00074_sd15_fp16_seed197_s30_g3.5_str0.3.png,fake,0.9020753502845764,0.277787446975708,1,fake,grid_max
sd15_fp8,CLIP-D,grid_max,/media/CrispyMcMarkInc/fake-images-img2img/00079_sd15_fp8_seed202_s30_g3.5_str0.3.png,fake,0.8807268738746643,0.2951929569244385,1,fake,grid_max
sd15_fp16,CLIP-D,grid_max,/media/CrispyMcMarkInc/fake-images-img2img/00035_sd15_fp16_seed158_s30_g3.5_str0.3.png,fake,0.9636186957359314,0.2883529663085937,1,fake,grid_max
sd3_fp4,CLIP-D,grid_max,/media/CrispyMcMarkInc/fake-images-img2img/00035_sd3_fp4_seed158_s30_g3.5_str0.3.png,fake,0.9611364006996156,0.3085017204284668,1,fake,grid_max
sd15_fp4,CLIP-D,grid_max,/media/CrispyMcMarkInc/fake-images-img2img/00010_sd15_fp4_seed133_s30_g3.5_str0.3.png,fake,0.9596354365348816,0.297121524810791,1,fake,grid_max
sd3_fp4,CLIP-D,grid_max,/media/CrispyMcMarkInc/fake-images-img2img/00099_sd3_fp4_seed222_s30_g3.5_str0.3.png,fake,0.9781872630119324,0.3015458583831787,1,fake,grid_max
sd3_fp8,CLIP-D,grid_max,/media/CrispyMcMarkInc/fake-images-img2img/00058_sd3_fp8_seed181_s30_g3.5_str0.3.png,fake,0.9517465233802797,0.3150029182434082,1,fake,grid_max
sd35_fp16,CLIP-D,grid_max,/media/CrispyMcMarkInc/fake-images-img2img/00041_sd35_fp16_seed164_s30_g3.5_str0.3.png,fake,0.9600127935409546,0.3148965835571289,1,fake,grid_max
sd3_fp16,CLIP-D,grid_max,/media/CrispyMcMarkInc/fake-images-img2img/00042_sd3_fp16_seed165_s30_g3.5_str0.3.png,fake,0.8117950558662415,0.3106496334075928,1,fake,grid_max
sd15_fp8,CLIP-D,grid_max,/media/CrispyMcMarkInc/fake-images-img2img/00080_sd15_fp8_seed203_s30_g3.5_str0.3.png,fake,0.984522819519043,0.2992746829986572,1,fake,grid_max
sd35_fp16,CLIP-D,grid_max,/media/CrispyMcMarkInc/fake-images-img2img/00046_sd35_fp16_seed169_s30_g3.5_str0.3.png,fake,0.9404468536376952,0.2927708625793457,1,fake,grid_max
sd35_fp4,CLIP-D,grid_max,/media/CrispyMcMarkInc/fake-images-img2img/00019_sd35_fp4_seed142_s30_g3.5_str0.3.png,fake,0.9321556091308594,0.3085503578186035,1,fake,grid_max
sd3_fp4,CLIP-D,grid_max,/media/CrispyMcMarkInc/fake-images-img2img/00073_sd3_fp4_seed196_s30_g3.5_str0.3.png,fake,0.9795538187026978,0.3147227764129638,1,fake,grid_max
sd3_fp16,CLIP-D,grid_max,/media/CrispyMcMarkInc/fake-images-img2img/00015_sd3_fp16_seed138_s30_g3.5_str0.3.png,fake,0.7436963319778442,0.3022589683532715,1,fake,grid_max
sd3_fp4,CLIP-D,grid_max,/media/CrispyMcMarkInc/fake-images-img2img/00025_sd3_fp4_seed148_s30_g3.5_str0.3.png,fake,0.9454163908958436,0.2972304821014404,1,fake,grid_max
sd3_fp8,CLIP-D,grid_max,/media/CrispyMcMarkInc/fake-images-img2img/00057_sd3_fp8_seed180_s30_g3.5_str0.3.png,fake,0.8897021412849426,0.3101496696472168,1,fake,grid_max
sd15_fp8,CLIP-D,grid_max,/media/CrispyMcMarkInc/fake-images-img2img/00092_sd15_fp8_seed215_s30_g3.5_str0.3.png,fake,0.9196305871009828,0.3283214569091797,1,fake,grid_max
sd3_fp16,CLIP-D,grid_max,/media/CrispyMcMarkInc/fake-images-img2img/00000_sd3_fp16_seed123_s30_g3.5_str0.3.png,fake,0.9864740967750548,0.276231050491333,1,fake,grid_max
sd35_fp4,CLIP-D,grid_max,/media/CrispyMcMarkInc/fake-images-img2img/00029_sd35_fp4_seed152_s30_g3.5_str0.3.png,fake,0.9928882718086244,0.30389404296875,1,fake,grid_max
sd3_fp8,CLIP-D,grid_max,/media/CrispyMcMarkInc/fake-images-img2img/00016_sd3_fp8_seed139_s30_g3.5_str0.3.png,fake,0.8688896298408508,0.3145592212677002,1,fake,grid_max
sd3_fp8,CLIP-D,grid_max,/media/CrispyMcMarkInc/fake-images-img2img/00006_sd3_fp8_seed129_s30_g3.5_str0.3.png,fake,0.8680943846702576,0.3045344352722168,1,fake,grid_max
sd35_fp8,CLIP-D,grid_max,/media/CrispyMcMarkInc/fake-images-img2img/00090_sd35_fp8_seed213_s30_g3.5_str0.3.png,fake,0.694140613079071,0.2901334762573242,1,fake,grid_max
sd35_fp8,CLIP-D,grid_max,/media/CrispyMcMarkInc/fake-images-img2img/00059_sd35_fp8_seed182_s30_g3.5_str0.3.png,fake,0.5876567363739014,0.3064749240875244,1,fake,grid_max
sd3_fp16,CLIP-D,grid_max,/media/CrispyMcMarkInc/fake-images-img2img/00092_sd3_fp16_seed215_s30_g3.5_str0.3.png,fake,0.8926968574523926,0.2849869728088379,1,fake,grid_max
sd15_fp16,CLIP-D,grid_max,/media/CrispyMcMarkInc/fake-images-img2img/00072_sd15_fp16_seed195_s30_g3.5_str0.3.png,fake,0.9970689415931702,0.3027138710021972,1,fake,grid_max
sd35_fp4,CLIP-D,grid_max,/media/CrispyMcMarkInc/fake-images-img2img/00072_sd35_fp4_seed195_s30_g3.5_str0.3.png,fake,0.9900270104408264,0.2863848209381103,1,fake,grid_max
sd15_fp16,CLIP-D,grid_max,/media/CrispyMcMarkInc/fake-images-img2img/00005_sd15_fp16_seed128_s30_g3.5_str0.3.png,fake,0.896773636341095,0.2845454216003418,1,fake,grid_max
sd35_fp4,CLIP-D,grid_max,/media/CrispyMcMarkInc/fake-images-img2img/00070_sd35_fp4_seed193_s30_g3.5_str0.3.png,fake,0.9475274085998536,0.2856321334838867,1,fake,grid_max
sd3_fp16,CLIP-D,grid_max,/media/CrispyMcMarkInc/fake-images-img2img/00003_sd3_fp16_seed126_s30_g3.5_str0.3.png,fake,0.9941031336784364,0.2795019149780273,1,fake,grid_max
sd35_fp16,CLIP-D,grid_max,/media/CrispyMcMarkInc/fake-images-img2img/00067_sd35_fp16_seed190_s30_g3.5_str0.3.png,fake,0.8466295599937439,0.2927708625793457,1,fake,grid_max
sd35_fp8,CLIP-D,grid_max,/media/CrispyMcMarkInc/fake-images-img2img/00053_sd35_fp8_seed176_s30_g3.5_str0.3.png,fake,0.5944673418998718,0.3067331314086914,1,fake,grid_max
sd15_fp16,CLIP-D,grid_max,/media/CrispyMcMarkInc/fake-images-img2img/00076_sd15_fp16_seed199_s30_g3.5_str0.3.png,fake,0.7101693153381348,0.3246581554412842,1,fake,grid_max
sd3_fp4,CLIP-D,grid_max,/media/CrispyMcMarkInc/fake-images-img2img/00001_sd3_fp4_seed124_s30_g3.5_str0.3.png,fake,0.9841930270195008,0.3231179714202881,1,fake,grid_max
sd15_fp16,CLIP-D,grid_max,/media/CrispyMcMarkInc/fake-images-img2img/00090_sd15_fp16_seed213_s30_g3.5_str0.3.png,fake,0.8584343791007996,0.2900059223175049,1,fake,grid_max
sd35_fp4,CLIP-D,grid_max,/media/CrispyMcMarkInc/fake-images-img2img/00084_sd35_fp4_seed207_s30_g3.5_str0.3.png,fake,0.8264457583427429,0.3249289989471435,1,fake,grid_max
sd35_fp4,CLIP-D,grid_max,/media/CrispyMcMarkInc/fake-images-img2img/00052_sd35_fp4_seed175_s30_g3.5_str0.3.png,fake,0.8607659339904785,0.3080389499664306,1,fake,grid_max
sd35_fp8,CLIP-D,grid_max,/media/CrispyMcMarkInc/fake-images-img2img/00042_sd35_fp8_seed165_s30_g3.5_str0.3.png,fake,0.7775864601135254,0.2927193641662597,1,fake,grid_max
sd15_fp16,CLIP-D,grid_max,/media/CrispyMcMarkInc/fake-images-img2img/00047_sd15_fp16_seed170_s30_g3.5_str0.3.png,fake,0.994118332862854,0.2957460880279541,1,fake,grid_max
sd35_fp8,CLIP-D,grid_max,/media/CrispyMcMarkInc/fake-images-img2img/00068_sd35_fp8_seed191_s30_g3.5_str0.3.png,fake,0.96957927942276,0.2963509559631347,1,fake,grid_max
sd3_fp16,CLIP-D,grid_max,/media/CrispyMcMarkInc/fake-images-img2img/00090_sd3_fp16_seed213_s30_g3.5_str0.3.png,fake,0.703771710395813,0.3105971813201904,1,fake,grid_max
sd15_fp16,CLIP-D,grid_max,/media/CrispyMcMarkInc/fake-images-img2img/00012_sd15_fp16_seed135_s30_g3.5_str0.3.png,fake,0.970311403274536,0.3056426048278808,1,fake,grid_max
sd35_fp4,CLIP-D,grid_max,/media/CrispyMcMarkInc/fake-images-img2img/00045_sd35_fp4_seed168_s30_g3.5_str0.3.png,real,0.3861430585384369,0.293895959854126,1,fake,grid_max
sd15_fp4,CLIP-D,grid_max,/media/CrispyMcMarkInc/fake-images-img2img/00021_sd15_fp4_seed144_s30_g3.5_str0.3.png,fake,0.9700857400894164,0.3055100440979004,1,fake,grid_max
sd3_fp16,CLIP-D,grid_max,/media/CrispyMcMarkInc/fake-images-img2img/00005_sd3_fp16_seed128_s30_g3.5_str0.3.png,fake,0.8223123550415039,0.3164236545562744,1,fake,grid_max
sd35_fp4,CLIP-D,grid_max,/media/CrispyMcMarkInc/fake-images-img2img/00082_sd35_fp4_seed205_s30_g3.5_str0.3.png,fake,0.977429747581482,0.3035717010498047,1,fake,grid_max
sd15_fp8,CLIP-D,grid_max,/media/CrispyMcMarkInc/fake-images-img2img/00002_sd15_fp8_seed125_s30_g3.5_str0.3.png,fake,0.7619092464447021,0.3052513599395752,1,fake,grid_max
sd3_fp8,CLIP-D,grid_max,/media/CrispyMcMarkInc/fake-images-img2img/00044_sd3_fp8_seed167_s30_g3.5_str0.3.png,fake,0.9622902274131776,0.2873973846435547,1,fake,grid_max
sd35_fp4,CLIP-D,grid_max,/media/CrispyMcMarkInc/fake-images-img2img/00099_sd35_fp4_seed222_s30_g3.5_str0.3.png,fake,0.9444839358329772,0.2624008655548095,1,fake,grid_max
sd15_fp16,CLIP-D,grid_max,/media/CrispyMcMarkInc/fake-images-img2img/00065_sd15_fp16_seed188_s30_g3.5_str0.3.png,fake,0.982128381729126,0.2719454765319824,1,fake,grid_max
sd35_fp16,CLIP-D,grid_max,/media/CrispyMcMarkInc/fake-images-img2img/00000_sd35_fp16_seed123_s30_g3.5_str0.3.png,fake,0.9821157455444336,0.2825534343719482,1,fake,grid_max
sd35_fp4,CLIP-D,grid_max,/media/CrispyMcMarkInc/fake-images-img2img/00015_sd35_fp4_seed138_s30_g3.5_str0.3.png,fake,0.8814789652824402,0.3207318782806396,1,fake,grid_max
sd15_fp4,CLIP-D,grid_max,/media/CrispyMcMarkInc/fake-images-img2img/00017_sd15_fp4_seed140_s30_g3.5_str0.3.png,fake,0.9183613061904908,0.2885947227478027,1,fake,grid_max
sd35_fp8,CLIP-D,grid_max,/media/CrispyMcMarkInc/fake-images-img2img/00054_sd35_fp8_seed177_s30_g3.5_str0.3.png,fake,0.9497182965278624,0.2945244312286377,1,fake,grid_max
sd15_fp8,CLIP-D,grid_max,/media/CrispyMcMarkInc/fake-images-img2img/00052_sd15_fp8_seed175_s30_g3.5_str0.3.png,fake,0.8043712973594666,0.3101358413696289,1,fake,grid_max
sd35_fp8,CLIP-D,grid_max,/media/CrispyMcMarkInc/fake-images-img2img/00095_sd35_fp8_seed218_s30_g3.5_str0.3.png,fake,0.9858418107032776,0.3210470676422119,1,fake,grid_max
sd15_fp8,CLIP-D,grid_max,/media/CrispyMcMarkInc/fake-images-img2img/00057_sd15_fp8_seed180_s30_g3.5_str0.3.png,fake,0.6181497573852539,0.2988057136535644,1,fake,grid_max
sd3_fp8,CLIP-D,grid_max,/media/CrispyMcMarkInc/fake-images-img2img/00073_sd3_fp8_seed196_s30_g3.5_str0.3.png,fake,0.7504217624664307,0.3102915287017822,1,fake,grid_max
sd35_fp8,CLIP-D,grid_max,/media/CrispyMcMarkInc/fake-images-img2img/00050_sd35_fp8_seed173_s30_g3.5_str0.3.png,fake,0.8423827886581421,0.3067927360534668,1,fake,grid_max
sd3_fp4,CLIP-D,grid_max,/media/CrispyMcMarkInc/fake-images-img2img/00049_sd3_fp4_seed172_s30_g3.5_str0.3.png,fake,0.994520902633667,0.3130292892456054,1,fake,grid_max
sd15_fp8,CLIP-D,grid_max,/media/CrispyMcMarkInc/fake-images-img2img/00026_sd15_fp8_seed149_s30_g3.5_str0.3.png,fake,0.7238525152206421,0.2641794681549072,1,fake,grid_max
sd35_fp8,CLIP-D,grid_max,/media/CrispyMcMarkInc/fake-images-img2img/00097_sd35_fp8_seed220_s30_g3.5_str0.3.png,fake,0.9935681223869324,0.2684011459350586,1,fake,grid_max
sd15_fp16,CLIP-D,grid_max,/media/CrispyMcMarkInc/fake-images-img2img/00051_sd15_fp16_seed174_s30_g3.5_str0.3.png,fake,0.908064067363739,0.3271019458770752,1,fake,grid_max
sd15_fp8,CLIP-D,grid_max,/media/CrispyMcMarkInc/fake-images-img2img/00054_sd15_fp8_seed177_s30_g3.5_str0.3.png,fake,0.838922381401062,0.3081851005554199,1,fake,grid_max
sd3_fp4,CLIP-D,grid_max,/media/CrispyMcMarkInc/fake-images-img2img/00093_sd3_fp4_seed216_s30_g3.5_str0.3.png,fake,0.9851853847503662,0.3050010204315185,1,fake,grid_max
sd3_fp16,CLIP-D,grid_max,/media/CrispyMcMarkInc/fake-images-img2img/00096_sd3_fp16_seed219_s30_g3.5_str0.3.png,fake,0.9129323959350586,0.3009026050567627,1,fake,grid_max
sd35_fp4,CLIP-D,grid_max,/media/CrispyMcMarkInc/fake-images-img2img/00064_sd35_fp4_seed187_s30_g3.5_str0.3.png,fake,0.6872668862342834,0.2905981540679931,1,fake,grid_max
sd35_fp4,CLIP-D,grid_max,/media/CrispyMcMarkInc/fake-images-img2img/00060_sd35_fp4_seed183_s30_g3.5_str0.3.png,fake,0.9507649540901184,0.3144583702087402,1,fake,grid_max
sd35_fp16,CLIP-D,grid_max,/media/CrispyMcMarkInc/fake-images-img2img/00089_sd35_fp16_seed212_s30_g3.5_str0.3.png,fake,0.7530044913291931,0.3020391464233398,1,fake,grid_max
sd35_fp16,CLIP-D,grid_max,/media/CrispyMcMarkInc/fake-images-img2img/00086_sd35_fp16_seed209_s30_g3.5_str0.3.png,fake,0.8359870910644531,0.2946302890777588,1,fake,grid_max
sd3_fp4,CLIP-D,grid_max,/media/CrispyMcMarkInc/fake-images-img2img/00062_sd3_fp4_seed185_s30_g3.5_str0.3.png,fake,0.991401731967926,0.3345963954925537,1,fake,grid_max
sd15_fp16,CLIP-D,grid_max,/media/CrispyMcMarkInc/fake-images-img2img/00026_sd15_fp16_seed149_s30_g3.5_str0.3.png,fake,0.6891711950302124,0.3266456127166748,1,fake,grid_max
sd3_fp4,CLIP-D,grid_max,/media/CrispyMcMarkInc/fake-images-img2img/00059_sd3_fp4_seed182_s30_g3.5_str0.3.png,fake,0.957434892654419,0.3442387580871582,1,fake,grid_max
sd15_fp8,CLIP-D,grid_max,/media/CrispyMcMarkInc/fake-images-img2img/00070_sd15_fp8_seed193_s30_g3.5_str0.3.png,fake,0.956086814403534,0.3287155628204345,1,fake,grid_max
sd35_fp4,CLIP-D,grid_max,/media/CrispyMcMarkInc/fake-images-img2img/00006_sd35_fp4_seed129_s30_g3.5_str0.3.png,fake,0.9643820524215698,0.3397703170776367,1,fake,grid_max
sd35_fp16,CLIP-D,grid_max,/media/CrispyMcMarkInc/fake-images-img2img/00015_sd35_fp16_seed138_s30_g3.5_str0.3.png,fake,0.5249497890472412,0.2359404563903808,1,fake,grid_max
sd3_fp8,CLIP-D,grid_max,/media/CrispyMcMarkInc/fake-images-img2img/00075_sd3_fp8_seed198_s30_g3.5_str0.3.png,fake,0.934934675693512,0.2544655799865722,1,fake,grid_max
sd3_fp8,CLIP-D,grid_max,/media/CrispyMcMarkInc/fake-images-img2img/00025_sd3_fp8_seed148_s30_g3.5_str0.3.png,fake,0.8022156953811646,0.2720181941986084,1,fake,grid_max
sd15_fp8,CLIP-D,grid_max,/media/CrispyMcMarkInc/fake-images-img2img/00089_sd15_fp8_seed212_s30_g3.5_str0.3.png,fake,0.9016034007072448,0.3379092216491699,1,fake,grid_max
sd15_fp16,CLIP-D,grid_max,/media/CrispyMcMarkInc/fake-images-img2img/00045_sd15_fp16_seed168_s30_g3.5_str0.3.png,fake,0.9001346826553345,0.3049623966217041,1,fake,grid_max
sd15_fp16,CLIP-D,grid_max,/media/CrispyMcMarkInc/fake-images-img2img/00099_sd15_fp16_seed222_s30_g3.5_str0.3.png,fake,0.8595647811889648,0.3237781524658203,1,fake,grid_max
sd35_fp4,CLIP-D,grid_max,/media/CrispyMcMarkInc/fake-images-img2img/00020_sd35_fp4_seed143_s30_g3.5_str0.3.png,fake,0.5154872536659241,0.3092687129974365,1,fake,grid_max
sd15_fp8,CLIP-D,grid_max,/media/CrispyMcMarkInc/fake-images-img2img/00009_sd15_fp8_seed132_s30_g3.5_str0.3.png,fake,0.7596444487571716,0.3138215541839599,1,fake,grid_max
sd35_fp16,CLIP-D,grid_max,/media/CrispyMcMarkInc/fake-images-img2img/00087_sd35_fp16_seed210_s30_g3.5_str0.3.png,fake,0.9912074208259584,0.3118653297424316,1,fake,grid_max
sd3_fp4,CLIP-D,grid_max,/media/CrispyMcMarkInc/fake-images-img2img/00009_sd3_fp4_seed132_s30_g3.5_str0.3.png,fake,0.9111323952674866,0.3350341320037842,1,fake,grid_max
sd35_fp16,CLIP-D,grid_max,/media/CrispyMcMarkInc/fake-images-img2img/00030_sd35_fp16_seed153_s30_g3.5_str0.3.png,fake,0.963376522064209,0.3219542503356933,1,fake,grid_max
sd35_fp8,CLIP-D,grid_max,/media/CrispyMcMarkInc/fake-images-img2img/00047_sd35_fp8_seed170_s30_g3.5_str0.3.png,fake,0.9987584352493286,0.3213088512420654,1,fake,grid_max
sd3_fp4,CLIP-D,grid_max,/media/CrispyMcMarkInc/fake-images-img2img/00054_sd3_fp4_seed177_s30_g3.5_str0.3.png,fake,0.9705902934074402,0.3151431083679199,1,fake,grid_max
sd35_fp8,CLIP-D,grid_max,/media/CrispyMcMarkInc/fake-images-img2img/00028_sd35_fp8_seed151_s30_g3.5_str0.3.png,fake,0.995348870754242,0.2965214252471924,1,fake,grid_max
sd35_fp16,CLIP-D,grid_max,/media/CrispyMcMarkInc/fake-images-img2img/00010_sd35_fp16_seed133_s30_g3.5_str0.3.png,fake,0.9485101103782654,0.3429255485534668,1,fake,grid_max
sd15_fp8,CLIP-D,grid_max,/media/CrispyMcMarkInc/fake-images-img2img/00047_sd15_fp8_seed170_s30_g3.5_str0.3.png,fake,0.994441568851471,0.3272221088409424,1,fake,grid_max
sd15_fp4,CLIP-D,grid_max,/media/CrispyMcMarkInc/fake-images-img2img/00082_sd15_fp4_seed205_s30_g3.5_str0.3.png,fake,0.9744631052017212,0.3079397678375244,1,fake,grid_max
sd3_fp8,CLIP-D,grid_max,/media/CrispyMcMarkInc/fake-images-img2img/00008_sd3_fp8_seed131_s30_g3.5_str0.3.png,real,0.2706305384635925,0.3018372058868408,1,fake,grid_max
sd15_fp4,CLIP-D,grid_max,/media/CrispyMcMarkInc/fake-images-img2img/00051_sd15_fp4_seed174_s30_g3.5_str0.3.png,fake,0.928643763065338,0.3015146255493164,1,fake,grid_max
sd15_fp16,CLIP-D,grid_max,/media/CrispyMcMarkInc/fake-images-img2img/00018_sd15_fp16_seed141_s30_g3.5_str0.3.png,fake,0.9529467225074768,0.2886288166046142,1,fake,grid_max
sd3_fp4,CLIP-D,grid_max,/media/CrispyMcMarkInc/fake-images-img2img/00002_sd3_fp4_seed125_s30_g3.5_str0.3.png,fake,0.9326326251029968,0.2267966270446777,1,fake,grid_max
sd15_fp4,CLIP-D,grid_max,/media/CrispyMcMarkInc/fake-images-img2img/00005_sd15_fp4_seed128_s30_g3.5_str0.3.png,fake,0.8996975421905518,0.439521312713623,1,fake,grid_max
sd35_fp4,CLIP-D,grid_max,/media/CrispyMcMarkInc/fake-images-img2img/00040_sd35_fp4_seed163_s30_g3.5_str0.3.png,fake,0.9898713231086732,0.2325475215911865,1,fake,grid_max
sd3_fp8,CLIP-D,grid_max,/media/CrispyMcMarkInc/fake-images-img2img/00034_sd3_fp8_seed157_s30_g3.5_str0.3.png,fake,0.881138801574707,0.2202146053314209,1,fake,grid_max
sd3_fp8,CLIP-D,grid_max,/media/CrispyMcMarkInc/fake-images-img2img/00077_sd3_fp8_seed200_s30_g3.5_str0.3.png,fake,0.9823933839797974,0.2152864933013916,1,fake,grid_max
sd3_fp4,CLIP-D,grid_max,/media/CrispyMcMarkInc/fake-images-img2img/00084_sd3_fp4_seed207_s30_g3.5_str0.3.png,fake,0.8872514963150024,0.2146742343902588,1,fake,grid_max
sd15_fp8,CLIP-D,grid_max,/media/CrispyMcMarkInc/fake-images-img2img/00011_sd15_fp8_seed134_s30_g3.5_str0.3.png,fake,0.9328629970550536,0.2156984806060791,1,fake,grid_max
sd15_fp4,CLIP-D,grid_max,/media/CrispyMcMarkInc/fake-images-img2img/00028_sd15_fp4_seed151_s30_g3.5_str0.3.png,fake,0.9798390865325928,0.2125284671783447,1,fake,grid_max
sd35_fp4,CLIP-D,grid_max,/media/CrispyMcMarkInc/fake-images-img2img/00047_sd35_fp4_seed170_s30_g3.5_str0.3.png,fake,0.9990949630737304,0.2088944911956787,1,fake,grid_max
sd3_fp8,CLIP-D,grid_max,/media/CrispyMcMarkInc/fake-images-img2img/00092_sd3_fp8_seed215_s30_g3.5_str0.3.png,fake,0.9277010560035706,0.2094945907592773,1,fake,grid_max
sd35_fp8,CLIP-D,grid_max,/media/CrispyMcMarkInc/fake-images-img2img/00076_sd35_fp8_seed199_s30_g3.5_str0.3.png,fake,0.9733352661132812,0.2370517253875732,1,fake,grid_max
sd3_fp8,CLIP-D,grid_max,/media/CrispyMcMarkInc/fake-images-img2img/00066_sd3_fp8_seed189_s30_g3.5_str0.3.png,fake,0.8646954894065857,0.2105612754821777,1,fake,grid_max
sd35_fp8,CLIP-D,grid_max,/media/CrispyMcMarkInc/fake-images-img2img/00011_sd35_fp8_seed134_s30_g3.5_str0.3.png,fake,0.663693904876709,0.209559679031372,1,fake,grid_max
sd15_fp8,CLIP-D,grid_max,/media/CrispyMcMarkInc/fake-images-img2img/00020_sd15_fp8_seed143_s30_g3.5_str0.3.png,fake,0.7201839089393616,0.2212738990783691,1,fake,grid_max
sd15_fp4,CLIP-D,grid_max,/media/CrispyMcMarkInc/fake-images-img2img/00075_sd15_fp4_seed198_s30_g3.5_str0.3.png,fake,0.8231986165046692,0.2119221687316894,1,fake,grid_max
sd35_fp4,CLIP-D,grid_max,/media/CrispyMcMarkInc/fake-images-img2img/00079_sd35_fp4_seed202_s30_g3.5_str0.3.png,fake,0.8127259612083435,0.2304859161376953,1,fake,grid_max
sd3_fp16,CLIP-D,grid_max,/media/CrispyMcMarkInc/fake-images-img2img/00095_sd3_fp16_seed218_s30_g3.5_str0.3.png,fake,0.9789851903915404,0.2214205265045166,1,fake,grid_max
sd15_fp8,CLIP-D,grid_max,/media/CrispyMcMarkInc/fake-images-img2img/00029_sd15_fp8_seed152_s30_g3.5_str0.3.png,fake,0.959603786468506,0.2105004787445068,1,fake,grid_max
sd3_fp4,CLIP-D,grid_max,/media/CrispyMcMarkInc/fake-images-img2img/00043_sd3_fp4_seed166_s30_g3.5_str0.3.png,fake,0.9897281527519226,0.2160477638244629,1,fake,grid_max
sd15_fp16,CLIP-D,grid_max,/media/CrispyMcMarkInc/fake-images-img2img/00053_sd15_fp16_seed176_s30_g3.5_str0.3.png,fake,0.9028737545013428,0.2090711593627929,1,fake,grid_max
sd15_fp8,CLIP-D,grid_max,/media/CrispyMcMarkInc/fake-images-img2img/00003_sd15_fp8_seed126_s30_g3.5_str0.3.png,fake,0.969580054283142,0.2708654403686523,1,fake,grid_max
sd15_fp8,CLIP-D,grid_max,/media/CrispyMcMarkInc/fake-images-img2img/00021_sd15_fp8_seed144_s30_g3.5_str0.3.png,fake,0.9544852375984192,0.2695038318634033,1,fake,grid_max
sd15_fp16,CLIP-D,grid_max,/media/CrispyMcMarkInc/fake-images-img2img/00058_sd15_fp16_seed181_s30_g3.5_str0.3.png,fake,0.9356344938278198,0.2703385353088379,1,fake,grid_max
sd35_fp4,CLIP-D,grid_max,/media/CrispyMcMarkInc/fake-images-img2img/00043_sd35_fp4_seed166_s30_g3.5_str0.3.png,fake,0.9885060787200928,0.2037830352783203,1,fake,grid_max
sd3_fp4,CLIP-D,grid_max,/media/CrispyMcMarkInc/fake-images-img2img/00088_sd3_fp4_seed211_s30_g3.5_str0.3.png,fake,0.9715117812156676,0.2082414627075195,1,fake,grid_max
sd3_fp4,CLIP-D,grid_max,/media/CrispyMcMarkInc/fake-images-img2img/00030_sd3_fp4_seed153_s30_g3.5_str0.3.png,fake,0.9855729937553406,0.2332754135131836,1,fake,grid_max
sd35_fp8,CLIP-D,grid_max,/media/CrispyMcMarkInc/fake-images-img2img/00039_sd35_fp8_seed162_s30_g3.5_str0.3.png,real,0.4700542688369751,0.3334493637084961,1,fake,grid_max
sd15_fp8,CLIP-D,grid_max,/media/CrispyMcMarkInc/fake-images-img2img/00072_sd15_fp8_seed195_s30_g3.5_str0.3.png,fake,0.9967586398124696,0.3761675357818603,1,fake,grid_max
sd3_fp8,CLIP-D,grid_max,/media/CrispyMcMarkInc/fake-images-img2img/00042_sd3_fp8_seed165_s30_g3.5_str0.3.png,fake,0.6862490177154541,0.2392654418945312,1,fake,grid_max
sd35_fp4,CLIP-D,grid_max,/media/CrispyMcMarkInc/fake-images-img2img/00087_sd35_fp4_seed210_s30_g3.5_str0.3.png,fake,0.9784637093544006,0.2581567764282226,1,fake,grid_max
sd3_fp16,CLIP-D,grid_max,/media/CrispyMcMarkInc/fake-images-img2img/00079_sd3_fp16_seed202_s30_g3.5_str0.3.png,fake,0.936669647693634,0.2212274074554443,1,fake,grid_max
sd35_fp16,CLIP-D,grid_max,/media/CrispyMcMarkInc/fake-images-img2img/00081_sd35_fp16_seed204_s30_g3.5_str0.3.png,real,0.2083214223384857,0.2223179340362548,1,fake,grid_max
sd35_fp8,CLIP-D,grid_max,/media/CrispyMcMarkInc/fake-images-img2img/00052_sd35_fp8_seed175_s30_g3.5_str0.3.png,fake,0.9388889074325562,0.3508799076080322,1,fake,grid_max
sd35_fp16,CLIP-D,grid_max,/media/CrispyMcMarkInc/fake-images-img2img/00020_sd35_fp16_seed143_s30_g3.5_str0.3.png,fake,0.5617282390594482,0.3934886455535888,1,fake,grid_max
sd15_fp4,CLIP-D,grid_max,/media/CrispyMcMarkInc/fake-images-img2img/00064_sd15_fp4_seed187_s30_g3.5_str0.3.png,fake,0.816644549369812,0.2341246604919433,1,fake,grid_max
sd15_fp4,CLIP-D,grid_max,/media/CrispyMcMarkInc/fake-images-img2img/00025_sd15_fp4_seed148_s30_g3.5_str0.3.png,fake,0.9312890768051147,0.2148792743682861,1,fake,grid_max
sd3_fp16,CLIP-D,grid_max,/media/CrispyMcMarkInc/fake-images-img2img/00037_sd3_fp16_seed160_s30_g3.5_str0.3.png,fake,0.6697351336479187,0.2381064891815185,1,fake,grid_max
sd3_fp16,CLIP-D,grid_max,/media/CrispyMcMarkInc/fake-images-img2img/00050_sd3_fp16_seed173_s30_g3.5_str0.3.png,fake,0.9846285581588744,0.2084119319915771,1,fake,grid_max
sd15_fp16,CLIP-D,grid_max,/media/CrispyMcMarkInc/fake-images-img2img/00093_sd15_fp16_seed216_s30_g3.5_str0.3.png,fake,0.8499451279640198,0.2212061882019043,1,fake,grid_max
sd3_fp16,CLIP-D,grid_max,/media/CrispyMcMarkInc/fake-images-img2img/00061_sd3_fp16_seed184_s30_g3.5_str0.3.png,fake,0.9158682823181152,0.2066597938537597,1,fake,grid_max
sd15_fp16,CLIP-D,grid_max,/media/CrispyMcMarkInc/fake-images-img2img/00006_sd15_fp16_seed129_s30_g3.5_str0.3.png,fake,0.9047352075576782,0.2061061859130859,1,fake,grid_max
sd35_fp8,CLIP-D,grid_max,/media/CrispyMcMarkInc/fake-images-img2img/00036_sd35_fp8_seed159_s30_g3.5_str0.3.png,fake,0.9832915663719176,0.209028959274292,1,fake,grid_max
sd15_fp8,CLIP-D,grid_max,/media/CrispyMcMarkInc/fake-images-img2img/00078_sd15_fp8_seed201_s30_g3.5_str0.3.png,fake,0.9697181582450868,0.2096815109252929,1,fake,grid_max
sd15_fp16,CLIP-D,grid_max,/media/CrispyMcMarkInc/fake-images-img2img/00041_sd15_fp16_seed164_s30_g3.5_str0.3.png,fake,0.8063053488731384,0.2091765403747558,1,fake,grid_max
sd15_fp4,CLIP-D,grid_max,/media/CrispyMcMarkInc/fake-images-img2img/00055_sd15_fp4_seed178_s30_g3.5_str0.3.png,fake,0.9149253368377686,0.2381472587585449,1,fake,grid_max
sd35_fp16,CLIP-D,grid_max,/media/CrispyMcMarkInc/fake-images-img2img/00083_sd35_fp16_seed206_s30_g3.5_str0.3.png,fake,0.9948370456695556,0.2008619308471679,1,fake,grid_max
sd35_fp8,CLIP-D,grid_max,/media/CrispyMcMarkInc/fake-images-img2img/00048_sd35_fp8_seed171_s30_g3.5_str0.3.png,fake,0.993847906589508,0.2424955368041992,1,fake,grid_max
sd35_fp4,CLIP-D,grid_max,/media/CrispyMcMarkInc/fake-images-img2img/00030_sd35_fp4_seed153_s30_g3.5_str0.3.png,fake,0.9611461758613586,0.2125506401062011,1,fake,grid_max
sd3_fp8,CLIP-D,grid_max,/media/CrispyMcMarkInc/fake-images-img2img/00046_sd3_fp8_seed169_s30_g3.5_str0.3.png,fake,0.8970828056335449,0.2050192356109619,1,fake,grid_max
sd15_fp4,CLIP-D,grid_max,/media/CrispyMcMarkInc/fake-images-img2img/00071_sd15_fp4_seed194_s30_g3.5_str0.3.png,fake,0.8847816586494446,0.2078289985656738,1,fake,grid_max
sd3_fp8,CLIP-D,grid_max,/media/CrispyMcMarkInc/fake-images-img2img/00061_sd3_fp8_seed184_s30_g3.5_str0.3.png,fake,0.8290463089942932,0.2063148021697998,1,fake,grid_max
sd35_fp16,CLIP-D,grid_max,/media/CrispyMcMarkInc/fake-images-img2img/00027_sd35_fp16_seed150_s30_g3.5_str0.3.png,fake,0.973564088344574,0.2219617366790771,1,fake,grid_max
sd35_fp8,CLIP-D,grid_max,/media/CrispyMcMarkInc/fake-images-img2img/00065_sd35_fp8_seed188_s30_g3.5_str0.3.png,fake,0.9845530986785888,0.204233169555664,1,fake,grid_max
sd35_fp16,CLIP-D,grid_max,/media/CrispyMcMarkInc/fake-images-img2img/00009_sd35_fp16_seed132_s30_g3.5_str0.3.png,fake,0.5510790944099426,0.4245650768280029,1,fake,grid_max
sd3_fp16,CLIP-D,grid_max,/media/CrispyMcMarkInc/fake-images-img2img/00004_sd3_fp16_seed127_s30_g3.5_str0.3.png,fake,0.6028090119361877,0.2279448509216308,1,fake,grid_max
sd3_fp16,CLIP-D,grid_max,/media/CrispyMcMarkInc/fake-images-img2img/00049_sd3_fp16_seed172_s30_g3.5_str0.3.png,fake,0.9880317449569702,0.2658452987670898,1,fake,grid_max
sd35_fp16,CLIP-D,grid_max,/media/CrispyMcMarkInc/fake-images-img2img/00052_sd35_fp16_seed175_s30_g3.5_str0.3.png,fake,0.8253936767578125,0.4272713661193847,1,fake,grid_max
sd15_fp16,CLIP-D,grid_max,/media/CrispyMcMarkInc/fake-images-img2img/00034_sd15_fp16_seed157_s30_g3.5_str0.3.png,fake,0.9088396430015564,0.2251992225646972,1,fake,grid_max
sd15_fp8,CLIP-D,grid_max,/media/CrispyMcMarkInc/fake-images-img2img/00086_sd15_fp8_seed209_s30_g3.5_str0.3.png,fake,0.8501853346824646,0.2188901901245117,1,fake,grid_max
sd3_fp16,CLIP-D,grid_max,/media/CrispyMcMarkInc/fake-images-img2img/00028_sd3_fp16_seed151_s30_g3.5_str0.3.png,fake,0.989404797554016,0.212465763092041,1,fake,grid_max
sd3_fp8,CLIP-D,grid_max,/media/CrispyMcMarkInc/fake-images-img2img/00022_sd3_fp8_seed145_s30_g3.5_str0.3.png,fake,0.6406418085098267,0.2115669250488281,1,fake,grid_max
sd35_fp16,CLIP-D,grid_max,/media/CrispyMcMarkInc/fake-images-img2img/00024_sd35_fp16_seed147_s30_g3.5_str0.3.png,fake,0.9317689538002014,0.2120997905731201,1,fake,grid_max
sd15_fp8,CLIP-D,grid_max,/media/CrispyMcMarkInc/fake-images-img2img/00084_sd15_fp8_seed207_s30_g3.5_str0.3.png,fake,0.9423023462295532,0.2146582603454589,1,fake,grid_max
sd15_fp4,CLIP-D,grid_max,/media/CrispyMcMarkInc/fake-images-img2img/00057_sd15_fp4_seed180_s30_g3.5_str0.3.png,fake,0.6524325013160706,0.2311744689941406,1,fake,grid_max
sd3_fp16,CLIP-D,grid_max,/media/CrispyMcMarkInc/fake-images-img2img/00006_sd3_fp16_seed129_s30_g3.5_str0.3.png,fake,0.8880627751350403,0.2130675315856933,1,fake,grid_max
sd3_fp8,CLIP-D,grid_max,/media/CrispyMcMarkInc/fake-images-img2img/00029_sd3_fp8_seed152_s30_g3.5_str0.3.png,fake,0.9980304837226868,0.2111146450042724,1,fake,grid_max
sd35_fp16,CLIP-D,grid_max,/media/CrispyMcMarkInc/fake-images-img2img/00032_sd35_fp16_seed155_s30_g3.5_str0.3.png,fake,0.9630821347236632,0.2102522850036621,1,fake,grid_max
sd3_fp16,CLIP-D,grid_max,/media/CrispyMcMarkInc/fake-images-img2img/00069_sd3_fp16_seed192_s30_g3.5_str0.3.png,fake,0.9591864347457886,0.2117021083831787,1,fake,grid_max
sd3_fp16,CLIP-D,grid_max,/media/CrispyMcMarkInc/fake-images-img2img/00083_sd3_fp16_seed206_s30_g3.5_str0.3.png,fake,0.9830294251441956,0.2131989002227783,1,fake,grid_max
sd15_fp8,CLIP-D,grid_max,/media/CrispyMcMarkInc/fake-images-img2img/00008_sd15_fp8_seed131_s30_g3.5_str0.3.png,fake,0.8167670965194702,0.2062311172485351,1,fake,grid_max
sd15_fp8,CLIP-D,grid_max,/media/CrispyMcMarkInc/fake-images-img2img/00064_sd15_fp8_seed187_s30_g3.5_str0.3.png,fake,0.7960203289985657,0.2079498767852783,1,fake,grid_max
sd3_fp4,CLIP-D,grid_max,/media/CrispyMcMarkInc/fake-images-img2img/00031_sd3_fp4_seed154_s30_g3.5_str0.3.png,fake,0.956461787223816,0.2123312950134277,1,fake,grid_max
sd35_fp4,CLIP-D,grid_max,/media/CrispyMcMarkInc/fake-images-img2img/00041_sd35_fp4_seed164_s30_g3.5_str0.3.png,fake,0.9683143496513368,0.2323536872863769,1,fake,grid_max
sd15_fp16,CLIP-D,grid_max,/media/CrispyMcMarkInc/fake-images-img2img/00068_sd15_fp16_seed191_s30_g3.5_str0.3.png,fake,0.9096951484680176,0.210334300994873,1,fake,grid_max
sd15_fp8,CLIP-D,grid_max,/media/CrispyMcMarkInc/fake-images-img2img/00055_sd15_fp8_seed178_s30_g3.5_str0.3.png,fake,0.9352715611457824,0.275618314743042,1,fake,grid_max
sd15_fp16,CLIP-D,grid_max,/media/CrispyMcMarkInc/fake-images-img2img/00044_sd15_fp16_seed167_s30_g3.5_str0.3.png,fake,0.9899135828018188,0.3013205528259277,1,fake,grid_max
sd15_fp8,CLIP-D,grid_max,/media/CrispyMcMarkInc/fake-images-img2img/00004_sd15_fp8_seed127_s30_g3.5_str0.3.png,fake,0.8809804916381836,0.3158888816833496,1,fake,grid_max
sd15_fp8,CLIP-D,grid_max,/media/CrispyMcMarkInc/fake-images-img2img/00053_sd15_fp8_seed176_s30_g3.5_str0.3.png,fake,0.8816969990730286,0.3047318458557129,1,fake,grid_max
sd3_fp4,CLIP-D,grid_max,/media/CrispyMcMarkInc/fake-images-img2img/00024_sd3_fp4_seed147_s30_g3.5_str0.3.png,fake,0.9972437620162964,0.2976508140563965,1,fake,grid_max
sd35_fp16,CLIP-D,grid_max,/media/CrispyMcMarkInc/fake-images-img2img/00050_sd35_fp16_seed173_s30_g3.5_str0.3.png,fake,0.9779813885688782,0.3224649429321289,1,fake,grid_max
sd3_fp16,CLIP-D,grid_max,/media/CrispyMcMarkInc/fake-images-img2img/00088_sd3_fp16_seed211_s30_g3.5_str0.3.png,fake,0.9120103120803832,0.3032140731811523,1,fake,grid_max
sd35_fp8,CLIP-D,grid_max,/media/CrispyMcMarkInc/fake-images-img2img/00056_sd35_fp8_seed179_s30_g3.5_str0.3.png,fake,0.959846019744873,0.3029255867004394,1,fake,grid_max
sd15_fp4,CLIP-D,grid_max,/media/CrispyMcMarkInc/fake-images-img2img/00003_sd15_fp4_seed126_s30_g3.5_str0.3.png,fake,0.9656002521514891,0.3091402053833008,1,fake,grid_max
sd3_fp16,CLIP-D,grid_max,/media/CrispyMcMarkInc/fake-images-img2img/00011_sd3_fp16_seed134_s30_g3.5_str0.3.png,fake,0.7674086093902588,0.3113605976104736,1,fake,grid_max
sd3_fp4,CLIP-D,grid_max,/media/CrispyMcMarkInc/fake-images-img2img/00090_sd3_fp4_seed213_s30_g3.5_str0.3.png,fake,0.9689220190048218,0.2990052700042724,1,fake,grid_max
sd15_fp8,CLIP-D,grid_max,/media/CrispyMcMarkInc/fake-images-img2img/00061_sd15_fp8_seed184_s30_g3.5_str0.3.png,fake,0.939275324344635,0.2898716926574707,1,fake,grid_max
sd3_fp8,CLIP-D,grid_max,/media/CrispyMcMarkInc/fake-images-img2img/00028_sd3_fp8_seed151_s30_g3.5_str0.3.png,fake,0.992002010345459,0.2819335460662842,1,fake,grid_max
sd15_fp4,CLIP-D,grid_max,/media/CrispyMcMarkInc/fake-images-img2img/00014_sd15_fp4_seed137_s30_g3.5_str0.3.png,fake,0.8146336078643799,0.2864384651184082,1,fake,grid_max
sd15_fp4,CLIP-D,grid_max,/media/CrispyMcMarkInc/fake-images-img2img/00040_sd15_fp4_seed163_s30_g3.5_str0.3.png,fake,0.9496633410453796,0.2748322486877441,1,fake,grid_max
sd35_fp4,CLIP-D,grid_max,/media/CrispyMcMarkInc/fake-images-img2img/00034_sd35_fp4_seed157_s30_g3.5_str0.3.png,fake,0.853646457195282,0.2945899963378906,1,fake,grid_max
sd15_fp4,CLIP-D,grid_max,/media/CrispyMcMarkInc/fake-images-img2img/00020_sd15_fp4_seed143_s30_g3.5_str0.3.png,fake,0.6866220831871033,0.2966504096984863,1,fake,grid_max
sd35_fp8,CLIP-D,grid_max,/media/CrispyMcMarkInc/fake-images-img2img/00093_sd35_fp8_seed216_s30_g3.5_str0.3.png,fake,0.9591911435127258,0.296044111251831,1,fake,grid_max
sd15_fp8,CLIP-D,grid_max,/media/CrispyMcMarkInc/fake-images-img2img/00090_sd15_fp8_seed213_s30_g3.5_str0.3.png,fake,0.8577702641487122,0.2748258113861084,1,fake,grid_max
sd35_fp8,CLIP-D,grid_max,/media/CrispyMcMarkInc/fake-images-img2img/00088_sd35_fp8_seed211_s30_g3.5_str0.3.png,fake,0.8877065181732178,0.2062435150146484,1,fake,grid_max
sd3_fp4,CLIP-D,grid_max,/media/CrispyMcMarkInc/fake-images-img2img/00015_sd3_fp4_seed138_s30_g3.5_str0.3.png,fake,0.9348936080932616,0.204944372177124,1,fake,grid_max
sd15_fp16,CLIP-D,grid_max,/media/CrispyMcMarkInc/fake-images-img2img/00024_sd15_fp16_seed147_s30_g3.5_str0.3.png,fake,0.9261829257011414,0.2325012683868408,1,fake,grid_max
sd35_fp16,CLIP-D,grid_max,/media/CrispyMcMarkInc/fake-images-img2img/00019_sd35_fp16_seed142_s30_g3.5_str0.3.png,fake,0.919318437576294,0.3668107986450195,1,fake,grid_max
sd35_fp4,CLIP-D,grid_max,/media/CrispyMcMarkInc/fake-images-img2img/00067_sd35_fp4_seed190_s30_g3.5_str0.3.png,fake,0.9848721027374268,0.377781867980957,1,fake,grid_max
sd3_fp8,CLIP-D,grid_max,/media/CrispyMcMarkInc/fake-images-img2img/00017_sd3_fp8_seed140_s30_g3.5_str0.3.png,fake,0.8567036986351013,0.2259578704833984,1,fake,grid_max
sd15_fp16,CLIP-D,grid_max,/media/CrispyMcMarkInc/fake-images-img2img/00010_sd15_fp16_seed133_s30_g3.5_str0.3.png,fake,0.9664865136146544,0.2252485752105713,1,fake,grid_max
sd15_fp4,CLIP-D,grid_max,/media/CrispyMcMarkInc/fake-images-img2img/00015_sd15_fp4_seed138_s30_g3.5_str0.3.png,fake,0.6190077066421509,0.2444756031036377,1,fake,grid_max
sd35_fp4,CLIP-D,grid_max,/media/CrispyMcMarkInc/fake-images-img2img/00075_sd35_fp4_seed198_s30_g3.5_str0.3.png,fake,0.9827929735183716,0.400184154510498,1,fake,grid_max
sd3_fp16,CLIP-D,grid_max,/media/CrispyMcMarkInc/fake-images-img2img/00008_sd3_fp16_seed131_s30_g3.5_str0.3.png,real,0.1982208788394928,0.2522568702697754,1,fake,grid_max
sd3_fp4,CLIP-D,grid_max,/media/CrispyMcMarkInc/fake-images-img2img/00086_sd3_fp4_seed209_s30_g3.5_str0.3.png,fake,0.9377260208129884,0.2161793708801269,1,fake,grid_max
sd3_fp8,CLIP-D,grid_max,/media/CrispyMcMarkInc/fake-images-img2img/00079_sd3_fp8_seed202_s30_g3.5_str0.3.png,fake,0.875821590423584,0.2136471271514892,1,fake,grid_max
sd35_fp8,CLIP-D,grid_max,/media/CrispyMcMarkInc/fake-images-img2img/00003_sd35_fp8_seed126_s30_g3.5_str0.3.png,fake,0.9955676198005676,0.2111890316009521,1,fake,grid_max
sd35_fp4,CLIP-D,grid_max,/media/CrispyMcMarkInc/fake-images-img2img/00050_sd35_fp4_seed173_s30_g3.5_str0.3.png,fake,0.9261006116867064,0.2110798358917236,1,fake,grid_max
sd35_fp8,CLIP-D,grid_max,/media/CrispyMcMarkInc/fake-images-img2img/00051_sd35_fp8_seed174_s30_g3.5_str0.3.png,fake,0.985582947731018,0.2118384838104248,1,fake,grid_max
sd15_fp4,CLIP-D,grid_max,/media/CrispyMcMarkInc/fake-images-img2img/00038_sd15_fp4_seed161_s30_g3.5_str0.3.png,fake,0.9386337995529176,0.2114396095275879,1,fake,grid_max
sd3_fp8,CLIP-D,grid_max,/media/CrispyMcMarkInc/fake-images-img2img/00094_sd3_fp8_seed217_s30_g3.5_str0.3.png,fake,0.9867969751358032,0.2088499069213867,1,fake,grid_max
sd15_fp4,CLIP-D,grid_max,/media/CrispyMcMarkInc/fake-images-img2img/00097_sd15_fp4_seed220_s30_g3.5_str0.3.png,fake,0.9973201155662536,0.2164373397827148,1,fake,grid_max
sd3_fp4,CLIP-D,grid_max,/media/CrispyMcMarkInc/fake-images-img2img/00020_sd3_fp4_seed143_s30_g3.5_str0.3.png,fake,0.5443466305732727,0.2127106189727783,1,fake,grid_max
sd35_fp8,CLIP-D,grid_max,/media/CrispyMcMarkInc/fake-images-img2img/00089_sd35_fp8_seed212_s30_g3.5_str0.3.png,fake,0.8912801742553711,0.2096426486968994,1,fake,grid_max
sd35_fp8,CLIP-D,grid_max,/media/CrispyMcMarkInc/fake-images-img2img/00091_sd35_fp8_seed214_s30_g3.5_str0.3.png,fake,0.9921430349349976,0.2049996852874755,1,fake,grid_max
sd35_fp4,CLIP-D,grid_max,/media/CrispyMcMarkInc/fake-images-img2img/00003_sd35_fp4_seed126_s30_g3.5_str0.3.png,fake,0.9927736520767212,0.2016959190368652,1,fake,grid_max
sd3_fp16,CLIP-D,grid_max,/media/CrispyMcMarkInc/fake-images-img2img/00012_sd3_fp16_seed135_s30_g3.5_str0.3.png,fake,0.8824141025543213,0.210606575012207,1,fake,grid_max
sd35_fp8,CLIP-D,grid_max,/media/CrispyMcMarkInc/fake-images-img2img/00034_sd35_fp8_seed157_s30_g3.5_str0.3.png,fake,0.900913655757904,0.2138574123382568,1,fake,grid_max
sd35_fp8,CLIP-D,grid_max,/media/CrispyMcMarkInc/fake-images-img2img/00009_sd35_fp8_seed132_s30_g3.5_str0.3.png,fake,0.5580237507820129,0.2086968421936035,1,fake,grid_max
sd15_fp8,CLIP-D,grid_max,/media/CrispyMcMarkInc/fake-images-img2img/00005_sd15_fp8_seed128_s30_g3.5_str0.3.png,fake,0.908632516860962,0.2095112800598144,1,fake,grid_max
sd15_fp4,CLIP-D,grid_max,/media/CrispyMcMarkInc/fake-images-img2img/00056_sd15_fp4_seed179_s30_g3.5_str0.3.png,fake,0.954233467578888,0.2440018653869629,1,fake,grid_max
sd3_fp16,CLIP-D,grid_max,/media/CrispyMcMarkInc/fake-images-img2img/00098_sd3_fp16_seed221_s30_g3.5_str0.3.png,fake,0.8450033068656921,0.2650594711303711,1,fake,grid_max
sd3_fp4,CLIP-D,grid_max,/media/CrispyMcMarkInc/fake-images-img2img/00033_sd3_fp4_seed156_s30_g3.5_str0.3.png,fake,0.9962624907493592,0.2990636825561523,1,fake,grid_max
sd35_fp16,CLIP-D,grid_max,/media/CrispyMcMarkInc/fake-images-img2img/00025_sd35_fp16_seed148_s30_g3.5_str0.3.png,fake,0.6692596673965454,0.3088927268981933,1,fake,grid_max
sd35_fp4,CLIP-D,grid_max,/media/CrispyMcMarkInc/fake-images-img2img/00090_sd35_fp4_seed213_s30_g3.5_str0.3.png,fake,0.9273215532302856,0.2973453998565674,1,fake,grid_max
sd15_fp16,CLIP-D,grid_max,/media/CrispyMcMarkInc/fake-images-img2img/00043_sd15_fp16_seed166_s30_g3.5_str0.3.png,fake,0.9936829805374146,0.2915785312652588,1,fake,grid_max
sd35_fp4,CLIP-D,grid_max,/media/CrispyMcMarkInc/fake-images-img2img/00086_sd35_fp4_seed209_s30_g3.5_str0.3.png,fake,0.911890149116516,0.3093481063842773,1,fake,grid_max
sd35_fp8,CLIP-D,grid_max,/media/CrispyMcMarkInc/fake-images-img2img/00073_sd35_fp8_seed196_s30_g3.5_str0.3.png,fake,0.8135886192321777,0.2926466464996338,1,fake,grid_max
sd35_fp4,CLIP-D,grid_max,/media/CrispyMcMarkInc/fake-images-img2img/00018_sd35_fp4_seed141_s30_g3.5_str0.3.png,fake,0.8907907605171204,0.2056202888488769,1,fake,grid_max
sd15_fp4,CLIP-D,grid_max,/media/CrispyMcMarkInc/fake-images-img2img/00030_sd15_fp4_seed153_s30_g3.5_str0.3.png,fake,0.9718604683876038,0.2056405544281005,1,fake,grid_max
sd3_fp4,CLIP-D,grid_max,/media/CrispyMcMarkInc/fake-images-img2img/00082_sd3_fp4_seed205_s30_g3.5_str0.3.png,fake,0.9234198331832886,0.2064015865325927,1,fake,grid_max
sd15_fp4,CLIP-D,grid_max,/media/CrispyMcMarkInc/fake-images-img2img/00093_sd15_fp4_seed216_s30_g3.5_str0.3.png,fake,0.8894128799438477,0.3705806732177734,1,fake,grid_max
sd3_fp16,CLIP-D,grid_max,/media/CrispyMcMarkInc/fake-images-img2img/00072_sd3_fp16_seed195_s30_g3.5_str0.3.png,fake,0.9876877665519714,0.2195672988891601,1,fake,grid_max
sd3_fp16,CLIP-D,grid_max,/media/CrispyMcMarkInc/fake-images-img2img/00062_sd3_fp16_seed185_s30_g3.5_str0.3.png,fake,0.9552167057991028,0.2277150154113769,1,fake,grid_max
sd15_fp4,CLIP-D,grid_max,/media/CrispyMcMarkInc/fake-images-img2img/00007_sd15_fp4_seed130_s30_g3.5_str0.3.png,fake,0.9788524508476256,0.3542611598968506,1,fake,grid_max
sd3_fp16,CLIP-D,grid_max,/media/CrispyMcMarkInc/fake-images-img2img/00053_sd3_fp16_seed176_s30_g3.5_str0.3.png,real,0.3894752264022827,0.2322847843170166,1,fake,grid_max
sd15_fp4,CLIP-D,grid_max,/media/CrispyMcMarkInc/fake-images-img2img/00039_sd15_fp4_seed162_s30_g3.5_str0.3.png,fake,0.7021231651306152,0.2121682167053222,1,fake,grid_max
sd3_fp8,CLIP-D,grid_max,/media/CrispyMcMarkInc/fake-images-img2img/00052_sd3_fp8_seed175_s30_g3.5_str0.3.png,fake,0.786235511302948,0.2128503322601318,1,fake,grid_max
sd3_fp8,CLIP-D,grid_max,/media/CrispyMcMarkInc/fake-images-img2img/00021_sd3_fp8_seed144_s30_g3.5_str0.3.png,fake,0.8179082870483398,0.2161300182342529,1,fake,grid_max
sd35_fp16,CLIP-D,grid_max,/media/CrispyMcMarkInc/fake-images-img2img/00054_sd35_fp16_seed177_s30_g3.5_str0.3.png,fake,0.9271459579467772,0.2137269973754882,1,fake,grid_max
sd15_fp16,CLIP-D,grid_max,/media/CrispyMcMarkInc/fake-images-img2img/00096_sd15_fp16_seed219_s30_g3.5_str0.3.png,fake,0.7050309777259827,0.2131135463714599,1,fake,grid_max
sd15_fp16,CLIP-D,grid_max,/media/CrispyMcMarkInc/fake-images-img2img/00079_sd15_fp16_seed202_s30_g3.5_str0.3.png,fake,0.8589516878128052,0.2071189880371093,1,fake,grid_max
sd3_fp16,CLIP-D,grid_max,/media/CrispyMcMarkInc/fake-images-img2img/00010_sd3_fp16_seed133_s30_g3.5_str0.3.png,fake,0.898672878742218,0.211174726486206,1,fake,grid_max
sd15_fp8,CLIP-D,grid_max,/media/CrispyMcMarkInc/fake-images-img2img/00096_sd15_fp8_seed219_s30_g3.5_str0.3.png,fake,0.8009389042854309,0.2088150978088379,1,fake,grid_max
sd3_fp4,CLIP-D,grid_max,/media/CrispyMcMarkInc/fake-images-img2img/00022_sd3_fp4_seed145_s30_g3.5_str0.3.png,fake,0.9645988941192628,0.2104156017303466,1,fake,grid_max
sd15_fp8,CLIP-D,grid_max,/media/CrispyMcMarkInc/fake-images-img2img/00039_sd15_fp8_seed162_s30_g3.5_str0.3.png,fake,0.6918161511421204,0.2101469039916992,1,fake,grid_max
sd15_fp16,CLIP-D,grid_max,/media/CrispyMcMarkInc/fake-images-img2img/00091_sd15_fp16_seed214_s30_g3.5_str0.3.png,fake,0.97624671459198,0.2170071601867675,1,fake,grid_max
sd3_fp8,CLIP-D,grid_max,/media/CrispyMcMarkInc/fake-images-img2img/00031_sd3_fp8_seed154_s30_g3.5_str0.3.png,fake,0.7931366562843323,0.2094430923461914,1,fake,grid_max
sd3_fp8,CLIP-D,grid_max,/media/CrispyMcMarkInc/fake-images-img2img/00037_sd3_fp8_seed160_s30_g3.5_str0.3.png,fake,0.7672421336174011,0.2112655639648437,1,fake,grid_max
sd15_fp16,CLIP-D,grid_max,/media/CrispyMcMarkInc/fake-images-img2img/00030_sd15_fp16_seed153_s30_g3.5_str0.3.png,fake,0.9766075015068054,0.2027137279510498,1,fake,grid_max
sd35_fp4,CLIP-D,grid_max,/media/CrispyMcMarkInc/fake-images-img2img/00001_sd35_fp4_seed124_s30_g3.5_str0.3.png,fake,0.9673031568527222,0.2103955745697021,1,fake,grid_max
sd15_fp8,CLIP-D,grid_max,/media/CrispyMcMarkInc/fake-images-img2img/00073_sd15_fp8_seed196_s30_g3.5_str0.3.png,fake,0.848898708820343,0.2040803432464599,1,fake,grid_max
sd3_fp4,CLIP-D,grid_max,/media/CrispyMcMarkInc/fake-images-img2img/00053_sd3_fp4_seed176_s30_g3.5_str0.3.png,fake,0.9524068236351012,0.2402992248535156,1,fake,grid_max
sd15_fp4,CLIP-D,grid_max,/media/CrispyMcMarkInc/fake-images-img2img/00083_sd15_fp4_seed206_s30_g3.5_str0.3.png,fake,0.9769684672355652,0.243654727935791,1,fake,grid_max
sd15_fp8,CLIP-D,grid_max,/media/CrispyMcMarkInc/fake-images-img2img/00063_sd15_fp8_seed186_s30_g3.5_str0.3.png,fake,0.8241860270500183,0.2608277797698974,1,fake,grid_max
sd3_fp4,CLIP-D,grid_max,/media/CrispyMcMarkInc/fake-images-img2img/00070_sd3_fp4_seed193_s30_g3.5_str0.3.png,fake,0.9695500135421752,0.3014802932739258,1,fake,grid_max
sd15_fp16,CLIP-D,grid_max,/media/CrispyMcMarkInc/fake-images-img2img/00032_sd15_fp16_seed155_s30_g3.5_str0.3.png,fake,0.9858971238136292,0.309128999710083,1,fake,grid_max
sd3_fp4,CLIP-D,grid_max,/media/CrispyMcMarkInc/fake-images-img2img/00021_sd3_fp4_seed144_s30_g3.5_str0.3.png,fake,0.9890174865722656,0.3014883995056152,1,fake,grid_max
sd15_fp4,CLIP-D,grid_max,/media/CrispyMcMarkInc/fake-images-img2img/00065_sd15_fp4_seed188_s30_g3.5_str0.3.png,fake,0.9834377765655518,0.2880160808563232,1,fake,grid_max
sd3_fp4,CLIP-D,grid_max,/media/CrispyMcMarkInc/fake-images-img2img/00019_sd3_fp4_seed142_s30_g3.5_str0.3.png,fake,0.9382672309875488,0.3001971244812011,1,fake,grid_max
sd3_fp8,CLIP-D,grid_max,/media/CrispyMcMarkInc/fake-images-img2img/00018_sd3_fp8_seed141_s30_g3.5_str0.3.png,fake,0.816952109336853,0.3175334930419922,1,fake,grid_max
sd3_fp8,CLIP-D,grid_max,/media/CrispyMcMarkInc/fake-images-img2img/00041_sd3_fp8_seed164_s30_g3.5_str0.3.png,fake,0.9498207569122314,0.29634690284729,1,fake,grid_max
sd15_fp16,CLIP-D,grid_max,/media/CrispyMcMarkInc/fake-images-img2img/00088_sd15_fp16_seed211_s30_g3.5_str0.3.png,fake,0.9502864480018616,0.3140761852264404,1,fake,grid_max
sd15_fp4,CLIP-D,grid_max,/media/CrispyMcMarkInc/fake-images-img2img/00099_sd15_fp4_seed222_s30_g3.5_str0.3.png,fake,0.851423978805542,0.3200385570526123,1,fake,grid_max
sd35_fp16,CLIP-D,grid_max,/media/CrispyMcMarkInc/fake-images-img2img/00072_sd35_fp16_seed195_s30_g3.5_str0.3.png,fake,0.9943313598632812,0.311819314956665,1,fake,grid_max
sd15_fp16,CLIP-D,grid_max,/media/CrispyMcMarkInc/fake-images-img2img/00086_sd15_fp16_seed209_s30_g3.5_str0.3.png,fake,0.8581042885780334,0.3104581832885742,1,fake,grid_max
sd15_fp4,CLIP-D,grid_max,/media/CrispyMcMarkInc/fake-images-img2img/00094_sd15_fp4_seed217_s30_g3.5_str0.3.png,fake,0.9856594800949096,0.3195240497589111,1,fake,grid_max
sd35_fp8,CLIP-D,grid_max,/media/CrispyMcMarkInc/fake-images-img2img/00004_sd35_fp8_seed127_s30_g3.5_str0.3.png,fake,0.6620630025863647,0.2942302227020263,1,fake,grid_max
sd3_fp4,CLIP-D,grid_max,/media/CrispyMcMarkInc/fake-images-img2img/00072_sd3_fp4_seed195_s30_g3.5_str0.3.png,fake,0.993909478187561,0.2903919219970703,1,fake,grid_max
sd15_fp4,CLIP-D,grid_max,/media/CrispyMcMarkInc/fake-images-img2img/00024_sd15_fp4_seed147_s30_g3.5_str0.3.png,fake,0.9496748447418212,0.2961587905883789,1,fake,grid_max
sd35_fp8,CLIP-D,grid_max,/media/CrispyMcMarkInc/fake-images-img2img/00005_sd35_fp8_seed128_s30_g3.5_str0.3.png,fake,0.8644633293151855,0.3244860172271728,1,fake,grid_max
sd15_fp4,CLIP-D,grid_max,/media/CrispyMcMarkInc/fake-images-img2img/00062_sd15_fp4_seed185_s30_g3.5_str0.3.png,fake,0.9555358290672302,0.3439438343048095,1,fake,grid_max
sd35_fp4,CLIP-D,grid_max,/media/CrispyMcMarkInc/fake-images-img2img/00069_sd35_fp4_seed192_s30_g3.5_str0.3.png,fake,0.9789233803749084,0.3378119468688965,1,fake,grid_max
sd15_fp4,CLIP-D,grid_max,/media/CrispyMcMarkInc/fake-images-img2img/00061_sd15_fp4_seed184_s30_g3.5_str0.3.png,fake,0.9432607889175416,0.3307723999023437,1,fake,grid_max
sd3_fp4,CLIP-D,grid_max,/media/CrispyMcMarkInc/fake-images-img2img/00098_sd3_fp4_seed221_s30_g3.5_str0.3.png,fake,0.9141789078712464,0.3249857425689697,1,fake,grid_max
sd15_fp8,CLIP-D,grid_max,/media/CrispyMcMarkInc/fake-images-img2img/00081_sd15_fp8_seed204_s30_g3.5_str0.3.png,fake,0.9569047689437866,0.2919771671295166,1,fake,grid_max
sd35_fp8,CLIP-D,grid_max,/media/CrispyMcMarkInc/fake-images-img2img/00066_sd35_fp8_seed189_s30_g3.5_str0.3.png,fake,0.7387888431549072,0.2932262420654297,1,fake,grid_max
sd3_fp4,CLIP-D,grid_max,/media/CrispyMcMarkInc/fake-images-img2img/00080_sd3_fp4_seed203_s30_g3.5_str0.3.png,fake,0.9986230134963988,0.309666633605957,1,fake,grid_max
sd15_fp8,CLIP-D,grid_max,/media/CrispyMcMarkInc/fake-images-img2img/00097_sd15_fp8_seed220_s30_g3.5_str0.3.png,fake,0.9974971413612366,0.2901148796081543,1,fake,grid_max
sd15_fp8,CLIP-D,grid_max,/media/CrispyMcMarkInc/fake-images-img2img/00028_sd15_fp8_seed151_s30_g3.5_str0.3.png,fake,0.9549033045768738,0.3070569038391113,1,fake,grid_max
sd15_fp4,CLIP-D,grid_max,/media/CrispyMcMarkInc/fake-images-img2img/00011_sd15_fp4_seed134_s30_g3.5_str0.3.png,fake,0.9574785232543944,0.2948958873748779,1,fake,grid_max
sd15_fp8,CLIP-D,grid_max,/media/CrispyMcMarkInc/fake-images-img2img/00023_sd15_fp8_seed146_s30_g3.5_str0.3.png,fake,0.8834311366081238,0.2810440063476562,1,fake,grid_max
sd15_fp4,CLIP-D,grid_max,/media/CrispyMcMarkInc/fake-images-img2img/00031_sd15_fp4_seed154_s30_g3.5_str0.3.png,fake,0.7456988096237183,0.2898566722869873,1,fake,grid_max
sd35_fp16,CLIP-D,grid_max,/media/CrispyMcMarkInc/fake-images-img2img/00078_sd35_fp16_seed201_s30_g3.5_str0.3.png,fake,0.9963994026184082,0.277811050415039,1,fake,grid_max
sd3_fp8,CLIP-D,grid_max,/media/CrispyMcMarkInc/fake-images-img2img/00069_sd3_fp8_seed192_s30_g3.5_str0.3.png,fake,0.9671991467475892,0.204780101776123,1,fake,grid_max
sd35_fp16,CLIP-D,grid_max,/media/CrispyMcMarkInc/fake-images-img2img/00012_sd35_fp16_seed135_s30_g3.5_str0.3.png,fake,0.9491092562675476,0.2071669101715088,1,fake,grid_max
sd35_fp8,CLIP-D,grid_max,/media/CrispyMcMarkInc/fake-images-img2img/00000_sd35_fp8_seed123_s30_g3.5_str0.3.png,fake,0.988907754421234,0.2297749519348144,1,fake,grid_max
sd35_fp4,CLIP-D,grid_max,/media/CrispyMcMarkInc/fake-images-img2img/00012_sd35_fp4_seed135_s30_g3.5_str0.3.png,fake,0.9748198986053468,0.3764612674713135,1,fake,grid_max
sd3_fp16,CLIP-D,grid_max,/media/CrispyMcMarkInc/fake-images-img2img/00044_sd3_fp16_seed167_s30_g3.5_str0.3.png,fake,0.9333425760269164,0.3760390281677246,1,fake,grid_max
sd3_fp16,CLIP-D,grid_max,/media/CrispyMcMarkInc/fake-images-img2img/00073_sd3_fp16_seed196_s30_g3.5_str0.3.png,fake,0.8053481578826904,0.2353713512420654,1,fake,grid_max
sd35_fp8,CLIP-D,grid_max,/media/CrispyMcMarkInc/fake-images-img2img/00043_sd35_fp8_seed166_s30_g3.5_str0.3.png,fake,0.9947190284729004,0.2247529029846191,1,fake,grid_max
sd35_fp16,CLIP-D,grid_max,/media/CrispyMcMarkInc/fake-images-img2img/00076_sd35_fp16_seed199_s30_g3.5_str0.3.png,fake,0.9532712697982788,0.2223389148712158,1,fake,grid_max
sd15_fp4,CLIP-D,grid_max,/media/CrispyMcMarkInc/fake-images-img2img/00076_sd15_fp4_seed199_s30_g3.5_str0.3.png,fake,0.6320537328720093,0.2336657047271728,1,fake,grid_max
sd3_fp4,CLIP-D,grid_max,/media/CrispyMcMarkInc/fake-images-img2img/00096_sd3_fp4_seed219_s30_g3.5_str0.3.png,fake,0.967637836933136,0.3603672981262207,1,fake,grid_max
sd3_fp16,CLIP-D,grid_max,/media/CrispyMcMarkInc/fake-images-img2img/00068_sd3_fp16_seed191_s30_g3.5_str0.3.png,fake,0.9329278469085692,0.226503849029541,1,fake,grid_max
sd15_fp4,CLIP-D,grid_max,/media/CrispyMcMarkInc/fake-images-img2img/00035_sd15_fp4_seed158_s30_g3.5_str0.3.png,fake,0.9526733756065368,0.2200384140014648,1,fake,grid_max
sd3_fp8,CLIP-D,grid_max,/media/CrispyMcMarkInc/fake-images-img2img/00035_sd3_fp8_seed158_s30_g3.5_str0.3.png,fake,0.8720165491104126,0.2149059772491455,1,fake,grid_max
sd15_fp8,CLIP-D,grid_max,/media/CrispyMcMarkInc/fake-images-img2img/00018_sd15_fp8_seed141_s30_g3.5_str0.3.png,fake,0.9485058188438416,0.2207000255584716,1,fake,grid_max
sd15_fp16,CLIP-D,grid_max,/media/CrispyMcMarkInc/fake-images-img2img/00022_sd15_fp16_seed145_s30_g3.5_str0.3.png,fake,0.6107646822929382,0.2288413047790527,1,fake,grid_max
sd35_fp4,CLIP-D,grid_max,/media/CrispyMcMarkInc/fake-images-img2img/00083_sd35_fp4_seed206_s30_g3.5_str0.3.png,fake,0.9851523637771606,0.2086451053619384,1,fake,grid_max
sd15_fp16,CLIP-D,grid_max,/media/CrispyMcMarkInc/fake-images-img2img/00015_sd15_fp16_seed138_s30_g3.5_str0.3.png,fake,0.5099803805351257,0.2139966487884521,1,fake,grid_max
sd15_fp16,CLIP-D,grid_max,/media/CrispyMcMarkInc/fake-images-img2img/00038_sd15_fp16_seed161_s30_g3.5_str0.3.png,fake,0.9448225498199464,0.2097792625427246,1,fake,grid_max
sd35_fp4,CLIP-D,grid_max,/media/CrispyMcMarkInc/fake-images-img2img/00008_sd35_fp4_seed131_s30_g3.5_str0.3.png,real,0.3352077305316925,0.2026302814483642,1,fake,grid_max
sd3_fp8,CLIP-D,grid_max,/media/CrispyMcMarkInc/fake-images-img2img/00062_sd3_fp8_seed185_s30_g3.5_str0.3.png,fake,0.9664909839630128,0.2078497409820556,1,fake,grid_max
sd35_fp4,CLIP-D,grid_max,/media/CrispyMcMarkInc/fake-images-img2img/00059_sd35_fp4_seed182_s30_g3.5_str0.3.png,fake,0.6760973334312439,0.2123689651489257,1,fake,grid_max
sd3_fp4,CLIP-D,grid_max,/media/CrispyMcMarkInc/fake-images-img2img/00010_sd3_fp4_seed133_s30_g3.5_str0.3.png,fake,0.9323527812957764,0.2379767894744873,1,fake,grid_max
sd35_fp16,CLIP-D,grid_max,/media/CrispyMcMarkInc/fake-images-img2img/00011_sd35_fp16_seed134_s30_g3.5_str0.3.png,fake,0.5568146109580994,0.2092432975769043,1,fake,grid_max
sd35_fp8,CLIP-D,grid_max,/media/CrispyMcMarkInc/fake-images-img2img/00015_sd35_fp8_seed138_s30_g3.5_str0.3.png,fake,0.7021156549453735,0.2183854579925537,1,fake,grid_max
sd3_fp16,CLIP-D,grid_max,/media/CrispyMcMarkInc/fake-images-img2img/00078_sd3_fp16_seed201_s30_g3.5_str0.3.png,fake,0.978590190410614,0.2155280113220214,1,fake,grid_max
sd35_fp16,CLIP-D,grid_max,/media/CrispyMcMarkInc/fake-images-img2img/00014_sd35_fp16_seed137_s30_g3.5_str0.3.png,fake,0.8300071954727173,0.2140698432922363,1,fake,grid_max
sd3_fp16,CLIP-D,grid_max,/media/CrispyMcMarkInc/fake-images-img2img/00039_sd3_fp16_seed162_s30_g3.5_str0.3.png,fake,0.8686728477478027,0.2113587856292724,1,fake,grid_max
sd15_fp4,CLIP-D,grid_max,/media/CrispyMcMarkInc/fake-images-img2img/00027_sd15_fp4_seed150_s30_g3.5_str0.3.png,fake,0.9789157509803772,0.2355790138244629,1,fake,grid_max
sd3_fp8,CLIP-D,grid_max,/media/CrispyMcMarkInc/fake-images-img2img/00093_sd3_fp8_seed216_s30_g3.5_str0.3.png,fake,0.944193422794342,0.413069486618042,1,fake,grid_max
sd15_fp8,CLIP-D,grid_max,/media/CrispyMcMarkInc/fake-images-img2img/00074_sd15_fp8_seed197_s30_g3.5_str0.3.png,fake,0.913519561290741,0.2561187744140625,1,fake,grid_max
sd35_fp8,CLIP-D,grid_max,/media/CrispyMcMarkInc/fake-images-img2img/00013_sd35_fp8_seed136_s30_g3.5_str0.3.png,fake,0.8625417351722717,0.2872169017791748,1,fake,grid_max
sd3_fp8,CLIP-D,grid_max,/media/CrispyMcMarkInc/fake-images-img2img/00055_sd3_fp8_seed178_s30_g3.5_str0.3.png,fake,0.8368794322013855,0.4541170597076416,1,fake,grid_max
sd35_fp4,CLIP-D,grid_max,/media/CrispyMcMarkInc/fake-images-img2img/00053_sd35_fp4_seed176_s30_g3.5_str0.3.png,fake,0.7274548411369324,0.2357685565948486,1,fake,grid_max
sd3_fp16,CLIP-D,grid_max,/media/CrispyMcMarkInc/fake-images-img2img/00001_sd3_fp16_seed124_s30_g3.5_str0.3.png,fake,0.9556269645690918,0.2359838485717773,1,fake,grid_max
sd15_fp8,CLIP-D,grid_max,/media/CrispyMcMarkInc/fake-images-img2img/00049_sd15_fp8_seed172_s30_g3.5_str0.3.png,fake,0.9765743613243104,0.2134175300598144,1,fake,grid_max
sd3_fp8,CLIP-D,grid_max,/media/CrispyMcMarkInc/fake-images-img2img/00033_sd3_fp8_seed156_s30_g3.5_str0.3.png,fake,0.99256694316864,0.2030785083770752,1,fake,grid_max
sd15_fp4,CLIP-D,grid_max,/media/CrispyMcMarkInc/fake-images-img2img/00037_sd15_fp4_seed160_s30_g3.5_str0.3.png,fake,0.9514282941818236,0.2146692276000976,1,fake,grid_max
sd15_fp8,CLIP-D,grid_max,/media/CrispyMcMarkInc/fake-images-img2img/00046_sd15_fp8_seed169_s30_g3.5_str0.3.png,fake,0.7569542527198792,0.2107651233673095,1,fake,grid_max
sd3_fp8,CLIP-D,grid_max,/media/CrispyMcMarkInc/fake-images-img2img/00005_sd3_fp8_seed128_s30_g3.5_str0.3.png,fake,0.752252995967865,0.2071189880371093,1,fake,grid_max
sd15_fp8,CLIP-D,grid_max,/media/CrispyMcMarkInc/fake-images-img2img/00031_sd15_fp8_seed154_s30_g3.5_str0.3.png,fake,0.7448387742042542,0.2099933624267578,1,fake,grid_max
sd35_fp8,CLIP-D,grid_max,/media/CrispyMcMarkInc/fake-images-img2img/00084_sd35_fp8_seed207_s30_g3.5_str0.3.png,fake,0.7378216981887817,0.2000796794891357,1,fake,grid_max
sd35_fp4,CLIP-D,grid_max,/media/CrispyMcMarkInc/fake-images-img2img/00073_sd35_fp4_seed196_s30_g3.5_str0.3.png,fake,0.8544356822967529,0.2020890712738037,1,fake,grid_max
sd15_fp16,CLIP-D,grid_max,/media/CrispyMcMarkInc/fake-images-img2img/00056_sd15_fp16_seed179_s30_g3.5_str0.3.png,fake,0.9494397640228271,0.2102348804473877,1,fake,grid_max
sd15_fp8,CLIP-D,grid_max,/media/CrispyMcMarkInc/fake-images-img2img/00034_sd15_fp8_seed157_s30_g3.5_str0.3.png,fake,0.9088396430015564,0.1949191093444824,1,fake,grid_max
sd3_fp4,CLIP-D,grid_max,/media/CrispyMcMarkInc/fake-images-img2img/00050_sd3_fp4_seed173_s30_g3.5_str0.3.png,fake,0.8800007700920105,0.2034637928009033,1,fake,grid_max
sd35_fp8,CLIP-D,grid_max,/media/CrispyMcMarkInc/fake-images-img2img/00046_sd35_fp8_seed169_s30_g3.5_str0.3.png,fake,0.6969943642616272,0.2178876399993896,1,fake,grid_max
sd15_fp8,CLIP-D,grid_max,/media/CrispyMcMarkInc/fake-images-img2img/00040_sd15_fp8_seed163_s30_g3.5_str0.3.png,fake,0.9359830617904664,0.2103810310363769,1,fake,grid_max
sd3_fp8,CLIP-D,grid_max,/media/CrispyMcMarkInc/fake-images-img2img/00013_sd3_fp8_seed136_s30_g3.5_str0.3.png,fake,0.9051437377929688,0.2173366546630859,1,fake,grid_max
sd3_fp16,CLIP-D,grid_max,/media/CrispyMcMarkInc/fake-images-img2img/00035_sd3_fp16_seed158_s30_g3.5_str0.3.png,fake,0.8662434220314026,0.2170932292938232,1,fake,grid_max
sd3_fp4,CLIP-D,grid_max,/media/CrispyMcMarkInc/fake-images-img2img/00066_sd3_fp4_seed189_s30_g3.5_str0.3.png,fake,0.9200461506843568,0.2658059597015381,1,fake,grid_max
sd3_fp16,CLIP-D,grid_max,/media/CrispyMcMarkInc/fake-images-img2img/00018_sd3_fp16_seed141_s30_g3.5_str0.3.png,fake,0.7282803058624268,0.305901288986206,1,fake,grid_max
sd3_fp4,CLIP-D,grid_max,/media/CrispyMcMarkInc/fake-images-img2img/00023_sd3_fp4_seed146_s30_g3.5_str0.3.png,fake,0.9027746319770812,0.3348593711853027,1,fake,grid_max
sd15_fp8,CLIP-D,grid_max,/media/CrispyMcMarkInc/fake-images-img2img/00067_sd15_fp8_seed190_s30_g3.5_str0.3.png,fake,0.955559253692627,0.325343370437622,1,fake,grid_max
sd15_fp8,CLIP-D,grid_max,/media/CrispyMcMarkInc/fake-images-img2img/00048_sd15_fp8_seed171_s30_g3.5_str0.3.png,fake,0.9878323078155518,0.3379857540130615,1,fake,grid_max
sd15_fp8,CLIP-D,grid_max,/media/CrispyMcMarkInc/fake-images-img2img/00044_sd15_fp8_seed167_s30_g3.5_str0.3.png,fake,0.9908459782600404,0.3281986713409424,1,fake,grid_max
sd3_fp16,CLIP-D,grid_max,/media/CrispyMcMarkInc/fake-images-img2img/00099_sd3_fp16_seed222_s30_g3.5_str0.3.png,fake,0.9623717069625854,0.3277628421783447,1,fake,grid_max
sd35_fp4,CLIP-D,grid_max,/media/CrispyMcMarkInc/fake-images-img2img/00013_sd35_fp4_seed136_s30_g3.5_str0.3.png,fake,0.9407454133033752,0.3273627758026123,1,fake,grid_max
sd35_fp16,CLIP-D,grid_max,/media/CrispyMcMarkInc/fake-images-img2img/00085_sd35_fp16_seed208_s30_g3.5_str0.3.png,fake,0.9317149519920348,0.2942230701446533,1,fake,grid_max
sd15_fp16,CLIP-D,grid_max,/media/CrispyMcMarkInc/fake-images-img2img/00097_sd15_fp16_seed220_s30_g3.5_str0.3.png,fake,0.9977349042892456,0.2077312469482422,1,fake,grid_max
sd15_fp16,CLIP-D,grid_max,/media/CrispyMcMarkInc/fake-images-img2img/00000_sd15_fp16_seed123_s30_g3.5_str0.3.png,fake,0.9216886162757874,0.2129740715026855,1,fake,grid_max
sd35_fp16,CLIP-D,grid_max,/media/CrispyMcMarkInc/fake-images-img2img/00017_sd35_fp16_seed140_s30_g3.5_str0.3.png,fake,0.8321079015731812,0.2178826332092285,1,fake,grid_max
sd35_fp4,CLIP-D,grid_max,/media/CrispyMcMarkInc/fake-images-img2img/00057_sd35_fp4_seed180_s30_g3.5_str0.3.png,fake,0.6910920739173889,0.4205653667449951,1,fake,grid_max
sd3_fp8,CLIP-D,grid_max,/media/CrispyMcMarkInc/fake-images-img2img/00014_sd3_fp8_seed137_s30_g3.5_str0.3.png,fake,0.72481369972229,0.2594850063323974,1,fake,grid_max
sd35_fp4,CLIP-D,grid_max,/media/CrispyMcMarkInc/fake-images-img2img/00016_sd35_fp4_seed139_s30_g3.5_str0.3.png,fake,0.7713832855224609,0.2604279518127441,1,fake,grid_max
sd15_fp4,CLIP-D,grid_max,/media/CrispyMcMarkInc/fake-images-img2img/00034_sd15_fp4_seed157_s30_g3.5_str0.3.png,fake,0.9088396430015564,0.3261358737945556,1,fake,grid_max
sd3_fp16,CLIP-D,grid_max,/media/CrispyMcMarkInc/fake-images-img2img/00041_sd3_fp16_seed164_s30_g3.5_str0.3.png,fake,0.8858005404472351,0.3640551567077636,1,fake,grid_max
sd3_fp8,CLIP-D,grid_max,/media/CrispyMcMarkInc/fake-images-img2img/00048_sd3_fp8_seed171_s30_g3.5_str0.3.png,fake,0.9953952431678772,0.2242567539215088,1,fake,grid_max
sd3_fp8,CLIP-D,grid_max,/media/CrispyMcMarkInc/fake-images-img2img/00085_sd3_fp8_seed208_s30_g3.5_str0.3.png,fake,0.946674644947052,0.2111341953277588,1,fake,grid_max
sd35_fp8,CLIP-D,grid_max,/media/CrispyMcMarkInc/fake-images-img2img/00087_sd35_fp8_seed210_s30_g3.5_str0.3.png,fake,0.9916470050811768,0.2089941501617431,1,fake,grid_max
sd35_fp8,CLIP-D,grid_max,/media/CrispyMcMarkInc/fake-images-img2img/00060_sd35_fp8_seed183_s30_g3.5_str0.3.png,fake,0.9685006141662598,0.2075591087341308,1,fake,grid_max
sd35_fp4,CLIP-D,grid_max,/media/CrispyMcMarkInc/fake-images-img2img/00063_sd35_fp4_seed186_s30_g3.5_str0.3.png,fake,0.9910672307014464,0.2076916694641113,1,fake,grid_max
sd35_fp8,CLIP-D,grid_max,/media/CrispyMcMarkInc/fake-images-img2img/00012_sd35_fp8_seed135_s30_g3.5_str0.3.png,fake,0.975336730480194,0.2331864833831787,1,fake,grid_max
sd35_fp16,CLIP-D,grid_max,/media/CrispyMcMarkInc/fake-images-img2img/00040_sd35_fp16_seed163_s30_g3.5_str0.3.png,fake,0.9677535891532898,0.2056624889373779,1,fake,grid_max
sd15_fp4,CLIP-D,grid_max,/media/CrispyMcMarkInc/fake-images-img2img/00059_sd15_fp4_seed182_s30_g3.5_str0.3.png,fake,0.7300222516059875,0.2071642875671386,1,fake,grid_max
sd3_fp16,CLIP-D,grid_max,/media/CrispyMcMarkInc/fake-images-img2img/00031_sd3_fp16_seed154_s30_g3.5_str0.3.png,fake,0.8310190439224243,0.2079424858093261,1,fake,grid_max
sd35_fp4,CLIP-D,grid_max,/media/CrispyMcMarkInc/fake-images-img2img/00054_sd35_fp4_seed177_s30_g3.5_str0.3.png,fake,0.9567316770553588,0.2078979015350341,1,fake,grid_max
sd15_fp8,CLIP-D,grid_max,/media/CrispyMcMarkInc/fake-images-img2img/00033_sd15_fp8_seed156_s30_g3.5_str0.3.png,fake,0.9512085318565368,0.2244954109191894,1,fake,grid_max
sd3_fp8,CLIP-D,grid_max,/media/CrispyMcMarkInc/fake-images-img2img/00053_sd3_fp8_seed176_s30_g3.5_str0.3.png,real,0.3617722392082214,0.2091832160949707,1,fake,grid_max
sd15_fp16,CLIP-D,grid_max,/media/CrispyMcMarkInc/fake-images-img2img/00084_sd15_fp16_seed207_s30_g3.5_str0.3.png,fake,0.9666349291801452,0.2141089439392089,1,fake,grid_max
sd3_fp16,CLIP-D,grid_max,/media/CrispyMcMarkInc/fake-images-img2img/00027_sd3_fp16_seed150_s30_g3.5_str0.3.png,fake,0.972610592842102,0.2065644264221191,1,fake,grid_max
sd35_fp8,CLIP-D,grid_max,/media/CrispyMcMarkInc/fake-images-img2img/00083_sd35_fp8_seed206_s30_g3.5_str0.3.png,fake,0.9912205338478088,0.2713968753814697,1,fake,grid_max
sd35_fp4,CLIP-D,grid_max,/media/CrispyMcMarkInc/fake-images-img2img/00010_sd35_fp4_seed133_s30_g3.5_str0.3.png,fake,0.9857749938964844,0.2741234302520752,1,fake,grid_max
sd15_fp8,CLIP-D,grid_max,/media/CrispyMcMarkInc/fake-images-img2img/00015_sd15_fp8_seed138_s30_g3.5_str0.3.png,fake,0.5976666808128357,0.2850637435913086,1,fake,grid_max
sd15_fp8,CLIP-D,grid_max,/media/CrispyMcMarkInc/fake-images-img2img/00068_sd15_fp8_seed191_s30_g3.5_str0.3.png,fake,0.9268559217453004,0.286724328994751,1,fake,grid_max
sd3_fp16,CLIP-D,grid_max,/media/CrispyMcMarkInc/fake-images-img2img/00059_sd3_fp16_seed182_s30_g3.5_str0.3.png,fake,0.5774878263473511,0.2989680767059326,1,fake,grid_max
sd3_fp8,CLIP-D,grid_max,/media/CrispyMcMarkInc/fake-images-img2img/00096_sd3_fp8_seed219_s30_g3.5_str0.3.png,fake,0.7617009282112122,0.287844181060791,1,fake,grid_max
sd15_fp4,CLIP-D,grid_max,/media/CrispyMcMarkInc/fake-images-img2img/00073_sd15_fp4_seed196_s30_g3.5_str0.3.png,fake,0.8439518809318542,0.2713820934295654,1,fake,grid_max
sd3_fp16,CLIP-D,grid_max,/media/CrispyMcMarkInc/fake-images-img2img/00057_sd3_fp16_seed180_s30_g3.5_str0.3.png,fake,0.7126039862632751,0.2715156078338623,1,fake,grid_max
99,CLIP-D,grid_max,/media/CrispyMcMarkInc/Real_cropped_1024/00099.jpg,real,0.361823733150959,4.544896364212036,0,real,grid_max
26,CLIP-D,grid_max,/media/CrispyMcMarkInc/Real_cropped_1024/00026.jpg,fake,0.7074837684631348,0.2133948802947998,0,real,grid_max
29,CLIP-D,grid_max,/media/CrispyMcMarkInc/Real_cropped_1024/00029.jpg,fake,0.5417233937978745,0.1917293071746826,0,real,grid_max
40,CLIP-D,grid_max,/media/CrispyMcMarkInc/Real_cropped_1024/00040.jpg,fake,0.7903161239624024,3.1992573738098145,0,real,grid_max
95,CLIP-D,grid_max,/media/CrispyMcMarkInc/Real_cropped_1024/00095.jpg,fake,0.9872746467590332,0.1894228458404541,0,real,grid_max
94,CLIP-D,grid_max,/media/CrispyMcMarkInc/Real_cropped_1024/00094.jpg,fake,0.8625408375263214,0.2967455387115478,0,real,grid_max
77,CLIP-D,grid_max,/media/CrispyMcMarkInc/Real_cropped_1024/00077.jpg,fake,0.7337460458278656,3.665526866912842,0,real,grid_max
76,CLIP-D,grid_max,/media/CrispyMcMarkInc/Real_cropped_1024/00076.jpg,fake,0.8781848549842834,2.485168695449829,0,real,grid_max
37,CLIP-D,grid_max,/media/CrispyMcMarkInc/Real_cropped_1024/00037.jpg,fake,0.9404006600379944,0.2221975326538086,0,real,grid_max
74,CLIP-D,grid_max,/media/CrispyMcMarkInc/Real_cropped_1024/00074.jpg,fake,0.9542997479438782,0.2421743869781494,0,real,grid_max
1,CLIP-D,grid_max,/media/CrispyMcMarkInc/Real_cropped_1024/00001.jpg,fake,0.9574053883552552,0.2256407737731933,0,real,grid_max
5,CLIP-D,grid_max,/media/CrispyMcMarkInc/Real_cropped_1024/00005.jpg,real,0.4673536044359207,0.2951080799102783,0,real,grid_max
98,CLIP-D,grid_max,/media/CrispyMcMarkInc/Real_cropped_1024/00098.jpg,fake,0.9626623392105104,3.0727181434631348,0,real,grid_max
46,CLIP-D,grid_max,/media/CrispyMcMarkInc/Real_cropped_1024/00046.jpg,real,0.3384800240397453,0.2411301136016845,0,real,grid_max
79,CLIP-D,grid_max,/media/CrispyMcMarkInc/Real_cropped_1024/00079.jpg,real,0.2754195635765791,0.2179121971130371,0,real,grid_max
90,CLIP-D,grid_max,/media/CrispyMcMarkInc/Real_cropped_1024/00090.jpg,real,0.2186554060876369,0.2111132144927978,0,real,grid_max
85,CLIP-D,grid_max,/media/CrispyMcMarkInc/Real_cropped_1024/00085.jpg,fake,0.720950824022293,0.2810146808624267,0,real,grid_max
71,CLIP-D,grid_max,/media/CrispyMcMarkInc/Real_cropped_1024/00071.jpg,real,0.2751649551093578,0.213862657546997,0,real,grid_max
70,CLIP-D,grid_max,/media/CrispyMcMarkInc/Real_cropped_1024/00070.jpg,fake,0.6166649633646011,0.225839614868164,0,real,grid_max
47,CLIP-D,grid_max,/media/CrispyMcMarkInc/Real_cropped_1024/00047.jpg,fake,0.7711230838298797,0.2087345123291015,0,real,grid_max
42,CLIP-D,grid_max,/media/CrispyMcMarkInc/Real_cropped_1024/00042.jpg,fake,0.8858298063278198,0.2221264839172363,0,real,grid_max
3,CLIP-D,grid_max,/media/CrispyMcMarkInc/Real_cropped_1024/00003.jpg,fake,0.714330792427063,0.3019611835479736,0,real,grid_max
68,CLIP-D,grid_max,/media/CrispyMcMarkInc/Real_cropped_1024/00068.jpg,real,0.4438786154985428,0.194352388381958,0,real,grid_max
62,CLIP-D,grid_max,/media/CrispyMcMarkInc/Real_cropped_1024/00062.jpg,real,0.4185215429216623,0.4126460552215576,0,real,grid_max
24,CLIP-D,grid_max,/media/CrispyMcMarkInc/Real_cropped_1024/00024.jpg,fake,0.8577929139137268,0.341261625289917,0,real,grid_max
10,CLIP-D,grid_max,/media/CrispyMcMarkInc/Real_cropped_1024/00010.jpg,fake,0.9429221749305724,0.2244312763214111,0,real,grid_max
11,CLIP-D,grid_max,/media/CrispyMcMarkInc/Real_cropped_1024/00011.jpg,fake,0.756763756275177,0.1862649917602539,0,real,grid_max
89,CLIP-D,grid_max,/media/CrispyMcMarkInc/Real_cropped_1024/00089.jpg,fake,0.9135885834693908,0.1901402473449707,0,real,grid_max
55,CLIP-D,grid_max,/media/CrispyMcMarkInc/Real_cropped_1024/00055.jpg,fake,0.8776487708091736,0.2671833038330078,0,real,grid_max
16,CLIP-D,grid_max,/media/CrispyMcMarkInc/Real_cropped_1024/00016.jpg,fake,0.779695987701416,0.1927309036254882,0,real,grid_max
93,CLIP-D,grid_max,/media/CrispyMcMarkInc/Real_cropped_1024/00093.jpg,fake,0.980195164680481,0.1895868778228759,0,real,grid_max
86,CLIP-D,grid_max,/media/CrispyMcMarkInc/Real_cropped_1024/00086.jpg,fake,0.9765563011169434,1.5917308330535889,0,real,grid_max
23,CLIP-D,grid_max,/media/CrispyMcMarkInc/Real_cropped_1024/00023.jpg,fake,0.9643710851669312,0.2357409000396728,0,real,grid_max
20,CLIP-D,grid_max,/media/CrispyMcMarkInc/Real_cropped_1024/00020.jpg,fake,0.5857794880867004,0.2041699886322021,0,real,grid_max
32,CLIP-D,grid_max,/media/CrispyMcMarkInc/Real_cropped_1024/00032.jpg,fake,0.9705498814582824,3.0539112091064453,0,real,grid_max
48,CLIP-D,grid_max,/media/CrispyMcMarkInc/Real_cropped_1024/00048.jpg,fake,0.9713861346244812,0.2188079357147216,0,real,grid_max
44,CLIP-D,grid_max,/media/CrispyMcMarkInc/Real_cropped_1024/00044.jpg,fake,0.8532348871231079,0.2041170597076416,0,real,grid_max
4,CLIP-D,grid_max,/media/CrispyMcMarkInc/Real_cropped_1024/00004.jpg,fake,0.8244612812995911,0.1899442672729492,0,real,grid_max
53,CLIP-D,grid_max,/media/CrispyMcMarkInc/Real_cropped_1024/00053.jpg,fake,0.5120953321456909,2.8105738162994385,0,real,grid_max
14,CLIP-D,grid_max,/media/CrispyMcMarkInc/Real_cropped_1024/00014.jpg,fake,0.8079069256782532,0.2322151660919189,0,real,grid_max
80,CLIP-D,grid_max,/media/CrispyMcMarkInc/Real_cropped_1024/00080.jpg,fake,0.994297206401825,0.1892890930175781,0,real,grid_max
15,CLIP-D,grid_max,/media/CrispyMcMarkInc/Real_cropped_1024/00015.jpg,fake,0.937450110912323,0.1912403106689453,0,real,grid_max
35,CLIP-D,grid_max,/media/CrispyMcMarkInc/Real_cropped_1024/00035.jpg,fake,0.9842065572738647,0.2472190856933593,0,real,grid_max
75,CLIP-D,grid_max,/media/CrispyMcMarkInc/Real_cropped_1024/00075.jpg,fake,0.9106194376945496,0.2189762592315673,0,real,grid_max
64,CLIP-D,grid_max,/media/CrispyMcMarkInc/Real_cropped_1024/00064.jpg,fake,0.885189950466156,0.2005031108856201,0,real,grid_max
69,CLIP-D,grid_max,/media/CrispyMcMarkInc/Real_cropped_1024/00069.jpg,fake,0.9361498951911926,0.3531384468078613,0,real,grid_max
96,CLIP-D,grid_max,/media/CrispyMcMarkInc/Real_cropped_1024/00096.jpg,fake,0.9813434481620787,0.8411521911621094,0,real,grid_max
78,CLIP-D,grid_max,/media/CrispyMcMarkInc/Real_cropped_1024/00078.jpg,fake,0.9958290457725524,1.913687229156494,0,real,grid_max
60,CLIP-D,grid_max,/media/CrispyMcMarkInc/Real_cropped_1024/00060.jpg,fake,0.901582658290863,0.2587149143218994,0,real,grid_max
28,CLIP-D,grid_max,/media/CrispyMcMarkInc/Real_cropped_1024/00028.jpg,fake,0.9479299783706664,0.2096140384674072,0,real,grid_max
18,CLIP-D,grid_max,/media/CrispyMcMarkInc/Real_cropped_1024/00018.jpg,fake,0.9643417000770568,0.2466237545013427,0,real,grid_max
31,CLIP-D,grid_max,/media/CrispyMcMarkInc/Real_cropped_1024/00031.jpg,fake,0.928050935268402,0.2028255462646484,0,real,grid_max
52,CLIP-D,grid_max,/media/CrispyMcMarkInc/Real_cropped_1024/00052.jpg,fake,0.9776040315628052,0.9176712036132812,0,real,grid_max
19,CLIP-D,grid_max,/media/CrispyMcMarkInc/Real_cropped_1024/00019.jpg,fake,0.9436150789260864,0.3356192111968994,0,real,grid_max
65,CLIP-D,grid_max,/media/CrispyMcMarkInc/Real_cropped_1024/00065.jpg,fake,0.6509343385696411,0.2277922630310058,0,real,grid_max
82,CLIP-D,grid_max,/media/CrispyMcMarkInc/Real_cropped_1024/00082.jpg,fake,0.9699043035507202,2.609585762023926,0,real,grid_max
25,CLIP-D,grid_max,/media/CrispyMcMarkInc/Real_cropped_1024/00025.jpg,fake,0.9500017762184144,0.1895277500152588,0,real,grid_max
83,CLIP-D,grid_max,/media/CrispyMcMarkInc/Real_cropped_1024/00083.jpg,real,0.4113527535647154,0.277186632156372,0,real,grid_max
59,CLIP-D,grid_max,/media/CrispyMcMarkInc/Real_cropped_1024/00059.jpg,real,0.2232277761399746,3.109632968902588,0,real,grid_max
92,CLIP-D,grid_max,/media/CrispyMcMarkInc/Real_cropped_1024/00092.jpg,real,0.338800077214837,0.2131640911102295,0,real,grid_max
88,CLIP-D,grid_max,/media/CrispyMcMarkInc/Real_cropped_1024/00088.jpg,fake,0.953616738319397,0.2077906131744384,0,real,grid_max
56,CLIP-D,grid_max,/media/CrispyMcMarkInc/Real_cropped_1024/00056.jpg,fake,0.7187365424633027,0.2393763065338134,0,real,grid_max
9,CLIP-D,grid_max,/media/CrispyMcMarkInc/Real_cropped_1024/00009.jpg,real,0.4337700021266937,0.2186861038208007,0,real,grid_max
91,CLIP-D,grid_max,/media/CrispyMcMarkInc/Real_cropped_1024/00091.jpg,fake,0.8361895453929901,0.2095017433166504,0,real,grid_max
7,CLIP-D,grid_max,/media/CrispyMcMarkInc/Real_cropped_1024/00007.jpg,fake,0.6663690531253814,0.2674787044525146,0,real,grid_max
67,CLIP-D,grid_max,/media/CrispyMcMarkInc/Real_cropped_1024/00067.jpg,fake,0.5644505310058594,0.5734841823577881,0,real,grid_max
66,CLIP-D,grid_max,/media/CrispyMcMarkInc/Real_cropped_1024/00066.jpg,fake,0.717380702495575,1.6210873126983645,0,real,grid_max
0,CLIP-D,grid_max,/media/CrispyMcMarkInc/Real_cropped_1024/00000.jpg,fake,0.9451242089271544,0.1923458576202392,0,real,grid_max
54,CLIP-D,grid_max,/media/CrispyMcMarkInc/Real_cropped_1024/00054.jpg,fake,0.8633671402931213,0.1907684803009033,0,real,grid_max
2,CLIP-D,grid_max,/media/CrispyMcMarkInc/Real_cropped_1024/00002.jpg,fake,0.9791168570518494,0.2153348922729492,0,real,grid_max
72,CLIP-D,grid_max,/media/CrispyMcMarkInc/Real_cropped_1024/00072.jpg,fake,0.7546322345733643,0.8397064208984375,0,real,grid_max
36,CLIP-D,grid_max,/media/CrispyMcMarkInc/Real_cropped_1024/00036.jpg,fake,0.927945911884308,0.8479487895965576,0,real,grid_max
84,CLIP-D,grid_max,/media/CrispyMcMarkInc/Real_cropped_1024/00084.jpg,fake,0.9457994103431702,0.1887102127075195,0,real,grid_max
8,CLIP-D,grid_max,/media/CrispyMcMarkInc/Real_cropped_1024/00008.jpg,fake,0.6062026619911194,0.2110545635223388,0,real,grid_max
49,CLIP-D,grid_max,/media/CrispyMcMarkInc/Real_cropped_1024/00049.jpg,fake,0.9886239767074584,0.2321441173553466,0,real,grid_max
38,CLIP-D,grid_max,/media/CrispyMcMarkInc/Real_cropped_1024/00038.jpg,fake,0.8951928615570068,0.1930480003356933,0,real,grid_max
39,CLIP-D,grid_max,/media/CrispyMcMarkInc/Real_cropped_1024/00039.jpg,fake,0.6798257827758789,0.704646110534668,0,real,grid_max
6,CLIP-D,grid_max,/media/CrispyMcMarkInc/Real_cropped_1024/00006.jpg,fake,0.9531905651092528,2.6535637378692627,0,real,grid_max
41,CLIP-D,grid_max,/media/CrispyMcMarkInc/Real_cropped_1024/00041.jpg,fake,0.9860582947731018,0.2413291931152343,0,real,grid_max
87,CLIP-D,grid_max,/media/CrispyMcMarkInc/Real_cropped_1024/00087.jpg,fake,0.9902095794677734,0.2157573699951172,0,real,grid_max
21,CLIP-D,grid_max,/media/CrispyMcMarkInc/Real_cropped_1024/00021.jpg,fake,0.8342025876045227,3.1062381267547607,0,real,grid_max
45,CLIP-D,grid_max,/media/CrispyMcMarkInc/Real_cropped_1024/00045.jpg,real,0.4819391667842865,0.2203590869903564,0,real,grid_max
81,CLIP-D,grid_max,/media/CrispyMcMarkInc/Real_cropped_1024/00081.jpg,fake,0.9366583228111268,0.1900935173034668,0,real,grid_max
13,CLIP-D,grid_max,/media/CrispyMcMarkInc/Real_cropped_1024/00013.jpg,fake,0.8903049230575562,0.2396678924560547,0,real,grid_max
34,CLIP-D,grid_max,/media/CrispyMcMarkInc/Real_cropped_1024/00034.jpg,fake,0.955003023147583,0.215731143951416,0,real,grid_max
17,CLIP-D,grid_max,/media/CrispyMcMarkInc/Real_cropped_1024/00017.jpg,fake,0.7344601154327393,0.4817087650299072,0,real,grid_max
22,CLIP-D,grid_max,/media/CrispyMcMarkInc/Real_cropped_1024/00022.jpg,fake,0.8249077200889587,2.245296001434326,0,real,grid_max
12,CLIP-D,grid_max,/media/CrispyMcMarkInc/Real_cropped_1024/00012.jpg,fake,0.9456941485404968,0.2460439205169677,0,real,grid_max
57,CLIP-D,grid_max,/media/CrispyMcMarkInc/Real_cropped_1024/00057.jpg,fake,0.8772210478782654,0.2436139583587646,0,real,grid_max
97,CLIP-D,grid_max,/media/CrispyMcMarkInc/Real_cropped_1024/00097.jpg,fake,0.9629690051078796,2.160198211669922,0,real,grid_max
51,CLIP-D,grid_max,/media/CrispyMcMarkInc/Real_cropped_1024/00051.jpg,fake,0.7496742606163025,0.2918648719787597,0,real,grid_max
27,CLIP-D,grid_max,/media/CrispyMcMarkInc/Real_cropped_1024/00027.jpg,fake,0.9819127321243286,0.3031127452850342,0,real,grid_max
43,CLIP-D,grid_max,/media/CrispyMcMarkInc/Real_cropped_1024/00043.jpg,fake,0.9956197142601012,2.5342977046966557,0,real,grid_max
73,CLIP-D,grid_max,/media/CrispyMcMarkInc/Real_cropped_1024/00073.jpg,fake,0.7510721683502197,0.2245872020721435,0,real,grid_max
33,CLIP-D,grid_max,/media/CrispyMcMarkInc/Real_cropped_1024/00033.jpg,fake,0.9415354132652284,2.7958786487579346,0,real,grid_max
30,CLIP-D,grid_max,/media/CrispyMcMarkInc/Real_cropped_1024/00030.jpg,fake,0.986957311630249,0.2956819534301758,0,real,grid_max
61,CLIP-D,grid_max,/media/CrispyMcMarkInc/Real_cropped_1024/00061.jpg,real,0.3737301126122475,3.913506031036377,0,real,grid_max
63,CLIP-D,grid_max,/media/CrispyMcMarkInc/Real_cropped_1024/00063.jpg,fake,0.9937791228294371,3.197972536087036,0,real,grid_max
50,CLIP-D,grid_max,/media/CrispyMcMarkInc/Real_cropped_1024/00050.jpg,fake,0.9079881310462952,0.1898376941680908,0,real,grid_max
58,CLIP-D,grid_max,/media/CrispyMcMarkInc/Real_cropped_1024/00058.jpg,fake,0.962784230709076,0.1999969482421875,0,real,grid_max
sd35_fp16,CLIP-D,grid_majority,/media/CrispyMcMarkInc/fake-images-img2img/00018_sd35_fp16_seed141_s30_g3.5_str0.3.png,real,0.0,0.2033305168151855,1,fake,grid_majority
sd35_fp4,CLIP-D,grid_majority,/media/CrispyMcMarkInc/fake-images-img2img/00024_sd35_fp4_seed147_s30_g3.5_str0.3.png,fake,1.0,0.2034628391265869,1,fake,grid_majority
sd35_fp8,CLIP-D,grid_majority,/media/CrispyMcMarkInc/fake-images-img2img/00021_sd35_fp8_seed144_s30_g3.5_str0.3.png,real,0.0,0.2058749198913574,1,fake,grid_majority
sd3_fp4,CLIP-D,grid_majority,/media/CrispyMcMarkInc/fake-images-img2img/00055_sd3_fp4_seed178_s30_g3.5_str0.3.png,fake,1.0,0.2041172981262207,1,fake,grid_majority
sd3_fp4,CLIP-D,grid_majority,/media/CrispyMcMarkInc/fake-images-img2img/00085_sd3_fp4_seed208_s30_g3.5_str0.3.png,fake,1.0,0.2028038501739502,1,fake,grid_majority
sd15_fp4,CLIP-D,grid_majority,/media/CrispyMcMarkInc/fake-images-img2img/00092_sd15_fp4_seed215_s30_g3.5_str0.3.png,real,0.0,0.4563498497009277,1,fake,grid_majority
sd35_fp16,CLIP-D,grid_majority,/media/CrispyMcMarkInc/fake-images-img2img/00036_sd35_fp16_seed159_s30_g3.5_str0.3.png,fake,1.0,0.218796968460083,1,fake,grid_majority
sd35_fp4,CLIP-D,grid_majority,/media/CrispyMcMarkInc/fake-images-img2img/00058_sd35_fp4_seed181_s30_g3.5_str0.3.png,fake,1.0,0.20573091506958,1,fake,grid_majority
sd3_fp4,CLIP-D,grid_majority,/media/CrispyMcMarkInc/fake-images-img2img/00087_sd3_fp4_seed210_s30_g3.5_str0.3.png,fake,1.0,0.2036035060882568,1,fake,grid_majority
sd3_fp8,CLIP-D,grid_majority,/media/CrispyMcMarkInc/fake-images-img2img/00051_sd3_fp8_seed174_s30_g3.5_str0.3.png,fake,1.0,0.2060258388519287,1,fake,grid_majority
sd15_fp8,CLIP-D,grid_majority,/media/CrispyMcMarkInc/fake-images-img2img/00088_sd15_fp8_seed211_s30_g3.5_str0.3.png,fake,1.0,0.2043492794036865,1,fake,grid_majority
sd3_fp16,CLIP-D,grid_majority,/media/CrispyMcMarkInc/fake-images-img2img/00089_sd3_fp16_seed212_s30_g3.5_str0.3.png,real,0.0,0.2051451206207275,1,fake,grid_majority
sd3_fp4,CLIP-D,grid_majority,/media/CrispyMcMarkInc/fake-images-img2img/00008_sd3_fp4_seed131_s30_g3.5_str0.3.png,real,0.0,0.2020351886749267,1,fake,grid_majority
sd3_fp16,CLIP-D,grid_majority,/media/CrispyMcMarkInc/fake-images-img2img/00094_sd3_fp16_seed217_s30_g3.5_str0.3.png,fake,1.0,0.2012126445770263,1,fake,grid_majority
sd3_fp8,CLIP-D,grid_majority,/media/CrispyMcMarkInc/fake-images-img2img/00050_sd3_fp8_seed173_s30_g3.5_str0.3.png,real,0.0,0.1991622447967529,1,fake,grid_majority
sd15_fp4,CLIP-D,grid_majority,/media/CrispyMcMarkInc/fake-images-img2img/00069_sd15_fp4_seed192_s30_g3.5_str0.3.png,fake,1.0,0.1993353366851806,1,fake,grid_majority
sd15_fp8,CLIP-D,grid_majority,/media/CrispyMcMarkInc/fake-images-img2img/00094_sd15_fp8_seed217_s30_g3.5_str0.3.png,fake,1.0,0.2331254482269287,1,fake,grid_majority
sd15_fp4,CLIP-D,grid_majority,/media/CrispyMcMarkInc/fake-images-img2img/00067_sd15_fp4_seed190_s30_g3.5_str0.3.png,fake,1.0,0.2032511234283447,1,fake,grid_majority
sd15_fp16,CLIP-D,grid_majority,/media/CrispyMcMarkInc/fake-images-img2img/00004_sd15_fp16_seed127_s30_g3.5_str0.3.png,real,0.0,0.2049062252044677,1,fake,grid_majority
sd3_fp8,CLIP-D,grid_majority,/media/CrispyMcMarkInc/fake-images-img2img/00072_sd3_fp8_seed195_s30_g3.5_str0.3.png,fake,1.0,0.2258427143096923,1,fake,grid_majority
sd35_fp4,CLIP-D,grid_majority,/media/CrispyMcMarkInc/fake-images-img2img/00092_sd35_fp4_seed215_s30_g3.5_str0.3.png,real,0.0,0.2033638954162597,1,fake,grid_majority
sd3_fp4,CLIP-D,grid_majority,/media/CrispyMcMarkInc/fake-images-img2img/00064_sd3_fp4_seed187_s30_g3.5_str0.3.png,real,0.0,0.293412446975708,1,fake,grid_majority
sd3_fp4,CLIP-D,grid_majority,/media/CrispyMcMarkInc/fake-images-img2img/00032_sd3_fp4_seed155_s30_g3.5_str0.3.png,fake,1.0,0.2989287376403808,1,fake,grid_majority
sd35_fp8,CLIP-D,grid_majority,/media/CrispyMcMarkInc/fake-images-img2img/00040_sd35_fp8_seed163_s30_g3.5_str0.3.png,fake,1.0,0.3244614601135254,1,fake,grid_majority
sd3_fp4,CLIP-D,grid_majority,/media/CrispyMcMarkInc/fake-images-img2img/00081_sd3_fp4_seed204_s30_g3.5_str0.3.png,real,0.0,0.3277812004089355,1,fake,grid_majority
sd3_fp4,CLIP-D,grid_majority,/media/CrispyMcMarkInc/fake-images-img2img/00018_sd3_fp4_seed141_s30_g3.5_str0.3.png,real,0.0,0.3084983825683594,1,fake,grid_majority
sd15_fp16,CLIP-D,grid_majority,/media/CrispyMcMarkInc/fake-images-img2img/00083_sd15_fp16_seed206_s30_g3.5_str0.3.png,fake,1.0,0.2324824333190918,1,fake,grid_majority
sd3_fp16,CLIP-D,grid_majority,/media/CrispyMcMarkInc/fake-images-img2img/00030_sd3_fp16_seed153_s30_g3.5_str0.3.png,fake,1.0,0.235382080078125,1,fake,grid_majority
sd3_fp8,CLIP-D,grid_majority,/media/CrispyMcMarkInc/fake-images-img2img/00090_sd3_fp8_seed213_s30_g3.5_str0.3.png,real,0.0,0.2331540584564209,1,fake,grid_majority
sd35_fp8,CLIP-D,grid_majority,/media/CrispyMcMarkInc/fake-images-img2img/00017_sd35_fp8_seed140_s30_g3.5_str0.3.png,real,0.0,0.2464089393615722,1,fake,grid_majority
sd15_fp16,CLIP-D,grid_majority,/media/CrispyMcMarkInc/fake-images-img2img/00092_sd15_fp16_seed215_s30_g3.5_str0.3.png,real,0.0,0.2318065166473388,1,fake,grid_majority
sd15_fp16,CLIP-D,grid_majority,/media/CrispyMcMarkInc/fake-images-img2img/00078_sd15_fp16_seed201_s30_g3.5_str0.3.png,fake,1.0,0.2322280406951904,1,fake,grid_majority
sd15_fp4,CLIP-D,grid_majority,/media/CrispyMcMarkInc/fake-images-img2img/00042_sd15_fp4_seed165_s30_g3.5_str0.3.png,real,0.0,0.2345261573791504,1,fake,grid_majority
sd3_fp4,CLIP-D,grid_majority,/media/CrispyMcMarkInc/fake-images-img2img/00037_sd3_fp4_seed160_s30_g3.5_str0.3.png,fake,1.0,0.2406647205352783,1,fake,grid_majority
sd15_fp8,CLIP-D,grid_majority,/media/CrispyMcMarkInc/fake-images-img2img/00091_sd15_fp8_seed214_s30_g3.5_str0.3.png,fake,1.0,0.2601771354675293,1,fake,grid_majority
sd3_fp8,CLIP-D,grid_majority,/media/CrispyMcMarkInc/fake-images-img2img/00024_sd3_fp8_seed147_s30_g3.5_str0.3.png,real,0.0,0.3199849128723144,1,fake,grid_majority
sd35_fp8,CLIP-D,grid_majority,/media/CrispyMcMarkInc/fake-images-img2img/00081_sd35_fp8_seed204_s30_g3.5_str0.3.png,real,0.0,0.2412188053131103,1,fake,grid_majority
sd3_fp4,CLIP-D,grid_majority,/media/CrispyMcMarkInc/fake-images-img2img/00077_sd3_fp4_seed200_s30_g3.5_str0.3.png,fake,1.0,0.2442500591278076,1,fake,grid_majority
sd15_fp4,CLIP-D,grid_majority,/media/CrispyMcMarkInc/fake-images-img2img/00041_sd15_fp4_seed164_s30_g3.5_str0.3.png,real,0.0,0.2314951419830322,1,fake,grid_majority
sd3_fp16,CLIP-D,grid_majority,/media/CrispyMcMarkInc/fake-images-img2img/00091_sd3_fp16_seed214_s30_g3.5_str0.3.png,fake,1.0,0.245619535446167,1,fake,grid_majority
sd3_fp8,CLIP-D,grid_majority,/media/CrispyMcMarkInc/fake-images-img2img/00036_sd3_fp8_seed159_s30_g3.5_str0.3.png,real,0.0,0.2508327960968017,1,fake,grid_majority
sd15_fp4,CLIP-D,grid_majority,/media/CrispyMcMarkInc/fake-images-img2img/00066_sd15_fp4_seed189_s30_g3.5_str0.3.png,fake,1.0,0.3129074573516845,1,fake,grid_majority
sd3_fp4,CLIP-D,grid_majority,/media/CrispyMcMarkInc/fake-images-img2img/00060_sd3_fp4_seed183_s30_g3.5_str0.3.png,real,0.0,0.2588062286376953,1,fake,grid_majority
sd15_fp16,CLIP-D,grid_majority,/media/CrispyMcMarkInc/fake-images-img2img/00070_sd15_fp16_seed193_s30_g3.5_str0.3.png,real,0.0,0.2612833976745605,1,fake,grid_majority
sd15_fp8,CLIP-D,grid_majority,/media/CrispyMcMarkInc/fake-images-img2img/00012_sd15_fp8_seed135_s30_g3.5_str0.3.png,fake,1.0,0.2636847496032715,1,fake,grid_majority
sd35_fp8,CLIP-D,grid_majority,/media/CrispyMcMarkInc/fake-images-img2img/00062_sd35_fp8_seed185_s30_g3.5_str0.3.png,fake,1.0,0.2403686046600341,1,fake,grid_majority
sd15_fp4,CLIP-D,grid_majority,/media/CrispyMcMarkInc/fake-images-img2img/00050_sd15_fp4_seed173_s30_g3.5_str0.3.png,real,0.0,0.2304222583770752,1,fake,grid_majority
sd3_fp4,CLIP-D,grid_majority,/media/CrispyMcMarkInc/fake-images-img2img/00045_sd3_fp4_seed168_s30_g3.5_str0.3.png,real,0.0,0.2332170009613037,1,fake,grid_majority
sd3_fp8,CLIP-D,grid_majority,/media/CrispyMcMarkInc/fake-images-img2img/00007_sd3_fp8_seed130_s30_g3.5_str0.3.png,real,0.0,0.2329576015472412,1,fake,grid_majority
sd3_fp16,CLIP-D,grid_majority,/media/CrispyMcMarkInc/fake-images-img2img/00022_sd3_fp16_seed145_s30_g3.5_str0.3.png,real,0.0,0.24631929397583,1,fake,grid_majority
sd15_fp4,CLIP-D,grid_majority,/media/CrispyMcMarkInc/fake-images-img2img/00029_sd15_fp4_seed152_s30_g3.5_str0.3.png,fake,1.0,0.3131349086761474,1,fake,grid_majority
sd35_fp16,CLIP-D,grid_majority,/media/CrispyMcMarkInc/fake-images-img2img/00039_sd35_fp16_seed162_s30_g3.5_str0.3.png,real,0.0,0.2519364356994629,1,fake,grid_majority
sd35_fp8,CLIP-D,grid_majority,/media/CrispyMcMarkInc/fake-images-img2img/00041_sd35_fp8_seed164_s30_g3.5_str0.3.png,real,0.0,0.2425119876861572,1,fake,grid_majority
sd35_fp4,CLIP-D,grid_majority,/media/CrispyMcMarkInc/fake-images-img2img/00061_sd35_fp4_seed184_s30_g3.5_str0.3.png,real,0.0,0.25014328956604,1,fake,grid_majority
sd35_fp8,CLIP-D,grid_majority,/media/CrispyMcMarkInc/fake-images-img2img/00079_sd35_fp8_seed202_s30_g3.5_str0.3.png,real,0.0,0.2389166355133056,1,fake,grid_majority
sd15_fp4,CLIP-D,grid_majority,/media/CrispyMcMarkInc/fake-images-img2img/00022_sd15_fp4_seed145_s30_g3.5_str0.3.png,real,0.0,0.2506923675537109,1,fake,grid_majority
sd15_fp4,CLIP-D,grid_majority,/media/CrispyMcMarkInc/fake-images-img2img/00044_sd15_fp4_seed167_s30_g3.5_str0.3.png,fake,1.0,0.2526135444641113,1,fake,grid_majority
sd3_fp16,CLIP-D,grid_majority,/media/CrispyMcMarkInc/fake-images-img2img/00045_sd3_fp16_seed168_s30_g3.5_str0.3.png,real,0.0,0.2413406372070312,1,fake,grid_majority
sd15_fp8,CLIP-D,grid_majority,/media/CrispyMcMarkInc/fake-images-img2img/00036_sd15_fp8_seed159_s30_g3.5_str0.3.png,fake,1.0,0.2318482398986816,1,fake,grid_majority
sd3_fp16,CLIP-D,grid_majority,/media/CrispyMcMarkInc/fake-images-img2img/00047_sd3_fp16_seed170_s30_g3.5_str0.3.png,fake,1.0,0.2269036769866943,1,fake,grid_majority
sd15_fp16,CLIP-D,grid_majority,/media/CrispyMcMarkInc/fake-images-img2img/00027_sd15_fp16_seed150_s30_g3.5_str0.3.png,fake,1.0,0.2319526672363281,1,fake,grid_majority
sd3_fp4,CLIP-D,grid_majority,/media/CrispyMcMarkInc/fake-images-img2img/00061_sd3_fp4_seed184_s30_g3.5_str0.3.png,real,0.0,0.2339870929718017,1,fake,grid_majority
sd15_fp16,CLIP-D,grid_majority,/media/CrispyMcMarkInc/fake-images-img2img/00036_sd15_fp16_seed159_s30_g3.5_str0.3.png,fake,1.0,0.2364921569824218,1,fake,grid_majority
sd3_fp4,CLIP-D,grid_majority,/media/CrispyMcMarkInc/fake-images-img2img/00057_sd3_fp4_seed180_s30_g3.5_str0.3.png,real,0.0,0.3191890716552734,1,fake,grid_majority
sd35_fp8,CLIP-D,grid_majority,/media/CrispyMcMarkInc/fake-images-img2img/00006_sd35_fp8_seed129_s30_g3.5_str0.3.png,real,0.0,0.2343142032623291,1,fake,grid_majority
sd35_fp16,CLIP-D,grid_majority,/media/CrispyMcMarkInc/fake-images-img2img/00079_sd35_fp16_seed202_s30_g3.5_str0.3.png,real,0.0,0.2230620384216308,1,fake,grid_majority
sd15_fp4,CLIP-D,grid_majority,/media/CrispyMcMarkInc/fake-images-img2img/00000_sd15_fp4_seed123_s30_g3.5_str0.3.png,fake,1.0,0.252859354019165,1,fake,grid_majority
sd35_fp16,CLIP-D,grid_majority,/media/CrispyMcMarkInc/fake-images-img2img/00016_sd35_fp16_seed139_s30_g3.5_str0.3.png,real,0.0,0.2427680492401123,1,fake,grid_majority
sd15_fp4,CLIP-D,grid_majority,/media/CrispyMcMarkInc/fake-images-img2img/00045_sd15_fp4_seed168_s30_g3.5_str0.3.png,real,0.0,0.2407629489898681,1,fake,grid_majority
sd35_fp8,CLIP-D,grid_majority,/media/CrispyMcMarkInc/fake-images-img2img/00033_sd35_fp8_seed156_s30_g3.5_str0.3.png,fake,1.0,0.2341964244842529,1,fake,grid_majority
sd35_fp16,CLIP-D,grid_majority,/media/CrispyMcMarkInc/fake-images-img2img/00043_sd35_fp16_seed166_s30_g3.5_str0.3.png,fake,1.0,0.249387502670288,1,fake,grid_majority
sd35_fp16,CLIP-D,grid_majority,/media/CrispyMcMarkInc/fake-images-img2img/00092_sd35_fp16_seed215_s30_g3.5_str0.3.png,real,0.0,0.2410118579864502,1,fake,grid_majority
sd3_fp16,CLIP-D,grid_majority,/media/CrispyMcMarkInc/fake-images-img2img/00076_sd3_fp16_seed199_s30_g3.5_str0.3.png,real,0.0,0.3130972385406494,1,fake,grid_majority
sd15_fp8,CLIP-D,grid_majority,/media/CrispyMcMarkInc/fake-images-img2img/00006_sd15_fp8_seed129_s30_g3.5_str0.3.png,real,0.0,0.2451162338256836,1,fake,grid_majority
sd35_fp16,CLIP-D,grid_majority,/media/CrispyMcMarkInc/fake-images-img2img/00074_sd35_fp16_seed197_s30_g3.5_str0.3.png,fake,1.0,0.2369985580444336,1,fake,grid_majority
sd15_fp4,CLIP-D,grid_majority,/media/CrispyMcMarkInc/fake-images-img2img/00018_sd15_fp4_seed141_s30_g3.5_str0.3.png,real,0.0,0.2316768169403076,1,fake,grid_majority
sd15_fp8,CLIP-D,grid_majority,/media/CrispyMcMarkInc/fake-images-img2img/00056_sd15_fp8_seed179_s30_g3.5_str0.3.png,fake,1.0,0.2271859645843505,1,fake,grid_majority
sd15_fp16,CLIP-D,grid_majority,/media/CrispyMcMarkInc/fake-images-img2img/00017_sd15_fp16_seed140_s30_g3.5_str0.3.png,real,0.0,0.2551484107971191,1,fake,grid_majority
sd35_fp4,CLIP-D,grid_majority,/media/CrispyMcMarkInc/fake-images-img2img/00091_sd35_fp4_seed214_s30_g3.5_str0.3.png,fake,1.0,0.2440977096557617,1,fake,grid_majority
sd3_fp16,CLIP-D,grid_majority,/media/CrispyMcMarkInc/fake-images-img2img/00067_sd3_fp16_seed190_s30_g3.5_str0.3.png,real,0.0,0.251688003540039,1,fake,grid_majority
sd3_fp16,CLIP-D,grid_majority,/media/CrispyMcMarkInc/fake-images-img2img/00058_sd3_fp16_seed181_s30_g3.5_str0.3.png,fake,1.0,0.2448561191558838,1,fake,grid_majority
sd35_fp8,CLIP-D,grid_majority,/media/CrispyMcMarkInc/fake-images-img2img/00092_sd35_fp8_seed215_s30_g3.5_str0.3.png,real,0.0,0.2895681858062744,1,fake,grid_majority
sd3_fp8,CLIP-D,grid_majority,/media/CrispyMcMarkInc/fake-images-img2img/00065_sd3_fp8_seed188_s30_g3.5_str0.3.png,real,0.0,0.3294451236724853,1,fake,grid_majority
sd35_fp16,CLIP-D,grid_majority,/media/CrispyMcMarkInc/fake-images-img2img/00088_sd35_fp16_seed211_s30_g3.5_str0.3.png,real,0.0,0.2193777561187744,1,fake,grid_majority
sd15_fp16,CLIP-D,grid_majority,/media/CrispyMcMarkInc/fake-images-img2img/00011_sd15_fp16_seed134_s30_g3.5_str0.3.png,real,0.0,0.2309968471527099,1,fake,grid_majority
sd35_fp4,CLIP-D,grid_majority,/media/CrispyMcMarkInc/fake-images-img2img/00046_sd35_fp4_seed169_s30_g3.5_str0.3.png,real,0.0,0.2421066761016845,1,fake,grid_majority
sd35_fp8,CLIP-D,grid_majority,/media/CrispyMcMarkInc/fake-images-img2img/00031_sd35_fp8_seed154_s30_g3.5_str0.3.png,fake,1.0,0.2423856258392334,1,fake,grid_majority
sd35_fp4,CLIP-D,grid_majority,/media/CrispyMcMarkInc/fake-images-img2img/00007_sd35_fp4_seed130_s30_g3.5_str0.3.png,real,0.0,0.2329185009002685,1,fake,grid_majority
sd3_fp8,CLIP-D,grid_majority,/media/CrispyMcMarkInc/fake-images-img2img/00030_sd3_fp8_seed153_s30_g3.5_str0.3.png,fake,1.0,0.2293264865875244,1,fake,grid_majority
sd15_fp16,CLIP-D,grid_majority,/media/CrispyMcMarkInc/fake-images-img2img/00014_sd15_fp16_seed137_s30_g3.5_str0.3.png,fake,1.0,0.2245197296142578,1,fake,grid_majority
sd15_fp16,CLIP-D,grid_majority,/media/CrispyMcMarkInc/fake-images-img2img/00042_sd15_fp16_seed165_s30_g3.5_str0.3.png,real,0.0,0.251950740814209,1,fake,grid_majority
sd15_fp8,CLIP-D,grid_majority,/media/CrispyMcMarkInc/fake-images-img2img/00024_sd15_fp8_seed147_s30_g3.5_str0.3.png,real,0.0,0.3096675872802734,1,fake,grid_majority
sd3_fp4,CLIP-D,grid_majority,/media/CrispyMcMarkInc/fake-images-img2img/00068_sd3_fp4_seed191_s30_g3.5_str0.3.png,fake,1.0,0.239797830581665,1,fake,grid_majority
sd35_fp16,CLIP-D,grid_majority,/media/CrispyMcMarkInc/fake-images-img2img/00090_sd35_fp16_seed213_s30_g3.5_str0.3.png,real,0.0,0.2402596473693847,1,fake,grid_majority
sd3_fp16,CLIP-D,grid_majority,/media/CrispyMcMarkInc/fake-images-img2img/00017_sd3_fp16_seed140_s30_g3.5_str0.3.png,real,0.0,0.2443494796752929,1,fake,grid_majority
sd3_fp4,CLIP-D,grid_majority,/media/CrispyMcMarkInc/fake-images-img2img/00078_sd3_fp4_seed201_s30_g3.5_str0.3.png,fake,1.0,0.252371072769165,1,fake,grid_majority
sd3_fp4,CLIP-D,grid_majority,/media/CrispyMcMarkInc/fake-images-img2img/00089_sd3_fp4_seed212_s30_g3.5_str0.3.png,real,0.0,0.2349791526794433,1,fake,grid_majority
sd15_fp8,CLIP-D,grid_majority,/media/CrispyMcMarkInc/fake-images-img2img/00042_sd15_fp8_seed165_s30_g3.5_str0.3.png,real,0.0,0.3214547634124756,1,fake,grid_majority
sd3_fp8,CLIP-D,grid_majority,/media/CrispyMcMarkInc/fake-images-img2img/00001_sd3_fp8_seed124_s30_g3.5_str0.3.png,fake,1.0,0.244014024734497,1,fake,grid_majority
sd35_fp16,CLIP-D,grid_majority,/media/CrispyMcMarkInc/fake-images-img2img/00037_sd35_fp16_seed160_s30_g3.5_str0.3.png,real,0.0,0.2501800060272217,1,fake,grid_majority
sd3_fp4,CLIP-D,grid_majority,/media/CrispyMcMarkInc/fake-images-img2img/00039_sd3_fp4_seed162_s30_g3.5_str0.3.png,fake,1.0,0.2417302131652832,1,fake,grid_majority
sd15_fp8,CLIP-D,grid_majority,/media/CrispyMcMarkInc/fake-images-img2img/00077_sd15_fp8_seed200_s30_g3.5_str0.3.png,fake,1.0,0.242241621017456,1,fake,grid_majority
sd15_fp4,CLIP-D,grid_majority,/media/CrispyMcMarkInc/fake-images-img2img/00032_sd15_fp4_seed155_s30_g3.5_str0.3.png,fake,1.0,0.240502119064331,1,fake,grid_majority
sd3_fp4,CLIP-D,grid_majority,/media/CrispyMcMarkInc/fake-images-img2img/00069_sd3_fp4_seed192_s30_g3.5_str0.3.png,fake,1.0,0.2535693645477295,1,fake,grid_majority
sd3_fp16,CLIP-D,grid_majority,/media/CrispyMcMarkInc/fake-images-img2img/00024_sd3_fp16_seed147_s30_g3.5_str0.3.png,real,0.0,0.2551522254943847,1,fake,grid_majority
sd3_fp4,CLIP-D,grid_majority,/media/CrispyMcMarkInc/fake-images-img2img/00012_sd3_fp4_seed135_s30_g3.5_str0.3.png,real,0.0,0.2553548812866211,1,fake,grid_majority
sd35_fp16,CLIP-D,grid_majority,/media/CrispyMcMarkInc/fake-images-img2img/00066_sd35_fp16_seed189_s30_g3.5_str0.3.png,real,0.0,0.2277803421020507,1,fake,grid_majority
sd15_fp16,CLIP-D,grid_majority,/media/CrispyMcMarkInc/fake-images-img2img/00023_sd15_fp16_seed146_s30_g3.5_str0.3.png,fake,1.0,0.2511460781097412,1,fake,grid_majority
sd35_fp8,CLIP-D,grid_majority,/media/CrispyMcMarkInc/fake-images-img2img/00098_sd35_fp8_seed221_s30_g3.5_str0.3.png,real,0.0,0.2406642436981201,1,fake,grid_majority
sd3_fp16,CLIP-D,grid_majority,/media/CrispyMcMarkInc/fake-images-img2img/00086_sd3_fp16_seed209_s30_g3.5_str0.3.png,fake,1.0,0.2643194198608398,1,fake,grid_majority
sd35_fp8,CLIP-D,grid_majority,/media/CrispyMcMarkInc/fake-images-img2img/00067_sd35_fp8_seed190_s30_g3.5_str0.3.png,real,0.0,0.2293963432312011,1,fake,grid_majority
sd35_fp8,CLIP-D,grid_majority,/media/CrispyMcMarkInc/fake-images-img2img/00055_sd35_fp8_seed178_s30_g3.5_str0.3.png,fake,1.0,0.2477402687072754,1,fake,grid_majority
sd15_fp8,CLIP-D,grid_majority,/media/CrispyMcMarkInc/fake-images-img2img/00001_sd15_fp8_seed124_s30_g3.5_str0.3.png,fake,1.0,0.2426896095275879,1,fake,grid_majority
sd35_fp4,CLIP-D,grid_majority,/media/CrispyMcMarkInc/fake-images-img2img/00071_sd35_fp4_seed194_s30_g3.5_str0.3.png,real,0.0,0.2676198482513428,1,fake,grid_majority
sd3_fp8,CLIP-D,grid_majority,/media/CrispyMcMarkInc/fake-images-img2img/00070_sd3_fp8_seed193_s30_g3.5_str0.3.png,real,0.0,0.2384397983551025,1,fake,grid_majority
sd3_fp4,CLIP-D,grid_majority,/media/CrispyMcMarkInc/fake-images-img2img/00034_sd3_fp4_seed157_s30_g3.5_str0.3.png,fake,1.0,0.2591931819915771,1,fake,grid_majority
sd15_fp8,CLIP-D,grid_majority,/media/CrispyMcMarkInc/fake-images-img2img/00051_sd15_fp8_seed174_s30_g3.5_str0.3.png,real,0.0,0.2539541721343994,1,fake,grid_majority
sd15_fp8,CLIP-D,grid_majority,/media/CrispyMcMarkInc/fake-images-img2img/00019_sd15_fp8_seed142_s30_g3.5_str0.3.png,fake,1.0,0.2547008991241455,1,fake,grid_majority
sd15_fp8,CLIP-D,grid_majority,/media/CrispyMcMarkInc/fake-images-img2img/00059_sd15_fp8_seed182_s30_g3.5_str0.3.png,real,0.0,0.2563855648040771,1,fake,grid_majority
sd3_fp16,CLIP-D,grid_majority,/media/CrispyMcMarkInc/fake-images-img2img/00055_sd3_fp16_seed178_s30_g3.5_str0.3.png,real,0.0,0.2386248111724853,1,fake,grid_majority
sd3_fp16,CLIP-D,grid_majority,/media/CrispyMcMarkInc/fake-images-img2img/00093_sd3_fp16_seed216_s30_g3.5_str0.3.png,fake,1.0,0.2442672252655029,1,fake,grid_majority
sd35_fp16,CLIP-D,grid_majority,/media/CrispyMcMarkInc/fake-images-img2img/00026_sd35_fp16_seed149_s30_g3.5_str0.3.png,real,0.0,0.255504846572876,1,fake,grid_majority
sd15_fp4,CLIP-D,grid_majority,/media/CrispyMcMarkInc/fake-images-img2img/00095_sd15_fp4_seed218_s30_g3.5_str0.3.png,fake,1.0,0.2408068180084228,1,fake,grid_majority
sd3_fp4,CLIP-D,grid_majority,/media/CrispyMcMarkInc/fake-images-img2img/00075_sd3_fp4_seed198_s30_g3.5_str0.3.png,fake,1.0,0.2426803112030029,1,fake,grid_majority
sd3_fp16,CLIP-D,grid_majority,/media/CrispyMcMarkInc/fake-images-img2img/00009_sd3_fp16_seed132_s30_g3.5_str0.3.png,real,0.0,0.2516465187072754,1,fake,grid_majority
sd15_fp8,CLIP-D,grid_majority,/media/CrispyMcMarkInc/fake-images-img2img/00082_sd15_fp8_seed205_s30_g3.5_str0.3.png,fake,1.0,0.2302441596984863,1,fake,grid_majority
sd3_fp16,CLIP-D,grid_majority,/media/CrispyMcMarkInc/fake-images-img2img/00029_sd3_fp16_seed152_s30_g3.5_str0.3.png,fake,1.0,0.2447671890258789,1,fake,grid_majority
sd15_fp16,CLIP-D,grid_majority,/media/CrispyMcMarkInc/fake-images-img2img/00075_sd15_fp16_seed198_s30_g3.5_str0.3.png,real,0.0,0.2473902702331543,1,fake,grid_majority
sd15_fp8,CLIP-D,grid_majority,/media/CrispyMcMarkInc/fake-images-img2img/00071_sd15_fp8_seed194_s30_g3.5_str0.3.png,fake,1.0,0.2534687519073486,1,fake,grid_majority
sd3_fp16,CLIP-D,grid_majority,/media/CrispyMcMarkInc/fake-images-img2img/00060_sd3_fp16_seed183_s30_g3.5_str0.3.png,real,0.0,0.3131642341613769,1,fake,grid_majority
sd35_fp16,CLIP-D,grid_majority,/media/CrispyMcMarkInc/fake-images-img2img/00008_sd35_fp16_seed131_s30_g3.5_str0.3.png,real,0.0,0.3324043750762939,1,fake,grid_majority
sd15_fp16,CLIP-D,grid_majority,/media/CrispyMcMarkInc/fake-images-img2img/00089_sd15_fp16_seed212_s30_g3.5_str0.3.png,real,0.0,0.2525537014007568,1,fake,grid_majority
sd35_fp8,CLIP-D,grid_majority,/media/CrispyMcMarkInc/fake-images-img2img/00061_sd35_fp8_seed184_s30_g3.5_str0.3.png,real,0.0,0.3240718841552734,1,fake,grid_majority
sd15_fp4,CLIP-D,grid_majority,/media/CrispyMcMarkInc/fake-images-img2img/00008_sd15_fp4_seed131_s30_g3.5_str0.3.png,real,0.0,0.345292329788208,1,fake,grid_majority
sd35_fp4,CLIP-D,grid_majority,/media/CrispyMcMarkInc/fake-images-img2img/00055_sd35_fp4_seed178_s30_g3.5_str0.3.png,fake,1.0,0.3184361457824707,1,fake,grid_majority
sd3_fp8,CLIP-D,grid_majority,/media/CrispyMcMarkInc/fake-images-img2img/00060_sd3_fp8_seed183_s30_g3.5_str0.3.png,real,0.0,0.3188443183898926,1,fake,grid_majority
sd35_fp4,CLIP-D,grid_majority,/media/CrispyMcMarkInc/fake-images-img2img/00097_sd35_fp4_seed220_s30_g3.5_str0.3.png,fake,1.0,0.3432462215423584,1,fake,grid_majority
sd3_fp4,CLIP-D,grid_majority,/media/CrispyMcMarkInc/fake-images-img2img/00058_sd3_fp4_seed181_s30_g3.5_str0.3.png,fake,1.0,0.2326745986938476,1,fake,grid_majority
sd3_fp16,CLIP-D,grid_majority,/media/CrispyMcMarkInc/fake-images-img2img/00016_sd3_fp16_seed139_s30_g3.5_str0.3.png,real,0.0,0.243382453918457,1,fake,grid_majority
sd15_fp8,CLIP-D,grid_majority,/media/CrispyMcMarkInc/fake-images-img2img/00050_sd15_fp8_seed173_s30_g3.5_str0.3.png,fake,1.0,0.2082364559173584,1,fake,grid_majority
sd15_fp8,CLIP-D,grid_majority,/media/CrispyMcMarkInc/fake-images-img2img/00076_sd15_fp8_seed199_s30_g3.5_str0.3.png,real,0.0,0.2326948642730713,1,fake,grid_majority
sd3_fp4,CLIP-D,grid_majority,/media/CrispyMcMarkInc/fake-images-img2img/00014_sd3_fp4_seed137_s30_g3.5_str0.3.png,real,0.0,0.2270374298095703,1,fake,grid_majority
sd35_fp4,CLIP-D,grid_majority,/media/CrispyMcMarkInc/fake-images-img2img/00042_sd35_fp4_seed165_s30_g3.5_str0.3.png,real,0.0,0.2499713897705078,1,fake,grid_majority
sd35_fp4,CLIP-D,grid_majority,/media/CrispyMcMarkInc/fake-images-img2img/00074_sd35_fp4_seed197_s30_g3.5_str0.3.png,real,0.0,0.2378156185150146,1,fake,grid_majority
sd15_fp8,CLIP-D,grid_majority,/media/CrispyMcMarkInc/fake-images-img2img/00013_sd15_fp8_seed136_s30_g3.5_str0.3.png,real,0.0,0.2408554553985595,1,fake,grid_majority
sd35_fp8,CLIP-D,grid_majority,/media/CrispyMcMarkInc/fake-images-img2img/00026_sd35_fp8_seed149_s30_g3.5_str0.3.png,real,0.0,0.2527463436126709,1,fake,grid_majority
sd35_fp16,CLIP-D,grid_majority,/media/CrispyMcMarkInc/fake-images-img2img/00002_sd35_fp16_seed125_s30_g3.5_str0.3.png,real,0.0,0.2539985179901123,1,fake,grid_majority
sd35_fp8,CLIP-D,grid_majority,/media/CrispyMcMarkInc/fake-images-img2img/00024_sd35_fp8_seed147_s30_g3.5_str0.3.png,fake,1.0,0.2526814937591553,1,fake,grid_majority
sd35_fp4,CLIP-D,grid_majority,/media/CrispyMcMarkInc/fake-images-img2img/00038_sd35_fp4_seed161_s30_g3.5_str0.3.png,real,0.0,0.2404558658599853,1,fake,grid_majority
sd15_fp16,CLIP-D,grid_majority,/media/CrispyMcMarkInc/fake-images-img2img/00095_sd15_fp16_seed218_s30_g3.5_str0.3.png,fake,1.0,0.2307074069976806,1,fake,grid_majority
sd3_fp16,CLIP-D,grid_majority,/media/CrispyMcMarkInc/fake-images-img2img/00080_sd3_fp16_seed203_s30_g3.5_str0.3.png,real,0.0,0.2477979660034179,1,fake,grid_majority
sd15_fp4,CLIP-D,grid_majority,/media/CrispyMcMarkInc/fake-images-img2img/00088_sd15_fp4_seed211_s30_g3.5_str0.3.png,fake,1.0,0.2591574192047119,1,fake,grid_majority
sd35_fp8,CLIP-D,grid_majority,/media/CrispyMcMarkInc/fake-images-img2img/00022_sd35_fp8_seed145_s30_g3.5_str0.3.png,real,0.0,0.2404665946960449,1,fake,grid_majority
sd15_fp16,CLIP-D,grid_majority,/media/CrispyMcMarkInc/fake-images-img2img/00021_sd15_fp16_seed144_s30_g3.5_str0.3.png,real,0.0,0.2394993305206298,1,fake,grid_majority
sd35_fp4,CLIP-D,grid_majority,/media/CrispyMcMarkInc/fake-images-img2img/00009_sd35_fp4_seed132_s30_g3.5_str0.3.png,real,0.0,0.249058723449707,1,fake,grid_majority
sd3_fp16,CLIP-D,grid_majority,/media/CrispyMcMarkInc/fake-images-img2img/00063_sd3_fp16_seed186_s30_g3.5_str0.3.png,fake,1.0,0.3142035007476806,1,fake,grid_majority
sd15_fp4,CLIP-D,grid_majority,/media/CrispyMcMarkInc/fake-images-img2img/00043_sd15_fp4_seed166_s30_g3.5_str0.3.png,fake,1.0,0.2220101356506347,1,fake,grid_majority
sd35_fp16,CLIP-D,grid_majority,/media/CrispyMcMarkInc/fake-images-img2img/00038_sd35_fp16_seed161_s30_g3.5_str0.3.png,real,0.0,0.2421214580535888,1,fake,grid_majority
sd15_fp8,CLIP-D,grid_majority,/media/CrispyMcMarkInc/fake-images-img2img/00010_sd15_fp8_seed133_s30_g3.5_str0.3.png,fake,1.0,0.2546417713165283,1,fake,grid_majority
sd3_fp8,CLIP-D,grid_majority,/media/CrispyMcMarkInc/fake-images-img2img/00083_sd3_fp8_seed206_s30_g3.5_str0.3.png,fake,1.0,0.2450425624847412,1,fake,grid_majority
sd35_fp4,CLIP-D,grid_majority,/media/CrispyMcMarkInc/fake-images-img2img/00011_sd35_fp4_seed134_s30_g3.5_str0.3.png,real,0.0,0.2296392917633056,1,fake,grid_majority
sd3_fp8,CLIP-D,grid_majority,/media/CrispyMcMarkInc/fake-images-img2img/00099_sd3_fp8_seed222_s30_g3.5_str0.3.png,real,0.0,0.2275698184967041,1,fake,grid_majority
sd3_fp8,CLIP-D,grid_majority,/media/CrispyMcMarkInc/fake-images-img2img/00088_sd3_fp8_seed211_s30_g3.5_str0.3.png,real,0.0,0.2319154739379882,1,fake,grid_majority
sd35_fp8,CLIP-D,grid_majority,/media/CrispyMcMarkInc/fake-images-img2img/00096_sd35_fp8_seed219_s30_g3.5_str0.3.png,real,0.0,0.2379446029663086,1,fake,grid_majority
sd15_fp8,CLIP-D,grid_majority,/media/CrispyMcMarkInc/fake-images-img2img/00037_sd15_fp8_seed160_s30_g3.5_str0.3.png,fake,1.0,0.2318658828735351,1,fake,grid_majority
sd3_fp16,CLIP-D,grid_majority,/media/CrispyMcMarkInc/fake-images-img2img/00023_sd3_fp16_seed146_s30_g3.5_str0.3.png,real,0.0,0.2285230159759521,1,fake,grid_majority
sd35_fp8,CLIP-D,grid_majority,/media/CrispyMcMarkInc/fake-images-img2img/00023_sd35_fp8_seed146_s30_g3.5_str0.3.png,real,0.0,0.2288448810577392,1,fake,grid_majority
sd35_fp16,CLIP-D,grid_majority,/media/CrispyMcMarkInc/fake-images-img2img/00035_sd35_fp16_seed158_s30_g3.5_str0.3.png,real,0.0,0.2253711223602295,1,fake,grid_majority
sd3_fp8,CLIP-D,grid_majority,/media/CrispyMcMarkInc/fake-images-img2img/00056_sd3_fp8_seed179_s30_g3.5_str0.3.png,real,0.0,0.2425019741058349,1,fake,grid_majority
sd35_fp8,CLIP-D,grid_majority,/media/CrispyMcMarkInc/fake-images-img2img/00001_sd35_fp8_seed124_s30_g3.5_str0.3.png,fake,1.0,0.2457668781280517,1,fake,grid_majority
sd15_fp16,CLIP-D,grid_majority,/media/CrispyMcMarkInc/fake-images-img2img/00077_sd15_fp16_seed200_s30_g3.5_str0.3.png,fake,1.0,0.3043508529663086,1,fake,grid_majority
sd3_fp16,CLIP-D,grid_majority,/media/CrispyMcMarkInc/fake-images-img2img/00040_sd3_fp16_seed163_s30_g3.5_str0.3.png,fake,1.0,0.2436869144439697,1,fake,grid_majority
sd35_fp16,CLIP-D,grid_majority,/media/CrispyMcMarkInc/fake-images-img2img/00042_sd35_fp16_seed165_s30_g3.5_str0.3.png,real,0.0,0.2331094741821289,1,fake,grid_majority
sd15_fp16,CLIP-D,grid_majority,/media/CrispyMcMarkInc/fake-images-img2img/00071_sd15_fp16_seed194_s30_g3.5_str0.3.png,real,0.0,0.2566852569580078,1,fake,grid_majority
sd3_fp4,CLIP-D,grid_majority,/media/CrispyMcMarkInc/fake-images-img2img/00013_sd3_fp4_seed136_s30_g3.5_str0.3.png,fake,1.0,0.2475156784057617,1,fake,grid_majority
sd35_fp4,CLIP-D,grid_majority,/media/CrispyMcMarkInc/fake-images-img2img/00017_sd35_fp4_seed140_s30_g3.5_str0.3.png,real,0.0,0.2320804595947265,1,fake,grid_majority
sd15_fp4,CLIP-D,grid_majority,/media/CrispyMcMarkInc/fake-images-img2img/00079_sd15_fp4_seed202_s30_g3.5_str0.3.png,fake,1.0,0.2405915260314941,1,fake,grid_majority
sd35_fp4,CLIP-D,grid_majority,/media/CrispyMcMarkInc/fake-images-img2img/00062_sd35_fp4_seed185_s30_g3.5_str0.3.png,fake,1.0,0.2390978336334228,1,fake,grid_majority
sd15_fp16,CLIP-D,grid_majority,/media/CrispyMcMarkInc/fake-images-img2img/00003_sd15_fp16_seed126_s30_g3.5_str0.3.png,fake,1.0,0.2489271163940429,1,fake,grid_majority
sd15_fp4,CLIP-D,grid_majority,/media/CrispyMcMarkInc/fake-images-img2img/00070_sd15_fp4_seed193_s30_g3.5_str0.3.png,real,0.0,0.2453408241271972,1,fake,grid_majority
sd35_fp16,CLIP-D,grid_majority,/media/CrispyMcMarkInc/fake-images-img2img/00057_sd35_fp16_seed180_s30_g3.5_str0.3.png,real,0.0,0.2375102043151855,1,fake,grid_majority
sd3_fp16,CLIP-D,grid_majority,/media/CrispyMcMarkInc/fake-images-img2img/00013_sd3_fp16_seed136_s30_g3.5_str0.3.png,real,0.0,0.2420475482940673,1,fake,grid_majority
sd15_fp8,CLIP-D,grid_majority,/media/CrispyMcMarkInc/fake-images-img2img/00099_sd15_fp8_seed222_s30_g3.5_str0.3.png,real,0.0,0.2566099166870117,1,fake,grid_majority
sd35_fp16,CLIP-D,grid_majority,/media/CrispyMcMarkInc/fake-images-img2img/00045_sd35_fp16_seed168_s30_g3.5_str0.3.png,real,0.0,0.2428433895111084,1,fake,grid_majority
sd15_fp16,CLIP-D,grid_majority,/media/CrispyMcMarkInc/fake-images-img2img/00069_sd15_fp16_seed192_s30_g3.5_str0.3.png,real,0.0,0.2548673152923584,1,fake,grid_majority
sd35_fp4,CLIP-D,grid_majority,/media/CrispyMcMarkInc/fake-images-img2img/00026_sd35_fp4_seed149_s30_g3.5_str0.3.png,real,0.0,0.2344675064086914,1,fake,grid_majority
sd15_fp16,CLIP-D,grid_majority,/media/CrispyMcMarkInc/fake-images-img2img/00025_sd15_fp16_seed148_s30_g3.5_str0.3.png,real,0.0,0.2206089496612548,1,fake,grid_majority
sd3_fp8,CLIP-D,grid_majority,/media/CrispyMcMarkInc/fake-images-img2img/00063_sd3_fp8_seed186_s30_g3.5_str0.3.png,fake,1.0,0.2160773277282714,1,fake,grid_majority
sd35_fp16,CLIP-D,grid_majority,/media/CrispyMcMarkInc/fake-images-img2img/00098_sd35_fp16_seed221_s30_g3.5_str0.3.png,real,0.0,0.2283391952514648,1,fake,grid_majority
sd3_fp16,CLIP-D,grid_majority,/media/CrispyMcMarkInc/fake-images-img2img/00014_sd3_fp16_seed137_s30_g3.5_str0.3.png,real,0.0,0.2983412742614746,1,fake,grid_majority
sd15_fp4,CLIP-D,grid_majority,/media/CrispyMcMarkInc/fake-images-img2img/00085_sd15_fp4_seed208_s30_g3.5_str0.3.png,real,0.0,0.230421781539917,1,fake,grid_majority
sd3_fp16,CLIP-D,grid_majority,/media/CrispyMcMarkInc/fake-images-img2img/00051_sd3_fp16_seed174_s30_g3.5_str0.3.png,fake,1.0,0.2357208728790283,1,fake,grid_majority
sd35_fp16,CLIP-D,grid_majority,/media/CrispyMcMarkInc/fake-images-img2img/00051_sd35_fp16_seed174_s30_g3.5_str0.3.png,fake,1.0,0.2515130043029785,1,fake,grid_majority
sd35_fp8,CLIP-D,grid_majority,/media/CrispyMcMarkInc/fake-images-img2img/00010_sd35_fp8_seed133_s30_g3.5_str0.3.png,fake,1.0,0.2676804065704345,1,fake,grid_majority
sd35_fp8,CLIP-D,grid_majority,/media/CrispyMcMarkInc/fake-images-img2img/00075_sd35_fp8_seed198_s30_g3.5_str0.3.png,real,0.0,0.2360951900482177,1,fake,grid_majority
sd15_fp4,CLIP-D,grid_majority,/media/CrispyMcMarkInc/fake-images-img2img/00026_sd15_fp4_seed149_s30_g3.5_str0.3.png,real,0.0,0.2524838447570801,1,fake,grid_majority
sd15_fp8,CLIP-D,grid_majority,/media/CrispyMcMarkInc/fake-images-img2img/00075_sd15_fp8_seed198_s30_g3.5_str0.3.png,real,0.0,0.2516016960144043,1,fake,grid_majority
sd3_fp4,CLIP-D,grid_majority,/media/CrispyMcMarkInc/fake-images-img2img/00063_sd3_fp4_seed186_s30_g3.5_str0.3.png,fake,1.0,0.2514362335205078,1,fake,grid_majority
sd15_fp16,CLIP-D,grid_majority,/media/CrispyMcMarkInc/fake-images-img2img/00033_sd15_fp16_seed156_s30_g3.5_str0.3.png,fake,1.0,0.2203128337860107,1,fake,grid_majority
sd15_fp16,CLIP-D,grid_majority,/media/CrispyMcMarkInc/fake-images-img2img/00098_sd15_fp16_seed221_s30_g3.5_str0.3.png,real,0.0,0.2211487293243408,1,fake,grid_majority
sd15_fp16,CLIP-D,grid_majority,/media/CrispyMcMarkInc/fake-images-img2img/00052_sd15_fp16_seed175_s30_g3.5_str0.3.png,real,0.0,0.3129734992980957,1,fake,grid_majority
sd3_fp8,CLIP-D,grid_majority,/media/CrispyMcMarkInc/fake-images-img2img/00086_sd3_fp8_seed209_s30_g3.5_str0.3.png,fake,1.0,0.2458229064941406,1,fake,grid_majority
sd35_fp8,CLIP-D,grid_majority,/media/CrispyMcMarkInc/fake-images-img2img/00008_sd35_fp8_seed131_s30_g3.5_str0.3.png,real,0.0,0.2503242492675781,1,fake,grid_majority
sd15_fp4,CLIP-D,grid_majority,/media/CrispyMcMarkInc/fake-images-img2img/00058_sd15_fp4_seed181_s30_g3.5_str0.3.png,real,0.0,0.2499501705169677,1,fake,grid_majority
sd35_fp8,CLIP-D,grid_majority,/media/CrispyMcMarkInc/fake-images-img2img/00035_sd35_fp8_seed158_s30_g3.5_str0.3.png,real,0.0,0.2326307296752929,1,fake,grid_majority
sd15_fp8,CLIP-D,grid_majority,/media/CrispyMcMarkInc/fake-images-img2img/00017_sd15_fp8_seed140_s30_g3.5_str0.3.png,real,0.0,0.25575852394104,1,fake,grid_majority
sd15_fp8,CLIP-D,grid_majority,/media/CrispyMcMarkInc/fake-images-img2img/00041_sd15_fp8_seed164_s30_g3.5_str0.3.png,real,0.0,0.2409033775329589,1,fake,grid_majority
sd35_fp4,CLIP-D,grid_majority,/media/CrispyMcMarkInc/fake-images-img2img/00032_sd35_fp4_seed155_s30_g3.5_str0.3.png,real,0.0,0.236804723739624,1,fake,grid_majority
sd35_fp16,CLIP-D,grid_majority,/media/CrispyMcMarkInc/fake-images-img2img/00061_sd35_fp16_seed184_s30_g3.5_str0.3.png,real,0.0,0.3193018436431885,1,fake,grid_majority
sd3_fp16,CLIP-D,grid_majority,/media/CrispyMcMarkInc/fake-images-img2img/00070_sd3_fp16_seed193_s30_g3.5_str0.3.png,real,0.0,0.3256733417510986,1,fake,grid_majority
sd15_fp16,CLIP-D,grid_majority,/media/CrispyMcMarkInc/fake-images-img2img/00013_sd15_fp16_seed136_s30_g3.5_str0.3.png,real,0.0,0.3404474258422851,1,fake,grid_majority
sd35_fp4,CLIP-D,grid_majority,/media/CrispyMcMarkInc/fake-images-img2img/00014_sd35_fp4_seed137_s30_g3.5_str0.3.png,fake,1.0,0.3307771682739258,1,fake,grid_majority
sd3_fp4,CLIP-D,grid_majority,/media/CrispyMcMarkInc/fake-images-img2img/00067_sd3_fp4_seed190_s30_g3.5_str0.3.png,fake,1.0,0.3243048191070556,1,fake,grid_majority
sd35_fp16,CLIP-D,grid_majority,/media/CrispyMcMarkInc/fake-images-img2img/00073_sd35_fp16_seed196_s30_g3.5_str0.3.png,fake,1.0,0.2652480602264404,1,fake,grid_majority
sd35_fp8,CLIP-D,grid_majority,/media/CrispyMcMarkInc/fake-images-img2img/00007_sd35_fp8_seed130_s30_g3.5_str0.3.png,real,0.0,0.3130619525909424,1,fake,grid_majority
sd15_fp8,CLIP-D,grid_majority,/media/CrispyMcMarkInc/fake-images-img2img/00038_sd15_fp8_seed161_s30_g3.5_str0.3.png,fake,1.0,0.3248898983001709,1,fake,grid_majority
sd15_fp4,CLIP-D,grid_majority,/media/CrispyMcMarkInc/fake-images-img2img/00090_sd15_fp4_seed213_s30_g3.5_str0.3.png,real,0.0,0.3337013721466064,1,fake,grid_majority
sd35_fp8,CLIP-D,grid_majority,/media/CrispyMcMarkInc/fake-images-img2img/00069_sd35_fp8_seed192_s30_g3.5_str0.3.png,fake,1.0,0.2405591011047363,1,fake,grid_majority
sd3_fp8,CLIP-D,grid_majority,/media/CrispyMcMarkInc/fake-images-img2img/00009_sd3_fp8_seed132_s30_g3.5_str0.3.png,real,0.0,0.2502889633178711,1,fake,grid_majority
sd15_fp16,CLIP-D,grid_majority,/media/CrispyMcMarkInc/fake-images-img2img/00082_sd15_fp16_seed205_s30_g3.5_str0.3.png,fake,1.0,0.2437214851379394,1,fake,grid_majority
sd35_fp8,CLIP-D,grid_majority,/media/CrispyMcMarkInc/fake-images-img2img/00063_sd35_fp8_seed186_s30_g3.5_str0.3.png,fake,1.0,0.2476723194122314,1,fake,grid_majority
sd35_fp4,CLIP-D,grid_majority,/media/CrispyMcMarkInc/fake-images-img2img/00049_sd35_fp4_seed172_s30_g3.5_str0.3.png,fake,1.0,0.2435584068298339,1,fake,grid_majority
sd15_fp4,CLIP-D,grid_majority,/media/CrispyMcMarkInc/fake-images-img2img/00048_sd15_fp4_seed171_s30_g3.5_str0.3.png,fake,1.0,0.3236579895019531,1,fake,grid_majority
sd3_fp16,CLIP-D,grid_majority,/media/CrispyMcMarkInc/fake-images-img2img/00071_sd3_fp16_seed194_s30_g3.5_str0.3.png,real,0.0,0.2532651424407959,1,fake,grid_majority
sd35_fp8,CLIP-D,grid_majority,/media/CrispyMcMarkInc/fake-images-img2img/00032_sd35_fp8_seed155_s30_g3.5_str0.3.png,real,0.0,0.2560467720031738,1,fake,grid_majority
sd35_fp4,CLIP-D,grid_majority,/media/CrispyMcMarkInc/fake-images-img2img/00022_sd35_fp4_seed145_s30_g3.5_str0.3.png,real,0.0,0.2440917491912841,1,fake,grid_majority
sd35_fp16,CLIP-D,grid_majority,/media/CrispyMcMarkInc/fake-images-img2img/00001_sd35_fp16_seed124_s30_g3.5_str0.3.png,fake,1.0,0.2280690670013427,1,fake,grid_majority
sd15_fp4,CLIP-D,grid_majority,/media/CrispyMcMarkInc/fake-images-img2img/00086_sd15_fp4_seed209_s30_g3.5_str0.3.png,fake,1.0,0.3327226638793945,1,fake,grid_majority
sd15_fp8,CLIP-D,grid_majority,/media/CrispyMcMarkInc/fake-images-img2img/00062_sd15_fp8_seed185_s30_g3.5_str0.3.png,real,0.0,0.2614455223083496,1,fake,grid_majority
sd3_fp4,CLIP-D,grid_majority,/media/CrispyMcMarkInc/fake-images-img2img/00004_sd3_fp4_seed127_s30_g3.5_str0.3.png,real,0.0,0.2393269538879394,1,fake,grid_majority
sd15_fp4,CLIP-D,grid_majority,/media/CrispyMcMarkInc/fake-images-img2img/00077_sd15_fp4_seed200_s30_g3.5_str0.3.png,fake,1.0,0.2390296459197998,1,fake,grid_majority
sd15_fp16,CLIP-D,grid_majority,/media/CrispyMcMarkInc/fake-images-img2img/00019_sd15_fp16_seed142_s30_g3.5_str0.3.png,fake,1.0,0.2411050796508789,1,fake,grid_majority
sd35_fp16,CLIP-D,grid_majority,/media/CrispyMcMarkInc/fake-images-img2img/00023_sd35_fp16_seed146_s30_g3.5_str0.3.png,real,0.0,0.2308731079101562,1,fake,grid_majority
sd3_fp4,CLIP-D,grid_majority,/media/CrispyMcMarkInc/fake-images-img2img/00071_sd3_fp4_seed194_s30_g3.5_str0.3.png,fake,1.0,0.3988637924194336,1,fake,grid_majority
sd35_fp16,CLIP-D,grid_majority,/media/CrispyMcMarkInc/fake-images-img2img/00007_sd35_fp16_seed130_s30_g3.5_str0.3.png,real,0.0,0.2375915050506591,1,fake,grid_majority
sd35_fp16,CLIP-D,grid_majority,/media/CrispyMcMarkInc/fake-images-img2img/00047_sd35_fp16_seed170_s30_g3.5_str0.3.png,fake,1.0,0.2027206420898437,1,fake,grid_majority
sd3_fp4,CLIP-D,grid_majority,/media/CrispyMcMarkInc/fake-images-img2img/00094_sd3_fp4_seed217_s30_g3.5_str0.3.png,fake,1.0,0.2040302753448486,1,fake,grid_majority
sd35_fp4,CLIP-D,grid_majority,/media/CrispyMcMarkInc/fake-images-img2img/00027_sd35_fp4_seed150_s30_g3.5_str0.3.png,fake,1.0,0.2032837867736816,1,fake,grid_majority
sd3_fp8,CLIP-D,grid_majority,/media/CrispyMcMarkInc/fake-images-img2img/00089_sd3_fp8_seed212_s30_g3.5_str0.3.png,real,0.0,0.2028834819793701,1,fake,grid_majority
sd3_fp8,CLIP-D,grid_majority,/media/CrispyMcMarkInc/fake-images-img2img/00097_sd3_fp8_seed220_s30_g3.5_str0.3.png,fake,1.0,0.2038888931274414,1,fake,grid_majority
sd35_fp16,CLIP-D,grid_majority,/media/CrispyMcMarkInc/fake-images-img2img/00069_sd35_fp16_seed192_s30_g3.5_str0.3.png,fake,1.0,0.2025859355926513,1,fake,grid_majority
sd3_fp16,CLIP-D,grid_majority,/media/CrispyMcMarkInc/fake-images-img2img/00097_sd3_fp16_seed220_s30_g3.5_str0.3.png,fake,1.0,0.203571081161499,1,fake,grid_majority
sd15_fp8,CLIP-D,grid_majority,/media/CrispyMcMarkInc/fake-images-img2img/00095_sd15_fp8_seed218_s30_g3.5_str0.3.png,fake,1.0,0.2036249637603759,1,fake,grid_majority
sd3_fp8,CLIP-D,grid_majority,/media/CrispyMcMarkInc/fake-images-img2img/00015_sd3_fp8_seed138_s30_g3.5_str0.3.png,real,0.0,0.2017638683319091,1,fake,grid_majority
sd3_fp16,CLIP-D,grid_majority,/media/CrispyMcMarkInc/fake-images-img2img/00064_sd3_fp16_seed187_s30_g3.5_str0.3.png,real,0.0,0.203779935836792,1,fake,grid_majority
sd35_fp16,CLIP-D,grid_majority,/media/CrispyMcMarkInc/fake-images-img2img/00097_sd35_fp16_seed220_s30_g3.5_str0.3.png,fake,1.0,0.1996588706970214,1,fake,grid_majority
sd15_fp16,CLIP-D,grid_majority,/media/CrispyMcMarkInc/fake-images-img2img/00031_sd15_fp16_seed154_s30_g3.5_str0.3.png,real,0.0,0.2010331153869629,1,fake,grid_majority
sd15_fp16,CLIP-D,grid_majority,/media/CrispyMcMarkInc/fake-images-img2img/00049_sd15_fp16_seed172_s30_g3.5_str0.3.png,fake,1.0,0.2370085716247558,1,fake,grid_majority
sd3_fp8,CLIP-D,grid_majority,/media/CrispyMcMarkInc/fake-images-img2img/00026_sd3_fp8_seed149_s30_g3.5_str0.3.png,real,0.0,0.2044546604156494,1,fake,grid_majority
sd35_fp16,CLIP-D,grid_majority,/media/CrispyMcMarkInc/fake-images-img2img/00021_sd35_fp16_seed144_s30_g3.5_str0.3.png,real,0.0,0.2372100353240966,1,fake,grid_majority
sd35_fp8,CLIP-D,grid_majority,/media/CrispyMcMarkInc/fake-images-img2img/00077_sd35_fp8_seed200_s30_g3.5_str0.3.png,fake,1.0,0.2059223651885986,1,fake,grid_majority
sd3_fp16,CLIP-D,grid_majority,/media/CrispyMcMarkInc/fake-images-img2img/00002_sd3_fp16_seed125_s30_g3.5_str0.3.png,real,0.0,0.2047178745269775,1,fake,grid_majority
sd15_fp8,CLIP-D,grid_majority,/media/CrispyMcMarkInc/fake-images-img2img/00083_sd15_fp8_seed206_s30_g3.5_str0.3.png,fake,1.0,0.2290544509887695,1,fake,grid_majority
sd3_fp8,CLIP-D,grid_majority,/media/CrispyMcMarkInc/fake-images-img2img/00038_sd3_fp8_seed161_s30_g3.5_str0.3.png,real,0.0,0.2205162048339843,1,fake,grid_majority
sd15_fp4,CLIP-D,grid_majority,/media/CrispyMcMarkInc/fake-images-img2img/00098_sd15_fp4_seed221_s30_g3.5_str0.3.png,real,0.0,0.2216484546661377,1,fake,grid_majority
sd3_fp4,CLIP-D,grid_majority,/media/CrispyMcMarkInc/fake-images-img2img/00051_sd3_fp4_seed174_s30_g3.5_str0.3.png,fake,1.0,0.2173197269439697,1,fake,grid_majority
sd35_fp8,CLIP-D,grid_majority,/media/CrispyMcMarkInc/fake-images-img2img/00016_sd35_fp8_seed139_s30_g3.5_str0.3.png,real,0.0,0.3103041648864746,1,fake,grid_majority
sd3_fp16,CLIP-D,grid_majority,/media/CrispyMcMarkInc/fake-images-img2img/00038_sd3_fp16_seed161_s30_g3.5_str0.3.png,real,0.0,0.4117529392242431,1,fake,grid_majority
sd35_fp4,CLIP-D,grid_majority,/media/CrispyMcMarkInc/fake-images-img2img/00004_sd35_fp4_seed127_s30_g3.5_str0.3.png,real,0.0,0.2325439453125,1,fake,grid_majority
sd3_fp4,CLIP-D,grid_majority,/media/CrispyMcMarkInc/fake-images-img2img/00091_sd3_fp4_seed214_s30_g3.5_str0.3.png,fake,1.0,0.2416825294494629,1,fake,grid_majority
sd3_fp16,CLIP-D,grid_majority,/media/CrispyMcMarkInc/fake-images-img2img/00033_sd3_fp16_seed156_s30_g3.5_str0.3.png,fake,1.0,0.2349460124969482,1,fake,grid_majority
sd3_fp4,CLIP-D,grid_majority,/media/CrispyMcMarkInc/fake-images-img2img/00056_sd3_fp4_seed179_s30_g3.5_str0.3.png,fake,1.0,0.3935122489929199,1,fake,grid_majority
sd35_fp16,CLIP-D,grid_majority,/media/CrispyMcMarkInc/fake-images-img2img/00064_sd35_fp16_seed187_s30_g3.5_str0.3.png,real,0.0,0.2310030460357666,1,fake,grid_majority
sd35_fp16,CLIP-D,grid_majority,/media/CrispyMcMarkInc/fake-images-img2img/00049_sd35_fp16_seed172_s30_g3.5_str0.3.png,fake,1.0,0.2059366703033447,1,fake,grid_majority
sd15_fp8,CLIP-D,grid_majority,/media/CrispyMcMarkInc/fake-images-img2img/00025_sd15_fp8_seed148_s30_g3.5_str0.3.png,real,0.0,0.2070300579071045,1,fake,grid_majority
sd15_fp16,CLIP-D,grid_majority,/media/CrispyMcMarkInc/fake-images-img2img/00008_sd15_fp16_seed131_s30_g3.5_str0.3.png,real,0.0,0.2038021087646484,1,fake,grid_majority
sd15_fp4,CLIP-D,grid_majority,/media/CrispyMcMarkInc/fake-images-img2img/00091_sd15_fp4_seed214_s30_g3.5_str0.3.png,fake,1.0,0.2008953094482422,1,fake,grid_majority
sd35_fp8,CLIP-D,grid_majority,/media/CrispyMcMarkInc/fake-images-img2img/00080_sd35_fp8_seed203_s30_g3.5_str0.3.png,real,0.0,0.2004404067993164,1,fake,grid_majority
sd15_fp16,CLIP-D,grid_majority,/media/CrispyMcMarkInc/fake-images-img2img/00059_sd15_fp16_seed182_s30_g3.5_str0.3.png,real,0.0,0.1992256641387939,1,fake,grid_majority
sd35_fp4,CLIP-D,grid_majority,/media/CrispyMcMarkInc/fake-images-img2img/00076_sd35_fp4_seed199_s30_g3.5_str0.3.png,fake,1.0,0.2008552551269531,1,fake,grid_majority
sd3_fp4,CLIP-D,grid_majority,/media/CrispyMcMarkInc/fake-images-img2img/00028_sd3_fp4_seed151_s30_g3.5_str0.3.png,fake,1.0,0.19801926612854,1,fake,grid_majority
sd3_fp16,CLIP-D,grid_majority,/media/CrispyMcMarkInc/fake-images-img2img/00081_sd3_fp16_seed204_s30_g3.5_str0.3.png,real,0.0,0.2006030082702636,1,fake,grid_majority
sd35_fp4,CLIP-D,grid_majority,/media/CrispyMcMarkInc/fake-images-img2img/00033_sd35_fp4_seed156_s30_g3.5_str0.3.png,fake,1.0,0.1984219551086425,1,fake,grid_majority
sd35_fp8,CLIP-D,grid_majority,/media/CrispyMcMarkInc/fake-images-img2img/00038_sd35_fp8_seed161_s30_g3.5_str0.3.png,real,0.0,0.1987578868865966,1,fake,grid_majority
sd15_fp16,CLIP-D,grid_majority,/media/CrispyMcMarkInc/fake-images-img2img/00063_sd15_fp16_seed186_s30_g3.5_str0.3.png,fake,1.0,0.2019276618957519,1,fake,grid_majority
sd35_fp4,CLIP-D,grid_majority,/media/CrispyMcMarkInc/fake-images-img2img/00036_sd35_fp4_seed159_s30_g3.5_str0.3.png,fake,1.0,0.2024075984954834,1,fake,grid_majority
sd35_fp16,CLIP-D,grid_majority,/media/CrispyMcMarkInc/fake-images-img2img/00063_sd35_fp16_seed186_s30_g3.5_str0.3.png,fake,1.0,0.2024030685424804,1,fake,grid_majority
sd35_fp16,CLIP-D,grid_majority,/media/CrispyMcMarkInc/fake-images-img2img/00093_sd35_fp16_seed216_s30_g3.5_str0.3.png,fake,1.0,0.2088866233825683,1,fake,grid_majority
sd3_fp4,CLIP-D,grid_majority,/media/CrispyMcMarkInc/fake-images-img2img/00000_sd3_fp4_seed123_s30_g3.5_str0.3.png,fake,1.0,0.2302939891815185,1,fake,grid_majority
sd35_fp8,CLIP-D,grid_majority,/media/CrispyMcMarkInc/fake-images-img2img/00094_sd35_fp8_seed217_s30_g3.5_str0.3.png,fake,1.0,0.2058324813842773,1,fake,grid_majority
sd35_fp16,CLIP-D,grid_majority,/media/CrispyMcMarkInc/fake-images-img2img/00094_sd35_fp16_seed217_s30_g3.5_str0.3.png,fake,1.0,0.2928802967071533,1,fake,grid_majority
sd3_fp8,CLIP-D,grid_majority,/media/CrispyMcMarkInc/fake-images-img2img/00095_sd3_fp8_seed218_s30_g3.5_str0.3.png,fake,1.0,0.4063670635223388,1,fake,grid_majority
sd35_fp4,CLIP-D,grid_majority,/media/CrispyMcMarkInc/fake-images-img2img/00051_sd35_fp4_seed174_s30_g3.5_str0.3.png,fake,1.0,0.4050931930541992,1,fake,grid_majority
sd15_fp4,CLIP-D,grid_majority,/media/CrispyMcMarkInc/fake-images-img2img/00047_sd15_fp4_seed170_s30_g3.5_str0.3.png,fake,1.0,0.4168305397033691,1,fake,grid_majority
sd15_fp16,CLIP-D,grid_majority,/media/CrispyMcMarkInc/fake-images-img2img/00080_sd15_fp16_seed203_s30_g3.5_str0.3.png,real,0.0,0.2330141067504882,1,fake,grid_majority
sd3_fp16,CLIP-D,grid_majority,/media/CrispyMcMarkInc/fake-images-img2img/00046_sd3_fp16_seed169_s30_g3.5_str0.3.png,real,0.0,0.2216846942901611,1,fake,grid_majority
sd15_fp8,CLIP-D,grid_majority,/media/CrispyMcMarkInc/fake-images-img2img/00035_sd15_fp8_seed158_s30_g3.5_str0.3.png,fake,1.0,0.2214972972869873,1,fake,grid_majority
sd15_fp8,CLIP-D,grid_majority,/media/CrispyMcMarkInc/fake-images-img2img/00043_sd15_fp8_seed166_s30_g3.5_str0.3.png,fake,1.0,0.3765127658843994,1,fake,grid_majority
sd3_fp4,CLIP-D,grid_majority,/media/CrispyMcMarkInc/fake-images-img2img/00027_sd3_fp4_seed150_s30_g3.5_str0.3.png,fake,1.0,0.337651252746582,1,fake,grid_majority
sd15_fp4,CLIP-D,grid_majority,/media/CrispyMcMarkInc/fake-images-img2img/00072_sd15_fp4_seed195_s30_g3.5_str0.3.png,fake,1.0,0.2198729515075683,1,fake,grid_majority
sd3_fp16,CLIP-D,grid_majority,/media/CrispyMcMarkInc/fake-images-img2img/00032_sd3_fp16_seed155_s30_g3.5_str0.3.png,real,0.0,0.2067513465881347,1,fake,grid_majority
sd3_fp4,CLIP-D,grid_majority,/media/CrispyMcMarkInc/fake-images-img2img/00048_sd3_fp4_seed171_s30_g3.5_str0.3.png,fake,1.0,0.2004947662353515,1,fake,grid_majority
sd3_fp8,CLIP-D,grid_majority,/media/CrispyMcMarkInc/fake-images-img2img/00011_sd3_fp8_seed134_s30_g3.5_str0.3.png,real,0.0,0.2044024467468261,1,fake,grid_majority
sd35_fp4,CLIP-D,grid_majority,/media/CrispyMcMarkInc/fake-images-img2img/00085_sd35_fp4_seed208_s30_g3.5_str0.3.png,fake,1.0,0.1999871730804443,1,fake,grid_majority
sd15_fp16,CLIP-D,grid_majority,/media/CrispyMcMarkInc/fake-images-img2img/00046_sd15_fp16_seed169_s30_g3.5_str0.3.png,real,0.0,0.2026004791259765,1,fake,grid_majority
sd3_fp4,CLIP-D,grid_majority,/media/CrispyMcMarkInc/fake-images-img2img/00076_sd3_fp4_seed199_s30_g3.5_str0.3.png,fake,1.0,0.203559398651123,1,fake,grid_majority
sd35_fp16,CLIP-D,grid_majority,/media/CrispyMcMarkInc/fake-images-img2img/00053_sd35_fp16_seed176_s30_g3.5_str0.3.png,real,0.0,0.2025549411773681,1,fake,grid_majority
sd15_fp8,CLIP-D,grid_majority,/media/CrispyMcMarkInc/fake-images-img2img/00087_sd15_fp8_seed210_s30_g3.5_str0.3.png,fake,1.0,0.1984224319458007,1,fake,grid_majority
sd3_fp4,CLIP-D,grid_majority,/media/CrispyMcMarkInc/fake-images-img2img/00074_sd3_fp4_seed197_s30_g3.5_str0.3.png,fake,1.0,0.2012851238250732,1,fake,grid_majority
sd3_fp4,CLIP-D,grid_majority,/media/CrispyMcMarkInc/fake-images-img2img/00083_sd3_fp4_seed206_s30_g3.5_str0.3.png,fake,1.0,0.2015695571899414,1,fake,grid_majority
sd3_fp8,CLIP-D,grid_majority,/media/CrispyMcMarkInc/fake-images-img2img/00081_sd3_fp8_seed204_s30_g3.5_str0.3.png,real,0.0,0.2038638591766357,1,fake,grid_majority
sd15_fp16,CLIP-D,grid_majority,/media/CrispyMcMarkInc/fake-images-img2img/00073_sd15_fp16_seed196_s30_g3.5_str0.3.png,fake,1.0,0.2024247646331787,1,fake,grid_majority
sd3_fp4,CLIP-D,grid_majority,/media/CrispyMcMarkInc/fake-images-img2img/00065_sd3_fp4_seed188_s30_g3.5_str0.3.png,fake,1.0,0.203697919845581,1,fake,grid_majority
sd15_fp16,CLIP-D,grid_majority,/media/CrispyMcMarkInc/fake-images-img2img/00055_sd15_fp16_seed178_s30_g3.5_str0.3.png,fake,1.0,0.202345609664917,1,fake,grid_majority
sd35_fp4,CLIP-D,grid_majority,/media/CrispyMcMarkInc/fake-images-img2img/00039_sd35_fp4_seed162_s30_g3.5_str0.3.png,real,0.0,0.2113428115844726,1,fake,grid_majority
sd35_fp8,CLIP-D,grid_majority,/media/CrispyMcMarkInc/fake-images-img2img/00072_sd35_fp8_seed195_s30_g3.5_str0.3.png,fake,1.0,0.2051489353179931,1,fake,grid_majority
sd3_fp4,CLIP-D,grid_majority,/media/CrispyMcMarkInc/fake-images-img2img/00044_sd3_fp4_seed167_s30_g3.5_str0.3.png,fake,1.0,0.2205865383148193,1,fake,grid_majority
sd3_fp8,CLIP-D,grid_majority,/media/CrispyMcMarkInc/fake-images-img2img/00019_sd3_fp8_seed142_s30_g3.5_str0.3.png,real,0.0,0.2232463359832763,1,fake,grid_majority
sd35_fp4,CLIP-D,grid_majority,/media/CrispyMcMarkInc/fake-images-img2img/00093_sd35_fp4_seed216_s30_g3.5_str0.3.png,fake,1.0,0.2429032325744629,1,fake,grid_majority
sd15_fp4,CLIP-D,grid_majority,/media/CrispyMcMarkInc/fake-images-img2img/00053_sd15_fp4_seed176_s30_g3.5_str0.3.png,real,0.0,0.2554326057434082,1,fake,grid_majority
sd35_fp4,CLIP-D,grid_majority,/media/CrispyMcMarkInc/fake-images-img2img/00005_sd35_fp4_seed128_s30_g3.5_str0.3.png,fake,1.0,0.2408003807067871,1,fake,grid_majority
sd15_fp16,CLIP-D,grid_majority,/media/CrispyMcMarkInc/fake-images-img2img/00054_sd15_fp16_seed177_s30_g3.5_str0.3.png,real,0.0,0.2399592399597168,1,fake,grid_majority
sd15_fp8,CLIP-D,grid_majority,/media/CrispyMcMarkInc/fake-images-img2img/00098_sd15_fp8_seed221_s30_g3.5_str0.3.png,real,0.0,0.3154110908508301,1,fake,grid_majority
sd15_fp4,CLIP-D,grid_majority,/media/CrispyMcMarkInc/fake-images-img2img/00036_sd15_fp4_seed159_s30_g3.5_str0.3.png,fake,1.0,0.2427523136138916,1,fake,grid_majority
sd15_fp4,CLIP-D,grid_majority,/media/CrispyMcMarkInc/fake-images-img2img/00060_sd15_fp4_seed183_s30_g3.5_str0.3.png,real,0.0,0.2477438449859619,1,fake,grid_majority
sd35_fp8,CLIP-D,grid_majority,/media/CrispyMcMarkInc/fake-images-img2img/00049_sd35_fp8_seed172_s30_g3.5_str0.3.png,fake,1.0,0.2487351894378662,1,fake,grid_majority
sd3_fp8,CLIP-D,grid_majority,/media/CrispyMcMarkInc/fake-images-img2img/00084_sd3_fp8_seed207_s30_g3.5_str0.3.png,real,0.0,0.2512979507446289,1,fake,grid_majority
sd15_fp4,CLIP-D,grid_majority,/media/CrispyMcMarkInc/fake-images-img2img/00068_sd15_fp4_seed191_s30_g3.5_str0.3.png,real,0.0,0.2444262504577636,1,fake,grid_majority
sd35_fp4,CLIP-D,grid_majority,/media/CrispyMcMarkInc/fake-images-img2img/00037_sd35_fp4_seed160_s30_g3.5_str0.3.png,real,0.0,0.234480619430542,1,fake,grid_majority
sd15_fp16,CLIP-D,grid_majority,/media/CrispyMcMarkInc/fake-images-img2img/00064_sd15_fp16_seed187_s30_g3.5_str0.3.png,real,0.0,0.2312173843383789,1,fake,grid_majority
sd3_fp4,CLIP-D,grid_majority,/media/CrispyMcMarkInc/fake-images-img2img/00038_sd3_fp4_seed161_s30_g3.5_str0.3.png,real,0.0,0.2350010871887207,1,fake,grid_majority
sd15_fp8,CLIP-D,grid_majority,/media/CrispyMcMarkInc/fake-images-img2img/00022_sd15_fp8_seed145_s30_g3.5_str0.3.png,real,0.0,0.2210631370544433,1,fake,grid_majority
sd35_fp16,CLIP-D,grid_majority,/media/CrispyMcMarkInc/fake-images-img2img/00034_sd35_fp16_seed157_s30_g3.5_str0.3.png,fake,1.0,0.2385103702545166,1,fake,grid_majority
sd35_fp16,CLIP-D,grid_majority,/media/CrispyMcMarkInc/fake-images-img2img/00075_sd35_fp16_seed198_s30_g3.5_str0.3.png,real,0.0,0.2337527275085449,1,fake,grid_majority
sd3_fp16,CLIP-D,grid_majority,/media/CrispyMcMarkInc/fake-images-img2img/00026_sd3_fp16_seed149_s30_g3.5_str0.3.png,real,0.0,0.2427051067352295,1,fake,grid_majority
sd15_fp4,CLIP-D,grid_majority,/media/CrispyMcMarkInc/fake-images-img2img/00016_sd15_fp4_seed139_s30_g3.5_str0.3.png,real,0.0,0.2244722843170166,1,fake,grid_majority
sd3_fp4,CLIP-D,grid_majority,/media/CrispyMcMarkInc/fake-images-img2img/00040_sd3_fp4_seed163_s30_g3.5_str0.3.png,fake,1.0,0.3573510646820068,1,fake,grid_majority
sd35_fp16,CLIP-D,grid_majority,/media/CrispyMcMarkInc/fake-images-img2img/00058_sd35_fp16_seed181_s30_g3.5_str0.3.png,fake,1.0,0.4077808856964111,1,fake,grid_majority
sd3_fp16,CLIP-D,grid_majority,/media/CrispyMcMarkInc/fake-images-img2img/00082_sd3_fp16_seed205_s30_g3.5_str0.3.png,real,0.0,0.2366261482238769,1,fake,grid_majority
sd35_fp8,CLIP-D,grid_majority,/media/CrispyMcMarkInc/fake-images-img2img/00029_sd35_fp8_seed152_s30_g3.5_str0.3.png,fake,1.0,0.24045991897583,1,fake,grid_majority
sd15_fp4,CLIP-D,grid_majority,/media/CrispyMcMarkInc/fake-images-img2img/00054_sd15_fp4_seed177_s30_g3.5_str0.3.png,real,0.0,0.2307195663452148,1,fake,grid_majority
sd35_fp4,CLIP-D,grid_majority,/media/CrispyMcMarkInc/fake-images-img2img/00021_sd35_fp4_seed144_s30_g3.5_str0.3.png,real,0.0,0.227219820022583,1,fake,grid_majority
sd35_fp16,CLIP-D,grid_majority,/media/CrispyMcMarkInc/fake-images-img2img/00095_sd35_fp16_seed218_s30_g3.5_str0.3.png,real,0.0,0.3938164710998535,1,fake,grid_majority
sd3_fp16,CLIP-D,grid_majority,/media/CrispyMcMarkInc/fake-images-img2img/00052_sd3_fp16_seed175_s30_g3.5_str0.3.png,real,0.0,0.2339658737182617,1,fake,grid_majority
sd35_fp4,CLIP-D,grid_majority,/media/CrispyMcMarkInc/fake-images-img2img/00028_sd35_fp4_seed151_s30_g3.5_str0.3.png,real,0.0,0.2037580013275146,1,fake,grid_majority
sd15_fp8,CLIP-D,grid_majority,/media/CrispyMcMarkInc/fake-images-img2img/00058_sd15_fp8_seed181_s30_g3.5_str0.3.png,real,0.0,0.2076499462127685,1,fake,grid_majority
sd15_fp4,CLIP-D,grid_majority,/media/CrispyMcMarkInc/fake-images-img2img/00013_sd15_fp4_seed136_s30_g3.5_str0.3.png,real,0.0,0.207829475402832,1,fake,grid_majority
sd35_fp4,CLIP-D,grid_majority,/media/CrispyMcMarkInc/fake-images-img2img/00031_sd35_fp4_seed154_s30_g3.5_str0.3.png,real,0.0,0.2038443088531494,1,fake,grid_majority
sd15_fp16,CLIP-D,grid_majority,/media/CrispyMcMarkInc/fake-images-img2img/00048_sd15_fp16_seed171_s30_g3.5_str0.3.png,fake,1.0,0.2071738243103027,1,fake,grid_majority
sd3_fp16,CLIP-D,grid_majority,/media/CrispyMcMarkInc/fake-images-img2img/00021_sd3_fp16_seed144_s30_g3.5_str0.3.png,real,0.0,0.2078042030334472,1,fake,grid_majority
sd3_fp8,CLIP-D,grid_majority,/media/CrispyMcMarkInc/fake-images-img2img/00012_sd3_fp8_seed135_s30_g3.5_str0.3.png,real,0.0,0.2042405605316162,1,fake,grid_majority
sd15_fp16,CLIP-D,grid_majority,/media/CrispyMcMarkInc/fake-images-img2img/00062_sd15_fp16_seed185_s30_g3.5_str0.3.png,real,0.0,0.200723648071289,1,fake,grid_majority
sd3_fp4,CLIP-D,grid_majority,/media/CrispyMcMarkInc/fake-images-img2img/00005_sd3_fp4_seed128_s30_g3.5_str0.3.png,fake,1.0,0.2008163928985595,1,fake,grid_majority
sd35_fp16,CLIP-D,grid_majority,/media/CrispyMcMarkInc/fake-images-img2img/00062_sd35_fp16_seed185_s30_g3.5_str0.3.png,fake,1.0,0.2047581672668457,1,fake,grid_majority
sd35_fp4,CLIP-D,grid_majority,/media/CrispyMcMarkInc/fake-images-img2img/00066_sd35_fp4_seed189_s30_g3.5_str0.3.png,real,0.0,0.2015824317932129,1,fake,grid_majority
sd15_fp8,CLIP-D,grid_majority,/media/CrispyMcMarkInc/fake-images-img2img/00085_sd15_fp8_seed208_s30_g3.5_str0.3.png,real,0.0,0.2112236022949218,1,fake,grid_majority
sd15_fp4,CLIP-D,grid_majority,/media/CrispyMcMarkInc/fake-images-img2img/00074_sd15_fp4_seed197_s30_g3.5_str0.3.png,fake,1.0,0.2535061836242676,1,fake,grid_majority
sd15_fp4,CLIP-D,grid_majority,/media/CrispyMcMarkInc/fake-images-img2img/00023_sd15_fp4_seed146_s30_g3.5_str0.3.png,real,0.0,0.2127988338470459,1,fake,grid_majority
sd35_fp4,CLIP-D,grid_majority,/media/CrispyMcMarkInc/fake-images-img2img/00077_sd35_fp4_seed200_s30_g3.5_str0.3.png,fake,1.0,0.2079272270202636,1,fake,grid_majority
sd35_fp4,CLIP-D,grid_majority,/media/CrispyMcMarkInc/fake-images-img2img/00096_sd35_fp4_seed219_s30_g3.5_str0.3.png,real,0.0,0.2110402584075927,1,fake,grid_majority
sd15_fp4,CLIP-D,grid_majority,/media/CrispyMcMarkInc/fake-images-img2img/00096_sd15_fp4_seed219_s30_g3.5_str0.3.png,real,0.0,0.2439327239990234,1,fake,grid_majority
sd35_fp4,CLIP-D,grid_majority,/media/CrispyMcMarkInc/fake-images-img2img/00025_sd35_fp4_seed148_s30_g3.5_str0.3.png,real,0.0,0.2145366668701172,1,fake,grid_majority
sd15_fp8,CLIP-D,grid_majority,/media/CrispyMcMarkInc/fake-images-img2img/00069_sd15_fp8_seed192_s30_g3.5_str0.3.png,real,0.0,0.2215402126312255,1,fake,grid_majority
sd35_fp8,CLIP-D,grid_majority,/media/CrispyMcMarkInc/fake-images-img2img/00025_sd35_fp8_seed148_s30_g3.5_str0.3.png,real,0.0,0.2184205055236816,1,fake,grid_majority
sd3_fp8,CLIP-D,grid_majority,/media/CrispyMcMarkInc/fake-images-img2img/00098_sd3_fp8_seed221_s30_g3.5_str0.3.png,real,0.0,0.2450380325317382,1,fake,grid_majority
sd3_fp8,CLIP-D,grid_majority,/media/CrispyMcMarkInc/fake-images-img2img/00064_sd3_fp8_seed187_s30_g3.5_str0.3.png,real,0.0,0.2485158443450927,1,fake,grid_majority
sd3_fp4,CLIP-D,grid_majority,/media/CrispyMcMarkInc/fake-images-img2img/00036_sd3_fp4_seed159_s30_g3.5_str0.3.png,fake,1.0,0.2387812137603759,1,fake,grid_majority
sd15_fp16,CLIP-D,grid_majority,/media/CrispyMcMarkInc/fake-images-img2img/00060_sd15_fp16_seed183_s30_g3.5_str0.3.png,real,0.0,0.2313709259033203,1,fake,grid_majority
sd3_fp8,CLIP-D,grid_majority,/media/CrispyMcMarkInc/fake-images-img2img/00003_sd3_fp8_seed126_s30_g3.5_str0.3.png,fake,1.0,0.2488787174224853,1,fake,grid_majority
sd3_fp16,CLIP-D,grid_majority,/media/CrispyMcMarkInc/fake-images-img2img/00043_sd3_fp16_seed166_s30_g3.5_str0.3.png,fake,1.0,0.2182421684265136,1,fake,grid_majority
sd35_fp8,CLIP-D,grid_majority,/media/CrispyMcMarkInc/fake-images-img2img/00030_sd35_fp8_seed153_s30_g3.5_str0.3.png,fake,1.0,0.3536672592163086,1,fake,grid_majority
sd15_fp8,CLIP-D,grid_majority,/media/CrispyMcMarkInc/fake-images-img2img/00045_sd15_fp8_seed168_s30_g3.5_str0.3.png,real,0.0,0.2925302982330322,1,fake,grid_majority
sd15_fp4,CLIP-D,grid_majority,/media/CrispyMcMarkInc/fake-images-img2img/00046_sd15_fp4_seed169_s30_g3.5_str0.3.png,real,0.0,0.369347333908081,1,fake,grid_majority
sd35_fp4,CLIP-D,grid_majority,/media/CrispyMcMarkInc/fake-images-img2img/00056_sd35_fp4_seed179_s30_g3.5_str0.3.png,real,0.0,0.239955186843872,1,fake,grid_majority
sd35_fp16,CLIP-D,grid_majority,/media/CrispyMcMarkInc/fake-images-img2img/00091_sd35_fp16_seed214_s30_g3.5_str0.3.png,fake,1.0,0.2201917171478271,1,fake,grid_majority
sd15_fp16,CLIP-D,grid_majority,/media/CrispyMcMarkInc/fake-images-img2img/00040_sd15_fp16_seed163_s30_g3.5_str0.3.png,fake,1.0,0.3968081474304199,1,fake,grid_majority
sd35_fp16,CLIP-D,grid_majority,/media/CrispyMcMarkInc/fake-images-img2img/00071_sd35_fp16_seed194_s30_g3.5_str0.3.png,real,0.0,0.2275984287261963,1,fake,grid_majority
sd3_fp16,CLIP-D,grid_majority,/media/CrispyMcMarkInc/fake-images-img2img/00048_sd3_fp16_seed171_s30_g3.5_str0.3.png,fake,1.0,0.2002804279327392,1,fake,grid_majority
sd35_fp8,CLIP-D,grid_majority,/media/CrispyMcMarkInc/fake-images-img2img/00044_sd35_fp8_seed167_s30_g3.5_str0.3.png,real,0.0,0.2331886291503906,1,fake,grid_majority
sd3_fp4,CLIP-D,grid_majority,/media/CrispyMcMarkInc/fake-images-img2img/00016_sd3_fp4_seed139_s30_g3.5_str0.3.png,real,0.0,0.2191359996795654,1,fake,grid_majority
sd35_fp4,CLIP-D,grid_majority,/media/CrispyMcMarkInc/fake-images-img2img/00048_sd35_fp4_seed171_s30_g3.5_str0.3.png,real,0.0,0.2014386653900146,1,fake,grid_majority
sd35_fp16,CLIP-D,grid_majority,/media/CrispyMcMarkInc/fake-images-img2img/00096_sd35_fp16_seed219_s30_g3.5_str0.3.png,real,0.0,0.2043180465698242,1,fake,grid_majority
sd35_fp16,CLIP-D,grid_majority,/media/CrispyMcMarkInc/fake-images-img2img/00060_sd35_fp16_seed183_s30_g3.5_str0.3.png,real,0.0,0.2037112712860107,1,fake,grid_majority
sd35_fp8,CLIP-D,grid_majority,/media/CrispyMcMarkInc/fake-images-img2img/00045_sd35_fp8_seed168_s30_g3.5_str0.3.png,real,0.0,0.216876745223999,1,fake,grid_majority
sd35_fp4,CLIP-D,grid_majority,/media/CrispyMcMarkInc/fake-images-img2img/00023_sd35_fp4_seed146_s30_g3.5_str0.3.png,real,0.0,0.2146055698394775,1,fake,grid_majority
sd35_fp16,CLIP-D,grid_majority,/media/CrispyMcMarkInc/fake-images-img2img/00077_sd35_fp16_seed200_s30_g3.5_str0.3.png,fake,1.0,0.2175140380859375,1,fake,grid_majority
sd3_fp16,CLIP-D,grid_majority,/media/CrispyMcMarkInc/fake-images-img2img/00034_sd3_fp16_seed157_s30_g3.5_str0.3.png,real,0.0,0.2012593746185302,1,fake,grid_majority
sd35_fp16,CLIP-D,grid_majority,/media/CrispyMcMarkInc/fake-images-img2img/00084_sd35_fp16_seed207_s30_g3.5_str0.3.png,real,0.0,0.1986565589904785,1,fake,grid_majority
sd35_fp16,CLIP-D,grid_majority,/media/CrispyMcMarkInc/fake-images-img2img/00003_sd35_fp16_seed126_s30_g3.5_str0.3.png,fake,1.0,0.1997621059417724,1,fake,grid_majority
sd3_fp16,CLIP-D,grid_majority,/media/CrispyMcMarkInc/fake-images-img2img/00056_sd3_fp16_seed179_s30_g3.5_str0.3.png,real,0.0,0.2016410827636718,1,fake,grid_majority
sd3_fp8,CLIP-D,grid_majority,/media/CrispyMcMarkInc/fake-images-img2img/00082_sd3_fp8_seed205_s30_g3.5_str0.3.png,real,0.0,0.2051162719726562,1,fake,grid_majority
sd3_fp16,CLIP-D,grid_majority,/media/CrispyMcMarkInc/fake-images-img2img/00085_sd3_fp16_seed208_s30_g3.5_str0.3.png,fake,1.0,0.2056374549865722,1,fake,grid_majority
sd3_fp16,CLIP-D,grid_majority,/media/CrispyMcMarkInc/fake-images-img2img/00019_sd3_fp16_seed142_s30_g3.5_str0.3.png,real,0.0,0.2041366100311279,1,fake,grid_majority
sd15_fp8,CLIP-D,grid_majority,/media/CrispyMcMarkInc/fake-images-img2img/00000_sd15_fp8_seed123_s30_g3.5_str0.3.png,fake,1.0,0.241234540939331,1,fake,grid_majority
sd3_fp8,CLIP-D,grid_majority,/media/CrispyMcMarkInc/fake-images-img2img/00047_sd3_fp8_seed170_s30_g3.5_str0.3.png,fake,1.0,0.2136197090148925,1,fake,grid_majority
sd15_fp4,CLIP-D,grid_majority,/media/CrispyMcMarkInc/fake-images-img2img/00080_sd15_fp4_seed203_s30_g3.5_str0.3.png,real,0.0,0.2215511798858642,1,fake,grid_majority
sd3_fp8,CLIP-D,grid_majority,/media/CrispyMcMarkInc/fake-images-img2img/00039_sd3_fp8_seed162_s30_g3.5_str0.3.png,real,0.0,0.215771198272705,1,fake,grid_majority
sd15_fp16,CLIP-D,grid_majority,/media/CrispyMcMarkInc/fake-images-img2img/00028_sd15_fp16_seed151_s30_g3.5_str0.3.png,fake,1.0,0.2457683086395263,1,fake,grid_majority
sd3_fp16,CLIP-D,grid_majority,/media/CrispyMcMarkInc/fake-images-img2img/00036_sd3_fp16_seed159_s30_g3.5_str0.3.png,real,0.0,0.2480490207672119,1,fake,grid_majority
sd15_fp8,CLIP-D,grid_majority,/media/CrispyMcMarkInc/fake-images-img2img/00014_sd15_fp8_seed137_s30_g3.5_str0.3.png,fake,1.0,0.2400798797607422,1,fake,grid_majority
sd35_fp16,CLIP-D,grid_majority,/media/CrispyMcMarkInc/fake-images-img2img/00031_sd35_fp16_seed154_s30_g3.5_str0.3.png,real,0.0,0.2283487319946289,1,fake,grid_majority
sd35_fp16,CLIP-D,grid_majority,/media/CrispyMcMarkInc/fake-images-img2img/00048_sd35_fp16_seed171_s30_g3.5_str0.3.png,real,0.0,0.2416248321533203,1,fake,grid_majority
sd15_fp8,CLIP-D,grid_majority,/media/CrispyMcMarkInc/fake-images-img2img/00007_sd15_fp8_seed130_s30_g3.5_str0.3.png,fake,1.0,0.2613646984100342,1,fake,grid_majority
sd35_fp4,CLIP-D,grid_majority,/media/CrispyMcMarkInc/fake-images-img2img/00098_sd35_fp4_seed221_s30_g3.5_str0.3.png,real,0.0,0.2373340129852295,1,fake,grid_majority
sd35_fp16,CLIP-D,grid_majority,/media/CrispyMcMarkInc/fake-images-img2img/00065_sd35_fp16_seed188_s30_g3.5_str0.3.png,real,0.0,0.2493550777435302,1,fake,grid_majority
sd3_fp8,CLIP-D,grid_majority,/media/CrispyMcMarkInc/fake-images-img2img/00054_sd3_fp8_seed177_s30_g3.5_str0.3.png,real,0.0,0.2842779159545898,1,fake,grid_majority
sd3_fp16,CLIP-D,grid_majority,/media/CrispyMcMarkInc/fake-images-img2img/00077_sd3_fp16_seed200_s30_g3.5_str0.3.png,fake,1.0,0.2564969062805176,1,fake,grid_majority
sd3_fp8,CLIP-D,grid_majority,/media/CrispyMcMarkInc/fake-images-img2img/00076_sd3_fp8_seed199_s30_g3.5_str0.3.png,real,0.0,0.2492225170135498,1,fake,grid_majority
sd35_fp16,CLIP-D,grid_majority,/media/CrispyMcMarkInc/fake-images-img2img/00004_sd35_fp16_seed127_s30_g3.5_str0.3.png,real,0.0,0.258284330368042,1,fake,grid_majority
sd35_fp8,CLIP-D,grid_majority,/media/CrispyMcMarkInc/fake-images-img2img/00018_sd35_fp8_seed141_s30_g3.5_str0.3.png,real,0.0,0.2340781688690185,1,fake,grid_majority
sd3_fp8,CLIP-D,grid_majority,/media/CrispyMcMarkInc/fake-images-img2img/00020_sd3_fp8_seed143_s30_g3.5_str0.3.png,real,0.0,0.2378222942352295,1,fake,grid_majority
sd3_fp4,CLIP-D,grid_majority,/media/CrispyMcMarkInc/fake-images-img2img/00007_sd3_fp4_seed130_s30_g3.5_str0.3.png,fake,1.0,0.2330198287963867,1,fake,grid_majority
sd35_fp16,CLIP-D,grid_majority,/media/CrispyMcMarkInc/fake-images-img2img/00080_sd35_fp16_seed203_s30_g3.5_str0.3.png,real,0.0,0.311408519744873,1,fake,grid_majority
sd3_fp4,CLIP-D,grid_majority,/media/CrispyMcMarkInc/fake-images-img2img/00011_sd3_fp4_seed134_s30_g3.5_str0.3.png,fake,1.0,0.3328235149383545,1,fake,grid_majority
sd35_fp4,CLIP-D,grid_majority,/media/CrispyMcMarkInc/fake-images-img2img/00080_sd35_fp4_seed203_s30_g3.5_str0.3.png,real,0.0,0.3146126270294189,1,fake,grid_majority
sd15_fp8,CLIP-D,grid_majority,/media/CrispyMcMarkInc/fake-images-img2img/00093_sd15_fp8_seed216_s30_g3.5_str0.3.png,fake,1.0,0.3275344371795654,1,fake,grid_majority
sd35_fp16,CLIP-D,grid_majority,/media/CrispyMcMarkInc/fake-images-img2img/00022_sd35_fp16_seed145_s30_g3.5_str0.3.png,real,0.0,0.247831106185913,1,fake,grid_majority
sd15_fp4,CLIP-D,grid_majority,/media/CrispyMcMarkInc/fake-images-img2img/00081_sd15_fp4_seed204_s30_g3.5_str0.3.png,real,0.0,0.2346153259277343,1,fake,grid_majority
sd15_fp16,CLIP-D,grid_majority,/media/CrispyMcMarkInc/fake-images-img2img/00029_sd15_fp16_seed152_s30_g3.5_str0.3.png,fake,1.0,0.2363111972808838,1,fake,grid_majority
sd15_fp16,CLIP-D,grid_majority,/media/CrispyMcMarkInc/fake-images-img2img/00094_sd15_fp16_seed217_s30_g3.5_str0.3.png,fake,1.0,0.2498531341552734,1,fake,grid_majority
sd15_fp8,CLIP-D,grid_majority,/media/CrispyMcMarkInc/fake-images-img2img/00016_sd15_fp8_seed139_s30_g3.5_str0.3.png,real,0.0,0.2293770313262939,1,fake,grid_majority
sd35_fp8,CLIP-D,grid_majority,/media/CrispyMcMarkInc/fake-images-img2img/00058_sd35_fp8_seed181_s30_g3.5_str0.3.png,fake,1.0,0.2504215240478515,1,fake,grid_majority
sd3_fp4,CLIP-D,grid_majority,/media/CrispyMcMarkInc/fake-images-img2img/00079_sd3_fp4_seed202_s30_g3.5_str0.3.png,fake,1.0,0.2340474128723144,1,fake,grid_majority
sd35_fp8,CLIP-D,grid_majority,/media/CrispyMcMarkInc/fake-images-img2img/00078_sd35_fp8_seed201_s30_g3.5_str0.3.png,fake,1.0,0.2302186489105224,1,fake,grid_majority
sd35_fp16,CLIP-D,grid_majority,/media/CrispyMcMarkInc/fake-images-img2img/00033_sd35_fp16_seed156_s30_g3.5_str0.3.png,fake,1.0,0.230534553527832,1,fake,grid_majority
sd3_fp4,CLIP-D,grid_majority,/media/CrispyMcMarkInc/fake-images-img2img/00042_sd3_fp4_seed165_s30_g3.5_str0.3.png,real,0.0,0.2237851619720459,1,fake,grid_majority
sd3_fp4,CLIP-D,grid_majority,/media/CrispyMcMarkInc/fake-images-img2img/00006_sd3_fp4_seed129_s30_g3.5_str0.3.png,real,0.0,0.2358763217926025,1,fake,grid_majority
sd35_fp4,CLIP-D,grid_majority,/media/CrispyMcMarkInc/fake-images-img2img/00078_sd35_fp4_seed201_s30_g3.5_str0.3.png,fake,1.0,0.4021100997924804,1,fake,grid_majority
sd15_fp16,CLIP-D,grid_majority,/media/CrispyMcMarkInc/fake-images-img2img/00001_sd15_fp16_seed124_s30_g3.5_str0.3.png,fake,1.0,0.232640266418457,1,fake,grid_majority
sd3_fp8,CLIP-D,grid_majority,/media/CrispyMcMarkInc/fake-images-img2img/00071_sd3_fp8_seed194_s30_g3.5_str0.3.png,real,0.0,0.2330787181854248,1,fake,grid_majority
sd3_fp8,CLIP-D,grid_majority,/media/CrispyMcMarkInc/fake-images-img2img/00023_sd3_fp8_seed146_s30_g3.5_str0.3.png,real,0.0,0.3982832431793213,1,fake,grid_majority
sd15_fp4,CLIP-D,grid_majority,/media/CrispyMcMarkInc/fake-images-img2img/00078_sd15_fp4_seed201_s30_g3.5_str0.3.png,fake,1.0,0.2275862693786621,1,fake,grid_majority
sd3_fp4,CLIP-D,grid_majority,/media/CrispyMcMarkInc/fake-images-img2img/00041_sd3_fp4_seed164_s30_g3.5_str0.3.png,fake,1.0,0.2070679664611816,1,fake,grid_majority
sd35_fp4,CLIP-D,grid_majority,/media/CrispyMcMarkInc/fake-images-img2img/00094_sd35_fp4_seed217_s30_g3.5_str0.3.png,fake,1.0,0.2028753757476806,1,fake,grid_majority
sd3_fp8,CLIP-D,grid_majority,/media/CrispyMcMarkInc/fake-images-img2img/00087_sd3_fp8_seed210_s30_g3.5_str0.3.png,fake,1.0,0.2042195796966552,1,fake,grid_majority
sd3_fp4,CLIP-D,grid_majority,/media/CrispyMcMarkInc/fake-images-img2img/00097_sd3_fp4_seed220_s30_g3.5_str0.3.png,fake,1.0,0.2072763442993164,1,fake,grid_majority
sd3_fp8,CLIP-D,grid_majority,/media/CrispyMcMarkInc/fake-images-img2img/00049_sd3_fp8_seed172_s30_g3.5_str0.3.png,fake,1.0,0.2007267475128173,1,fake,grid_majority
sd15_fp16,CLIP-D,grid_majority,/media/CrispyMcMarkInc/fake-images-img2img/00061_sd15_fp16_seed184_s30_g3.5_str0.3.png,fake,1.0,0.2065279483795166,1,fake,grid_majority
sd3_fp4,CLIP-D,grid_majority,/media/CrispyMcMarkInc/fake-images-img2img/00052_sd3_fp4_seed175_s30_g3.5_str0.3.png,real,0.0,0.2028195858001709,1,fake,grid_majority
sd15_fp4,CLIP-D,grid_majority,/media/CrispyMcMarkInc/fake-images-img2img/00019_sd15_fp4_seed142_s30_g3.5_str0.3.png,fake,1.0,0.2014341354370117,1,fake,grid_majority
sd3_fp4,CLIP-D,grid_majority,/media/CrispyMcMarkInc/fake-images-img2img/00047_sd3_fp4_seed170_s30_g3.5_str0.3.png,fake,1.0,0.1969416141510009,1,fake,grid_majority
sd35_fp8,CLIP-D,grid_majority,/media/CrispyMcMarkInc/fake-images-img2img/00064_sd35_fp8_seed187_s30_g3.5_str0.3.png,real,0.0,0.1989250183105468,1,fake,grid_majority
sd3_fp8,CLIP-D,grid_majority,/media/CrispyMcMarkInc/fake-images-img2img/00000_sd3_fp8_seed123_s30_g3.5_str0.3.png,fake,1.0,0.2031879425048828,1,fake,grid_majority
sd15_fp4,CLIP-D,grid_majority,/media/CrispyMcMarkInc/fake-images-img2img/00049_sd15_fp4_seed172_s30_g3.5_str0.3.png,fake,1.0,0.2013933658599853,1,fake,grid_majority
sd15_fp4,CLIP-D,grid_majority,/media/CrispyMcMarkInc/fake-images-img2img/00009_sd15_fp4_seed132_s30_g3.5_str0.3.png,real,0.0,0.2235429286956787,1,fake,grid_majority
sd15_fp16,CLIP-D,grid_majority,/media/CrispyMcMarkInc/fake-images-img2img/00050_sd15_fp16_seed173_s30_g3.5_str0.3.png,fake,1.0,0.1893303394317627,1,fake,grid_majority
sd35_fp16,CLIP-D,grid_majority,/media/CrispyMcMarkInc/fake-images-img2img/00059_sd35_fp16_seed182_s30_g3.5_str0.3.png,real,0.0,0.2038390636444091,1,fake,grid_majority
sd3_fp4,CLIP-D,grid_majority,/media/CrispyMcMarkInc/fake-images-img2img/00017_sd3_fp4_seed140_s30_g3.5_str0.3.png,fake,1.0,0.2045776844024658,1,fake,grid_majority
sd15_fp16,CLIP-D,grid_majority,/media/CrispyMcMarkInc/fake-images-img2img/00037_sd15_fp16_seed160_s30_g3.5_str0.3.png,fake,1.0,0.2059109210968017,1,fake,grid_majority
sd35_fp8,CLIP-D,grid_majority,/media/CrispyMcMarkInc/fake-images-img2img/00037_sd35_fp8_seed160_s30_g3.5_str0.3.png,real,0.0,0.2063465118408203,1,fake,grid_majority
sd15_fp4,CLIP-D,grid_majority,/media/CrispyMcMarkInc/fake-images-img2img/00089_sd15_fp4_seed212_s30_g3.5_str0.3.png,real,0.0,0.4207704067230224,1,fake,grid_majority
sd35_fp16,CLIP-D,grid_majority,/media/CrispyMcMarkInc/fake-images-img2img/00056_sd35_fp16_seed179_s30_g3.5_str0.3.png,fake,1.0,0.23175048828125,1,fake,grid_majority
sd3_fp8,CLIP-D,grid_majority,/media/CrispyMcMarkInc/fake-images-img2img/00091_sd3_fp8_seed214_s30_g3.5_str0.3.png,fake,1.0,0.2137746810913086,1,fake,grid_majority
sd35_fp8,CLIP-D,grid_majority,/media/CrispyMcMarkInc/fake-images-img2img/00020_sd35_fp8_seed143_s30_g3.5_str0.3.png,real,0.0,0.2199678421020507,1,fake,grid_majority
sd35_fp8,CLIP-D,grid_majority,/media/CrispyMcMarkInc/fake-images-img2img/00070_sd35_fp8_seed193_s30_g3.5_str0.3.png,real,0.0,0.3169350624084472,1,fake,grid_majority
sd3_fp8,CLIP-D,grid_majority,/media/CrispyMcMarkInc/fake-images-img2img/00068_sd3_fp8_seed191_s30_g3.5_str0.3.png,real,0.0,0.3964157104492187,1,fake,grid_majority
sd35_fp8,CLIP-D,grid_majority,/media/CrispyMcMarkInc/fake-images-img2img/00002_sd35_fp8_seed125_s30_g3.5_str0.3.png,real,0.0,0.2355196475982666,1,fake,grid_majority
sd15_fp16,CLIP-D,grid_majority,/media/CrispyMcMarkInc/fake-images-img2img/00067_sd15_fp16_seed190_s30_g3.5_str0.3.png,fake,1.0,0.2066378593444824,1,fake,grid_majority
sd3_fp16,CLIP-D,grid_majority,/media/CrispyMcMarkInc/fake-images-img2img/00074_sd3_fp16_seed197_s30_g3.5_str0.3.png,real,0.0,0.2026112079620361,1,fake,grid_majority
sd35_fp8,CLIP-D,grid_majority,/media/CrispyMcMarkInc/fake-images-img2img/00057_sd35_fp8_seed180_s30_g3.5_str0.3.png,real,0.0,0.2077775001525879,1,fake,grid_majority
sd3_fp8,CLIP-D,grid_majority,/media/CrispyMcMarkInc/fake-images-img2img/00032_sd3_fp8_seed155_s30_g3.5_str0.3.png,real,0.0,0.2087287902832031,1,fake,grid_majority
sd15_fp4,CLIP-D,grid_majority,/media/CrispyMcMarkInc/fake-images-img2img/00087_sd15_fp4_seed210_s30_g3.5_str0.3.png,fake,1.0,0.201719045639038,1,fake,grid_majority
sd3_fp8,CLIP-D,grid_majority,/media/CrispyMcMarkInc/fake-images-img2img/00078_sd3_fp8_seed201_s30_g3.5_str0.3.png,fake,1.0,0.2064158916473388,1,fake,grid_majority
sd3_fp16,CLIP-D,grid_majority,/media/CrispyMcMarkInc/fake-images-img2img/00007_sd3_fp16_seed130_s30_g3.5_str0.3.png,real,0.0,0.2037370204925537,1,fake,grid_majority
sd35_fp16,CLIP-D,grid_majority,/media/CrispyMcMarkInc/fake-images-img2img/00055_sd35_fp16_seed178_s30_g3.5_str0.3.png,real,0.0,0.1996121406555175,1,fake,grid_majority
sd15_fp16,CLIP-D,grid_majority,/media/CrispyMcMarkInc/fake-images-img2img/00085_sd15_fp16_seed208_s30_g3.5_str0.3.png,real,0.0,0.2053322792053222,1,fake,grid_majority
sd15_fp4,CLIP-D,grid_majority,/media/CrispyMcMarkInc/fake-images-img2img/00012_sd15_fp4_seed135_s30_g3.5_str0.3.png,fake,1.0,0.1996827125549316,1,fake,grid_majority
sd35_fp8,CLIP-D,grid_majority,/media/CrispyMcMarkInc/fake-images-img2img/00071_sd35_fp8_seed194_s30_g3.5_str0.3.png,real,0.0,0.2020502090454101,1,fake,grid_majority
sd3_fp16,CLIP-D,grid_majority,/media/CrispyMcMarkInc/fake-images-img2img/00054_sd3_fp16_seed177_s30_g3.5_str0.3.png,real,0.0,0.2042908668518066,1,fake,grid_majority
sd3_fp8,CLIP-D,grid_majority,/media/CrispyMcMarkInc/fake-images-img2img/00002_sd3_fp8_seed125_s30_g3.5_str0.3.png,real,0.0,0.2017316818237304,1,fake,grid_majority
sd15_fp16,CLIP-D,grid_majority,/media/CrispyMcMarkInc/fake-images-img2img/00009_sd15_fp16_seed132_s30_g3.5_str0.3.png,real,0.0,0.2047278881072998,1,fake,grid_majority
sd15_fp16,CLIP-D,grid_majority,/media/CrispyMcMarkInc/fake-images-img2img/00016_sd15_fp16_seed139_s30_g3.5_str0.3.png,real,0.0,0.2307727336883545,1,fake,grid_majority
sd3_fp16,CLIP-D,grid_majority,/media/CrispyMcMarkInc/fake-images-img2img/00087_sd3_fp16_seed210_s30_g3.5_str0.3.png,fake,1.0,0.2039797306060791,1,fake,grid_majority
sd15_fp4,CLIP-D,grid_majority,/media/CrispyMcMarkInc/fake-images-img2img/00002_sd15_fp4_seed125_s30_g3.5_str0.3.png,real,0.0,0.2068219184875488,1,fake,grid_majority
sd3_fp16,CLIP-D,grid_majority,/media/CrispyMcMarkInc/fake-images-img2img/00025_sd3_fp16_seed148_s30_g3.5_str0.3.png,real,0.0,0.2189476490020752,1,fake,grid_majority
sd35_fp16,CLIP-D,grid_majority,/media/CrispyMcMarkInc/fake-images-img2img/00099_sd35_fp16_seed222_s30_g3.5_str0.3.png,real,0.0,0.2184333801269531,1,fake,grid_majority
sd35_fp4,CLIP-D,grid_majority,/media/CrispyMcMarkInc/fake-images-img2img/00000_sd35_fp4_seed123_s30_g3.5_str0.3.png,fake,1.0,0.2524197101593017,1,fake,grid_majority
sd15_fp16,CLIP-D,grid_majority,/media/CrispyMcMarkInc/fake-images-img2img/00066_sd15_fp16_seed189_s30_g3.5_str0.3.png,fake,1.0,0.3209636211395263,1,fake,grid_majority
sd35_fp8,CLIP-D,grid_majority,/media/CrispyMcMarkInc/fake-images-img2img/00099_sd35_fp8_seed222_s30_g3.5_str0.3.png,real,0.0,0.3149421215057373,1,fake,grid_majority
sd15_fp16,CLIP-D,grid_majority,/media/CrispyMcMarkInc/fake-images-img2img/00002_sd15_fp16_seed125_s30_g3.5_str0.3.png,real,0.0,0.2595758438110351,1,fake,grid_majority
sd15_fp8,CLIP-D,grid_majority,/media/CrispyMcMarkInc/fake-images-img2img/00060_sd15_fp8_seed183_s30_g3.5_str0.3.png,real,0.0,0.3148179054260254,1,fake,grid_majority
sd35_fp4,CLIP-D,grid_majority,/media/CrispyMcMarkInc/fake-images-img2img/00044_sd35_fp4_seed167_s30_g3.5_str0.3.png,real,0.0,0.3378458023071289,1,fake,grid_majority
sd15_fp16,CLIP-D,grid_majority,/media/CrispyMcMarkInc/fake-images-img2img/00057_sd15_fp16_seed180_s30_g3.5_str0.3.png,real,0.0,0.2458608150482177,1,fake,grid_majority
sd3_fp8,CLIP-D,grid_majority,/media/CrispyMcMarkInc/fake-images-img2img/00040_sd3_fp8_seed163_s30_g3.5_str0.3.png,fake,1.0,0.2326664924621582,1,fake,grid_majority
sd15_fp4,CLIP-D,grid_majority,/media/CrispyMcMarkInc/fake-images-img2img/00063_sd15_fp4_seed186_s30_g3.5_str0.3.png,fake,1.0,0.2431967258453369,1,fake,grid_majority
sd35_fp4,CLIP-D,grid_majority,/media/CrispyMcMarkInc/fake-images-img2img/00065_sd35_fp4_seed188_s30_g3.5_str0.3.png,real,0.0,0.4067113399505615,1,fake,grid_majority
sd35_fp16,CLIP-D,grid_majority,/media/CrispyMcMarkInc/fake-images-img2img/00044_sd35_fp16_seed167_s30_g3.5_str0.3.png,real,0.0,0.2318661212921142,1,fake,grid_majority
sd35_fp8,CLIP-D,grid_majority,/media/CrispyMcMarkInc/fake-images-img2img/00074_sd35_fp8_seed197_s30_g3.5_str0.3.png,real,0.0,0.2577500343322754,1,fake,grid_majority
sd15_fp4,CLIP-D,grid_majority,/media/CrispyMcMarkInc/fake-images-img2img/00052_sd15_fp4_seed175_s30_g3.5_str0.3.png,real,0.0,0.3940441608428955,1,fake,grid_majority
sd3_fp16,CLIP-D,grid_majority,/media/CrispyMcMarkInc/fake-images-img2img/00084_sd3_fp16_seed207_s30_g3.5_str0.3.png,real,0.0,0.2281916141510009,1,fake,grid_majority
sd15_fp4,CLIP-D,grid_majority,/media/CrispyMcMarkInc/fake-images-img2img/00004_sd15_fp4_seed127_s30_g3.5_str0.3.png,real,0.0,0.2090132236480713,1,fake,grid_majority
sd3_fp4,CLIP-D,grid_majority,/media/CrispyMcMarkInc/fake-images-img2img/00046_sd3_fp4_seed169_s30_g3.5_str0.3.png,real,0.0,0.2061936855316162,1,fake,grid_majority
sd15_fp4,CLIP-D,grid_majority,/media/CrispyMcMarkInc/fake-images-img2img/00084_sd15_fp4_seed207_s30_g3.5_str0.3.png,fake,1.0,0.2024810314178466,1,fake,grid_majority
sd35_fp16,CLIP-D,grid_majority,/media/CrispyMcMarkInc/fake-images-img2img/00070_sd35_fp16_seed193_s30_g3.5_str0.3.png,real,0.0,0.2027044296264648,1,fake,grid_majority
sd3_fp8,CLIP-D,grid_majority,/media/CrispyMcMarkInc/fake-images-img2img/00010_sd3_fp8_seed133_s30_g3.5_str0.3.png,real,0.0,0.201904296875,1,fake,grid_majority
sd35_fp8,CLIP-D,grid_majority,/media/CrispyMcMarkInc/fake-images-img2img/00082_sd35_fp8_seed205_s30_g3.5_str0.3.png,real,0.0,0.2005453109741211,1,fake,grid_majority
sd3_fp8,CLIP-D,grid_majority,/media/CrispyMcMarkInc/fake-images-img2img/00059_sd3_fp8_seed182_s30_g3.5_str0.3.png,real,0.0,0.1996908187866211,1,fake,grid_majority
sd3_fp8,CLIP-D,grid_majority,/media/CrispyMcMarkInc/fake-images-img2img/00067_sd3_fp8_seed190_s30_g3.5_str0.3.png,real,0.0,0.2009048461914062,1,fake,grid_majority
sd3_fp8,CLIP-D,grid_majority,/media/CrispyMcMarkInc/fake-images-img2img/00045_sd3_fp8_seed168_s30_g3.5_str0.3.png,real,0.0,0.2038662433624267,1,fake,grid_majority
sd15_fp4,CLIP-D,grid_majority,/media/CrispyMcMarkInc/fake-images-img2img/00001_sd15_fp4_seed124_s30_g3.5_str0.3.png,fake,1.0,0.2025630474090576,1,fake,grid_majority
sd3_fp8,CLIP-D,grid_majority,/media/CrispyMcMarkInc/fake-images-img2img/00074_sd3_fp8_seed197_s30_g3.5_str0.3.png,real,0.0,0.2040855884552002,1,fake,grid_majority
sd35_fp4,CLIP-D,grid_majority,/media/CrispyMcMarkInc/fake-images-img2img/00089_sd35_fp4_seed212_s30_g3.5_str0.3.png,real,0.0,0.2235496044158935,1,fake,grid_majority
sd15_fp4,CLIP-D,grid_majority,/media/CrispyMcMarkInc/fake-images-img2img/00033_sd15_fp4_seed156_s30_g3.5_str0.3.png,fake,1.0,0.2033650875091552,1,fake,grid_majority
sd35_fp16,CLIP-D,grid_majority,/media/CrispyMcMarkInc/fake-images-img2img/00013_sd35_fp16_seed136_s30_g3.5_str0.3.png,real,0.0,0.2042782306671142,1,fake,grid_majority
sd3_fp8,CLIP-D,grid_majority,/media/CrispyMcMarkInc/fake-images-img2img/00043_sd3_fp8_seed166_s30_g3.5_str0.3.png,fake,1.0,0.2106742858886718,1,fake,grid_majority
sd3_fp8,CLIP-D,grid_majority,/media/CrispyMcMarkInc/fake-images-img2img/00080_sd3_fp8_seed203_s30_g3.5_str0.3.png,real,0.0,0.2251195907592773,1,fake,grid_majority
sd3_fp4,CLIP-D,grid_majority,/media/CrispyMcMarkInc/fake-images-img2img/00026_sd3_fp4_seed149_s30_g3.5_str0.3.png,real,0.0,0.2185337543487548,1,fake,grid_majority
sd35_fp8,CLIP-D,grid_majority,/media/CrispyMcMarkInc/fake-images-img2img/00027_sd35_fp8_seed150_s30_g3.5_str0.3.png,fake,1.0,0.2271156311035156,1,fake,grid_majority
sd35_fp4,CLIP-D,grid_majority,/media/CrispyMcMarkInc/fake-images-img2img/00081_sd35_fp4_seed204_s30_g3.5_str0.3.png,real,0.0,0.2298362255096435,1,fake,grid_majority
sd15_fp16,CLIP-D,grid_majority,/media/CrispyMcMarkInc/fake-images-img2img/00087_sd15_fp16_seed210_s30_g3.5_str0.3.png,fake,1.0,0.2362668514251709,1,fake,grid_majority
sd15_fp16,CLIP-D,grid_majority,/media/CrispyMcMarkInc/fake-images-img2img/00020_sd15_fp16_seed143_s30_g3.5_str0.3.png,real,0.0,0.2417974472045898,1,fake,grid_majority
sd35_fp4,CLIP-D,grid_majority,/media/CrispyMcMarkInc/fake-images-img2img/00095_sd35_fp4_seed218_s30_g3.5_str0.3.png,fake,1.0,0.2300543785095214,1,fake,grid_majority
sd15_fp8,CLIP-D,grid_majority,/media/CrispyMcMarkInc/fake-images-img2img/00065_sd15_fp8_seed188_s30_g3.5_str0.3.png,fake,1.0,0.2196621894836425,1,fake,grid_majority
sd35_fp16,CLIP-D,grid_majority,/media/CrispyMcMarkInc/fake-images-img2img/00068_sd35_fp16_seed191_s30_g3.5_str0.3.png,real,0.0,0.2190301418304443,1,fake,grid_majority
sd35_fp16,CLIP-D,grid_majority,/media/CrispyMcMarkInc/fake-images-img2img/00028_sd35_fp16_seed151_s30_g3.5_str0.3.png,real,0.0,0.3173844814300537,1,fake,grid_majority
sd15_fp16,CLIP-D,grid_majority,/media/CrispyMcMarkInc/fake-images-img2img/00081_sd15_fp16_seed204_s30_g3.5_str0.3.png,real,0.0,0.4017090797424316,1,fake,grid_majority
sd35_fp4,CLIP-D,grid_majority,/media/CrispyMcMarkInc/fake-images-img2img/00035_sd35_fp4_seed158_s30_g3.5_str0.3.png,real,0.0,0.2211701869964599,1,fake,grid_majority
sd3_fp4,CLIP-D,grid_majority,/media/CrispyMcMarkInc/fake-images-img2img/00003_sd3_fp4_seed126_s30_g3.5_str0.3.png,fake,1.0,0.2240338325500488,1,fake,grid_majority
sd35_fp8,CLIP-D,grid_majority,/media/CrispyMcMarkInc/fake-images-img2img/00085_sd35_fp8_seed208_s30_g3.5_str0.3.png,fake,1.0,0.2207093238830566,1,fake,grid_majority
sd35_fp16,CLIP-D,grid_majority,/media/CrispyMcMarkInc/fake-images-img2img/00006_sd35_fp16_seed129_s30_g3.5_str0.3.png,real,0.0,0.2647671699523926,1,fake,grid_majority
sd3_fp8,CLIP-D,grid_majority,/media/CrispyMcMarkInc/fake-images-img2img/00004_sd3_fp8_seed127_s30_g3.5_str0.3.png,real,0.0,0.3978188037872314,1,fake,grid_majority
sd15_fp8,CLIP-D,grid_majority,/media/CrispyMcMarkInc/fake-images-img2img/00027_sd15_fp8_seed150_s30_g3.5_str0.3.png,fake,1.0,0.218545913696289,1,fake,grid_majority
sd3_fp4,CLIP-D,grid_majority,/media/CrispyMcMarkInc/fake-images-img2img/00029_sd3_fp4_seed152_s30_g3.5_str0.3.png,fake,1.0,0.2047922611236572,1,fake,grid_majority
sd3_fp4,CLIP-D,grid_majority,/media/CrispyMcMarkInc/fake-images-img2img/00092_sd3_fp4_seed215_s30_g3.5_str0.3.png,real,0.0,0.1999962329864502,1,fake,grid_majority
sd3_fp16,CLIP-D,grid_majority,/media/CrispyMcMarkInc/fake-images-img2img/00075_sd3_fp16_seed198_s30_g3.5_str0.3.png,real,0.0,0.1978993415832519,1,fake,grid_majority
sd15_fp8,CLIP-D,grid_majority,/media/CrispyMcMarkInc/fake-images-img2img/00032_sd15_fp8_seed155_s30_g3.5_str0.3.png,fake,1.0,0.2033212184906005,1,fake,grid_majority
sd15_fp8,CLIP-D,grid_majority,/media/CrispyMcMarkInc/fake-images-img2img/00066_sd15_fp8_seed189_s30_g3.5_str0.3.png,fake,1.0,0.2020440101623535,1,fake,grid_majority
sd15_fp8,CLIP-D,grid_majority,/media/CrispyMcMarkInc/fake-images-img2img/00030_sd15_fp8_seed153_s30_g3.5_str0.3.png,fake,1.0,0.1996955871582031,1,fake,grid_majority
sd15_fp16,CLIP-D,grid_majority,/media/CrispyMcMarkInc/fake-images-img2img/00007_sd15_fp16_seed130_s30_g3.5_str0.3.png,real,0.0,0.2015550136566162,1,fake,grid_majority
sd35_fp16,CLIP-D,grid_majority,/media/CrispyMcMarkInc/fake-images-img2img/00029_sd35_fp16_seed152_s30_g3.5_str0.3.png,fake,1.0,0.2003493309020996,1,fake,grid_majority
sd15_fp16,CLIP-D,grid_majority,/media/CrispyMcMarkInc/fake-images-img2img/00039_sd15_fp16_seed162_s30_g3.5_str0.3.png,real,0.0,0.1964321136474609,1,fake,grid_majority
sd3_fp16,CLIP-D,grid_majority,/media/CrispyMcMarkInc/fake-images-img2img/00066_sd3_fp16_seed189_s30_g3.5_str0.3.png,real,0.0,0.2008290290832519,1,fake,grid_majority
sd3_fp16,CLIP-D,grid_majority,/media/CrispyMcMarkInc/fake-images-img2img/00065_sd3_fp16_seed188_s30_g3.5_str0.3.png,real,0.0,0.1963686943054199,1,fake,grid_majority
sd15_fp4,CLIP-D,grid_majority,/media/CrispyMcMarkInc/fake-images-img2img/00006_sd15_fp4_seed129_s30_g3.5_str0.3.png,real,0.0,0.2025115489959716,1,fake,grid_majority
sd3_fp8,CLIP-D,grid_majority,/media/CrispyMcMarkInc/fake-images-img2img/00027_sd3_fp8_seed150_s30_g3.5_str0.3.png,fake,1.0,0.2039685249328613,1,fake,grid_majority
sd3_fp16,CLIP-D,grid_majority,/media/CrispyMcMarkInc/fake-images-img2img/00020_sd3_fp16_seed143_s30_g3.5_str0.3.png,real,0.0,0.2038164138793945,1,fake,grid_majority
sd35_fp16,CLIP-D,grid_majority,/media/CrispyMcMarkInc/fake-images-img2img/00082_sd35_fp16_seed205_s30_g3.5_str0.3.png,real,0.0,0.2038826942443847,1,fake,grid_majority
sd35_fp8,CLIP-D,grid_majority,/media/CrispyMcMarkInc/fake-images-img2img/00019_sd35_fp8_seed142_s30_g3.5_str0.3.png,real,0.0,0.2021217346191406,1,fake,grid_majority
sd35_fp4,CLIP-D,grid_majority,/media/CrispyMcMarkInc/fake-images-img2img/00088_sd35_fp4_seed211_s30_g3.5_str0.3.png,fake,1.0,0.2062692642211914,1,fake,grid_majority
sd3_fp4,CLIP-D,grid_majority,/media/CrispyMcMarkInc/fake-images-img2img/00095_sd3_fp4_seed218_s30_g3.5_str0.3.png,fake,1.0,0.2008380889892578,1,fake,grid_majority
sd15_fp16,CLIP-D,grid_majority,/media/CrispyMcMarkInc/fake-images-img2img/00074_sd15_fp16_seed197_s30_g3.5_str0.3.png,real,0.0,0.2606515884399414,1,fake,grid_majority
sd15_fp8,CLIP-D,grid_majority,/media/CrispyMcMarkInc/fake-images-img2img/00079_sd15_fp8_seed202_s30_g3.5_str0.3.png,fake,1.0,0.4079828262329101,1,fake,grid_majority
sd15_fp16,CLIP-D,grid_majority,/media/CrispyMcMarkInc/fake-images-img2img/00035_sd15_fp16_seed158_s30_g3.5_str0.3.png,fake,1.0,0.222944974899292,1,fake,grid_majority
sd3_fp4,CLIP-D,grid_majority,/media/CrispyMcMarkInc/fake-images-img2img/00035_sd3_fp4_seed158_s30_g3.5_str0.3.png,real,0.0,0.222574234008789,1,fake,grid_majority
sd15_fp4,CLIP-D,grid_majority,/media/CrispyMcMarkInc/fake-images-img2img/00010_sd15_fp4_seed133_s30_g3.5_str0.3.png,fake,1.0,0.2220430374145507,1,fake,grid_majority
sd3_fp4,CLIP-D,grid_majority,/media/CrispyMcMarkInc/fake-images-img2img/00099_sd3_fp4_seed222_s30_g3.5_str0.3.png,fake,1.0,0.2530701160430908,1,fake,grid_majority
sd3_fp8,CLIP-D,grid_majority,/media/CrispyMcMarkInc/fake-images-img2img/00058_sd3_fp8_seed181_s30_g3.5_str0.3.png,fake,1.0,0.3988008499145508,1,fake,grid_majority
sd35_fp16,CLIP-D,grid_majority,/media/CrispyMcMarkInc/fake-images-img2img/00041_sd35_fp16_seed164_s30_g3.5_str0.3.png,real,0.0,0.2204639911651611,1,fake,grid_majority
sd3_fp16,CLIP-D,grid_majority,/media/CrispyMcMarkInc/fake-images-img2img/00042_sd3_fp16_seed165_s30_g3.5_str0.3.png,real,0.0,0.2051043510437011,1,fake,grid_majority
sd15_fp8,CLIP-D,grid_majority,/media/CrispyMcMarkInc/fake-images-img2img/00080_sd15_fp8_seed203_s30_g3.5_str0.3.png,real,0.0,0.200263500213623,1,fake,grid_majority
sd35_fp16,CLIP-D,grid_majority,/media/CrispyMcMarkInc/fake-images-img2img/00046_sd35_fp16_seed169_s30_g3.5_str0.3.png,real,0.0,0.2034356594085693,1,fake,grid_majority
sd35_fp4,CLIP-D,grid_majority,/media/CrispyMcMarkInc/fake-images-img2img/00019_sd35_fp4_seed142_s30_g3.5_str0.3.png,real,0.0,0.1989004611968994,1,fake,grid_majority
sd3_fp4,CLIP-D,grid_majority,/media/CrispyMcMarkInc/fake-images-img2img/00073_sd3_fp4_seed196_s30_g3.5_str0.3.png,fake,1.0,0.2003755569458007,1,fake,grid_majority
sd3_fp16,CLIP-D,grid_majority,/media/CrispyMcMarkInc/fake-images-img2img/00015_sd3_fp16_seed138_s30_g3.5_str0.3.png,real,0.0,0.1993510723114013,1,fake,grid_majority
sd3_fp4,CLIP-D,grid_majority,/media/CrispyMcMarkInc/fake-images-img2img/00025_sd3_fp4_seed148_s30_g3.5_str0.3.png,real,0.0,0.1992111206054687,1,fake,grid_majority
sd3_fp8,CLIP-D,grid_majority,/media/CrispyMcMarkInc/fake-images-img2img/00057_sd3_fp8_seed180_s30_g3.5_str0.3.png,real,0.0,0.198829174041748,1,fake,grid_majority
sd15_fp8,CLIP-D,grid_majority,/media/CrispyMcMarkInc/fake-images-img2img/00092_sd15_fp8_seed215_s30_g3.5_str0.3.png,real,0.0,0.1984636783599853,1,fake,grid_majority
sd3_fp16,CLIP-D,grid_majority,/media/CrispyMcMarkInc/fake-images-img2img/00000_sd3_fp16_seed123_s30_g3.5_str0.3.png,fake,1.0,0.201310396194458,1,fake,grid_majority
sd35_fp4,CLIP-D,grid_majority,/media/CrispyMcMarkInc/fake-images-img2img/00029_sd35_fp4_seed152_s30_g3.5_str0.3.png,fake,1.0,0.2202236652374267,1,fake,grid_majority
sd3_fp8,CLIP-D,grid_majority,/media/CrispyMcMarkInc/fake-images-img2img/00016_sd3_fp8_seed139_s30_g3.5_str0.3.png,real,0.0,0.1988794803619384,1,fake,grid_majority
sd3_fp8,CLIP-D,grid_majority,/media/CrispyMcMarkInc/fake-images-img2img/00006_sd3_fp8_seed129_s30_g3.5_str0.3.png,real,0.0,0.2304747104644775,1,fake,grid_majority
sd35_fp8,CLIP-D,grid_majority,/media/CrispyMcMarkInc/fake-images-img2img/00090_sd35_fp8_seed213_s30_g3.5_str0.3.png,real,0.0,0.2039189338684082,1,fake,grid_majority
sd35_fp8,CLIP-D,grid_majority,/media/CrispyMcMarkInc/fake-images-img2img/00059_sd35_fp8_seed182_s30_g3.5_str0.3.png,real,0.0,0.2021303176879882,1,fake,grid_majority
sd3_fp16,CLIP-D,grid_majority,/media/CrispyMcMarkInc/fake-images-img2img/00092_sd3_fp16_seed215_s30_g3.5_str0.3.png,real,0.0,0.2018344402313232,1,fake,grid_majority
sd15_fp16,CLIP-D,grid_majority,/media/CrispyMcMarkInc/fake-images-img2img/00072_sd15_fp16_seed195_s30_g3.5_str0.3.png,fake,1.0,0.2020189762115478,1,fake,grid_majority
sd35_fp4,CLIP-D,grid_majority,/media/CrispyMcMarkInc/fake-images-img2img/00072_sd35_fp4_seed195_s30_g3.5_str0.3.png,fake,1.0,0.2031061649322509,1,fake,grid_majority
sd15_fp16,CLIP-D,grid_majority,/media/CrispyMcMarkInc/fake-images-img2img/00005_sd15_fp16_seed128_s30_g3.5_str0.3.png,real,0.0,0.3389616012573242,1,fake,grid_majority
sd35_fp4,CLIP-D,grid_majority,/media/CrispyMcMarkInc/fake-images-img2img/00070_sd35_fp4_seed193_s30_g3.5_str0.3.png,real,0.0,0.3338353633880615,1,fake,grid_majority
sd3_fp16,CLIP-D,grid_majority,/media/CrispyMcMarkInc/fake-images-img2img/00003_sd3_fp16_seed126_s30_g3.5_str0.3.png,fake,1.0,0.2238614559173584,1,fake,grid_majority
sd35_fp16,CLIP-D,grid_majority,/media/CrispyMcMarkInc/fake-images-img2img/00067_sd35_fp16_seed190_s30_g3.5_str0.3.png,real,0.0,0.2027332782745361,1,fake,grid_majority
sd35_fp8,CLIP-D,grid_majority,/media/CrispyMcMarkInc/fake-images-img2img/00053_sd35_fp8_seed176_s30_g3.5_str0.3.png,real,0.0,0.2000441551208496,1,fake,grid_majority
sd15_fp16,CLIP-D,grid_majority,/media/CrispyMcMarkInc/fake-images-img2img/00076_sd15_fp16_seed199_s30_g3.5_str0.3.png,real,0.0,0.2047834396362304,1,fake,grid_majority
sd3_fp4,CLIP-D,grid_majority,/media/CrispyMcMarkInc/fake-images-img2img/00001_sd3_fp4_seed124_s30_g3.5_str0.3.png,fake,1.0,0.3122444152832031,1,fake,grid_majority
sd15_fp16,CLIP-D,grid_majority,/media/CrispyMcMarkInc/fake-images-img2img/00090_sd15_fp16_seed213_s30_g3.5_str0.3.png,real,0.0,0.4091706275939941,1,fake,grid_majority
sd35_fp4,CLIP-D,grid_majority,/media/CrispyMcMarkInc/fake-images-img2img/00084_sd35_fp4_seed207_s30_g3.5_str0.3.png,real,0.0,0.2174079418182373,1,fake,grid_majority
sd35_fp4,CLIP-D,grid_majority,/media/CrispyMcMarkInc/fake-images-img2img/00052_sd35_fp4_seed175_s30_g3.5_str0.3.png,real,0.0,0.2163107395172119,1,fake,grid_majority
sd35_fp8,CLIP-D,grid_majority,/media/CrispyMcMarkInc/fake-images-img2img/00042_sd35_fp8_seed165_s30_g3.5_str0.3.png,real,0.0,0.2196104526519775,1,fake,grid_majority
sd15_fp16,CLIP-D,grid_majority,/media/CrispyMcMarkInc/fake-images-img2img/00047_sd15_fp16_seed170_s30_g3.5_str0.3.png,fake,1.0,0.2274649143218994,1,fake,grid_majority
sd35_fp8,CLIP-D,grid_majority,/media/CrispyMcMarkInc/fake-images-img2img/00068_sd35_fp8_seed191_s30_g3.5_str0.3.png,real,0.0,0.2272810935974121,1,fake,grid_majority
sd3_fp16,CLIP-D,grid_majority,/media/CrispyMcMarkInc/fake-images-img2img/00090_sd3_fp16_seed213_s30_g3.5_str0.3.png,real,0.0,0.2187387943267822,1,fake,grid_majority
sd15_fp16,CLIP-D,grid_majority,/media/CrispyMcMarkInc/fake-images-img2img/00012_sd15_fp16_seed135_s30_g3.5_str0.3.png,fake,1.0,0.2347574234008789,1,fake,grid_majority
sd35_fp4,CLIP-D,grid_majority,/media/CrispyMcMarkInc/fake-images-img2img/00045_sd35_fp4_seed168_s30_g3.5_str0.3.png,real,0.0,0.3919408321380615,1,fake,grid_majority
sd15_fp4,CLIP-D,grid_majority,/media/CrispyMcMarkInc/fake-images-img2img/00021_sd15_fp4_seed144_s30_g3.5_str0.3.png,real,0.0,0.2266135215759277,1,fake,grid_majority
sd3_fp16,CLIP-D,grid_majority,/media/CrispyMcMarkInc/fake-images-img2img/00005_sd3_fp16_seed128_s30_g3.5_str0.3.png,real,0.0,0.2052421569824218,1,fake,grid_majority
sd35_fp4,CLIP-D,grid_majority,/media/CrispyMcMarkInc/fake-images-img2img/00082_sd35_fp4_seed205_s30_g3.5_str0.3.png,real,0.0,0.2018260955810547,1,fake,grid_majority
sd15_fp8,CLIP-D,grid_majority,/media/CrispyMcMarkInc/fake-images-img2img/00002_sd15_fp8_seed125_s30_g3.5_str0.3.png,real,0.0,0.2024388313293457,1,fake,grid_majority
sd3_fp8,CLIP-D,grid_majority,/media/CrispyMcMarkInc/fake-images-img2img/00044_sd3_fp8_seed167_s30_g3.5_str0.3.png,fake,1.0,0.2011187076568603,1,fake,grid_majority
sd35_fp4,CLIP-D,grid_majority,/media/CrispyMcMarkInc/fake-images-img2img/00099_sd35_fp4_seed222_s30_g3.5_str0.3.png,real,0.0,0.1990067958831787,1,fake,grid_majority
sd15_fp16,CLIP-D,grid_majority,/media/CrispyMcMarkInc/fake-images-img2img/00065_sd15_fp16_seed188_s30_g3.5_str0.3.png,real,0.0,0.2016818523406982,1,fake,grid_majority
sd35_fp16,CLIP-D,grid_majority,/media/CrispyMcMarkInc/fake-images-img2img/00000_sd35_fp16_seed123_s30_g3.5_str0.3.png,fake,1.0,0.2025423049926757,1,fake,grid_majority
sd35_fp4,CLIP-D,grid_majority,/media/CrispyMcMarkInc/fake-images-img2img/00015_sd35_fp4_seed138_s30_g3.5_str0.3.png,real,0.0,0.199296236038208,1,fake,grid_majority
sd15_fp4,CLIP-D,grid_majority,/media/CrispyMcMarkInc/fake-images-img2img/00017_sd15_fp4_seed140_s30_g3.5_str0.3.png,fake,1.0,0.199730634689331,1,fake,grid_majority
sd35_fp8,CLIP-D,grid_majority,/media/CrispyMcMarkInc/fake-images-img2img/00054_sd35_fp8_seed177_s30_g3.5_str0.3.png,real,0.0,0.1957192420959472,1,fake,grid_majority
sd15_fp8,CLIP-D,grid_majority,/media/CrispyMcMarkInc/fake-images-img2img/00052_sd15_fp8_seed175_s30_g3.5_str0.3.png,real,0.0,0.2011463642120361,1,fake,grid_majority
sd35_fp8,CLIP-D,grid_majority,/media/CrispyMcMarkInc/fake-images-img2img/00095_sd35_fp8_seed218_s30_g3.5_str0.3.png,fake,1.0,0.2215421199798584,1,fake,grid_majority
sd15_fp8,CLIP-D,grid_majority,/media/CrispyMcMarkInc/fake-images-img2img/00057_sd15_fp8_seed180_s30_g3.5_str0.3.png,real,0.0,0.2002248764038086,1,fake,grid_majority
sd3_fp8,CLIP-D,grid_majority,/media/CrispyMcMarkInc/fake-images-img2img/00073_sd3_fp8_seed196_s30_g3.5_str0.3.png,real,0.0,0.2372772693634033,1,fake,grid_majority
sd35_fp8,CLIP-D,grid_majority,/media/CrispyMcMarkInc/fake-images-img2img/00050_sd35_fp8_seed173_s30_g3.5_str0.3.png,real,0.0,0.1995880603790283,1,fake,grid_majority
sd3_fp4,CLIP-D,grid_majority,/media/CrispyMcMarkInc/fake-images-img2img/00049_sd3_fp4_seed172_s30_g3.5_str0.3.png,fake,1.0,0.2027158737182617,1,fake,grid_majority
sd15_fp8,CLIP-D,grid_majority,/media/CrispyMcMarkInc/fake-images-img2img/00026_sd15_fp8_seed149_s30_g3.5_str0.3.png,real,0.0,0.2030479907989502,1,fake,grid_majority
sd35_fp8,CLIP-D,grid_majority,/media/CrispyMcMarkInc/fake-images-img2img/00097_sd35_fp8_seed220_s30_g3.5_str0.3.png,fake,1.0,0.20247483253479,1,fake,grid_majority
sd15_fp16,CLIP-D,grid_majority,/media/CrispyMcMarkInc/fake-images-img2img/00051_sd15_fp16_seed174_s30_g3.5_str0.3.png,real,0.0,0.2026548385620117,1,fake,grid_majority
sd15_fp8,CLIP-D,grid_majority,/media/CrispyMcMarkInc/fake-images-img2img/00054_sd15_fp8_seed177_s30_g3.5_str0.3.png,real,0.0,0.202073335647583,1,fake,grid_majority
sd3_fp4,CLIP-D,grid_majority,/media/CrispyMcMarkInc/fake-images-img2img/00093_sd3_fp4_seed216_s30_g3.5_str0.3.png,fake,1.0,0.2035531997680664,1,fake,grid_majority
sd3_fp16,CLIP-D,grid_majority,/media/CrispyMcMarkInc/fake-images-img2img/00096_sd3_fp16_seed219_s30_g3.5_str0.3.png,real,0.0,0.2049200534820556,1,fake,grid_majority
sd35_fp4,CLIP-D,grid_majority,/media/CrispyMcMarkInc/fake-images-img2img/00064_sd35_fp4_seed187_s30_g3.5_str0.3.png,real,0.0,0.2030627727508545,1,fake,grid_majority
sd35_fp4,CLIP-D,grid_majority,/media/CrispyMcMarkInc/fake-images-img2img/00060_sd35_fp4_seed183_s30_g3.5_str0.3.png,real,0.0,0.2038877010345459,1,fake,grid_majority
sd35_fp16,CLIP-D,grid_majority,/media/CrispyMcMarkInc/fake-images-img2img/00089_sd35_fp16_seed212_s30_g3.5_str0.3.png,real,0.0,0.203697919845581,1,fake,grid_majority
sd35_fp16,CLIP-D,grid_majority,/media/CrispyMcMarkInc/fake-images-img2img/00086_sd35_fp16_seed209_s30_g3.5_str0.3.png,real,0.0,0.2024736404418945,1,fake,grid_majority
sd3_fp4,CLIP-D,grid_majority,/media/CrispyMcMarkInc/fake-images-img2img/00062_sd3_fp4_seed185_s30_g3.5_str0.3.png,fake,1.0,0.3232731819152832,1,fake,grid_majority
sd15_fp16,CLIP-D,grid_majority,/media/CrispyMcMarkInc/fake-images-img2img/00026_sd15_fp16_seed149_s30_g3.5_str0.3.png,real,0.0,0.3935389518737793,1,fake,grid_majority
sd3_fp4,CLIP-D,grid_majority,/media/CrispyMcMarkInc/fake-images-img2img/00059_sd3_fp4_seed182_s30_g3.5_str0.3.png,real,0.0,0.2249872684478759,1,fake,grid_majority
sd15_fp8,CLIP-D,grid_majority,/media/CrispyMcMarkInc/fake-images-img2img/00070_sd15_fp8_seed193_s30_g3.5_str0.3.png,real,0.0,0.2176804542541504,1,fake,grid_majority
sd35_fp4,CLIP-D,grid_majority,/media/CrispyMcMarkInc/fake-images-img2img/00006_sd35_fp4_seed129_s30_g3.5_str0.3.png,real,0.0,0.2187082767486572,1,fake,grid_majority
sd35_fp16,CLIP-D,grid_majority,/media/CrispyMcMarkInc/fake-images-img2img/00015_sd35_fp16_seed138_s30_g3.5_str0.3.png,real,0.0,0.2780930995941162,1,fake,grid_majority
sd3_fp8,CLIP-D,grid_majority,/media/CrispyMcMarkInc/fake-images-img2img/00075_sd3_fp8_seed198_s30_g3.5_str0.3.png,real,0.0,0.3896377086639404,1,fake,grid_majority
sd3_fp8,CLIP-D,grid_majority,/media/CrispyMcMarkInc/fake-images-img2img/00025_sd3_fp8_seed148_s30_g3.5_str0.3.png,real,0.0,0.2232096195220947,1,fake,grid_majority
sd15_fp8,CLIP-D,grid_majority,/media/CrispyMcMarkInc/fake-images-img2img/00089_sd15_fp8_seed212_s30_g3.5_str0.3.png,real,0.0,0.2042856216430664,1,fake,grid_majority
sd15_fp16,CLIP-D,grid_majority,/media/CrispyMcMarkInc/fake-images-img2img/00045_sd15_fp16_seed168_s30_g3.5_str0.3.png,real,0.0,0.2022650241851806,1,fake,grid_majority
sd15_fp16,CLIP-D,grid_majority,/media/CrispyMcMarkInc/fake-images-img2img/00099_sd15_fp16_seed222_s30_g3.5_str0.3.png,real,0.0,0.202249526977539,1,fake,grid_majority
sd35_fp4,CLIP-D,grid_majority,/media/CrispyMcMarkInc/fake-images-img2img/00020_sd35_fp4_seed143_s30_g3.5_str0.3.png,real,0.0,0.2018883228302002,1,fake,grid_majority
sd15_fp8,CLIP-D,grid_majority,/media/CrispyMcMarkInc/fake-images-img2img/00009_sd15_fp8_seed132_s30_g3.5_str0.3.png,real,0.0,0.1971490383148193,1,fake,grid_majority
sd35_fp16,CLIP-D,grid_majority,/media/CrispyMcMarkInc/fake-images-img2img/00087_sd35_fp16_seed210_s30_g3.5_str0.3.png,fake,1.0,0.1981725692749023,1,fake,grid_majority
sd3_fp4,CLIP-D,grid_majority,/media/CrispyMcMarkInc/fake-images-img2img/00009_sd3_fp4_seed132_s30_g3.5_str0.3.png,real,0.0,0.1987826824188232,1,fake,grid_majority
sd35_fp16,CLIP-D,grid_majority,/media/CrispyMcMarkInc/fake-images-img2img/00030_sd35_fp16_seed153_s30_g3.5_str0.3.png,fake,1.0,0.1976265907287597,1,fake,grid_majority
sd35_fp8,CLIP-D,grid_majority,/media/CrispyMcMarkInc/fake-images-img2img/00047_sd35_fp8_seed170_s30_g3.5_str0.3.png,fake,1.0,0.1983399391174316,1,fake,grid_majority
sd3_fp4,CLIP-D,grid_majority,/media/CrispyMcMarkInc/fake-images-img2img/00054_sd3_fp4_seed177_s30_g3.5_str0.3.png,fake,1.0,0.2000975608825683,1,fake,grid_majority
sd35_fp8,CLIP-D,grid_majority,/media/CrispyMcMarkInc/fake-images-img2img/00028_sd35_fp8_seed151_s30_g3.5_str0.3.png,real,0.0,0.2013232707977295,1,fake,grid_majority
sd35_fp16,CLIP-D,grid_majority,/media/CrispyMcMarkInc/fake-images-img2img/00010_sd35_fp16_seed133_s30_g3.5_str0.3.png,real,0.0,0.2016034126281738,1,fake,grid_majority
sd15_fp8,CLIP-D,grid_majority,/media/CrispyMcMarkInc/fake-images-img2img/00047_sd15_fp8_seed170_s30_g3.5_str0.3.png,fake,1.0,0.2056641578674316,1,fake,grid_majority
sd15_fp4,CLIP-D,grid_majority,/media/CrispyMcMarkInc/fake-images-img2img/00082_sd15_fp4_seed205_s30_g3.5_str0.3.png,fake,1.0,0.2072324752807617,1,fake,grid_majority
sd3_fp8,CLIP-D,grid_majority,/media/CrispyMcMarkInc/fake-images-img2img/00008_sd3_fp8_seed131_s30_g3.5_str0.3.png,real,0.0,0.2042293548583984,1,fake,grid_majority
sd15_fp4,CLIP-D,grid_majority,/media/CrispyMcMarkInc/fake-images-img2img/00051_sd15_fp4_seed174_s30_g3.5_str0.3.png,real,0.0,0.2045948505401611,1,fake,grid_majority
sd15_fp16,CLIP-D,grid_majority,/media/CrispyMcMarkInc/fake-images-img2img/00018_sd15_fp16_seed141_s30_g3.5_str0.3.png,real,0.0,0.2057015895843505,1,fake,grid_majority
sd3_fp4,CLIP-D,grid_majority,/media/CrispyMcMarkInc/fake-images-img2img/00002_sd3_fp4_seed125_s30_g3.5_str0.3.png,real,0.0,0.3343093395233154,1,fake,grid_majority
sd15_fp4,CLIP-D,grid_majority,/media/CrispyMcMarkInc/fake-images-img2img/00005_sd15_fp4_seed128_s30_g3.5_str0.3.png,real,0.0,0.2030601501464843,1,fake,grid_majority
sd35_fp4,CLIP-D,grid_majority,/media/CrispyMcMarkInc/fake-images-img2img/00040_sd35_fp4_seed163_s30_g3.5_str0.3.png,fake,1.0,0.2014503479003906,1,fake,grid_majority
sd3_fp8,CLIP-D,grid_majority,/media/CrispyMcMarkInc/fake-images-img2img/00034_sd3_fp8_seed157_s30_g3.5_str0.3.png,real,0.0,0.2068686485290527,1,fake,grid_majority
sd3_fp8,CLIP-D,grid_majority,/media/CrispyMcMarkInc/fake-images-img2img/00077_sd3_fp8_seed200_s30_g3.5_str0.3.png,fake,1.0,0.2035009860992431,1,fake,grid_majority
sd3_fp4,CLIP-D,grid_majority,/media/CrispyMcMarkInc/fake-images-img2img/00084_sd3_fp4_seed207_s30_g3.5_str0.3.png,fake,1.0,0.2420535087585449,1,fake,grid_majority
sd15_fp8,CLIP-D,grid_majority,/media/CrispyMcMarkInc/fake-images-img2img/00011_sd15_fp8_seed134_s30_g3.5_str0.3.png,real,0.0,0.3635587692260742,1,fake,grid_majority
sd15_fp4,CLIP-D,grid_majority,/media/CrispyMcMarkInc/fake-images-img2img/00028_sd15_fp4_seed151_s30_g3.5_str0.3.png,fake,1.0,0.2242264747619629,1,fake,grid_majority
sd35_fp4,CLIP-D,grid_majority,/media/CrispyMcMarkInc/fake-images-img2img/00047_sd35_fp4_seed170_s30_g3.5_str0.3.png,fake,1.0,0.2152831554412841,1,fake,grid_majority
sd3_fp8,CLIP-D,grid_majority,/media/CrispyMcMarkInc/fake-images-img2img/00092_sd3_fp8_seed215_s30_g3.5_str0.3.png,real,0.0,0.2745137214660644,1,fake,grid_majority
sd35_fp8,CLIP-D,grid_majority,/media/CrispyMcMarkInc/fake-images-img2img/00076_sd35_fp8_seed199_s30_g3.5_str0.3.png,real,0.0,0.3628137111663818,1,fake,grid_majority
sd3_fp8,CLIP-D,grid_majority,/media/CrispyMcMarkInc/fake-images-img2img/00066_sd3_fp8_seed189_s30_g3.5_str0.3.png,real,0.0,0.2053568363189697,1,fake,grid_majority
sd35_fp8,CLIP-D,grid_majority,/media/CrispyMcMarkInc/fake-images-img2img/00011_sd35_fp8_seed134_s30_g3.5_str0.3.png,real,0.0,0.2022655010223388,1,fake,grid_majority
sd15_fp8,CLIP-D,grid_majority,/media/CrispyMcMarkInc/fake-images-img2img/00020_sd15_fp8_seed143_s30_g3.5_str0.3.png,real,0.0,0.203134536743164,1,fake,grid_majority
sd15_fp4,CLIP-D,grid_majority,/media/CrispyMcMarkInc/fake-images-img2img/00075_sd15_fp4_seed198_s30_g3.5_str0.3.png,real,0.0,0.2010281085968017,1,fake,grid_majority
sd35_fp4,CLIP-D,grid_majority,/media/CrispyMcMarkInc/fake-images-img2img/00079_sd35_fp4_seed202_s30_g3.5_str0.3.png,real,0.0,0.1990859508514404,1,fake,grid_majority
sd3_fp16,CLIP-D,grid_majority,/media/CrispyMcMarkInc/fake-images-img2img/00095_sd3_fp16_seed218_s30_g3.5_str0.3.png,fake,1.0,0.2007508277893066,1,fake,grid_majority
sd15_fp8,CLIP-D,grid_majority,/media/CrispyMcMarkInc/fake-images-img2img/00029_sd15_fp8_seed152_s30_g3.5_str0.3.png,fake,1.0,0.2007639408111572,1,fake,grid_majority
sd3_fp4,CLIP-D,grid_majority,/media/CrispyMcMarkInc/fake-images-img2img/00043_sd3_fp4_seed166_s30_g3.5_str0.3.png,fake,1.0,0.1982769966125488,1,fake,grid_majority
sd15_fp16,CLIP-D,grid_majority,/media/CrispyMcMarkInc/fake-images-img2img/00053_sd15_fp16_seed176_s30_g3.5_str0.3.png,real,0.0,0.1987640857696533,1,fake,grid_majority
sd15_fp8,CLIP-D,grid_majority,/media/CrispyMcMarkInc/fake-images-img2img/00003_sd15_fp8_seed126_s30_g3.5_str0.3.png,fake,1.0,0.2006473541259765,1,fake,grid_majority
sd15_fp8,CLIP-D,grid_majority,/media/CrispyMcMarkInc/fake-images-img2img/00021_sd15_fp8_seed144_s30_g3.5_str0.3.png,real,0.0,0.2021024227142334,1,fake,grid_majority
sd15_fp16,CLIP-D,grid_majority,/media/CrispyMcMarkInc/fake-images-img2img/00058_sd15_fp16_seed181_s30_g3.5_str0.3.png,real,0.0,0.2017805576324463,1,fake,grid_majority
sd35_fp4,CLIP-D,grid_majority,/media/CrispyMcMarkInc/fake-images-img2img/00043_sd35_fp4_seed166_s30_g3.5_str0.3.png,fake,1.0,0.2186117172241211,1,fake,grid_majority
sd3_fp4,CLIP-D,grid_majority,/media/CrispyMcMarkInc/fake-images-img2img/00088_sd3_fp4_seed211_s30_g3.5_str0.3.png,fake,1.0,0.2057669162750244,1,fake,grid_majority
sd3_fp4,CLIP-D,grid_majority,/media/CrispyMcMarkInc/fake-images-img2img/00030_sd3_fp4_seed153_s30_g3.5_str0.3.png,fake,1.0,0.2025675773620605,1,fake,grid_majority
sd35_fp8,CLIP-D,grid_majority,/media/CrispyMcMarkInc/fake-images-img2img/00039_sd35_fp8_seed162_s30_g3.5_str0.3.png,real,0.0,0.2023229598999023,1,fake,grid_majority
sd15_fp8,CLIP-D,grid_majority,/media/CrispyMcMarkInc/fake-images-img2img/00072_sd15_fp8_seed195_s30_g3.5_str0.3.png,fake,1.0,0.4056959152221679,1,fake,grid_majority
sd3_fp8,CLIP-D,grid_majority,/media/CrispyMcMarkInc/fake-images-img2img/00042_sd3_fp8_seed165_s30_g3.5_str0.3.png,real,0.0,0.2238593101501464,1,fake,grid_majority
sd35_fp4,CLIP-D,grid_majority,/media/CrispyMcMarkInc/fake-images-img2img/00087_sd35_fp4_seed210_s30_g3.5_str0.3.png,fake,1.0,0.2214069366455078,1,fake,grid_majority
sd3_fp16,CLIP-D,grid_majority,/media/CrispyMcMarkInc/fake-images-img2img/00079_sd3_fp16_seed202_s30_g3.5_str0.3.png,real,0.0,0.2165935039520263,1,fake,grid_majority
sd35_fp16,CLIP-D,grid_majority,/media/CrispyMcMarkInc/fake-images-img2img/00081_sd35_fp16_seed204_s30_g3.5_str0.3.png,real,0.0,0.2186768054962158,1,fake,grid_majority
sd35_fp8,CLIP-D,grid_majority,/media/CrispyMcMarkInc/fake-images-img2img/00052_sd35_fp8_seed175_s30_g3.5_str0.3.png,real,0.0,0.2237064838409423,1,fake,grid_majority
sd35_fp16,CLIP-D,grid_majority,/media/CrispyMcMarkInc/fake-images-img2img/00020_sd35_fp16_seed143_s30_g3.5_str0.3.png,real,0.0,0.2583484649658203,1,fake,grid_majority
sd15_fp4,CLIP-D,grid_majority,/media/CrispyMcMarkInc/fake-images-img2img/00064_sd15_fp4_seed187_s30_g3.5_str0.3.png,real,0.0,0.3946247100830078,1,fake,grid_majority
sd15_fp4,CLIP-D,grid_majority,/media/CrispyMcMarkInc/fake-images-img2img/00025_sd15_fp4_seed148_s30_g3.5_str0.3.png,real,0.0,0.2230350971221923,1,fake,grid_majority
sd3_fp16,CLIP-D,grid_majority,/media/CrispyMcMarkInc/fake-images-img2img/00037_sd3_fp16_seed160_s30_g3.5_str0.3.png,real,0.0,0.2065997123718261,1,fake,grid_majority
sd3_fp16,CLIP-D,grid_majority,/media/CrispyMcMarkInc/fake-images-img2img/00050_sd3_fp16_seed173_s30_g3.5_str0.3.png,real,0.0,0.1984782218933105,1,fake,grid_majority
sd15_fp16,CLIP-D,grid_majority,/media/CrispyMcMarkInc/fake-images-img2img/00093_sd15_fp16_seed216_s30_g3.5_str0.3.png,fake,1.0,0.2041106224060058,1,fake,grid_majority
sd3_fp16,CLIP-D,grid_majority,/media/CrispyMcMarkInc/fake-images-img2img/00061_sd3_fp16_seed184_s30_g3.5_str0.3.png,real,0.0,0.2009680271148681,1,fake,grid_majority
sd15_fp16,CLIP-D,grid_majority,/media/CrispyMcMarkInc/fake-images-img2img/00006_sd15_fp16_seed129_s30_g3.5_str0.3.png,real,0.0,0.1982336044311523,1,fake,grid_majority
sd35_fp8,CLIP-D,grid_majority,/media/CrispyMcMarkInc/fake-images-img2img/00036_sd35_fp8_seed159_s30_g3.5_str0.3.png,fake,1.0,0.1981611251831054,1,fake,grid_majority
sd15_fp8,CLIP-D,grid_majority,/media/CrispyMcMarkInc/fake-images-img2img/00078_sd15_fp8_seed201_s30_g3.5_str0.3.png,fake,1.0,0.2009456157684326,1,fake,grid_majority
sd15_fp16,CLIP-D,grid_majority,/media/CrispyMcMarkInc/fake-images-img2img/00041_sd15_fp16_seed164_s30_g3.5_str0.3.png,real,0.0,0.1983382701873779,1,fake,grid_majority
sd15_fp4,CLIP-D,grid_majority,/media/CrispyMcMarkInc/fake-images-img2img/00055_sd15_fp4_seed178_s30_g3.5_str0.3.png,fake,1.0,0.2003989219665527,1,fake,grid_majority
sd35_fp16,CLIP-D,grid_majority,/media/CrispyMcMarkInc/fake-images-img2img/00083_sd35_fp16_seed206_s30_g3.5_str0.3.png,real,0.0,0.1967556476593017,1,fake,grid_majority
sd35_fp8,CLIP-D,grid_majority,/media/CrispyMcMarkInc/fake-images-img2img/00048_sd35_fp8_seed171_s30_g3.5_str0.3.png,real,0.0,0.1992242336273193,1,fake,grid_majority
sd35_fp4,CLIP-D,grid_majority,/media/CrispyMcMarkInc/fake-images-img2img/00030_sd35_fp4_seed153_s30_g3.5_str0.3.png,fake,1.0,0.1976840496063232,1,fake,grid_majority
sd3_fp8,CLIP-D,grid_majority,/media/CrispyMcMarkInc/fake-images-img2img/00046_sd3_fp8_seed169_s30_g3.5_str0.3.png,real,0.0,0.2015860080718994,1,fake,grid_majority
sd15_fp4,CLIP-D,grid_majority,/media/CrispyMcMarkInc/fake-images-img2img/00071_sd15_fp4_seed194_s30_g3.5_str0.3.png,fake,1.0,0.2309348583221435,1,fake,grid_majority
sd3_fp8,CLIP-D,grid_majority,/media/CrispyMcMarkInc/fake-images-img2img/00061_sd3_fp8_seed184_s30_g3.5_str0.3.png,real,0.0,0.2046079635620117,1,fake,grid_majority
sd35_fp16,CLIP-D,grid_majority,/media/CrispyMcMarkInc/fake-images-img2img/00027_sd35_fp16_seed150_s30_g3.5_str0.3.png,real,0.0,0.2027769088745117,1,fake,grid_majority
sd35_fp8,CLIP-D,grid_majority,/media/CrispyMcMarkInc/fake-images-img2img/00065_sd35_fp8_seed188_s30_g3.5_str0.3.png,real,0.0,0.2037675380706787,1,fake,grid_majority
sd35_fp16,CLIP-D,grid_majority,/media/CrispyMcMarkInc/fake-images-img2img/00009_sd35_fp16_seed132_s30_g3.5_str0.3.png,real,0.0,0.2023627758026123,1,fake,grid_majority
sd3_fp16,CLIP-D,grid_majority,/media/CrispyMcMarkInc/fake-images-img2img/00004_sd3_fp16_seed127_s30_g3.5_str0.3.png,real,0.0,0.2024946212768554,1,fake,grid_majority
sd3_fp16,CLIP-D,grid_majority,/media/CrispyMcMarkInc/fake-images-img2img/00049_sd3_fp16_seed172_s30_g3.5_str0.3.png,fake,1.0,0.2012219429016113,1,fake,grid_majority
sd35_fp16,CLIP-D,grid_majority,/media/CrispyMcMarkInc/fake-images-img2img/00052_sd35_fp16_seed175_s30_g3.5_str0.3.png,real,0.0,0.2027187347412109,1,fake,grid_majority
sd15_fp16,CLIP-D,grid_majority,/media/CrispyMcMarkInc/fake-images-img2img/00034_sd15_fp16_seed157_s30_g3.5_str0.3.png,fake,1.0,0.1876332759857177,1,fake,grid_majority
sd15_fp8,CLIP-D,grid_majority,/media/CrispyMcMarkInc/fake-images-img2img/00086_sd15_fp8_seed209_s30_g3.5_str0.3.png,fake,1.0,0.3371553421020508,1,fake,grid_majority
sd3_fp16,CLIP-D,grid_majority,/media/CrispyMcMarkInc/fake-images-img2img/00028_sd3_fp16_seed151_s30_g3.5_str0.3.png,real,0.0,0.4003846645355224,1,fake,grid_majority
sd3_fp8,CLIP-D,grid_majority,/media/CrispyMcMarkInc/fake-images-img2img/00022_sd3_fp8_seed145_s30_g3.5_str0.3.png,real,0.0,0.2231867313385009,1,fake,grid_majority
sd35_fp16,CLIP-D,grid_majority,/media/CrispyMcMarkInc/fake-images-img2img/00024_sd35_fp16_seed147_s30_g3.5_str0.3.png,real,0.0,0.2276630401611328,1,fake,grid_majority
sd15_fp8,CLIP-D,grid_majority,/media/CrispyMcMarkInc/fake-images-img2img/00084_sd15_fp8_seed207_s30_g3.5_str0.3.png,fake,1.0,0.2202820777893066,1,fake,grid_majority
sd15_fp4,CLIP-D,grid_majority,/media/CrispyMcMarkInc/fake-images-img2img/00057_sd15_fp4_seed180_s30_g3.5_str0.3.png,real,0.0,0.2428410053253173,1,fake,grid_majority
sd3_fp16,CLIP-D,grid_majority,/media/CrispyMcMarkInc/fake-images-img2img/00006_sd3_fp16_seed129_s30_g3.5_str0.3.png,real,0.0,0.3882999420166015,1,fake,grid_majority
sd3_fp8,CLIP-D,grid_majority,/media/CrispyMcMarkInc/fake-images-img2img/00029_sd3_fp8_seed152_s30_g3.5_str0.3.png,fake,1.0,0.2233664989471435,1,fake,grid_majority
sd35_fp16,CLIP-D,grid_majority,/media/CrispyMcMarkInc/fake-images-img2img/00032_sd35_fp16_seed155_s30_g3.5_str0.3.png,real,0.0,0.2093496322631836,1,fake,grid_majority
sd3_fp16,CLIP-D,grid_majority,/media/CrispyMcMarkInc/fake-images-img2img/00069_sd3_fp16_seed192_s30_g3.5_str0.3.png,fake,1.0,0.1996498107910156,1,fake,grid_majority
sd3_fp16,CLIP-D,grid_majority,/media/CrispyMcMarkInc/fake-images-img2img/00083_sd3_fp16_seed206_s30_g3.5_str0.3.png,real,0.0,0.2012097835540771,1,fake,grid_majority
sd15_fp8,CLIP-D,grid_majority,/media/CrispyMcMarkInc/fake-images-img2img/00008_sd15_fp8_seed131_s30_g3.5_str0.3.png,real,0.0,0.2014222145080566,1,fake,grid_majority
sd15_fp8,CLIP-D,grid_majority,/media/CrispyMcMarkInc/fake-images-img2img/00064_sd15_fp8_seed187_s30_g3.5_str0.3.png,real,0.0,0.201937198638916,1,fake,grid_majority
sd3_fp4,CLIP-D,grid_majority,/media/CrispyMcMarkInc/fake-images-img2img/00031_sd3_fp4_seed154_s30_g3.5_str0.3.png,fake,1.0,0.2003202438354492,1,fake,grid_majority
sd35_fp4,CLIP-D,grid_majority,/media/CrispyMcMarkInc/fake-images-img2img/00041_sd35_fp4_seed164_s30_g3.5_str0.3.png,real,0.0,0.2001025676727295,1,fake,grid_majority
sd15_fp16,CLIP-D,grid_majority,/media/CrispyMcMarkInc/fake-images-img2img/00068_sd15_fp16_seed191_s30_g3.5_str0.3.png,real,0.0,0.1984522342681884,1,fake,grid_majority
sd15_fp8,CLIP-D,grid_majority,/media/CrispyMcMarkInc/fake-images-img2img/00055_sd15_fp8_seed178_s30_g3.5_str0.3.png,fake,1.0,0.1991174221038818,1,fake,grid_majority
sd15_fp16,CLIP-D,grid_majority,/media/CrispyMcMarkInc/fake-images-img2img/00044_sd15_fp16_seed167_s30_g3.5_str0.3.png,fake,1.0,0.1995410919189453,1,fake,grid_majority
sd15_fp8,CLIP-D,grid_majority,/media/CrispyMcMarkInc/fake-images-img2img/00004_sd15_fp8_seed127_s30_g3.5_str0.3.png,real,0.0,0.2011573314666748,1,fake,grid_majority
sd15_fp8,CLIP-D,grid_majority,/media/CrispyMcMarkInc/fake-images-img2img/00053_sd15_fp8_seed176_s30_g3.5_str0.3.png,real,0.0,0.2050263881683349,1,fake,grid_majority
sd3_fp4,CLIP-D,grid_majority,/media/CrispyMcMarkInc/fake-images-img2img/00024_sd3_fp4_seed147_s30_g3.5_str0.3.png,fake,1.0,0.2006855010986328,1,fake,grid_majority
sd35_fp16,CLIP-D,grid_majority,/media/CrispyMcMarkInc/fake-images-img2img/00050_sd35_fp16_seed173_s30_g3.5_str0.3.png,real,0.0,0.1987202167510986,1,fake,grid_majority
sd3_fp16,CLIP-D,grid_majority,/media/CrispyMcMarkInc/fake-images-img2img/00088_sd3_fp16_seed211_s30_g3.5_str0.3.png,real,0.0,0.2234430313110351,1,fake,grid_majority
sd35_fp8,CLIP-D,grid_majority,/media/CrispyMcMarkInc/fake-images-img2img/00056_sd35_fp8_seed179_s30_g3.5_str0.3.png,fake,1.0,0.2023727893829345,1,fake,grid_majority
sd15_fp4,CLIP-D,grid_majority,/media/CrispyMcMarkInc/fake-images-img2img/00003_sd15_fp4_seed126_s30_g3.5_str0.3.png,fake,1.0,0.2015347480773925,1,fake,grid_majority
sd3_fp16,CLIP-D,grid_majority,/media/CrispyMcMarkInc/fake-images-img2img/00011_sd3_fp16_seed134_s30_g3.5_str0.3.png,real,0.0,0.2792527675628662,1,fake,grid_majority
sd3_fp4,CLIP-D,grid_majority,/media/CrispyMcMarkInc/fake-images-img2img/00090_sd3_fp4_seed213_s30_g3.5_str0.3.png,real,0.0,0.4122073650360107,1,fake,grid_majority
sd15_fp8,CLIP-D,grid_majority,/media/CrispyMcMarkInc/fake-images-img2img/00061_sd15_fp8_seed184_s30_g3.5_str0.3.png,fake,1.0,0.2274503707885742,1,fake,grid_majority
sd3_fp8,CLIP-D,grid_majority,/media/CrispyMcMarkInc/fake-images-img2img/00028_sd3_fp8_seed151_s30_g3.5_str0.3.png,real,0.0,0.2216064929962158,1,fake,grid_majority
sd15_fp4,CLIP-D,grid_majority,/media/CrispyMcMarkInc/fake-images-img2img/00014_sd15_fp4_seed137_s30_g3.5_str0.3.png,fake,1.0,0.2729911804199219,1,fake,grid_majority
sd15_fp4,CLIP-D,grid_majority,/media/CrispyMcMarkInc/fake-images-img2img/00040_sd15_fp4_seed163_s30_g3.5_str0.3.png,fake,1.0,0.2219471931457519,1,fake,grid_majority
sd35_fp4,CLIP-D,grid_majority,/media/CrispyMcMarkInc/fake-images-img2img/00034_sd35_fp4_seed157_s30_g3.5_str0.3.png,fake,1.0,0.3892147541046142,1,fake,grid_majority
sd15_fp4,CLIP-D,grid_majority,/media/CrispyMcMarkInc/fake-images-img2img/00020_sd15_fp4_seed143_s30_g3.5_str0.3.png,real,0.0,0.2263243198394775,1,fake,grid_majority
sd35_fp8,CLIP-D,grid_majority,/media/CrispyMcMarkInc/fake-images-img2img/00093_sd35_fp8_seed216_s30_g3.5_str0.3.png,fake,1.0,0.2047250270843505,1,fake,grid_majority
sd15_fp8,CLIP-D,grid_majority,/media/CrispyMcMarkInc/fake-images-img2img/00090_sd15_fp8_seed213_s30_g3.5_str0.3.png,real,0.0,0.2030341625213623,1,fake,grid_majority
sd35_fp8,CLIP-D,grid_majority,/media/CrispyMcMarkInc/fake-images-img2img/00088_sd35_fp8_seed211_s30_g3.5_str0.3.png,real,0.0,0.2037241458892822,1,fake,grid_majority
sd3_fp4,CLIP-D,grid_majority,/media/CrispyMcMarkInc/fake-images-img2img/00015_sd3_fp4_seed138_s30_g3.5_str0.3.png,real,0.0,0.2012286186218261,1,fake,grid_majority
sd15_fp16,CLIP-D,grid_majority,/media/CrispyMcMarkInc/fake-images-img2img/00024_sd15_fp16_seed147_s30_g3.5_str0.3.png,real,0.0,0.2014651298522949,1,fake,grid_majority
sd35_fp16,CLIP-D,grid_majority,/media/CrispyMcMarkInc/fake-images-img2img/00019_sd35_fp16_seed142_s30_g3.5_str0.3.png,real,0.0,0.199434757232666,1,fake,grid_majority
sd35_fp4,CLIP-D,grid_majority,/media/CrispyMcMarkInc/fake-images-img2img/00067_sd35_fp4_seed190_s30_g3.5_str0.3.png,fake,1.0,0.2006292343139648,1,fake,grid_majority
sd3_fp8,CLIP-D,grid_majority,/media/CrispyMcMarkInc/fake-images-img2img/00017_sd3_fp8_seed140_s30_g3.5_str0.3.png,real,0.0,0.1987078189849853,1,fake,grid_majority
sd15_fp16,CLIP-D,grid_majority,/media/CrispyMcMarkInc/fake-images-img2img/00010_sd15_fp16_seed133_s30_g3.5_str0.3.png,fake,1.0,0.2001495361328125,1,fake,grid_majority
sd15_fp4,CLIP-D,grid_majority,/media/CrispyMcMarkInc/fake-images-img2img/00015_sd15_fp4_seed138_s30_g3.5_str0.3.png,real,0.0,0.2022132873535156,1,fake,grid_majority
sd35_fp4,CLIP-D,grid_majority,/media/CrispyMcMarkInc/fake-images-img2img/00075_sd35_fp4_seed198_s30_g3.5_str0.3.png,real,0.0,0.1963086128234863,1,fake,grid_majority
sd3_fp16,CLIP-D,grid_majority,/media/CrispyMcMarkInc/fake-images-img2img/00008_sd3_fp16_seed131_s30_g3.5_str0.3.png,real,0.0,0.2036669254302978,1,fake,grid_majority
sd3_fp4,CLIP-D,grid_majority,/media/CrispyMcMarkInc/fake-images-img2img/00086_sd3_fp4_seed209_s30_g3.5_str0.3.png,fake,1.0,0.2013890743255615,1,fake,grid_majority
sd3_fp8,CLIP-D,grid_majority,/media/CrispyMcMarkInc/fake-images-img2img/00079_sd3_fp8_seed202_s30_g3.5_str0.3.png,real,0.0,0.2015020847320556,1,fake,grid_majority
sd35_fp8,CLIP-D,grid_majority,/media/CrispyMcMarkInc/fake-images-img2img/00003_sd35_fp8_seed126_s30_g3.5_str0.3.png,fake,1.0,0.2014031410217285,1,fake,grid_majority
sd35_fp4,CLIP-D,grid_majority,/media/CrispyMcMarkInc/fake-images-img2img/00050_sd35_fp4_seed173_s30_g3.5_str0.3.png,real,0.0,0.1998951435089111,1,fake,grid_majority
sd35_fp8,CLIP-D,grid_majority,/media/CrispyMcMarkInc/fake-images-img2img/00051_sd35_fp8_seed174_s30_g3.5_str0.3.png,fake,1.0,0.2055015563964843,1,fake,grid_majority
sd15_fp4,CLIP-D,grid_majority,/media/CrispyMcMarkInc/fake-images-img2img/00038_sd15_fp4_seed161_s30_g3.5_str0.3.png,fake,1.0,0.2041125297546386,1,fake,grid_majority
sd3_fp8,CLIP-D,grid_majority,/media/CrispyMcMarkInc/fake-images-img2img/00094_sd3_fp8_seed217_s30_g3.5_str0.3.png,fake,1.0,0.2035334110260009,1,fake,grid_majority
sd15_fp4,CLIP-D,grid_majority,/media/CrispyMcMarkInc/fake-images-img2img/00097_sd15_fp4_seed220_s30_g3.5_str0.3.png,fake,1.0,0.2047305107116699,1,fake,grid_majority
sd3_fp4,CLIP-D,grid_majority,/media/CrispyMcMarkInc/fake-images-img2img/00020_sd3_fp4_seed143_s30_g3.5_str0.3.png,real,0.0,0.2062177658081054,1,fake,grid_majority
sd35_fp8,CLIP-D,grid_majority,/media/CrispyMcMarkInc/fake-images-img2img/00089_sd35_fp8_seed212_s30_g3.5_str0.3.png,real,0.0,0.2032294273376464,1,fake,grid_majority
sd35_fp8,CLIP-D,grid_majority,/media/CrispyMcMarkInc/fake-images-img2img/00091_sd35_fp8_seed214_s30_g3.5_str0.3.png,fake,1.0,0.2008874416351318,1,fake,grid_majority
sd35_fp4,CLIP-D,grid_majority,/media/CrispyMcMarkInc/fake-images-img2img/00003_sd35_fp4_seed126_s30_g3.5_str0.3.png,fake,1.0,0.2042567729949951,1,fake,grid_majority
sd3_fp16,CLIP-D,grid_majority,/media/CrispyMcMarkInc/fake-images-img2img/00012_sd3_fp16_seed135_s30_g3.5_str0.3.png,real,0.0,0.2009422779083252,1,fake,grid_majority
sd35_fp8,CLIP-D,grid_majority,/media/CrispyMcMarkInc/fake-images-img2img/00034_sd35_fp8_seed157_s30_g3.5_str0.3.png,fake,1.0,0.267319917678833,1,fake,grid_majority
sd35_fp8,CLIP-D,grid_majority,/media/CrispyMcMarkInc/fake-images-img2img/00009_sd35_fp8_seed132_s30_g3.5_str0.3.png,real,0.0,0.3651885986328125,1,fake,grid_majority
sd15_fp8,CLIP-D,grid_majority,/media/CrispyMcMarkInc/fake-images-img2img/00005_sd15_fp8_seed128_s30_g3.5_str0.3.png,real,0.0,0.2214255332946777,1,fake,grid_majority
sd15_fp4,CLIP-D,grid_majority,/media/CrispyMcMarkInc/fake-images-img2img/00056_sd15_fp4_seed179_s30_g3.5_str0.3.png,fake,1.0,0.2193372249603271,1,fake,grid_majority
sd3_fp16,CLIP-D,grid_majority,/media/CrispyMcMarkInc/fake-images-img2img/00098_sd3_fp16_seed221_s30_g3.5_str0.3.png,real,0.0,0.2225275039672851,1,fake,grid_majority
sd3_fp4,CLIP-D,grid_majority,/media/CrispyMcMarkInc/fake-images-img2img/00033_sd3_fp4_seed156_s30_g3.5_str0.3.png,fake,1.0,0.2206699848175048,1,fake,grid_majority
sd35_fp16,CLIP-D,grid_majority,/media/CrispyMcMarkInc/fake-images-img2img/00025_sd35_fp16_seed148_s30_g3.5_str0.3.png,real,0.0,0.3910679817199707,1,fake,grid_majority
sd35_fp4,CLIP-D,grid_majority,/media/CrispyMcMarkInc/fake-images-img2img/00090_sd35_fp4_seed213_s30_g3.5_str0.3.png,real,0.0,0.2223002910614013,1,fake,grid_majority
sd15_fp16,CLIP-D,grid_majority,/media/CrispyMcMarkInc/fake-images-img2img/00043_sd15_fp16_seed166_s30_g3.5_str0.3.png,fake,1.0,0.2036414146423339,1,fake,grid_majority
sd35_fp4,CLIP-D,grid_majority,/media/CrispyMcMarkInc/fake-images-img2img/00086_sd35_fp4_seed209_s30_g3.5_str0.3.png,fake,1.0,0.2009460926055908,1,fake,grid_majority
sd35_fp8,CLIP-D,grid_majority,/media/CrispyMcMarkInc/fake-images-img2img/00073_sd35_fp8_seed196_s30_g3.5_str0.3.png,fake,1.0,0.2039346694946289,1,fake,grid_majority
sd35_fp4,CLIP-D,grid_majority,/media/CrispyMcMarkInc/fake-images-img2img/00018_sd35_fp4_seed141_s30_g3.5_str0.3.png,real,0.0,0.2022228240966797,1,fake,grid_majority
sd15_fp4,CLIP-D,grid_majority,/media/CrispyMcMarkInc/fake-images-img2img/00030_sd15_fp4_seed153_s30_g3.5_str0.3.png,fake,1.0,0.199808120727539,1,fake,grid_majority
sd3_fp4,CLIP-D,grid_majority,/media/CrispyMcMarkInc/fake-images-img2img/00082_sd3_fp4_seed205_s30_g3.5_str0.3.png,real,0.0,0.1978037357330322,1,fake,grid_majority
sd15_fp4,CLIP-D,grid_majority,/media/CrispyMcMarkInc/fake-images-img2img/00093_sd15_fp4_seed216_s30_g3.5_str0.3.png,fake,1.0,0.2006676197052002,1,fake,grid_majority
sd3_fp16,CLIP-D,grid_majority,/media/CrispyMcMarkInc/fake-images-img2img/00072_sd3_fp16_seed195_s30_g3.5_str0.3.png,fake,1.0,0.1991167068481445,1,fake,grid_majority
sd3_fp16,CLIP-D,grid_majority,/media/CrispyMcMarkInc/fake-images-img2img/00062_sd3_fp16_seed185_s30_g3.5_str0.3.png,fake,1.0,0.2008321285247802,1,fake,grid_majority
sd15_fp4,CLIP-D,grid_majority,/media/CrispyMcMarkInc/fake-images-img2img/00007_sd15_fp4_seed130_s30_g3.5_str0.3.png,fake,1.0,0.2011547088623047,1,fake,grid_majority
sd3_fp16,CLIP-D,grid_majority,/media/CrispyMcMarkInc/fake-images-img2img/00053_sd3_fp16_seed176_s30_g3.5_str0.3.png,real,0.0,0.2008929252624511,1,fake,grid_majority
sd15_fp4,CLIP-D,grid_majority,/media/CrispyMcMarkInc/fake-images-img2img/00039_sd15_fp4_seed162_s30_g3.5_str0.3.png,real,0.0,0.2003710269927978,1,fake,grid_majority
sd3_fp8,CLIP-D,grid_majority,/media/CrispyMcMarkInc/fake-images-img2img/00052_sd3_fp8_seed175_s30_g3.5_str0.3.png,real,0.0,0.1987462043762207,1,fake,grid_majority
sd3_fp8,CLIP-D,grid_majority,/media/CrispyMcMarkInc/fake-images-img2img/00021_sd3_fp8_seed144_s30_g3.5_str0.3.png,real,0.0,0.222177505493164,1,fake,grid_majority
sd35_fp16,CLIP-D,grid_majority,/media/CrispyMcMarkInc/fake-images-img2img/00054_sd35_fp16_seed177_s30_g3.5_str0.3.png,real,0.0,0.2038273811340332,1,fake,grid_majority
sd15_fp16,CLIP-D,grid_majority,/media/CrispyMcMarkInc/fake-images-img2img/00096_sd15_fp16_seed219_s30_g3.5_str0.3.png,real,0.0,0.2024662494659423,1,fake,grid_majority
sd15_fp16,CLIP-D,grid_majority,/media/CrispyMcMarkInc/fake-images-img2img/00079_sd15_fp16_seed202_s30_g3.5_str0.3.png,fake,1.0,0.2037305831909179,1,fake,grid_majority
sd3_fp16,CLIP-D,grid_majority,/media/CrispyMcMarkInc/fake-images-img2img/00010_sd3_fp16_seed133_s30_g3.5_str0.3.png,real,0.0,0.2034103870391845,1,fake,grid_majority
sd15_fp8,CLIP-D,grid_majority,/media/CrispyMcMarkInc/fake-images-img2img/00096_sd15_fp8_seed219_s30_g3.5_str0.3.png,real,0.0,0.2037584781646728,1,fake,grid_majority
sd3_fp4,CLIP-D,grid_majority,/media/CrispyMcMarkInc/fake-images-img2img/00022_sd3_fp4_seed145_s30_g3.5_str0.3.png,fake,1.0,0.2939069271087646,1,fake,grid_majority
sd15_fp8,CLIP-D,grid_majority,/media/CrispyMcMarkInc/fake-images-img2img/00039_sd15_fp8_seed162_s30_g3.5_str0.3.png,real,0.0,0.3992872238159179,1,fake,grid_majority
sd15_fp16,CLIP-D,grid_majority,/media/CrispyMcMarkInc/fake-images-img2img/00091_sd15_fp16_seed214_s30_g3.5_str0.3.png,fake,1.0,0.2227327823638916,1,fake,grid_majority
sd3_fp8,CLIP-D,grid_majority,/media/CrispyMcMarkInc/fake-images-img2img/00031_sd3_fp8_seed154_s30_g3.5_str0.3.png,real,0.0,0.2195625305175781,1,fake,grid_majority
sd3_fp8,CLIP-D,grid_majority,/media/CrispyMcMarkInc/fake-images-img2img/00037_sd3_fp8_seed160_s30_g3.5_str0.3.png,real,0.0,0.2215473651885986,1,fake,grid_majority
sd15_fp16,CLIP-D,grid_majority,/media/CrispyMcMarkInc/fake-images-img2img/00030_sd15_fp16_seed153_s30_g3.5_str0.3.png,fake,1.0,0.3438038825988769,1,fake,grid_majority
sd35_fp4,CLIP-D,grid_majority,/media/CrispyMcMarkInc/fake-images-img2img/00001_sd35_fp4_seed124_s30_g3.5_str0.3.png,real,0.0,0.3915591239929199,1,fake,grid_majority
sd15_fp8,CLIP-D,grid_majority,/media/CrispyMcMarkInc/fake-images-img2img/00073_sd15_fp8_seed196_s30_g3.5_str0.3.png,real,0.0,0.2209548950195312,1,fake,grid_majority
sd3_fp4,CLIP-D,grid_majority,/media/CrispyMcMarkInc/fake-images-img2img/00053_sd3_fp4_seed176_s30_g3.5_str0.3.png,real,0.0,0.2057769298553466,1,fake,grid_majority
sd15_fp4,CLIP-D,grid_majority,/media/CrispyMcMarkInc/fake-images-img2img/00083_sd15_fp4_seed206_s30_g3.5_str0.3.png,fake,1.0,0.2027308940887451,1,fake,grid_majority
sd15_fp8,CLIP-D,grid_majority,/media/CrispyMcMarkInc/fake-images-img2img/00063_sd15_fp8_seed186_s30_g3.5_str0.3.png,fake,1.0,0.2031400203704834,1,fake,grid_majority
sd3_fp4,CLIP-D,grid_majority,/media/CrispyMcMarkInc/fake-images-img2img/00070_sd3_fp4_seed193_s30_g3.5_str0.3.png,fake,1.0,0.2018327713012695,1,fake,grid_majority
sd15_fp16,CLIP-D,grid_majority,/media/CrispyMcMarkInc/fake-images-img2img/00032_sd15_fp16_seed155_s30_g3.5_str0.3.png,fake,1.0,0.2004599571228027,1,fake,grid_majority
sd3_fp4,CLIP-D,grid_majority,/media/CrispyMcMarkInc/fake-images-img2img/00021_sd3_fp4_seed144_s30_g3.5_str0.3.png,real,0.0,0.1985697746276855,1,fake,grid_majority
sd15_fp4,CLIP-D,grid_majority,/media/CrispyMcMarkInc/fake-images-img2img/00065_sd15_fp4_seed188_s30_g3.5_str0.3.png,fake,1.0,0.2009551525115966,1,fake,grid_majority
sd3_fp4,CLIP-D,grid_majority,/media/CrispyMcMarkInc/fake-images-img2img/00019_sd3_fp4_seed142_s30_g3.5_str0.3.png,real,0.0,0.1985971927642822,1,fake,grid_majority
sd3_fp8,CLIP-D,grid_majority,/media/CrispyMcMarkInc/fake-images-img2img/00018_sd3_fp8_seed141_s30_g3.5_str0.3.png,real,0.0,0.2018768787384033,1,fake,grid_majority
sd3_fp8,CLIP-D,grid_majority,/media/CrispyMcMarkInc/fake-images-img2img/00041_sd3_fp8_seed164_s30_g3.5_str0.3.png,real,0.0,0.1985635757446289,1,fake,grid_majority
sd15_fp16,CLIP-D,grid_majority,/media/CrispyMcMarkInc/fake-images-img2img/00088_sd15_fp16_seed211_s30_g3.5_str0.3.png,fake,1.0,0.2023329734802246,1,fake,grid_majority
sd15_fp4,CLIP-D,grid_majority,/media/CrispyMcMarkInc/fake-images-img2img/00099_sd15_fp4_seed222_s30_g3.5_str0.3.png,real,0.0,0.2159445285797119,1,fake,grid_majority
sd35_fp16,CLIP-D,grid_majority,/media/CrispyMcMarkInc/fake-images-img2img/00072_sd35_fp16_seed195_s30_g3.5_str0.3.png,fake,1.0,0.2000215053558349,1,fake,grid_majority
sd15_fp16,CLIP-D,grid_majority,/media/CrispyMcMarkInc/fake-images-img2img/00086_sd15_fp16_seed209_s30_g3.5_str0.3.png,fake,1.0,0.20310640335083,1,fake,grid_majority
sd15_fp4,CLIP-D,grid_majority,/media/CrispyMcMarkInc/fake-images-img2img/00094_sd15_fp4_seed217_s30_g3.5_str0.3.png,fake,1.0,0.2040169239044189,1,fake,grid_majority
sd35_fp8,CLIP-D,grid_majority,/media/CrispyMcMarkInc/fake-images-img2img/00004_sd35_fp8_seed127_s30_g3.5_str0.3.png,real,0.0,0.2038531303405761,1,fake,grid_majority
sd3_fp4,CLIP-D,grid_majority,/media/CrispyMcMarkInc/fake-images-img2img/00072_sd3_fp4_seed195_s30_g3.5_str0.3.png,fake,1.0,0.2031261920928955,1,fake,grid_majority
sd15_fp4,CLIP-D,grid_majority,/media/CrispyMcMarkInc/fake-images-img2img/00024_sd15_fp4_seed147_s30_g3.5_str0.3.png,real,0.0,0.2046530246734619,1,fake,grid_majority
sd35_fp8,CLIP-D,grid_majority,/media/CrispyMcMarkInc/fake-images-img2img/00005_sd35_fp8_seed128_s30_g3.5_str0.3.png,real,0.0,0.203580617904663,1,fake,grid_majority
sd15_fp4,CLIP-D,grid_majority,/media/CrispyMcMarkInc/fake-images-img2img/00062_sd15_fp4_seed185_s30_g3.5_str0.3.png,real,0.0,0.2058000564575195,1,fake,grid_majority
sd35_fp4,CLIP-D,grid_majority,/media/CrispyMcMarkInc/fake-images-img2img/00069_sd35_fp4_seed192_s30_g3.5_str0.3.png,fake,1.0,0.2023835182189941,1,fake,grid_majority
sd15_fp4,CLIP-D,grid_majority,/media/CrispyMcMarkInc/fake-images-img2img/00061_sd15_fp4_seed184_s30_g3.5_str0.3.png,fake,1.0,0.3206245899200439,1,fake,grid_majority
sd3_fp4,CLIP-D,grid_majority,/media/CrispyMcMarkInc/fake-images-img2img/00098_sd3_fp4_seed221_s30_g3.5_str0.3.png,real,0.0,0.4072146415710449,1,fake,grid_majority
sd15_fp8,CLIP-D,grid_majority,/media/CrispyMcMarkInc/fake-images-img2img/00081_sd15_fp8_seed204_s30_g3.5_str0.3.png,real,0.0,0.2163219451904297,1,fake,grid_majority
sd35_fp8,CLIP-D,grid_majority,/media/CrispyMcMarkInc/fake-images-img2img/00066_sd35_fp8_seed189_s30_g3.5_str0.3.png,real,0.0,0.2271454334259033,1,fake,grid_majority
sd3_fp4,CLIP-D,grid_majority,/media/CrispyMcMarkInc/fake-images-img2img/00080_sd3_fp4_seed203_s30_g3.5_str0.3.png,fake,1.0,0.2193641662597656,1,fake,grid_majority
sd15_fp8,CLIP-D,grid_majority,/media/CrispyMcMarkInc/fake-images-img2img/00097_sd15_fp8_seed220_s30_g3.5_str0.3.png,fake,1.0,0.3938970565795898,1,fake,grid_majority
sd15_fp8,CLIP-D,grid_majority,/media/CrispyMcMarkInc/fake-images-img2img/00028_sd15_fp8_seed151_s30_g3.5_str0.3.png,fake,1.0,0.2284460067749023,1,fake,grid_majority
sd15_fp4,CLIP-D,grid_majority,/media/CrispyMcMarkInc/fake-images-img2img/00011_sd15_fp4_seed134_s30_g3.5_str0.3.png,real,0.0,0.2036161422729492,1,fake,grid_majority
sd15_fp8,CLIP-D,grid_majority,/media/CrispyMcMarkInc/fake-images-img2img/00023_sd15_fp8_seed146_s30_g3.5_str0.3.png,fake,1.0,0.2022991180419922,1,fake,grid_majority
sd15_fp4,CLIP-D,grid_majority,/media/CrispyMcMarkInc/fake-images-img2img/00031_sd15_fp4_seed154_s30_g3.5_str0.3.png,real,0.0,0.2001810073852539,1,fake,grid_majority
sd35_fp16,CLIP-D,grid_majority,/media/CrispyMcMarkInc/fake-images-img2img/00078_sd35_fp16_seed201_s30_g3.5_str0.3.png,fake,1.0,0.2021069526672363,1,fake,grid_majority
sd3_fp8,CLIP-D,grid_majority,/media/CrispyMcMarkInc/fake-images-img2img/00069_sd3_fp8_seed192_s30_g3.5_str0.3.png,fake,1.0,0.2006528377532959,1,fake,grid_majority
sd35_fp16,CLIP-D,grid_majority,/media/CrispyMcMarkInc/fake-images-img2img/00012_sd35_fp16_seed135_s30_g3.5_str0.3.png,fake,1.0,0.2007625102996826,1,fake,grid_majority
sd35_fp8,CLIP-D,grid_majority,/media/CrispyMcMarkInc/fake-images-img2img/00000_sd35_fp8_seed123_s30_g3.5_str0.3.png,fake,1.0,0.2023262977600097,1,fake,grid_majority
sd35_fp4,CLIP-D,grid_majority,/media/CrispyMcMarkInc/fake-images-img2img/00012_sd35_fp4_seed135_s30_g3.5_str0.3.png,fake,1.0,0.1985805034637451,1,fake,grid_majority
sd3_fp16,CLIP-D,grid_majority,/media/CrispyMcMarkInc/fake-images-img2img/00044_sd3_fp16_seed167_s30_g3.5_str0.3.png,real,0.0,0.1985945701599121,1,fake,grid_majority
sd3_fp16,CLIP-D,grid_majority,/media/CrispyMcMarkInc/fake-images-img2img/00073_sd3_fp16_seed196_s30_g3.5_str0.3.png,real,0.0,0.2003991603851318,1,fake,grid_majority
sd35_fp8,CLIP-D,grid_majority,/media/CrispyMcMarkInc/fake-images-img2img/00043_sd35_fp8_seed166_s30_g3.5_str0.3.png,fake,1.0,0.2215547561645507,1,fake,grid_majority
sd35_fp16,CLIP-D,grid_majority,/media/CrispyMcMarkInc/fake-images-img2img/00076_sd35_fp16_seed199_s30_g3.5_str0.3.png,real,0.0,0.2004923820495605,1,fake,grid_majority
sd15_fp4,CLIP-D,grid_majority,/media/CrispyMcMarkInc/fake-images-img2img/00076_sd15_fp4_seed199_s30_g3.5_str0.3.png,real,0.0,0.2041888236999511,1,fake,grid_majority
sd3_fp4,CLIP-D,grid_majority,/media/CrispyMcMarkInc/fake-images-img2img/00096_sd3_fp4_seed219_s30_g3.5_str0.3.png,real,0.0,0.2020890712738037,1,fake,grid_majority
sd3_fp16,CLIP-D,grid_majority,/media/CrispyMcMarkInc/fake-images-img2img/00068_sd3_fp16_seed191_s30_g3.5_str0.3.png,real,0.0,0.2039897441864013,1,fake,grid_majority
sd15_fp4,CLIP-D,grid_majority,/media/CrispyMcMarkInc/fake-images-img2img/00035_sd15_fp4_seed158_s30_g3.5_str0.3.png,fake,1.0,0.2692065238952636,1,fake,grid_majority
sd3_fp8,CLIP-D,grid_majority,/media/CrispyMcMarkInc/fake-images-img2img/00035_sd3_fp8_seed158_s30_g3.5_str0.3.png,real,0.0,0.4114410877227783,1,fake,grid_majority
sd15_fp8,CLIP-D,grid_majority,/media/CrispyMcMarkInc/fake-images-img2img/00018_sd15_fp8_seed141_s30_g3.5_str0.3.png,real,0.0,0.218055248260498,1,fake,grid_majority
sd15_fp16,CLIP-D,grid_majority,/media/CrispyMcMarkInc/fake-images-img2img/00022_sd15_fp16_seed145_s30_g3.5_str0.3.png,real,0.0,0.2226297855377197,1,fake,grid_majority
sd35_fp4,CLIP-D,grid_majority,/media/CrispyMcMarkInc/fake-images-img2img/00083_sd35_fp4_seed206_s30_g3.5_str0.3.png,fake,1.0,0.2285666465759277,1,fake,grid_majority
sd15_fp16,CLIP-D,grid_majority,/media/CrispyMcMarkInc/fake-images-img2img/00015_sd15_fp16_seed138_s30_g3.5_str0.3.png,real,0.0,0.226649522781372,1,fake,grid_majority
sd15_fp16,CLIP-D,grid_majority,/media/CrispyMcMarkInc/fake-images-img2img/00038_sd15_fp16_seed161_s30_g3.5_str0.3.png,fake,1.0,0.2283554077148437,1,fake,grid_majority
sd35_fp4,CLIP-D,grid_majority,/media/CrispyMcMarkInc/fake-images-img2img/00008_sd35_fp4_seed131_s30_g3.5_str0.3.png,real,0.0,0.2252218723297119,1,fake,grid_majority
sd3_fp8,CLIP-D,grid_majority,/media/CrispyMcMarkInc/fake-images-img2img/00062_sd3_fp8_seed185_s30_g3.5_str0.3.png,fake,1.0,0.2261760234832763,1,fake,grid_majority
sd35_fp4,CLIP-D,grid_majority,/media/CrispyMcMarkInc/fake-images-img2img/00059_sd35_fp4_seed182_s30_g3.5_str0.3.png,real,0.0,0.2166414260864257,1,fake,grid_majority
sd3_fp4,CLIP-D,grid_majority,/media/CrispyMcMarkInc/fake-images-img2img/00010_sd3_fp4_seed133_s30_g3.5_str0.3.png,real,0.0,0.3913111686706543,1,fake,grid_majority
sd35_fp16,CLIP-D,grid_majority,/media/CrispyMcMarkInc/fake-images-img2img/00011_sd35_fp16_seed134_s30_g3.5_str0.3.png,real,0.0,0.2267513275146484,1,fake,grid_majority
sd35_fp8,CLIP-D,grid_majority,/media/CrispyMcMarkInc/fake-images-img2img/00015_sd35_fp8_seed138_s30_g3.5_str0.3.png,real,0.0,0.2062618732452392,1,fake,grid_majority
sd3_fp16,CLIP-D,grid_majority,/media/CrispyMcMarkInc/fake-images-img2img/00078_sd3_fp16_seed201_s30_g3.5_str0.3.png,fake,1.0,0.2030422687530517,1,fake,grid_majority
sd35_fp16,CLIP-D,grid_majority,/media/CrispyMcMarkInc/fake-images-img2img/00014_sd35_fp16_seed137_s30_g3.5_str0.3.png,fake,1.0,0.1977972984313964,1,fake,grid_majority
sd3_fp16,CLIP-D,grid_majority,/media/CrispyMcMarkInc/fake-images-img2img/00039_sd3_fp16_seed162_s30_g3.5_str0.3.png,real,0.0,0.1964383125305175,1,fake,grid_majority
sd15_fp4,CLIP-D,grid_majority,/media/CrispyMcMarkInc/fake-images-img2img/00027_sd15_fp4_seed150_s30_g3.5_str0.3.png,fake,1.0,0.2025275230407714,1,fake,grid_majority
sd3_fp8,CLIP-D,grid_majority,/media/CrispyMcMarkInc/fake-images-img2img/00093_sd3_fp8_seed216_s30_g3.5_str0.3.png,fake,1.0,0.1993920803070068,1,fake,grid_majority
sd15_fp8,CLIP-D,grid_majority,/media/CrispyMcMarkInc/fake-images-img2img/00074_sd15_fp8_seed197_s30_g3.5_str0.3.png,real,0.0,0.1971395015716552,1,fake,grid_majority
sd35_fp8,CLIP-D,grid_majority,/media/CrispyMcMarkInc/fake-images-img2img/00013_sd35_fp8_seed136_s30_g3.5_str0.3.png,real,0.0,0.1963565349578857,1,fake,grid_majority
sd3_fp8,CLIP-D,grid_majority,/media/CrispyMcMarkInc/fake-images-img2img/00055_sd3_fp8_seed178_s30_g3.5_str0.3.png,real,0.0,0.1966180801391601,1,fake,grid_majority
sd35_fp4,CLIP-D,grid_majority,/media/CrispyMcMarkInc/fake-images-img2img/00053_sd35_fp4_seed176_s30_g3.5_str0.3.png,real,0.0,0.2012524604797363,1,fake,grid_majority
sd3_fp16,CLIP-D,grid_majority,/media/CrispyMcMarkInc/fake-images-img2img/00001_sd3_fp16_seed124_s30_g3.5_str0.3.png,real,0.0,0.2072136402130127,1,fake,grid_majority
sd15_fp8,CLIP-D,grid_majority,/media/CrispyMcMarkInc/fake-images-img2img/00049_sd15_fp8_seed172_s30_g3.5_str0.3.png,fake,1.0,0.1995236873626709,1,fake,grid_majority
sd3_fp8,CLIP-D,grid_majority,/media/CrispyMcMarkInc/fake-images-img2img/00033_sd3_fp8_seed156_s30_g3.5_str0.3.png,fake,1.0,0.1990160942077636,1,fake,grid_majority
sd15_fp4,CLIP-D,grid_majority,/media/CrispyMcMarkInc/fake-images-img2img/00037_sd15_fp4_seed160_s30_g3.5_str0.3.png,fake,1.0,0.2236053943634033,1,fake,grid_majority
sd15_fp8,CLIP-D,grid_majority,/media/CrispyMcMarkInc/fake-images-img2img/00046_sd15_fp8_seed169_s30_g3.5_str0.3.png,real,0.0,0.2017621994018554,1,fake,grid_majority
sd3_fp8,CLIP-D,grid_majority,/media/CrispyMcMarkInc/fake-images-img2img/00005_sd3_fp8_seed128_s30_g3.5_str0.3.png,real,0.0,0.2001519203186035,1,fake,grid_majority
sd15_fp8,CLIP-D,grid_majority,/media/CrispyMcMarkInc/fake-images-img2img/00031_sd15_fp8_seed154_s30_g3.5_str0.3.png,real,0.0,0.1980185508728027,1,fake,grid_majority
sd35_fp8,CLIP-D,grid_majority,/media/CrispyMcMarkInc/fake-images-img2img/00084_sd35_fp8_seed207_s30_g3.5_str0.3.png,real,0.0,0.1995966434478759,1,fake,grid_majority
sd35_fp4,CLIP-D,grid_majority,/media/CrispyMcMarkInc/fake-images-img2img/00073_sd35_fp4_seed196_s30_g3.5_str0.3.png,fake,1.0,0.198754072189331,1,fake,grid_majority
sd15_fp16,CLIP-D,grid_majority,/media/CrispyMcMarkInc/fake-images-img2img/00056_sd15_fp16_seed179_s30_g3.5_str0.3.png,fake,1.0,0.2027153968811035,1,fake,grid_majority
sd15_fp8,CLIP-D,grid_majority,/media/CrispyMcMarkInc/fake-images-img2img/00034_sd15_fp8_seed157_s30_g3.5_str0.3.png,fake,1.0,0.1842103004455566,1,fake,grid_majority
sd3_fp4,CLIP-D,grid_majority,/media/CrispyMcMarkInc/fake-images-img2img/00050_sd3_fp4_seed173_s30_g3.5_str0.3.png,real,0.0,0.1984903812408447,1,fake,grid_majority
sd35_fp8,CLIP-D,grid_majority,/media/CrispyMcMarkInc/fake-images-img2img/00046_sd35_fp8_seed169_s30_g3.5_str0.3.png,real,0.0,0.2000491619110107,1,fake,grid_majority
sd15_fp8,CLIP-D,grid_majority,/media/CrispyMcMarkInc/fake-images-img2img/00040_sd15_fp8_seed163_s30_g3.5_str0.3.png,fake,1.0,0.2045321464538574,1,fake,grid_majority
sd3_fp8,CLIP-D,grid_majority,/media/CrispyMcMarkInc/fake-images-img2img/00013_sd3_fp8_seed136_s30_g3.5_str0.3.png,real,0.0,0.2012891769409179,1,fake,grid_majority
sd3_fp16,CLIP-D,grid_majority,/media/CrispyMcMarkInc/fake-images-img2img/00035_sd3_fp16_seed158_s30_g3.5_str0.3.png,real,0.0,0.2021124362945556,1,fake,grid_majority
sd3_fp4,CLIP-D,grid_majority,/media/CrispyMcMarkInc/fake-images-img2img/00066_sd3_fp4_seed189_s30_g3.5_str0.3.png,real,0.0,0.2025659084320068,1,fake,grid_majority
sd3_fp16,CLIP-D,grid_majority,/media/CrispyMcMarkInc/fake-images-img2img/00018_sd3_fp16_seed141_s30_g3.5_str0.3.png,real,0.0,0.2033987045288086,1,fake,grid_majority
sd3_fp4,CLIP-D,grid_majority,/media/CrispyMcMarkInc/fake-images-img2img/00023_sd3_fp4_seed146_s30_g3.5_str0.3.png,real,0.0,0.3058714866638183,1,fake,grid_majority
sd15_fp8,CLIP-D,grid_majority,/media/CrispyMcMarkInc/fake-images-img2img/00067_sd15_fp8_seed190_s30_g3.5_str0.3.png,fake,1.0,0.3206002712249756,1,fake,grid_majority
sd15_fp8,CLIP-D,grid_majority,/media/CrispyMcMarkInc/fake-images-img2img/00048_sd15_fp8_seed171_s30_g3.5_str0.3.png,fake,1.0,0.2153575420379638,1,fake,grid_majority
sd15_fp8,CLIP-D,grid_majority,/media/CrispyMcMarkInc/fake-images-img2img/00044_sd15_fp8_seed167_s30_g3.5_str0.3.png,fake,1.0,0.2003810405731201,1,fake,grid_majority
sd3_fp16,CLIP-D,grid_majority,/media/CrispyMcMarkInc/fake-images-img2img/00099_sd3_fp16_seed222_s30_g3.5_str0.3.png,real,0.0,0.196185827255249,1,fake,grid_majority
sd35_fp4,CLIP-D,grid_majority,/media/CrispyMcMarkInc/fake-images-img2img/00013_sd35_fp4_seed136_s30_g3.5_str0.3.png,real,0.0,0.2051413059234619,1,fake,grid_majority
sd35_fp16,CLIP-D,grid_majority,/media/CrispyMcMarkInc/fake-images-img2img/00085_sd35_fp16_seed208_s30_g3.5_str0.3.png,fake,1.0,0.1984522342681884,1,fake,grid_majority
sd15_fp16,CLIP-D,grid_majority,/media/CrispyMcMarkInc/fake-images-img2img/00097_sd15_fp16_seed220_s30_g3.5_str0.3.png,fake,1.0,0.2015237808227539,1,fake,grid_majority
sd15_fp16,CLIP-D,grid_majority,/media/CrispyMcMarkInc/fake-images-img2img/00000_sd15_fp16_seed123_s30_g3.5_str0.3.png,fake,1.0,0.1978094577789306,1,fake,grid_majority
sd35_fp16,CLIP-D,grid_majority,/media/CrispyMcMarkInc/fake-images-img2img/00017_sd35_fp16_seed140_s30_g3.5_str0.3.png,real,0.0,0.1974575519561767,1,fake,grid_majority
sd35_fp4,CLIP-D,grid_majority,/media/CrispyMcMarkInc/fake-images-img2img/00057_sd35_fp4_seed180_s30_g3.5_str0.3.png,real,0.0,0.1967973709106445,1,fake,grid_majority
sd3_fp8,CLIP-D,grid_majority,/media/CrispyMcMarkInc/fake-images-img2img/00014_sd3_fp8_seed137_s30_g3.5_str0.3.png,real,0.0,0.1961226463317871,1,fake,grid_majority
sd35_fp4,CLIP-D,grid_majority,/media/CrispyMcMarkInc/fake-images-img2img/00016_sd35_fp4_seed139_s30_g3.5_str0.3.png,real,0.0,0.1992921829223632,1,fake,grid_majority
sd15_fp4,CLIP-D,grid_majority,/media/CrispyMcMarkInc/fake-images-img2img/00034_sd15_fp4_seed157_s30_g3.5_str0.3.png,fake,1.0,0.1828415393829345,1,fake,grid_majority
sd3_fp16,CLIP-D,grid_majority,/media/CrispyMcMarkInc/fake-images-img2img/00041_sd3_fp16_seed164_s30_g3.5_str0.3.png,real,0.0,0.1973860263824463,1,fake,grid_majority
sd3_fp8,CLIP-D,grid_majority,/media/CrispyMcMarkInc/fake-images-img2img/00048_sd3_fp8_seed171_s30_g3.5_str0.3.png,fake,1.0,0.1992552280426025,1,fake,grid_majority
sd3_fp8,CLIP-D,grid_majority,/media/CrispyMcMarkInc/fake-images-img2img/00085_sd3_fp8_seed208_s30_g3.5_str0.3.png,fake,1.0,0.2238717079162597,1,fake,grid_majority
sd35_fp8,CLIP-D,grid_majority,/media/CrispyMcMarkInc/fake-images-img2img/00087_sd35_fp8_seed210_s30_g3.5_str0.3.png,fake,1.0,0.1996011734008789,1,fake,grid_majority
sd35_fp8,CLIP-D,grid_majority,/media/CrispyMcMarkInc/fake-images-img2img/00060_sd35_fp8_seed183_s30_g3.5_str0.3.png,real,0.0,0.2014107704162597,1,fake,grid_majority
sd35_fp4,CLIP-D,grid_majority,/media/CrispyMcMarkInc/fake-images-img2img/00063_sd35_fp4_seed186_s30_g3.5_str0.3.png,fake,1.0,0.2011828422546386,1,fake,grid_majority
sd35_fp8,CLIP-D,grid_majority,/media/CrispyMcMarkInc/fake-images-img2img/00012_sd35_fp8_seed135_s30_g3.5_str0.3.png,fake,1.0,0.2004423141479492,1,fake,grid_majority
sd35_fp16,CLIP-D,grid_majority,/media/CrispyMcMarkInc/fake-images-img2img/00040_sd35_fp16_seed163_s30_g3.5_str0.3.png,fake,1.0,0.2006802558898925,1,fake,grid_majority
sd15_fp4,CLIP-D,grid_majority,/media/CrispyMcMarkInc/fake-images-img2img/00059_sd15_fp4_seed182_s30_g3.5_str0.3.png,real,0.0,0.2026596069335937,1,fake,grid_majority
sd3_fp16,CLIP-D,grid_majority,/media/CrispyMcMarkInc/fake-images-img2img/00031_sd3_fp16_seed154_s30_g3.5_str0.3.png,real,0.0,0.2035794258117675,1,fake,grid_majority
sd35_fp4,CLIP-D,grid_majority,/media/CrispyMcMarkInc/fake-images-img2img/00054_sd35_fp4_seed177_s30_g3.5_str0.3.png,real,0.0,0.2033169269561767,1,fake,grid_majority
sd15_fp8,CLIP-D,grid_majority,/media/CrispyMcMarkInc/fake-images-img2img/00033_sd15_fp8_seed156_s30_g3.5_str0.3.png,fake,1.0,0.1998188495635986,1,fake,grid_majority
sd3_fp8,CLIP-D,grid_majority,/media/CrispyMcMarkInc/fake-images-img2img/00053_sd3_fp8_seed176_s30_g3.5_str0.3.png,real,0.0,0.2235264778137207,1,fake,grid_majority
sd15_fp16,CLIP-D,grid_majority,/media/CrispyMcMarkInc/fake-images-img2img/00084_sd15_fp16_seed207_s30_g3.5_str0.3.png,fake,1.0,0.351917028427124,1,fake,grid_majority
sd3_fp16,CLIP-D,grid_majority,/media/CrispyMcMarkInc/fake-images-img2img/00027_sd3_fp16_seed150_s30_g3.5_str0.3.png,real,0.0,0.3873229026794433,1,fake,grid_majority
sd35_fp8,CLIP-D,grid_majority,/media/CrispyMcMarkInc/fake-images-img2img/00083_sd35_fp8_seed206_s30_g3.5_str0.3.png,real,0.0,0.2181971073150634,1,fake,grid_majority
sd35_fp4,CLIP-D,grid_majority,/media/CrispyMcMarkInc/fake-images-img2img/00010_sd35_fp4_seed133_s30_g3.5_str0.3.png,real,0.0,0.2013313770294189,1,fake,grid_majority
sd15_fp8,CLIP-D,grid_majority,/media/CrispyMcMarkInc/fake-images-img2img/00015_sd15_fp8_seed138_s30_g3.5_str0.3.png,real,0.0,0.2006442546844482,1,fake,grid_majority
sd15_fp8,CLIP-D,grid_majority,/media/CrispyMcMarkInc/fake-images-img2img/00068_sd15_fp8_seed191_s30_g3.5_str0.3.png,real,0.0,0.200038194656372,1,fake,grid_majority
sd3_fp16,CLIP-D,grid_majority,/media/CrispyMcMarkInc/fake-images-img2img/00059_sd3_fp16_seed182_s30_g3.5_str0.3.png,real,0.0,0.2030587196350097,1,fake,grid_majority
sd3_fp8,CLIP-D,grid_majority,/media/CrispyMcMarkInc/fake-images-img2img/00096_sd3_fp8_seed219_s30_g3.5_str0.3.png,real,0.0,0.1964094638824463,1,fake,grid_majority
sd15_fp4,CLIP-D,grid_majority,/media/CrispyMcMarkInc/fake-images-img2img/00073_sd15_fp4_seed196_s30_g3.5_str0.3.png,fake,1.0,0.1983590126037597,1,fake,grid_majority
sd3_fp16,CLIP-D,grid_majority,/media/CrispyMcMarkInc/fake-images-img2img/00057_sd3_fp16_seed180_s30_g3.5_str0.3.png,real,0.0,0.1956679821014404,1,fake,grid_majority
99,CLIP-D,grid_majority,/media/CrispyMcMarkInc/Real_cropped_1024/00099.jpg,fake,0.9134880304336548,3.823268175125122,0,real,grid_majority
26,CLIP-D,grid_majority,/media/CrispyMcMarkInc/Real_cropped_1024/00026.jpg,real,0.0,0.1907172203063964,0,real,grid_majority
29,CLIP-D,grid_majority,/media/CrispyMcMarkInc/Real_cropped_1024/00029.jpg,fake,1.0,3.3886795043945312,0,real,grid_majority
40,CLIP-D,grid_majority,/media/CrispyMcMarkInc/Real_cropped_1024/00040.jpg,fake,1.0,0.1929869651794433,0,real,grid_majority
95,CLIP-D,grid_majority,/media/CrispyMcMarkInc/Real_cropped_1024/00095.jpg,real,0.0,0.6820523738861084,0,real,grid_majority
94,CLIP-D,grid_majority,/media/CrispyMcMarkInc/Real_cropped_1024/00094.jpg,fake,1.0,0.5459542274475098,0,real,grid_majority
77,CLIP-D,grid_majority,/media/CrispyMcMarkInc/Real_cropped_1024/00077.jpg,fake,1.0,3.4186837673187256,0,real,grid_majority
76,CLIP-D,grid_majority,/media/CrispyMcMarkInc/Real_cropped_1024/00076.jpg,fake,1.0,0.2159276008605957,0,real,grid_majority
37,CLIP-D,grid_majority,/media/CrispyMcMarkInc/Real_cropped_1024/00037.jpg,fake,0.684092789888382,0.2447130680084228,0,real,grid_majority
74,CLIP-D,grid_majority,/media/CrispyMcMarkInc/Real_cropped_1024/00074.jpg,fake,1.0,0.4396343231201172,0,real,grid_majority
1,CLIP-D,grid_majority,/media/CrispyMcMarkInc/Real_cropped_1024/00001.jpg,fake,1.0,0.2051587104797363,0,real,grid_majority
5,CLIP-D,grid_majority,/media/CrispyMcMarkInc/Real_cropped_1024/00005.jpg,real,0.0,0.2084200382232666,0,real,grid_majority
98,CLIP-D,grid_majority,/media/CrispyMcMarkInc/Real_cropped_1024/00098.jpg,real,0.0,3.677834510803223,0,real,grid_majority
46,CLIP-D,grid_majority,/media/CrispyMcMarkInc/Real_cropped_1024/00046.jpg,real,0.0,0.2084448337554931,0,real,grid_majority
79,CLIP-D,grid_majority,/media/CrispyMcMarkInc/Real_cropped_1024/00079.jpg,real,0.0,0.1888020038604736,0,real,grid_majority
90,CLIP-D,grid_majority,/media/CrispyMcMarkInc/Real_cropped_1024/00090.jpg,real,0.0,0.1923418045043945,0,real,grid_majority
85,CLIP-D,grid_majority,/media/CrispyMcMarkInc/Real_cropped_1024/00085.jpg,fake,1.0,0.4409823417663574,0,real,grid_majority
71,CLIP-D,grid_majority,/media/CrispyMcMarkInc/Real_cropped_1024/00071.jpg,real,0.0,0.4737589359283447,0,real,grid_majority
70,CLIP-D,grid_majority,/media/CrispyMcMarkInc/Real_cropped_1024/00070.jpg,fake,1.0,0.2243931293487548,0,real,grid_majority
47,CLIP-D,grid_majority,/media/CrispyMcMarkInc/Real_cropped_1024/00047.jpg,fake,1.0,0.2472915649414062,0,real,grid_majority
42,CLIP-D,grid_majority,/media/CrispyMcMarkInc/Real_cropped_1024/00042.jpg,fake,1.0,0.1904475688934326,0,real,grid_majority
3,CLIP-D,grid_majority,/media/CrispyMcMarkInc/Real_cropped_1024/00003.jpg,fake,1.0,0.2079353332519531,0,real,grid_majority
68,CLIP-D,grid_majority,/media/CrispyMcMarkInc/Real_cropped_1024/00068.jpg,real,0.0,0.1886994838714599,0,real,grid_majority
62,CLIP-D,grid_majority,/media/CrispyMcMarkInc/Real_cropped_1024/00062.jpg,real,0.0,0.1927900314331054,0,real,grid_majority
24,CLIP-D,grid_majority,/media/CrispyMcMarkInc/Real_cropped_1024/00024.jpg,real,0.0,0.3172204494476318,0,real,grid_majority
10,CLIP-D,grid_majority,/media/CrispyMcMarkInc/Real_cropped_1024/00010.jpg,fake,1.0,0.2008540630340576,0,real,grid_majority
11,CLIP-D,grid_majority,/media/CrispyMcMarkInc/Real_cropped_1024/00011.jpg,real,0.0,0.225846529006958,0,real,grid_majority
89,CLIP-D,grid_majority,/media/CrispyMcMarkInc/Real_cropped_1024/00089.jpg,real,0.0,0.2097868919372558,0,real,grid_majority
55,CLIP-D,grid_majority,/media/CrispyMcMarkInc/Real_cropped_1024/00055.jpg,real,0.0,0.2787177562713623,0,real,grid_majority
16,CLIP-D,grid_majority,/media/CrispyMcMarkInc/Real_cropped_1024/00016.jpg,fake,1.0,0.2576005458831787,0,real,grid_majority
93,CLIP-D,grid_majority,/media/CrispyMcMarkInc/Real_cropped_1024/00093.jpg,fake,1.0,0.2396008968353271,0,real,grid_majority
86,CLIP-D,grid_majority,/media/CrispyMcMarkInc/Real_cropped_1024/00086.jpg,fake,1.0,0.3782219886779785,0,real,grid_majority
23,CLIP-D,grid_majority,/media/CrispyMcMarkInc/Real_cropped_1024/00023.jpg,fake,1.0,0.2721176147460937,0,real,grid_majority
20,CLIP-D,grid_majority,/media/CrispyMcMarkInc/Real_cropped_1024/00020.jpg,real,0.0,0.2126822471618652,0,real,grid_majority
32,CLIP-D,grid_majority,/media/CrispyMcMarkInc/Real_cropped_1024/00032.jpg,real,0.0,1.5782525539398191,0,real,grid_majority
48,CLIP-D,grid_majority,/media/CrispyMcMarkInc/Real_cropped_1024/00048.jpg,real,0.0,0.1986567974090576,0,real,grid_majority
44,CLIP-D,grid_majority,/media/CrispyMcMarkInc/Real_cropped_1024/00044.jpg,fake,1.0,1.193460464477539,0,real,grid_majority
4,CLIP-D,grid_majority,/media/CrispyMcMarkInc/Real_cropped_1024/00004.jpg,fake,0.8244612812995911,0.1899442672729492,0,real,grid_majority
53,CLIP-D,grid_majority,/media/CrispyMcMarkInc/Real_cropped_1024/00053.jpg,fake,0.5120953321456909,2.8105738162994385,0,real,grid_majority
14,CLIP-D,grid_majority,/media/CrispyMcMarkInc/Real_cropped_1024/00014.jpg,real,0.0,0.2180275917053222,0,real,grid_majority
80,CLIP-D,grid_majority,/media/CrispyMcMarkInc/Real_cropped_1024/00080.jpg,fake,0.994297206401825,0.1892890930175781,0,real,grid_majority
15,CLIP-D,grid_majority,/media/CrispyMcMarkInc/Real_cropped_1024/00015.jpg,fake,0.937450110912323,0.1912403106689453,0,real,grid_majority
35,CLIP-D,grid_majority,/media/CrispyMcMarkInc/Real_cropped_1024/00035.jpg,fake,1.0,0.2492005825042724,0,real,grid_majority
75,CLIP-D,grid_majority,/media/CrispyMcMarkInc/Real_cropped_1024/00075.jpg,real,0.0,0.2177233695983886,0,real,grid_majority
64,CLIP-D,grid_majority,/media/CrispyMcMarkInc/Real_cropped_1024/00064.jpg,fake,0.885189950466156,0.2005031108856201,0,real,grid_majority
69,CLIP-D,grid_majority,/media/CrispyMcMarkInc/Real_cropped_1024/00069.jpg,fake,0.9361498951911926,0.3531384468078613,0,real,grid_majority
96,CLIP-D,grid_majority,/media/CrispyMcMarkInc/Real_cropped_1024/00096.jpg,fake,0.9813434481620787,0.8411521911621094,0,real,grid_majority
78,CLIP-D,grid_majority,/media/CrispyMcMarkInc/Real_cropped_1024/00078.jpg,fake,1.0,1.5812876224517822,0,real,grid_majority
60,CLIP-D,grid_majority,/media/CrispyMcMarkInc/Real_cropped_1024/00060.jpg,real,0.0,0.1991567611694336,0,real,grid_majority
28,CLIP-D,grid_majority,/media/CrispyMcMarkInc/Real_cropped_1024/00028.jpg,real,0.0,0.1894962787628173,0,real,grid_majority
18,CLIP-D,grid_majority,/media/CrispyMcMarkInc/Real_cropped_1024/00018.jpg,real,0.0,0.2244467735290527,0,real,grid_majority
31,CLIP-D,grid_majority,/media/CrispyMcMarkInc/Real_cropped_1024/00031.jpg,fake,1.0,0.1948804855346679,0,real,grid_majority
52,CLIP-D,grid_majority,/media/CrispyMcMarkInc/Real_cropped_1024/00052.jpg,real,0.0,4.281850814819336,0,real,grid_majority
19,CLIP-D,grid_majority,/media/CrispyMcMarkInc/Real_cropped_1024/00019.jpg,fake,1.0,0.3890848159790039,0,real,grid_majority
65,CLIP-D,grid_majority,/media/CrispyMcMarkInc/Real_cropped_1024/00065.jpg,real,0.0,0.1941266059875488,0,real,grid_majority
82,CLIP-D,grid_majority,/media/CrispyMcMarkInc/Real_cropped_1024/00082.jpg,fake,1.0,0.1958105564117431,0,real,grid_majority
25,CLIP-D,grid_majority,/media/CrispyMcMarkInc/Real_cropped_1024/00025.jpg,real,0.0,0.2136182785034179,0,real,grid_majority
83,CLIP-D,grid_majority,/media/CrispyMcMarkInc/Real_cropped_1024/00083.jpg,fake,0.8852614164352417,0.3393304347991943,0,real,grid_majority
59,CLIP-D,grid_majority,/media/CrispyMcMarkInc/Real_cropped_1024/00059.jpg,real,0.0,0.248110294342041,0,real,grid_majority
92,CLIP-D,grid_majority,/media/CrispyMcMarkInc/Real_cropped_1024/00092.jpg,real,0.0,0.1955878734588623,0,real,grid_majority
88,CLIP-D,grid_majority,/media/CrispyMcMarkInc/Real_cropped_1024/00088.jpg,fake,1.0,0.3793888092041015,0,real,grid_majority
56,CLIP-D,grid_majority,/media/CrispyMcMarkInc/Real_cropped_1024/00056.jpg,fake,1.0,0.3451237678527832,0,real,grid_majority
9,CLIP-D,grid_majority,/media/CrispyMcMarkInc/Real_cropped_1024/00009.jpg,real,0.0,0.2296485900878906,0,real,grid_majority
91,CLIP-D,grid_majority,/media/CrispyMcMarkInc/Real_cropped_1024/00091.jpg,fake,1.0,0.2100579738616943,0,real,grid_majority
7,CLIP-D,grid_majority,/media/CrispyMcMarkInc/Real_cropped_1024/00007.jpg,fake,1.0,0.242358922958374,0,real,grid_majority
67,CLIP-D,grid_majority,/media/CrispyMcMarkInc/Real_cropped_1024/00067.jpg,fake,1.0,0.1993136405944824,0,real,grid_majority
66,CLIP-D,grid_majority,/media/CrispyMcMarkInc/Real_cropped_1024/00066.jpg,real,0.0,0.3600621223449707,0,real,grid_majority
0,CLIP-D,grid_majority,/media/CrispyMcMarkInc/Real_cropped_1024/00000.jpg,fake,1.0,0.3681690692901611,0,real,grid_majority
54,CLIP-D,grid_majority,/media/CrispyMcMarkInc/Real_cropped_1024/00054.jpg,fake,1.0,0.2877311706542969,0,real,grid_majority
2,CLIP-D,grid_majority,/media/CrispyMcMarkInc/Real_cropped_1024/00002.jpg,real,0.0,0.2129013538360595,0,real,grid_majority
72,CLIP-D,grid_majority,/media/CrispyMcMarkInc/Real_cropped_1024/00072.jpg,real,0.0,0.2571873664855957,0,real,grid_majority
36,CLIP-D,grid_majority,/media/CrispyMcMarkInc/Real_cropped_1024/00036.jpg,fake,1.0,0.408107042312622,0,real,grid_majority
84,CLIP-D,grid_majority,/media/CrispyMcMarkInc/Real_cropped_1024/00084.jpg,fake,1.0,2.4803125858306885,0,real,grid_majority
8,CLIP-D,grid_majority,/media/CrispyMcMarkInc/Real_cropped_1024/00008.jpg,real,0.0,0.1973552703857422,0,real,grid_majority
49,CLIP-D,grid_majority,/media/CrispyMcMarkInc/Real_cropped_1024/00049.jpg,fake,1.0,0.2142317295074463,0,real,grid_majority
38,CLIP-D,grid_majority,/media/CrispyMcMarkInc/Real_cropped_1024/00038.jpg,fake,1.0,0.2317934036254882,0,real,grid_majority
39,CLIP-D,grid_majority,/media/CrispyMcMarkInc/Real_cropped_1024/00039.jpg,real,0.0,0.2001447677612304,0,real,grid_majority
6,CLIP-D,grid_majority,/media/CrispyMcMarkInc/Real_cropped_1024/00006.jpg,fake,1.0,0.1953709125518798,0,real,grid_majority
41,CLIP-D,grid_majority,/media/CrispyMcMarkInc/Real_cropped_1024/00041.jpg,fake,1.0,0.3532519340515136,0,real,grid_majority
87,CLIP-D,grid_majority,/media/CrispyMcMarkInc/Real_cropped_1024/00087.jpg,fake,1.0,0.8623604774475098,0,real,grid_majority
21,CLIP-D,grid_majority,/media/CrispyMcMarkInc/Real_cropped_1024/00021.jpg,real,0.0,0.2205595970153808,0,real,grid_majority
45,CLIP-D,grid_majority,/media/CrispyMcMarkInc/Real_cropped_1024/00045.jpg,real,0.0,3.0050737857818604,0,real,grid_majority
81,CLIP-D,grid_majority,/media/CrispyMcMarkInc/Real_cropped_1024/00081.jpg,real,0.0,0.2907781600952148,0,real,grid_majority
13,CLIP-D,grid_majority,/media/CrispyMcMarkInc/Real_cropped_1024/00013.jpg,real,0.0,0.1966898441314697,0,real,grid_majority
34,CLIP-D,grid_majority,/media/CrispyMcMarkInc/Real_cropped_1024/00034.jpg,fake,1.0,0.1955270767211914,0,real,grid_majority
17,CLIP-D,grid_majority,/media/CrispyMcMarkInc/Real_cropped_1024/00017.jpg,real,0.0,0.2279396057128906,0,real,grid_majority
22,CLIP-D,grid_majority,/media/CrispyMcMarkInc/Real_cropped_1024/00022.jpg,real,0.0,0.2306780815124511,0,real,grid_majority
12,CLIP-D,grid_majority,/media/CrispyMcMarkInc/Real_cropped_1024/00012.jpg,fake,1.0,2.2468502521514893,0,real,grid_majority
57,CLIP-D,grid_majority,/media/CrispyMcMarkInc/Real_cropped_1024/00057.jpg,real,0.0,1.951254606246948,0,real,grid_majority
97,CLIP-D,grid_majority,/media/CrispyMcMarkInc/Real_cropped_1024/00097.jpg,real,0.0,0.2582957744598388,0,real,grid_majority
51,CLIP-D,grid_majority,/media/CrispyMcMarkInc/Real_cropped_1024/00051.jpg,real,0.0,0.2045755386352539,0,real,grid_majority
27,CLIP-D,grid_majority,/media/CrispyMcMarkInc/Real_cropped_1024/00027.jpg,fake,1.0,0.3546762466430664,0,real,grid_majority
43,CLIP-D,grid_majority,/media/CrispyMcMarkInc/Real_cropped_1024/00043.jpg,fake,1.0,0.303441047668457,0,real,grid_majority
73,CLIP-D,grid_majority,/media/CrispyMcMarkInc/Real_cropped_1024/00073.jpg,real,0.0,2.734952211380005,0,real,grid_majority
33,CLIP-D,grid_majority,/media/CrispyMcMarkInc/Real_cropped_1024/00033.jpg,real,0.0,0.2287499904632568,0,real,grid_majority
30,CLIP-D,grid_majority,/media/CrispyMcMarkInc/Real_cropped_1024/00030.jpg,real,0.0,2.645324468612671,0,real,grid_majority
61,CLIP-D,grid_majority,/media/CrispyMcMarkInc/Real_cropped_1024/00061.jpg,real,0.0,0.2277820110321045,0,real,grid_majority
63,CLIP-D,grid_majority,/media/CrispyMcMarkInc/Real_cropped_1024/00063.jpg,fake,1.0,3.3917555809021,0,real,grid_majority
50,CLIP-D,grid_majority,/media/CrispyMcMarkInc/Real_cropped_1024/00050.jpg,fake,1.0,1.233473539352417,0,real,grid_majority
58,CLIP-D,grid_majority,/media/CrispyMcMarkInc/Real_cropped_1024/00058.jpg,fake,1.0,2.639359712600708,0,real,grid_majority
